﻿{
    "Stats": {
        "Categorised": "37 notes (72.55%)",
        "Notes’ total": 51,
        "Profiles": [
            "པེ་=སྣར་ སྡེ་: 82.35% (42 notes)",
            "པེ་=སྡེ་=སྣར་: 1.96% (1 notes)",
            "པེ་=སྡེ་ སྣར་: 5.88% (3 notes)",
            "པེ་ སྡེ་ སྣར་: 3.92% (2 notes)",
            "པེ་ སྡེ་=སྣར་: 5.88% (3 notes)"
        ],
        "automatic_categorisation": {
            "min_mod": {
                "min_mod_groups": 1,
                "particle_groups": 3
            },
            "particle_issues": {
                "agreement_issue": 1,
                "different_particles": 1
            },
            "spelling_mistake": {
                "nga_da": 1,
                "non_word": {
                    "well_formed": 7
                }
            },
            "sskrt": 11,
            "verb_difference": {
                "diff_tense": 6,
                "diff_verb": 3,
                "not_sure": 1
            }
        },
        "dunno": {
            "long_diff": 2,
            "no_diff": 11,
            "short_diff": 1
        },
        "empty_notes": 2,
        "manual_categorisation": {
            "long_difference": {},
            "manual_evaluation": {
                "meaning_difference": {}
            }
        },
        "ngram_freq": {},
        "profile": {}
    },
    "automatic_categorisation": {
        "min_mod": {
            "min_mod_groups": [
                {
                    "49": [
                        [
                            [
                                "དང",
                                "དག"
                            ],
                            {
                                "py/id": 4
                            }
                        ],
                        {
                            "པེ་": [
                                "ནི་ སྒྲུབ་ ལ་ དགའ་བ་",
                                "དག",
                                "།_། མྱུར་ བར་ དངོས་ གྲུབ་"
                            ],
                            "སྡེ་": [
                                "ནི་ སྒྲུབ་ ལ་ དགའ་བ་",
                                "དང་ ",
                                "།_། མྱུར་ བར་ དངོས་ གྲུབ་"
                            ],
                            "སྣར་": [
                                "ནི་ སྒྲུབ་ ལ་ དགའ་བ་",
                                "དག",
                                "།_། མྱུར་ བར་ དངོས་ གྲུབ་"
                            ]
                        }
                    ]
                }
            ],
            "particle_groups": [
                {
                    "3": [
                        [
                            "jedra"
                        ],
                        {
                            "པེ་": [
                                "པ འི་ ཚོགས་ རྣམས་ འཇིགས་",
                                "བྱེད་པ ས",
                                "_།། ནག་པོ་ དེ་ ལ་"
                            ],
                            "སྡེ་": [
                                "པ འི་ ཚོགས་ རྣམས་ འཇིགས་",
                                "བྱེད་པ",
                                "_།། ནག་པོ་ དེ་ ལ་"
                            ],
                            "སྣར་": [
                                "པ འི་ ཚོགས་ རྣམས་ འཇིགས་",
                                "བྱེད་པ ས",
                                "_།། ནག་པོ་ དེ་ ལ་"
                            ]
                        }
                    ]
                },
                {
                    "11": [
                        [
                            "jedra"
                        ],
                        {
                            "པེ་": [
                                "འཛིན །_། #སྟག་ གི་",
                                "པགས་པ ས་",
                                "སྨད་ དཀྲིས་ ཤིང་  །_། འཛག་"
                            ],
                            "སྡེ་": [
                                "འཛིན །_། #སྟག་ གི་",
                                "པགས་པ ས་",
                                "སྨད་ དཀྲིས་ ཤིང་  །_། འཛག་"
                            ],
                            "སྣར་": [
                                "འཛིན །_། #སྟག་ གི་",
                                "པགས་པ་",
                                "སྨད་ དཀྲིས་ ཤིང་  །_། འཛག་"
                            ]
                        }
                    ]
                },
                {
                    "33": [
                        [
                            "jedra"
                        ],
                        {
                            "པེ་": [
                                "ཡི་ དབུས་ སུ་ #གྲི་ #གུག་",
                                "བྲི ས",
                                "།_། སྔགས་ དང་ མིང་ སྤེལ་"
                            ],
                            "སྡེ་": [
                                "ཡི་ དབུས་ སུ་ #གྲི་ #གུག་",
                                "བྲི",
                                "།_། སྔགས་ དང་ མིང་ སྤེལ་"
                            ],
                            "སྣར་": [
                                "ཡི་ དབུས་ སུ་ #གྲི་ #གུག་",
                                "བྲི ས",
                                "།_། སྔགས་ དང་ མིང་ སྤེལ་"
                            ]
                        }
                    ]
                }
            ]
        },
        "particle_issues": {
            "added_particle": [],
            "agreement_issue": [
                {
                    "42": [
                        "gyendu",
                        {
                            "པེ་": [
                                "ག་ ཡིས །_། བརྒྱ་ བྱིན་",
                                "ཡང་",
                                "ནི་ དབང་ དུ་ འགྱུར །_། "
                            ],
                            "སྡེ་": [
                                "ག་ ཡིས །_། བརྒྱ་ བྱིན་",
                                "ཀྱང་",
                                "ནི་ དབང་ དུ་ འགྱུར །_། "
                            ],
                            "སྣར་": [
                                "ག་ ཡིས །_། བརྒྱ་ བྱིན་",
                                "ཡང་",
                                "ནི་ དབང་ དུ་ འགྱུར །_། "
                            ]
                        }
                    ]
                }
            ],
            "different_particles": [
                {
                    "7": [
                        "jedra",
                        {
                            "པེ་": [
                                "རི འམ་ ཚང་ཚིང་ ཕུག་ དག་",
                                "གི",
                                "_།། དུར་ཁྲོད་ དག་ གམ་"
                            ],
                            "སྡེ་": [
                                "རི འམ་ ཚང་ཚིང་ ཕུག་ དག་",
                                "གམ",
                                "_།། དུར་ཁྲོད་ དག་ གམ་"
                            ],
                            "སྣར་": [
                                "རི འམ་ ཚང་ཚིང་ ཕུག་ དག་",
                                "གིས",
                                "_།། དུར་ཁྲོད་ དག་ གམ་"
                            ]
                        }
                    ]
                }
            ],
            "other": [],
            "po-bo-pa-ba": []
        },
        "spelling_mistake": {
            "missing_vowel": [],
            "nga_da": [
                {
                    "30": [
                        {
                            "པེ་": "མདུད་",
                            "སྡེ་": "མདུད་"
                        },
                        {
                            "པེ་": [
                                "བྲི །_། གྲུ་ གསུམ་",
                                "#མདུང་",
                                "རྩེ་ མདའ་ དང་ གཞུ །_། "
                            ],
                            "སྡེ་": [
                                "བྲི །_། གྲུ་ གསུམ་",
                                "#མདུང་",
                                "རྩེ་ མདའ་ དང་ གཞུ །_། "
                            ],
                            "སྣར་": [
                                "བྲི །_། གྲུ་ གསུམ་",
                                "གདུང་",
                                "རྩེ་ མདའ་ དང་ གཞུ །_། "
                            ]
                        }
                    ]
                }
            ],
            "non_word": {
                "ill_formed": [],
                "well_formed": [
                    {
                        "5": [
                            {
                                "པེ་": [
                                    "པ་ བཤིག _། དེ་ རྣམས་",
                                    "#སྒྲལ་",
                                    "བར་ བྱ་བ་ ཡིན །_། "
                                ],
                                "སྡེ་": [
                                    "པ་ བཤིག _། དེ་ རྣམས་",
                                    "བསྒྲལ་",
                                    "བར་ བྱ་བ་ ཡིན །_། "
                                ],
                                "སྣར་": [
                                    "པ་ བཤིག _། དེ་ རྣམས་",
                                    "#སྒྲལ་",
                                    "བར་ བྱ་བ་ ཡིན །_། "
                                ]
                            }
                        ]
                    },
                    {
                        "16": [
                            {
                                "པེ་": [
                                    "དང་ དཀ ར་ དམར་ དང་  །_།",
                                    "གླ་བ་",
                                    "ན་ ཚེ་ དམར་ བཞི་ དང་"
                                ],
                                "སྡེ་": [
                                    "དང་ དཀ ར་ དམར་ དང་  །_།",
                                    "#ཀླད་པ་",
                                    "ན་ ཚེ་ དམར་ བཞི་ དང་"
                                ],
                                "སྣར་": [
                                    "དང་ དཀ ར་ དམར་ དང་  །_།",
                                    "གླ་བ་",
                                    "ན་ ཚེ་ དམར་ བཞི་ དང་"
                                ]
                            }
                        ]
                    },
                    {
                        "26": [
                            {
                                "པེ་": [
                                    " །_། དེ་ ཡིས་ བཅད་ ཅིང་",
                                    "#བཏུབས་པ ར་",
                                    "བསམ །_ ཨོཾ་ མ་"
                                ],
                                "སྡེ་": [
                                    " །_། དེ་ ཡིས་ བཅད་ ཅིང་",
                                    "གཏུབས་པ ར་",
                                    "བསམ །_ ཨོཾ་ མ་"
                                ],
                                "སྣར་": [
                                    " །_། དེ་ ཡིས་ བཅད་ ཅིང་",
                                    "#བཏུབས་པ ར་",
                                    "བསམ །_ ཨོཾ་ མ་"
                                ]
                            }
                        ]
                    },
                    {
                        "34": [
                            {
                                "པེ་": [
                                    "ཟླ འི་ བར །_། གཡུང་དྲུང་",
                                    "#རྩུག་",
                                    "གི་ #འུག་པ་ རུ །_། "
                                ],
                                "སྡེ་": [
                                    "ཟླ འི་ བར །_། གཡུང་དྲུང་",
                                    "#གཙུག་",
                                    "གི་ #འུག་པ་ རུ །_། "
                                ],
                                "སྣར་": [
                                    "ཟླ འི་ བར །_། གཡུང་དྲུང་",
                                    "#རྩུག་",
                                    "གི་ #འུག་པ་ རུ །_། "
                                ]
                            }
                        ]
                    },
                    {
                        "36": [
                            {
                                "པེ་": [
                                    "ཚེ་ དང་  །_། #ཚ་ གསུམ་",
                                    "སྙོམ་",
                                    "བྱེད་ བདུད་ རྩི་ སྦྱར །_། "
                                ],
                                "སྡེ་": [
                                    "ཚེ་ དང་  །_། #ཚ་ གསུམ་",
                                    "མྱོས་",
                                    "བྱེད་ བདུད་ རྩི་ སྦྱར །_། "
                                ],
                                "སྣར་": [
                                    "ཚེ་ དང་  །_། #ཚ་ གསུམ་",
                                    "#སྙོས་",
                                    "བྱེད་ བདུད་ རྩི་ སྦྱར །_། "
                                ]
                            }
                        ]
                    },
                    {
                        "40": [
                            {
                                "པེ་": [
                                    "པ ར་ བྲི ས་ ནས་ ནི །_།",
                                    "#པྲ་",
                                    "#ཚིལ་ #ལིངྒ་ བཅུག་ བྱས་ ནས"
                                ],
                                "སྡེ་": [
                                    "པ ར་ བྲི ས་ ནས་ ནི །_།",
                                    "སྤྲ་",
                                    "#ཚིལ་ #ལིངྒ་ བཅུག་ བྱས་ ནས"
                                ],
                                "སྣར་": [
                                    "པ ར་ བྲི ས་ ནས་ ནི །_།",
                                    "#པྲ་",
                                    "#ཚིལ་ #ལིངྒ་ བཅུག་ བྱས་ ནས"
                                ]
                            }
                        ]
                    },
                    {
                        "45": [
                            {
                                "པེ་": [
                                    "ག་ བྱ །_། རྡོ་ ལ་",
                                    "#རྟན་",
                                    "བཅས་ དར་ གྱིས་ དཀྲིས །_། "
                                ],
                                "སྡེ་": [
                                    "ག་ བྱ །_། རྡོ་ ལ་",
                                    "རྟེན་",
                                    "བཅས་ དར་ གྱིས་ དཀྲིས །_། "
                                ],
                                "སྣར་": [
                                    "ག་ བྱ །_། རྡོ་ ལ་",
                                    "#རྟན་",
                                    "བཅས་ དར་ གྱིས་ དཀྲིས །_། "
                                ]
                            }
                        ]
                    }
                ]
            }
        },
        "sskrt": [
            {
                "1": [
                    {
                        "པེ་": [
                            "ཐ་མ་ #ཧཱ་ #ཀཱ་ ལ་",
                            "",
                            "#ནཱ་ མ །_ བོད་ སྐད་"
                        ],
                        "སྡེ་": [
                            "ཐ་མ་ #ཧཱ་ #ཀཱ་ ལ་",
                            "#སཱ་ #དྷ་ ན་ #ཀྲ་ མ་",
                            "#ནཱ་ མ །_ བོད་ སྐད་"
                        ],
                        "སྣར་": [
                            "ཐ་མ་ #ཧཱ་ #ཀཱ་ ལ་",
                            "",
                            "#ནཱ་ མ །_ བོད་ སྐད་"
                        ]
                    }
                ]
            },
            {
                "8": [
                    {
                        "པེ་": [
                            "ན་ #བཛྲ་ #སྭཱ་ #བྷཱ་བ་",
                            "#ཨད་ མ་ #ཀོཧཾ",
                            "།_ སེམས་ དེ་"
                        ],
                        "སྡེ་": [
                            "ན་ #བཛྲ་ #སྭཱ་ #བྷཱ་བ་",
                            "#ཨཱཏྨ་ #ཀོ྅ཧཾ",
                            "།_ སེམས་ དེ་"
                        ],
                        "སྣར་": [
                            "ན་ #བཛྲ་ #སྭཱ་ #བྷཱ་བ་",
                            "#ཨད་ མ་ #ཀོཧཾ",
                            "།_ སེམས་ དེ་"
                        ]
                    }
                ]
            },
            {
                "12": [
                    {
                        "པེ་": [
                            "ཀྱི་ #ཞགས་པ་ བསྣམས །_།",
                            "ར་ ག་",
                            "#སི་ དང་ #སིངྒ་ ལ །_། "
                        ],
                        "སྡེ་": [
                            "ཀྱི་ #ཞགས་པ་ བསྣམས །_།",
                            "#རཀྵ་",
                            "#སི་ དང་ #སིངྒ་ ལ །_། "
                        ],
                        "སྣར་": [
                            "ཀྱི་ #ཞགས་པ་ བསྣམས །_།",
                            "ར་ ག་",
                            "#སི་ དང་ #སིངྒ་ ལ །_། "
                        ]
                    }
                ]
            },
            {
                "14": [
                    {
                        "པེ་": [
                            "དེ་ ལ་ ཐིམ །_།",
                            "#ཛཿཧཱུཾཿབཾ་ #ཧོས་",
                            "དགུག་ གཞུག་ བྱ །_། "
                        ],
                        "སྡེ་": [
                            "དེ་ ལ་ ཐིམ །_།",
                            "#ཛཿཧཱུཾ་ #བཾ་ #ཧོཿས་",
                            "དགུག་ གཞུག་ བྱ །_། "
                        ],
                        "སྣར་": [
                            "དེ་ ལ་ ཐིམ །_།",
                            "#ཛཿཧཱུཾ་ #བཾ་ #ཧོཿས་",
                            "དགུག་ གཞུག་ བྱ །_། "
                        ]
                    }
                ]
            },
            {
                "18": [
                    {
                        "པེ་": [
                            "རྟོག་ ནི །_། #ཧ་ དང་",
                            "#ཧྲི་ དང་",
                            "#ཧོས་ སྦྱངས་ ནས །_། "
                        ],
                        "སྡེ་": [
                            "རྟོག་ ནི །_། #ཧ་ དང་",
                            "#ཧྲཱིཿདང་",
                            "#ཧོས་ སྦྱངས་ ནས །_། "
                        ],
                        "སྣར་": [
                            "རྟོག་ ནི །_། #ཧ་ དང་",
                            "#ཧྲི་ དང་",
                            "#ཧོས་ སྦྱངས་ ནས །_། "
                        ]
                    }
                ]
            },
            {
                "20": [
                    {
                        "པེ་": [
                            "།_",
                            "#ཨརྒྷཾ་ #བྷ་ #ལིང་",
                            "ཁ་ ཁ་ #ཁཱ་ #ཧི་ #ཁཱ་"
                        ],
                        "སྡེ་": [
                            "།_",
                            "#གནྔྷ །_ #ཨི་ #དཾ་བ་ #ལིཾ་",
                            "ཁ་ ཁ་ #ཁཱ་ #ཧི་ #ཁཱ་"
                        ],
                        "སྣར་": [
                            "།_",
                            "#ཨརྒྷཾ་ #བྷ་ #ལིང་",
                            "ཁ་ ཁ་ #ཁཱ་ #ཧི་ #ཁཱ་"
                        ]
                    }
                ]
            },
            {
                "27": [
                    {
                        "པེ་": [
                            "ཨོཾ་ མ་ #ཧཱ་ #ཀཱ་ ལ་",
                            "#གྷུ་ ན་ #ཧྲི་",
                            "ད་ #ཨེ་ ཀ་ #ཛ་"
                        ],
                        "སྡེ་": [
                            "ཨོཾ་ མ་ #ཧཱ་ #ཀཱ་ ལ་",
                            "#གུ་ #ཎ་ #ཧྲྀ་",
                            "ད་ #ཨེ་ ཀ་ #ཛ་"
                        ],
                        "སྣར་": [
                            "ཨོཾ་ མ་ #ཧཱ་ #ཀཱ་ ལ་",
                            "#གྷུ་ ན་ #ཧྲི་",
                            "ད་ #ཨེ་ ཀ་ #ཛ་"
                        ]
                    }
                ]
            },
            {
                "28": [
                    {
                        "པེ་": [
                            "#ཎ་ #ཧྲྀ་ ད་ #ཨེ་ ཀ་ #ཛ་",
                            "#ཏི་",
                            "#ཧཱུཾ་ #ཕཊ །_ དེ་ནས་"
                        ],
                        "སྡེ་": [
                            "#ཎ་ #ཧྲྀ་ ད་ #ཨེ་ ཀ་ #ཛ་",
                            "#ཊཱི་",
                            "#ཧཱུཾ་ #ཕཊ །_ དེ་ནས་"
                        ],
                        "སྣར་": [
                            "#ཎ་ #ཧྲྀ་ ད་ #ཨེ་ ཀ་ #ཛ་",
                            "#ཏི་",
                            "#ཧཱུཾ་ #ཕཊ །_ དེ་ནས་"
                        ]
                    }
                ]
            },
            {
                "38": [
                    {
                        "པེ་": [
                            "ས་ དང་ ནི །_། #གུར་",
                            "གུམ་ #གྷི་ #ཧང་",
                            "#ཡུང་བ་ ལ །_།"
                        ],
                        "སྡེ་": [
                            "ས་ དང་ ནི །_། #གུར་",
                            "ཀུམ་ གི་ #ཝང་",
                            "#ཡུང་བ་ ལ །_།"
                        ],
                        "སྣར་": [
                            "ས་ དང་ ནི །_། #གུར་",
                            "གུམ་ #གྷི་ #ཧང་",
                            "#ཡུང་བ་ ལ །_།"
                        ]
                    }
                ]
            },
            {
                "43": [
                    {
                        "པེ་": [
                            "ནི་ དབང་ དུ་ འགྱུར །_།",
                            "#དྷ་ #དྷུ་",
                            "ར་ ཡི་ ཕྱེ་ མ་ དང་"
                        ],
                        "སྡེ་": [
                            "ནི་ དབང་ དུ་ འགྱུར །_།",
                            "ད་ དུ་",
                            "ར་ ཡི་ ཕྱེ་ མ་ དང་"
                        ],
                        "སྣར་": [
                            "ནི་ དབང་ དུ་ འགྱུར །_།",
                            "#དྷ་ #དྷུ་",
                            "ར་ ཡི་ ཕྱེ་ མ་ དང་"
                        ]
                    }
                ]
            },
            {
                "50": [
                    {
                        "པེ་": [
                            "གསུམ་པ་ དང་  །_",
                            "#ལོཙྪ་བ་",
                            "དགེ་སློང་ དར་ མ་"
                        ],
                        "སྡེ་": [
                            "གསུམ་པ་ དང་  །_",
                            "ལོ་ཙཱ་བ་",
                            "དགེ་སློང་ དར་ མ་"
                        ],
                        "སྣར་": [
                            "གསུམ་པ་ དང་  །_",
                            "ལོ་ཙཱ་བ་",
                            "དགེ་སློང་ དར་ མ་"
                        ]
                    }
                ]
            }
        ],
        "verb_difference": {
            "diff_tense": [
                {
                    "10": [
                        [
                            "《རྡེབ》ཞེས་པ།【〈རྡེབ〉གི་ ད་ལྟ་བ།】【〈རྡེབ〉གི་ ད་ལྟ་བ། ཐ་དད་པ།】",
                            "《རྡེབས》ཞེས་པ།【〈རྡེབ〉གི་ སྐུལ་ཚིག འབྲི་ཚུལ་གཞན།】"
                        ],
                        {
                            "པེ་": [
                                "རྣམས་ ས་ ལ་",
                                "རྡེབ་",
                                "མཛད་ ཅིང་  །_། ལྷ་ དང་ ལྷ་ མིན་"
                            ],
                            "སྡེ་": [
                                "རྣམས་ ས་ ལ་",
                                "རྡེབས་",
                                "མཛད་ ཅིང་  །_། ལྷ་ དང་ ལྷ་ མིན་"
                            ],
                            "སྣར་": [
                                "རྣམས་ ས་ ལ་",
                                "རྡེབ་",
                                "མཛད་ ཅིང་  །_། ལྷ་ དང་ ལྷ་ མིན་"
                            ]
                        }
                    ]
                },
                {
                    "19": [
                        [
                            "《བྱ》ཞེས་པ།【〈བྱེད〉གི་ མ་འོངས་པ། ཐ་དད་པ།】",
                            "《བྱས》ཞེས་པ།【〈བྱེད〉གི་ འདས་པ། ཐ་དད་པ།】"
                        ],
                        {
                            "པེ་": [
                                "ནས་ #ཆོ་ གས་ #ལྕེ་ མྱང་",
                                "བྱ",
                                "།_། དེ་ ལ་ དབུལ་བ འི་"
                            ],
                            "སྡེ་": [
                                "ནས་ #ཆོ་ གས་ #ལྕེ་ མྱང་",
                                "བྱས",
                                "།_། དེ་ ལ་ དབུལ་བ འི་"
                            ],
                            "སྣར་": [
                                "ནས་ #ཆོ་ གས་ #ལྕེ་ མྱང་",
                                "བྱ",
                                "།_། དེ་ ལ་ དབུལ་བ འི་"
                            ]
                        }
                    ]
                },
                {
                    "25": [
                        [
                            "《བསྒྲུབ》ཞེས་པ།【〈སྒྲུབ〉གི་ མ་འོངས་པ།】【〈སྒྲུབ〉གི་ མ་འོངས་པ། ཐ་དད་པ།】",
                            "《བསྒྲུབས》ཞེས་པ།【〈སྒྲུབ〉གི་ འདས་པ།】【〈སྒྲུབ〉གི་ འདས་པ། ཐ་དད་པ།】"
                        ],
                        {
                            "པེ་": [
                                "ལྟར །_། བཀྲ་ཤིས་ མཆོག་",
                                "བསྒྲུབས་",
                                "སེམས་པ་ དེ ར །_། ཡིད་"
                            ],
                            "སྡེ་": [
                                "ལྟར །_། བཀྲ་ཤིས་ མཆོག་",
                                "བསྒྲུབ་",
                                "སེམས་པ་ དེ ར །_། ཡིད་"
                            ],
                            "སྣར་": [
                                "ལྟར །_། བཀྲ་ཤིས་ མཆོག་",
                                "བསྒྲུབས་",
                                "སེམས་པ་ དེ ར །_། ཡིད་"
                            ]
                        }
                    ]
                },
                {
                    "41": [
                        [
                            "《གྱུར》ཞེས་པ།【〈འགྱུར〉གི་ འདས་པ། ཐ་མི་དད་པ།】",
                            "《འགྱུར》ཞེས་པ།【གཟུགས་མི་འགྱུར་བ།】【〈འགྱུར〉གི་ ད་ལྟ་བ། ཐ་མི་དད་པ།】【〈འགྱུར〉གི་ མ་འོངས་པ། ཐ་མི་དད་པ།】"
                        ],
                        {
                            "པེ་": [
                                "ཁ་ ནི་ ནུབ་ ཏུ་ བལྟས་",
                                "གྱུར་",
                                "ཏེ །_། ཞག་ བདུན་ དག་"
                            ],
                            "སྡེ་": [
                                "ཁ་ ནི་ ནུབ་ ཏུ་ བལྟས་",
                                "འགྱུར་",
                                "ཏེ །_། ཞག་ བདུན་ དག་"
                            ],
                            "སྣར་": [
                                "ཁ་ ནི་ ནུབ་ ཏུ་ བལྟས་",
                                "གྱུར་",
                                "ཏེ །_། ཞག་ བདུན་ དག་"
                            ]
                        }
                    ]
                },
                {
                    "47": [
                        [
                            "《བསྒྲུབ》ཞེས་པ།【〈སྒྲུབ〉གི་ མ་འོངས་པ།】【〈སྒྲུབ〉གི་ མ་འོངས་པ། ཐ་དད་པ།】",
                            "《སྒྲུབ》ཞེས་པ།【〈སྒྲུབ〉གི་ ད་ལྟ་བ།】【〈སྒྲུབ〉གི་ ད་ལྟ་བ། ཐ་དད་པ།】"
                        ],
                        {
                            "པེ་": [
                                "པོ་ ནག་པོ་ ཡི །_།",
                                "བསྒྲུབ་",
                                "ཐབས་ བྱས་པ འི་ ཕན་ཡོན་"
                            ],
                            "སྡེ་": [
                                "པོ་ ནག་པོ་ ཡི །_།",
                                "སྒྲུབ་",
                                "ཐབས་ བྱས་པ འི་ ཕན་ཡོན་"
                            ],
                            "སྣར་": [
                                "པོ་ ནག་པོ་ ཡི །_།",
                                "བསྒྲུབ་",
                                "ཐབས་ བྱས་པ འི་ ཕན་ཡོན་"
                            ]
                        }
                    ]
                },
                {
                    "48": [
                        [
                            "《བསྒྲུབ》ཞེས་པ།【〈སྒྲུབ〉གི་ མ་འོངས་པ།】【〈སྒྲུབ〉གི་ མ་འོངས་པ། ཐ་དད་པ།】",
                            "《སྒྲུབ》ཞེས་པ།【〈སྒྲུབ〉གི་ ད་ལྟ་བ།】【〈སྒྲུབ〉གི་ ད་ལྟ་བ། ཐ་དད་པ།】"
                        ],
                        {
                            "པེ་": [
                                "ཡོན་ གྱིས །_། དེ་ ནི་",
                                "བསྒྲུབ་",
                                "ལ་ དགའ་བ་ དང་  །_། "
                            ],
                            "སྡེ་": [
                                "ཡོན་ གྱིས །_། དེ་ ནི་",
                                "སྒྲུབ་",
                                "ལ་ དགའ་བ་ དང་  །_། "
                            ],
                            "སྣར་": [
                                "ཡོན་ གྱིས །_། དེ་ ནི་",
                                "བསྒྲུབ་",
                                "ལ་ དགའ་བ་ དང་  །_། "
                            ]
                        }
                    ]
                }
            ],
            "diff_verb": [
                {
                    "31": [
                        [
                            "《སྦྲུས》ཞེས་པ།【〈སྦྲུད〉གི་ འདས་པ། ཐ་དད་པ།】【〈སྦྲུད〉གི་ སྐུལ་ཚིག ཐ་དད་པ།】【〈སྦྲུས〉གི་ འདས་པ། ཐ་དད་པ།】【〈སྦྲུས〉གི་ སྐུལ་ཚིག ཐ་དད་པ།】",
                            "《བྲུས》ཞེས་པ།【〈བྲུས〉གི་ འདས་པ། ཐ་དད་པ།】【〈བྲུས〉གི་ སྐུལ་ཚིག ཐ་དད་པ།】【〈འབྲུ〉གི་ འདས་པ།】【〈འབྲུ〉གི་ འདས་པ། ཐ་དད་པ།】【〈འབྲུ〉གི་ སྐུལ་ཚིག】【〈འབྲུ〉གི་ སྐུལ་ཚིག ཐ་དད་པ།】"
                        ],
                        {
                            "པེ་": [
                                "ཕྱེ་ དང་  །_། ཁྲག་ གིས་",
                                "བྲུས་",
                                "ལ་ སོ ར་ བརྒྱད་པ །_། "
                            ],
                            "སྡེ་": [
                                "ཕྱེ་ དང་  །_། ཁྲག་ གིས་",
                                "སྦྲུས་",
                                "ལ་ སོ ར་ བརྒྱད་པ །_། "
                            ],
                            "སྣར་": [
                                "ཕྱེ་ དང་  །_། ཁྲག་ གིས་",
                                "བྲུས་",
                                "ལ་ སོ ར་ བརྒྱད་པ །_། "
                            ]
                        }
                    ]
                },
                {
                    "35": [
                        [
                            "《གསེད》ཞེས་པ།【〈གསེད〉གི་ ད་ལྟ་བ། ཐ་དད་པ།】【〈གསེད〉གི་ མ་འོངས་པ། ཐ་དད་པ།】【〈བསེད〉གི་ ད་ལྟ་བ། ཐ་དད་པ།】【〈བསེད〉གི་ མ་འོངས་པ། ཐ་དད་པ།】",
                            "《གསོད》ཞེས་པ།【〈གསོད〉གི་ ད་ལྟ་བ།】【〈གསོད〉གི་ ད་ལྟ་བ། ཐ་དད་པ།】"
                        ],
                        {
                            "པེ་": [
                                "གི་ #འུག་པ་ རུ །_།",
                                "གསེད་པ འི་",
                                "སེམས་ ཀྱིས་ གསོད་པ ར་"
                            ],
                            "སྡེ་": [
                                "གི་ #འུག་པ་ རུ །_།",
                                "གསོད་པ འི་",
                                "སེམས་ ཀྱིས་ གསོད་པ ར་"
                            ],
                            "སྣར་": [
                                "གི་ #འུག་པ་ རུ །_།",
                                "གསེད་པ འི་",
                                "སེམས་ ཀྱིས་ གསོད་པ ར་"
                            ]
                        }
                    ]
                },
                {
                    "44": [
                        [
                            "《བྲོས》ཞེས་པ།【〈བྲོས〉གི་ འདས་པ། ཐ་མི་དད་པ།】【〈བྲོས〉གི་ སྐུལ་ཚིག ཐ་མི་དད་པ།】【〈འབྲོ〉གི་ འདས་པ། ཐ་མི་དད་པ།】【〈འབྲོ〉གི་ སྐུལ་ཚིག ཐ་མི་དད་པ།】",
                            "《ཟོས》ཞེས་པ།【ཐ་མི་དད་པ།】【〈ཟ〉གི་ འདས་པ།】【〈ཟ〉གི་ འདས་པ། ཐ་མི་དད་པ།】【〈ཟ〉གི་ འདས་པ། འབྲི་ཚུལ་གཞན།】【〈འཛའ〉གི་ འདས་པ། ཐ་མི་དད་པ།】"
                        ],
                        {
                            "པེ་": [
                                "མ་ དང་  །_། ཤིང་ #སྲིན་",
                                "བྲོས་པ འི་",
                                "ཕྱེ་ མ་ ཡིས །_། "
                            ],
                            "སྡེ་": [
                                "མ་ དང་  །_། ཤིང་ #སྲིན་",
                                "ཟོས་པ འི་",
                                "ཕྱེ་ མ་ ཡིས །_། "
                            ],
                            "སྣར་": [
                                "མ་ དང་  །_། ཤིང་ #སྲིན་",
                                "བྲོས་པ འི་",
                                "ཕྱེ་ མ་ ཡིས །_། "
                            ]
                        }
                    ]
                }
            ],
            "not_sure": [
                {
                    "23": [
                        [
                            "《འཇིག》ཞེས་པ།【〈འཇིག〉གི་ ད་ལྟ་བ། ཐ་དད་པ།】【〈འཇིག〉གི་ ད་ལྟ་བ། ཐ་མི་དད་པ།】【〈འཇིག〉གི་ མ་འོངས་པ། ཐ་མི་དད་པ།】",
                            "《འཇིགས》ཞེས་པ།【】"
                        ],
                        {
                            "པེ་": [
                                "ཚར་ གཅོད་ བྱང་ཆུབ་ སེམས་དཔའ་ སྟེ །_། གྲོང་ཁྱེར་ སུམ་ བརྩེགས་",
                                "འཇིགས་པ ར་",
                                "བྱེད །_། ལེགས་ ལྡན་"
                            ],
                            "སྡེ་": [
                                "ཚར་ གཅོད་ བྱང་ཆུབ་ སེམས་དཔའ་ སྟེ །_། གྲོང་ཁྱེར་ སུམ་ བརྩེགས་",
                                "འཇིག་པ ར་",
                                "བྱེད །_། ལེགས་ ལྡན་"
                            ],
                            "སྣར་": [
                                "ཚར་ གཅོད་ བྱང་ཆུབ་ སེམས་དཔའ་ སྟེ །_། གྲོང་ཁྱེར་ སུམ་ བརྩེགས་",
                                "འཇིགས་པ ར་",
                                "བྱེད །_། ལེགས་ ལྡན་"
                            ]
                        }
                    ]
                }
            ]
        }
    },
    "dunno": {
        "long_diff": [
            {
                "2": [
                    {
                        "པེ་": [
                            "སྒྲུབ་ ཐབས་ ཀྱི་",
                            "རིམ་པ",
                            "_། དཔལ་ མགོན་པོ་ ནག་"
                        ],
                        "སྡེ་": [
                            "སྒྲུབ་ ཐབས་ ཀྱི་",
                            "རིམ་པ་ ཞེས་བྱ་བ",
                            "_། དཔལ་ མགོན་པོ་ ནག་"
                        ],
                        "སྣར་": [
                            "སྒྲུབ་ ཐབས་ ཀྱི་",
                            "རིམ་པ",
                            "_། དཔལ་ མགོན་པོ་ ནག་"
                        ]
                    }
                ]
            },
            {
                "22": [
                    {
                        "པེ་": [
                            "ཀྱིས་ གདུག་པ་ ཅན །_།",
                            "",
                            "།_། གྲོང་ཁྱེར་ སུམ་ བརྩེགས་ འཇིག་"
                        ],
                        "སྡེ་": [
                            "ཀྱིས་ གདུག་པ་ ཅན །_།",
                            "ཚར་ གཅོད་ བྱང་ཆུབ་ སེམས་དཔའ་ སྟེ",
                            "།_། གྲོང་ཁྱེར་ སུམ་ བརྩེགས་ འཇིག་"
                        ],
                        "སྣར་": [
                            "ཀྱིས་ གདུག་པ་ ཅན །_།",
                            "",
                            "།_། གྲོང་ཁྱེར་ སུམ་ བརྩེགས་ འཇིག་"
                        ]
                    }
                ]
            }
        ],
        "no_diff": [
            {
                "4": [
                    {
                        "པེ་": [
                            "པ ར་ བྱ །_། བླ་མ་",
                            "རྙ ས་",
                            "བྱས་ སེམས་ཅན་ འཚེ །_། "
                        ],
                        "སྡེ་": [
                            "པ ར་ བྱ །_། བླ་མ་",
                            "བརྙས་",
                            "བྱས་ སེམས་ཅན་ འཚེ །_། "
                        ],
                        "སྣར་": [
                            "པ ར་ བྱ །_། བླ་མ་",
                            "རྙ ས་",
                            "བྱས་ སེམས་ཅན་ འཚེ །_། "
                        ]
                    }
                ]
            },
            {
                "6": [
                    {
                        "པེ་": [
                            "ཅན་ དབང་ ལྡན་ ལྷ །_།",
                            "མ་",
                            "ཚང་ཚིང་ ཕུག་ དག་ གམ"
                        ],
                        "སྡེ་": [
                            "ཅན་ དབང་ ལྡན་ ལྷ །_།",
                            "རི འམ་",
                            "ཚང་ཚིང་ ཕུག་ དག་ གམ"
                        ],
                        "སྣར་": [
                            "ཅན་ དབང་ ལྡན་ ལྷ །_།",
                            "མ་",
                            "ཚང་ཚིང་ ཕུག་ དག་ གམ"
                        ]
                    }
                ]
            },
            {
                "9": [
                    {
                        "པེ་": [
                            "འཇིགས་པ་ ཆེ །_། ཁམས་",
                            "གཉིས་ མ་ འདུས་",
                            "ཟ་ བར་ བྱེད །_། ཞབས་"
                        ],
                        "སྡེ་": [
                            "འཇིགས་པ་ ཆེ །_། ཁམས་",
                            "གསུམ་ མ་ ལུས་",
                            "ཟ་ བར་ བྱེད །_། ཞབས་"
                        ],
                        "སྣར་": [
                            "འཇིགས་པ་ ཆེ །_། ཁམས་",
                            "གཉིས་ མ་ འདུས་",
                            "ཟ་ བར་ བྱེད །_། ཞབས་"
                        ]
                    }
                ]
            },
            {
                "13": [
                    {
                        "པེ་": [
                            "རང་བཞིན་ གནས་ ནས་ སྤྱན་",
                            "དྲང་ སྟེ",
                            "།_། གནས་ ནས་ འོངས་ ནས་"
                        ],
                        "སྡེ་": [
                            "རང་བཞིན་ གནས་ ནས་ སྤྱན་",
                            "དྲངས་ ཏེ",
                            "།_། གནས་ ནས་ འོངས་ ནས་"
                        ],
                        "སྣར་": [
                            "རང་བཞིན་ གནས་ ནས་ སྤྱན་",
                            "དྲང་ སྟེ",
                            "།_། གནས་ ནས་ འོངས་ ནས་"
                        ]
                    }
                ]
            },
            {
                "15": [
                    {
                        "པེ་": [
                            "པ ར་ བྱ །_། མེ་ཏོག་",
                            "ན་ ག་",
                            "འབྲས་བུ་ དང་  །_། མི་"
                        ],
                        "སྡེ་": [
                            "པ ར་ བྱ །_། མེ་ཏོག་",
                            "ནག་པོ་",
                            "འབྲས་བུ་ དང་  །_། མི་"
                        ],
                        "སྣར་": [
                            "པ ར་ བྱ །_། མེ་ཏོག་",
                            "ན་ ག་",
                            "འབྲས་བུ་ དང་  །_། མི་"
                        ]
                    }
                ]
            },
            {
                "17": [
                    {
                        "པེ་": [
                            "ལྔ །_། འོག་ ཏུ་",
                            "མེ་ཏོག་",
                            "འབར་བ་ ནི །_། དྲི་"
                        ],
                        "སྡེ་": [
                            "ལྔ །_། འོག་ ཏུ་",
                            "མེ་ སོགས་",
                            "འབར་བ་ ནི །_། དྲི་"
                        ],
                        "སྣར་": [
                            "ལྔ །_། འོག་ ཏུ་",
                            "མེ་ཏོག་",
                            "འབར་བ་ ནི །_། དྲི་"
                        ]
                    }
                ]
            },
            {
                "24": [
                    {
                        "པེ་": [
                            "པ ར་ བྱེད །_། ལེགས་ ལྡན་",
                            "ཁྱོད་",
                            "ལ་ ཕྱག་ འཚལ་ བསྟོད །_། "
                        ],
                        "སྡེ་": [
                            "པ ར་ བྱེད །_། ལེགས་ ལྡན་",
                            "ཁྱེད་",
                            "ལ་ ཕྱག་ འཚལ་ བསྟོད །_། "
                        ],
                        "སྣར་": [
                            "པ ར་ བྱེད །_། ལེགས་ ལྡན་",
                            "ཁྱོད་",
                            "ལ་ ཕྱག་ འཚལ་ བསྟོད །_། "
                        ]
                    }
                ]
            },
            {
                "29": [
                    {
                        "པེ་": [
                            "པ ར་ གྱུར་པ་ དང་  །_།",
                            "གསང་བ འི་",
                            "ལས་ ལ་ འཇུག་པ ར་ བྱ"
                        ],
                        "སྡེ་": [
                            "པ ར་ གྱུར་པ་ དང་  །_།",
                            "གསད་པ འི་",
                            "ལས་ ལ་ འཇུག་པ ར་ བྱ"
                        ],
                        "སྣར་": [
                            "པ ར་ གྱུར་པ་ དང་  །_།",
                            "གསང་བ འི་",
                            "ལས་ ལ་ འཇུག་པ ར་ བྱ"
                        ]
                    }
                ]
            },
            {
                "32": [
                    {
                        "པེ་": [
                            " །_། འཁོར་ལོ་ ཁྲག་ གིས་",
                            "བྲི ས་པ ར་",
                            "བྱ །_། དེ་ ཡི་ དབུས་"
                        ],
                        "སྡེ་": [
                            " །_། འཁོར་ལོ་ ཁྲག་ གིས་",
                            "བྲི་ བར་",
                            "བྱ །_། དེ་ ཡི་ དབུས་"
                        ],
                        "སྣར་": [
                            " །_། འཁོར་ལོ་ ཁྲག་ གིས་",
                            "བྲི ས་པ ར་",
                            "བྱ །_། དེ་ ཡི་ དབུས་"
                        ]
                    }
                ]
            },
            {
                "37": [
                    {
                        "པེ་": [
                            " །_། སྐྲོད་པ་ དག་ ཏུ་",
                            "འགྱུར་བ་",
                            "ཡིན །_། #གྲོག་ མཁའ ར་ དག་"
                        ],
                        "སྡེ་": [
                            " །_། སྐྲོད་པ་ དག་ ཏུ་",
                            "འགྱུར་བ་",
                            "ཡིན །_། #གྲོག་ མཁའ ར་ དག་"
                        ],
                        "སྣར་": [
                            " །_། སྐྲོད་པ་ དག་ ཏུ་",
                            "གྱུར་པ་",
                            "ཡིན །_། #གྲོག་ མཁའ ར་ དག་"
                        ]
                    }
                ]
            },
            {
                "39": [
                    {
                        "པེ་": [
                            "བ་ ལ །_། #སྲིན་ ལག་",
                            "དག་",
                            "གིས་ སྦྱར་ བྱས་ ལ །_། "
                        ],
                        "སྡེ་": [
                            "བ་ ལ །_། #སྲིན་ ལག་",
                            "ཁྲག་",
                            "གིས་ སྦྱར་ བྱས་ ལ །_། "
                        ],
                        "སྣར་": [
                            "བ་ ལ །_། #སྲིན་ ལག་",
                            "དག་",
                            "གིས་ སྦྱར་ བྱས་ ལ །_། "
                        ]
                    }
                ]
            }
        ],
        "short_diff": [
            {
                "46": [
                    {
                        "པེ་": [
                            "ཚིག་ ལྡན་པ ས་ བྱས་ གྱུར་ ན །_། རང་",
                            "གི་ སེམས་ ལ་",
                            "ཅི་ འདོད་ འགྲུབ་པ ར་ འགྱུར"
                        ],
                        "སྡེ་": [
                            "ཚིག་ ལྡན་པ ས་ བྱས་ གྱུར་ ན །_། རང་",
                            "སེམས་",
                            "ཅི་ འདོད་ འགྲུབ་པ ར་ འགྱུར"
                        ],
                        "སྣར་": [
                            "ཚིག་ ལྡན་པ ས་ བྱས་ གྱུར་ ན །_། རང་",
                            "གི་ སེམས་ ལ་",
                            "ཅི་ འདོད་ འགྲུབ་པ ར་ འགྱུར"
                        ]
                    }
                ]
            }
        ]
    },
    "empty_notes": [
        {
            "21": [
                {
                    "པེ་": [
                        "#ལིཾ་ ཁ་ ཁ་ #ཁཱ་ #ཧི་",
                        "",
                        "#ཁཱ་ #ཧི་ #ཏིཥྠ་ #ཏིཥྠ །_ #བནྡྷ་"
                    ],
                    "སྡེ་": [
                        "#ལིཾ་ ཁ་ ཁ་ #ཁཱ་ #ཧི་",
                        "",
                        "#ཁཱ་ #ཧི་ #ཏིཥྠ་ #ཏིཥྠ །_ #བནྡྷ་"
                    ],
                    "སྣར་": [
                        "#ལིཾ་ ཁ་ ཁ་ #ཁཱ་ #ཧི་",
                        "",
                        "#ཁཱ་ #ཧི་ #ཏིཥྠ་ #ཏིཥྠ །_ #བནྡྷ་"
                    ]
                }
            ]
        },
        {
            "51": [
                {
                    "པེ་": [
                        "གྲགས་ ཀྱིས་ བསྒྱུར་བ འོ །། ",
                        "",
                        "གྲགས་ ཀྱིས་ བསྒྱུར་བ འོ །། "
                    ],
                    "སྡེ་": [
                        "གྲགས་ ཀྱིས་ བསྒྱུར་བ འོ །། ",
                        "",
                        "གྲགས་ ཀྱིས་ བསྒྱུར་བ འོ །། "
                    ],
                    "སྣར་": [
                        "གྲགས་ ཀྱིས་ བསྒྱུར་བ འོ །། ",
                        "",
                        "གྲགས་ ཀྱིས་ བསྒྱུར་བ འོ །། "
                    ]
                }
            ]
        }
    ],
    "manual_categorisation": {
        "long_difference": {
            "differing_formulation": [],
            "major_modification": []
        },
        "manual_evaluation": {
            "derge_correct": [],
            "meaning_difference": {
                "great_diff": [],
                "medium_diff": [],
                "small_diff": []
            }
        }
    },
    "ngram_freq": {
        "1": {
            "པེ་": [
                [
                    "",
                    "1"
                ],
                [
                    "ལ",
                    "33965"
                ],
                [
                    "ནཱ",
                    "62"
                ],
                [
                    "ལ་ནཱ",
                    "84"
                ]
            ],
            "སྡེ་": [],
            "སྣར་": [
                [
                    "",
                    "1"
                ],
                [
                    "ལ",
                    "33965"
                ],
                [
                    "ནཱ",
                    "62"
                ],
                [
                    "ལ་ནཱ",
                    "84"
                ]
            ]
        },
        "10": {
            "པེ་": [
                [
                    "རྡེབ",
                    "10"
                ]
            ],
            "སྡེ་": [
                [
                    "རྡེབས",
                    "6"
                ]
            ],
            "སྣར་": [
                [
                    "རྡེབ",
                    "10"
                ]
            ]
        },
        "11": {
            "པེ་": [
                [
                    "པགས་པས",
                    "57"
                ]
            ],
            "སྡེ་": [
                [
                    "པགས་པས",
                    "57"
                ]
            ],
            "སྣར་": [
                [
                    "པགས་པ",
                    "838"
                ],
                [
                    "གི་པགས་པ",
                    "114"
                ]
            ]
        },
        "12": {
            "པེ་": [
                [
                    "ར་ག",
                    "75"
                ]
            ],
            "སྡེ་": [
                [
                    "རཀྵ",
                    "54"
                ]
            ],
            "སྣར་": [
                [
                    "ར་ག",
                    "75"
                ]
            ]
        },
        "13": {
            "པེ་": [],
            "སྡེ་": [
                [
                    "དྲངས་ཏེ",
                    "148"
                ],
                [
                    "དྲངས་ཏེ།_།",
                    "43"
                ],
                [
                    "སྤྱན་དྲངས་ཏེ",
                    "45"
                ]
            ],
            "སྣར་": []
        },
        "14": {
            "པེ་": [],
            "སྡེ་": [],
            "སྣར་": []
        },
        "15": {
            "པེ་": [
                [
                    "ན་ག",
                    "95"
                ]
            ],
            "སྡེ་": [
                [
                    "ནག་པོ",
                    "1692"
                ]
            ],
            "སྣར་": [
                [
                    "ན་ག",
                    "95"
                ]
            ]
        },
        "16": {
            "པེ་": [],
            "སྡེ་": [
                [
                    "ཀླད་པ",
                    "188"
                ],
                [
                    "ཀླད་པ་ན",
                    "69"
                ]
            ],
            "སྣར་": []
        },
        "17": {
            "པེ་": [
                [
                    "མེ་ཏོག",
                    "13353"
                ],
                [
                    "ཏུ་མེ་ཏོག",
                    "110"
                ]
            ],
            "སྡེ་": [],
            "སྣར་": [
                [
                    "མེ་ཏོག",
                    "13353"
                ],
                [
                    "ཏུ་མེ་ཏོག",
                    "110"
                ]
            ]
        },
        "18": {
            "པེ་": [],
            "སྡེ་": [
                [
                    "ཧྲཱིཿདང",
                    "4"
                ]
            ],
            "སྣར་": []
        },
        "19": {
            "པེ་": [
                [
                    "བྱ",
                    "28822"
                ],
                [
                    "བྱ།_།",
                    "22355"
                ]
            ],
            "སྡེ་": [
                [
                    "བྱས",
                    "3666"
                ],
                [
                    "བྱས།_།",
                    "1484"
                ]
            ],
            "སྣར་": [
                [
                    "བྱ",
                    "28822"
                ],
                [
                    "བྱ།_།",
                    "22355"
                ]
            ]
        },
        "2": {
            "པེ་": [
                [
                    "རིམ་པ",
                    "1708"
                ],
                [
                    "ཀྱི་རིམ་པ",
                    "111"
                ]
            ],
            "སྡེ་": [],
            "སྣར་": [
                [
                    "རིམ་པ",
                    "1708"
                ],
                [
                    "ཀྱི་རིམ་པ",
                    "111"
                ]
            ]
        },
        "20": {
            "པེ་": [],
            "སྡེ་": [],
            "སྣར་": []
        },
        "21": {
            "པེ་": [
                [
                    "",
                    "1"
                ],
                [
                    "ཁཱ",
                    "11"
                ],
                [
                    "ཧི",
                    "376"
                ],
                [
                    "ཧི་ཁཱ",
                    "126"
                ],
                [
                    "ཁཱ་ཧི་ཁཱ",
                    "124"
                ],
                [
                    "ཧི་ཁཱ་ཧི",
                    "87"
                ],
                [
                    "ཁཱ་ཧི་ཁཱ་ཧི",
                    "86"
                ],
                [
                    "ཁ་ཁཱ་ཧི་ཁཱ་ཧི",
                    "43"
                ]
            ],
            "སྡེ་": [
                [
                    "",
                    "1"
                ],
                [
                    "ཁཱ",
                    "11"
                ],
                [
                    "ཧི",
                    "376"
                ],
                [
                    "ཧི་ཁཱ",
                    "126"
                ],
                [
                    "ཁཱ་ཧི་ཁཱ",
                    "124"
                ],
                [
                    "ཧི་ཁཱ་ཧི",
                    "87"
                ],
                [
                    "ཁཱ་ཧི་ཁཱ་ཧི",
                    "86"
                ],
                [
                    "ཁ་ཁཱ་ཧི་ཁཱ་ཧི",
                    "43"
                ]
            ],
            "སྣར་": [
                [
                    "",
                    "1"
                ],
                [
                    "ཁཱ",
                    "11"
                ],
                [
                    "ཧི",
                    "376"
                ],
                [
                    "ཧི་ཁཱ",
                    "126"
                ],
                [
                    "ཁཱ་ཧི་ཁཱ",
                    "124"
                ],
                [
                    "ཧི་ཁཱ་ཧི",
                    "87"
                ],
                [
                    "ཁཱ་ཧི་ཁཱ་ཧི",
                    "86"
                ],
                [
                    "ཁ་ཁཱ་ཧི་ཁཱ་ཧི",
                    "43"
                ]
            ]
        },
        "22": {
            "པེ་": [
                [
                    "",
                    "1"
                ],
                [
                    "།_།",
                    "997103"
                ],
                [
                    "།_།།_།",
                    "1"
                ]
            ],
            "སྡེ་": [],
            "སྣར་": [
                [
                    "",
                    "1"
                ],
                [
                    "།_།",
                    "997103"
                ],
                [
                    "།_།།_།",
                    "1"
                ]
            ]
        },
        "23": {
            "པེ་": [
                [
                    "འཇིགས་པར",
                    "1134"
                ],
                [
                    "འཇིགས་པར་བྱེད",
                    "92"
                ]
            ],
            "སྡེ་": [
                [
                    "འཇིག་པར",
                    "1368"
                ],
                [
                    "འཇིག་པར་བྱེད",
                    "86"
                ]
            ],
            "སྣར་": [
                [
                    "འཇིགས་པར",
                    "1134"
                ],
                [
                    "འཇིགས་པར་བྱེད",
                    "92"
                ]
            ]
        },
        "24": {
            "པེ་": [
                [
                    "ཁྱོད",
                    "325"
                ],
                [
                    "ཁྱོད་ལ",
                    "61"
                ],
                [
                    "ལྡན་ཁྱོད",
                    "82"
                ]
            ],
            "སྡེ་": [
                [
                    "ཁྱེད",
                    "21"
                ],
                [
                    "ཁྱེད་ལ",
                    "611"
                ]
            ],
            "སྣར་": [
                [
                    "ཁྱོད",
                    "325"
                ],
                [
                    "ཁྱོད་ལ",
                    "61"
                ],
                [
                    "ལྡན་ཁྱོད",
                    "82"
                ]
            ]
        },
        "25": {
            "པེ་": [
                [
                    "བསྒྲུབས",
                    "107"
                ]
            ],
            "སྡེ་": [
                [
                    "བསྒྲུབ",
                    "271"
                ]
            ],
            "སྣར་": [
                [
                    "བསྒྲུབས",
                    "107"
                ]
            ]
        },
        "26": {
            "པེ་": [],
            "སྡེ་": [],
            "སྣར་": []
        },
        "27": {
            "པེ་": [],
            "སྡེ་": [],
            "སྣར་": []
        },
        "28": {
            "པེ་": [
                [
                    "ཏི",
                    "1484"
                ]
            ],
            "སྡེ་": [
                [
                    "ཊཱི",
                    "4"
                ]
            ],
            "སྣར་": [
                [
                    "ཏི",
                    "1484"
                ]
            ]
        },
        "29": {
            "པེ་": [
                [
                    "གསང་བའི",
                    "3147"
                ],
                [
                    "།_།གསང་བའི",
                    "889"
                ]
            ],
            "སྡེ་": [
                [
                    "གསད་པའི",
                    "151"
                ]
            ],
            "སྣར་": [
                [
                    "གསང་བའི",
                    "3147"
                ],
                [
                    "།_།གསང་བའི",
                    "889"
                ]
            ]
        },
        "3": {
            "པེ་": [
                [
                    "བྱེད་པས",
                    "549"
                ]
            ],
            "སྡེ་": [
                [
                    "བྱེད་པ",
                    "4256"
                ],
                [
                    "འཇིགས་བྱེད་པ",
                    "49"
                ]
            ],
            "སྣར་": [
                [
                    "བྱེད་པས",
                    "549"
                ]
            ]
        },
        "30": {
            "པེ་": [
                [
                    "མདུང",
                    "1"
                ],
                [
                    "མདུང་རྩེ",
                    "228"
                ]
            ],
            "སྡེ་": [
                [
                    "མདུང",
                    "1"
                ],
                [
                    "མདུང་རྩེ",
                    "228"
                ]
            ],
            "སྣར་": [
                [
                    "གདུང",
                    "3765"
                ]
            ]
        },
        "31": {
            "པེ་": [
                [
                    "བྲུས",
                    "1"
                ]
            ],
            "སྡེ་": [
                [
                    "སྦྲུས",
                    "60"
                ]
            ],
            "སྣར་": [
                [
                    "བྲུས",
                    "1"
                ]
            ]
        },
        "32": {
            "པེ་": [],
            "སྡེ་": [
                [
                    "བྲི་བར",
                    "1844"
                ],
                [
                    "བྲི་བར་བྱ",
                    "232"
                ]
            ],
            "སྣར་": []
        },
        "33": {
            "པེ་": [
                [
                    "བྲིས",
                    "81"
                ],
                [
                    "བྲིས།_།",
                    "64"
                ]
            ],
            "སྡེ་": [
                [
                    "བྲི",
                    "1403"
                ],
                [
                    "བྲི།_།",
                    "1328"
                ]
            ],
            "སྣར་": [
                [
                    "བྲིས",
                    "81"
                ],
                [
                    "བྲིས།_།",
                    "64"
                ]
            ]
        },
        "34": {
            "པེ་": [],
            "སྡེ་": [
                [
                    "གཙུག",
                    "14"
                ],
                [
                    "གཙུག་གི",
                    "239"
                ]
            ],
            "སྣར་": []
        },
        "35": {
            "པེ་": [],
            "སྡེ་": [
                [
                    "གསོད་པའི",
                    "173"
                ]
            ],
            "སྣར་": []
        },
        "36": {
            "པེ་": [
                [
                    "སྙོམ",
                    "3"
                ]
            ],
            "སྡེ་": [
                [
                    "མྱོས",
                    "109"
                ],
                [
                    "མྱོས་བྱེད",
                    "146"
                ]
            ],
            "སྣར་": []
        },
        "37": {
            "པེ་": [
                [
                    "འགྱུར་བ",
                    "1037"
                ],
                [
                    "ཏུ་འགྱུར་བ",
                    "241"
                ],
                [
                    "འགྱུར་བ་ཡིན",
                    "451"
                ]
            ],
            "སྡེ་": [
                [
                    "འགྱུར་བ",
                    "1037"
                ],
                [
                    "ཏུ་འགྱུར་བ",
                    "241"
                ],
                [
                    "འགྱུར་བ་ཡིན",
                    "451"
                ]
            ],
            "སྣར་": [
                [
                    "གྱུར་པ",
                    "3361"
                ],
                [
                    "ཏུ་གྱུར་པ",
                    "75"
                ],
                [
                    "གྱུར་པ་ཡིན",
                    "343"
                ]
            ]
        },
        "38": {
            "པེ་": [],
            "སྡེ་": [],
            "སྣར་": []
        },
        "39": {
            "པེ་": [
                [
                    "དག",
                    "5192"
                ],
                [
                    "ལག་དག",
                    "82"
                ],
                [
                    "དག་གིས",
                    "850"
                ]
            ],
            "སྡེ་": [
                [
                    "ཁྲག",
                    "60"
                ],
                [
                    "ཁྲག་གིས",
                    "422"
                ]
            ],
            "སྣར་": [
                [
                    "དག",
                    "5192"
                ],
                [
                    "ལག་དག",
                    "82"
                ],
                [
                    "དག་གིས",
                    "850"
                ]
            ]
        },
        "4": {
            "པེ་": [],
            "སྡེ་": [
                [
                    "བརྙས",
                    "13"
                ]
            ],
            "སྣར་": []
        },
        "40": {
            "པེ་": [
                [
                    "པྲ",
                    "1"
                ],
                [
                    "།_།པྲ",
                    "62"
                ]
            ],
            "སྡེ་": [
                [
                    "སྤྲ",
                    "160"
                ],
                [
                    "སྤྲ་ཚིལ",
                    "90"
                ]
            ],
            "སྣར་": [
                [
                    "པྲ",
                    "1"
                ],
                [
                    "།_།པྲ",
                    "62"
                ]
            ]
        },
        "41": {
            "པེ་": [
                [
                    "གྱུར",
                    "4361"
                ],
                [
                    "གྱུར་ཏེ",
                    "1118"
                ]
            ],
            "སྡེ་": [
                [
                    "འགྱུར",
                    "31151"
                ],
                [
                    "འགྱུར་ཏེ",
                    "1517"
                ]
            ],
            "སྣར་": [
                [
                    "གྱུར",
                    "4361"
                ],
                [
                    "གྱུར་ཏེ",
                    "1118"
                ]
            ]
        },
        "42": {
            "པེ་": [
                [
                    "ཡང",
                    "82"
                ],
                [
                    "ཡང་ནི",
                    "1248"
                ],
                [
                    "བྱིན་ཡང",
                    "151"
                ]
            ],
            "སྡེ་": [
                [
                    "ཀྱང",
                    "95"
                ],
                [
                    "ཀྱང་ནི",
                    "835"
                ]
            ],
            "སྣར་": [
                [
                    "ཡང",
                    "82"
                ],
                [
                    "ཡང་ནི",
                    "1248"
                ],
                [
                    "བྱིན་ཡང",
                    "151"
                ]
            ]
        },
        "43": {
            "པེ་": [],
            "སྡེ་": [],
            "སྣར་": []
        },
        "44": {
            "པེ་": [],
            "སྡེ་": [
                [
                    "ཟོས་པའི",
                    "173"
                ]
            ],
            "སྣར་": []
        },
        "45": {
            "པེ་": [
                [
                    "རྟན",
                    "3"
                ]
            ],
            "སྡེ་": [
                [
                    "རྟེན",
                    "218"
                ],
                [
                    "ལ་རྟེན",
                    "864"
                ],
                [
                    "རྟེན་བཅས",
                    "45"
                ]
            ],
            "སྣར་": [
                [
                    "རྟན",
                    "3"
                ]
            ]
        },
        "46": {
            "པེ་": [
                [
                    "གི་སེམས་ལ",
                    "98"
                ],
                [
                    "རང་གི་སེམས་ལ",
                    "49"
                ]
            ],
            "སྡེ་": [
                [
                    "སེམས",
                    "4229"
                ],
                [
                    "སེམས་ཅི",
                    "64"
                ],
                [
                    "རང་སེམས",
                    "222"
                ]
            ],
            "སྣར་": [
                [
                    "གི་སེམས་ལ",
                    "98"
                ],
                [
                    "རང་གི་སེམས་ལ",
                    "49"
                ]
            ]
        },
        "47": {
            "པེ་": [
                [
                    "བསྒྲུབ",
                    "271"
                ],
                [
                    "།_།བསྒྲུབ",
                    "576"
                ]
            ],
            "སྡེ་": [
                [
                    "སྒྲུབ",
                    "176"
                ],
                [
                    "།_།སྒྲུབ",
                    "1055"
                ],
                [
                    "སྒྲུབ་ཐབས",
                    "284"
                ]
            ],
            "སྣར་": [
                [
                    "བསྒྲུབ",
                    "271"
                ],
                [
                    "།_།བསྒྲུབ",
                    "576"
                ]
            ]
        },
        "48": {
            "པེ་": [
                [
                    "བསྒྲུབ",
                    "271"
                ],
                [
                    "ནི་བསྒྲུབ",
                    "241"
                ]
            ],
            "སྡེ་": [
                [
                    "སྒྲུབ",
                    "176"
                ],
                [
                    "སྒྲུབ་ལ",
                    "45"
                ],
                [
                    "ནི་སྒྲུབ",
                    "215"
                ]
            ],
            "སྣར་": [
                [
                    "བསྒྲུབ",
                    "271"
                ],
                [
                    "ནི་བསྒྲུབ",
                    "241"
                ]
            ]
        },
        "49": {
            "པེ་": [
                [
                    "དག",
                    "5192"
                ],
                [
                    "དགའ་བ་དག",
                    "70"
                ]
            ],
            "སྡེ་": [
                [
                    "དང",
                    "18517"
                ],
                [
                    "དང་།_།",
                    "32216"
                ],
                [
                    "དགའ་བ་དང",
                    "101"
                ],
                [
                    "དགའ་བ་དང་།_།",
                    "137"
                ],
                [
                    "ལ་དགའ་བ་དང་།_།",
                    "45"
                ]
            ],
            "སྣར་": [
                [
                    "དག",
                    "5192"
                ],
                [
                    "དགའ་བ་དག",
                    "70"
                ]
            ]
        },
        "5": {
            "པེ་": [
                [
                    "སྒྲལ",
                    "2"
                ]
            ],
            "སྡེ་": [
                [
                    "བསྒྲལ",
                    "117"
                ],
                [
                    "བསྒྲལ་བར",
                    "166"
                ]
            ],
            "སྣར་": [
                [
                    "སྒྲལ",
                    "2"
                ]
            ]
        },
        "50": {
            "པེ་": [
                [
                    "ལོཙྪ་བ",
                    "236"
                ],
                [
                    "།_ལོཙྪ་བ",
                    "49"
                ],
                [
                    "ལོཙྪ་བ་དགེ་སློང",
                    "44"
                ]
            ],
            "སྡེ་": [
                [
                    "ལོ་ཙཱ་བ",
                    "58"
                ]
            ],
            "སྣར་": [
                [
                    "ལོ་ཙཱ་བ",
                    "58"
                ]
            ]
        },
        "51": {
            "པེ་": [
                [
                    "",
                    "1"
                ],
                [
                    "གྲགས",
                    "882"
                ]
            ],
            "སྡེ་": [
                [
                    "",
                    "1"
                ],
                [
                    "གྲགས",
                    "882"
                ]
            ],
            "སྣར་": [
                [
                    "",
                    "1"
                ],
                [
                    "གྲགས",
                    "882"
                ]
            ]
        },
        "6": {
            "པེ་": [
                [
                    "མ",
                    "4286"
                ],
                [
                    "།_།མ",
                    "5719"
                ]
            ],
            "སྡེ་": [
                [
                    "རིའམ",
                    "18"
                ]
            ],
            "སྣར་": [
                [
                    "མ",
                    "4286"
                ],
                [
                    "།_།མ",
                    "5719"
                ]
            ]
        },
        "7": {
            "པེ་": [
                [
                    "གི",
                    "1276"
                ],
                [
                    "དག་གི",
                    "341"
                ]
            ],
            "སྡེ་": [
                [
                    "གམ",
                    "1988"
                ],
                [
                    "དག་གམ",
                    "274"
                ]
            ],
            "སྣར་": [
                [
                    "གིས",
                    "2588"
                ],
                [
                    "དག་གིས",
                    "850"
                ]
            ]
        },
        "8": {
            "པེ་": [],
            "སྡེ་": [],
            "སྣར་": []
        },
        "9": {
            "པེ་": [],
            "སྡེ་": [
                [
                    "གསུམ་མ་ལུས",
                    "76"
                ],
                [
                    "ཁམས་གསུམ་མ་ལུས",
                    "40"
                ]
            ],
            "སྣར་": []
        }
    },
    "non_standard_notes": [],
    "profile": {
        "1": [
            "པེ་=སྣར་ སྡེ་",
            "82.35%"
        ],
        "10": [
            "པེ་=སྣར་ སྡེ་",
            "82.35%"
        ],
        "11": [
            "པེ་=སྡེ་ སྣར་",
            "5.88%"
        ],
        "12": [
            "པེ་=སྣར་ སྡེ་",
            "82.35%"
        ],
        "13": [
            "པེ་=སྣར་ སྡེ་",
            "82.35%"
        ],
        "14": [
            "པེ་ སྡེ་=སྣར་",
            "5.88%"
        ],
        "15": [
            "པེ་=སྣར་ སྡེ་",
            "82.35%"
        ],
        "16": [
            "པེ་=སྣར་ སྡེ་",
            "82.35%"
        ],
        "17": [
            "པེ་=སྣར་ སྡེ་",
            "82.35%"
        ],
        "18": [
            "པེ་=སྣར་ སྡེ་",
            "82.35%"
        ],
        "19": [
            "པེ་=སྣར་ སྡེ་",
            "82.35%"
        ],
        "2": [
            "པེ་=སྣར་ སྡེ་",
            "82.35%"
        ],
        "20": [
            "པེ་=སྣར་ སྡེ་",
            "82.35%"
        ],
        "21": [
            "པེ་ སྡེ་=སྣར་",
            "5.88%"
        ],
        "22": [
            "པེ་=སྣར་ སྡེ་",
            "82.35%"
        ],
        "23": [
            "པེ་=སྣར་ སྡེ་",
            "82.35%"
        ],
        "24": [
            "པེ་=སྣར་ སྡེ་",
            "82.35%"
        ],
        "25": [
            "པེ་=སྣར་ སྡེ་",
            "82.35%"
        ],
        "26": [
            "པེ་=སྣར་ སྡེ་",
            "82.35%"
        ],
        "27": [
            "པེ་=སྣར་ སྡེ་",
            "82.35%"
        ],
        "28": [
            "པེ་=སྣར་ སྡེ་",
            "82.35%"
        ],
        "29": [
            "པེ་=སྣར་ སྡེ་",
            "82.35%"
        ],
        "3": [
            "པེ་=སྣར་ སྡེ་",
            "82.35%"
        ],
        "30": [
            "པེ་=སྡེ་ སྣར་",
            "5.88%"
        ],
        "31": [
            "པེ་=སྣར་ སྡེ་",
            "82.35%"
        ],
        "32": [
            "པེ་=སྣར་ སྡེ་",
            "82.35%"
        ],
        "33": [
            "པེ་=སྣར་ སྡེ་",
            "82.35%"
        ],
        "34": [
            "པེ་=སྣར་ སྡེ་",
            "82.35%"
        ],
        "35": [
            "པེ་=སྣར་ སྡེ་",
            "82.35%"
        ],
        "36": [
            "པེ་ སྡེ་ སྣར་",
            "3.92%"
        ],
        "37": [
            "པེ་=སྡེ་ སྣར་",
            "5.88%"
        ],
        "38": [
            "པེ་=སྣར་ སྡེ་",
            "82.35%"
        ],
        "39": [
            "པེ་=སྣར་ སྡེ་",
            "82.35%"
        ],
        "4": [
            "པེ་=སྣར་ སྡེ་",
            "82.35%"
        ],
        "40": [
            "པེ་=སྣར་ སྡེ་",
            "82.35%"
        ],
        "41": [
            "པེ་=སྣར་ སྡེ་",
            "82.35%"
        ],
        "42": [
            "པེ་=སྣར་ སྡེ་",
            "82.35%"
        ],
        "43": [
            "པེ་=སྣར་ སྡེ་",
            "82.35%"
        ],
        "44": [
            "པེ་=སྣར་ སྡེ་",
            "82.35%"
        ],
        "45": [
            "པེ་=སྣར་ སྡེ་",
            "82.35%"
        ],
        "46": [
            "པེ་=སྣར་ སྡེ་",
            "82.35%"
        ],
        "47": [
            "པེ་=སྣར་ སྡེ་",
            "82.35%"
        ],
        "48": [
            "པེ་=སྣར་ སྡེ་",
            "82.35%"
        ],
        "49": [
            "པེ་=སྣར་ སྡེ་",
            "82.35%"
        ],
        "5": [
            "པེ་=སྣར་ སྡེ་",
            "82.35%"
        ],
        "50": [
            "པེ་ སྡེ་=སྣར་",
            "5.88%"
        ],
        "51": [
            "པེ་=སྡེ་=སྣར་",
            "1.96%"
        ],
        "6": [
            "པེ་=སྣར་ སྡེ་",
            "82.35%"
        ],
        "7": [
            "པེ་ སྡེ་ སྣར་",
            "3.92%"
        ],
        "8": [
            "པེ་=སྣར་ སྡེ་",
            "82.35%"
        ],
        "9": [
            "པེ་=སྣར་ སྡེ་",
            "82.35%"
        ]
    }
}