﻿{
    "Stats": {
        "Categorised": "12 notes (46.15%)",
        "Notes’ total": 26,
        "Profiles": [
            "པེ་=སྣར་ སྡེ་: 76.92% (20 notes)",
            "པེ་=སྡེ་=སྣར་: 3.85% (1 notes)",
            "པེ་=སྡེ་ སྣར་: 15.38% (4 notes)",
            "པེ་ སྡེ་ སྣར་: 3.85% (1 notes)"
        ],
        "automatic_categorisation": {
            "min_mod": {
                "min_mod_groups": 1,
                "particle_groups": 4
            },
            "particle_issues": {},
            "spelling_mistake": {
                "non_word": {}
            },
            "sskrt": 2,
            "verb_difference": {
                "diff_tense": 4
            }
        },
        "dunno": {
            "no_diff": 14
        },
        "empty_notes": 1,
        "manual_categorisation": {
            "long_difference": {},
            "manual_evaluation": {
                "meaning_difference": {}
            }
        },
        "ngram_freq": {},
        "profile": {}
    },
    "automatic_categorisation": {
        "min_mod": {
            "min_mod_groups": [
                {
                    "11": [
                        [
                            [
                                "ན",
                                "ནི"
                            ]
                        ],
                        {
                            "པེ་": [
                                "ཕྱིར་ གཞན་ དབང་ དེ་ ཡིས་",
                                "ན",
                                "།_། ཡོད་ མེད་ མཚན་ཉིད་"
                            ],
                            "སྡེ་": [
                                "ཕྱིར་ གཞན་ དབང་ དེ་ ཡིས་",
                                "ནི",
                                "།_། ཡོད་ མེད་ མཚན་ཉིད་"
                            ],
                            "སྣར་": [
                                "ཕྱིར་ གཞན་ དབང་ དེ་ ཡིས་",
                                "ན",
                                "།_། ཡོད་ མེད་ མཚན་ཉིད་"
                            ]
                        }
                    ]
                }
            ],
            "particle_groups": [
                {
                    "9": [
                        [
                            "dreldra",
                            "jedra"
                        ],
                        {
                            "པེ་": [
                                "འཛིན་པ་ ལ །_། དེ་",
                                "ཡི་",
                                "ཀུན་ བརྟགས་ རང་བཞིན་ ནི"
                            ],
                            "སྡེ་": [
                                "འཛིན་པ་ ལ །_། དེ་",
                                "ཡིས་",
                                "ཀུན་ བརྟགས་ རང་བཞིན་ ནི"
                            ],
                            "སྣར་": [
                                "འཛིན་པ་ ལ །_། དེ་",
                                "ཡི་",
                                "ཀུན་ བརྟགས་ རང་བཞིན་ ནི"
                            ]
                        }
                    ]
                },
                {
                    "10": [
                        [
                            "jedra"
                        ],
                        {
                            "པེ་": [
                                "འདོད །_། འཁྲུལ་པ འི་",
                                "དངོས་པོ ས་",
                                "ཡོད་པ་ ལ །_། ཇི་"
                            ],
                            "སྡེ་": [
                                "འདོད །_། འཁྲུལ་པ འི་",
                                "དངོས་པོ་",
                                "ཡོད་པ་ ལ །_། ཇི་"
                            ],
                            "སྣར་": [
                                "འདོད །_། འཁྲུལ་པ འི་",
                                "དངོས་པོ ས་",
                                "ཡོད་པ་ ལ །_། ཇི་"
                            ]
                        }
                    ]
                },
                {
                    "19": [
                        [
                            "dreldra",
                            "jedra"
                        ],
                        {
                            "པེ་": [
                                " །_། གླང་ཆེན་ བདག་ཉིད་",
                                "ཀྱིས་",
                                "སྣང་ བཞིན །_། དེ་ རུ་"
                            ],
                            "སྡེ་": [
                                " །_། གླང་ཆེན་ བདག་ཉིད་",
                                "ཀྱིས་",
                                "སྣང་ བཞིན །_། དེ་ རུ་"
                            ],
                            "སྣར་": [
                                " །_། གླང་ཆེན་ བདག་ཉིད་",
                                "ཀྱི་",
                                "སྣང་ བཞིན །_། དེ་ རུ་"
                            ]
                        }
                    ]
                },
                {
                    "25": [
                        [
                            "dreldra",
                            "jedra"
                        ],
                        {
                            "པེ་": [
                                "མི་ དམིགས་པ ས །_། གཉིས་",
                                "ཀྱིས་",
                                "རྣམ་པར་ རྟོག་པ ར་ འགྱུར"
                            ],
                            "སྡེ་": [
                                "མི་ དམིགས་པ ས །_། གཉིས་",
                                "ཀྱི་",
                                "རྣམ་པར་ རྟོག་པ ར་ འགྱུར"
                            ],
                            "སྣར་": [
                                "མི་ དམིགས་པ ས །_། གཉིས་",
                                "ཀྱིས་",
                                "རྣམ་པར་ རྟོག་པ ར་ འགྱུར"
                            ]
                        }
                    ]
                }
            ]
        },
        "particle_issues": {
            "added_particle": [],
            "agreement_issue": [],
            "different_particles": [],
            "other": [],
            "po-bo-pa-ba": []
        },
        "spelling_mistake": {
            "missing_vowel": [],
            "nga_da": [],
            "non_word": {
                "ill_formed": [],
                "well_formed": []
            }
        },
        "sskrt": [
            {
                "1": [
                    {
                        "པེ་": [
                            "ག ར་ སྐད་ དུ །_ #སྭ་",
                            "#བྷ་",
                            "#ཝ་ #ཏྲ་ #ཡ་ #པྲ་"
                        ],
                        "སྡེ་": [
                            "ག ར་ སྐད་ དུ །_ #སྭ་",
                            "#བྷཱ་",
                            "#ཝ་ #ཏྲ་ #ཡ་ #པྲ་"
                        ],
                        "སྣར་": [
                            "ག ར་ སྐད་ དུ །_ #སྭ་",
                            "#བྷ་",
                            "#ཝ་ #ཏྲ་ #ཡ་ #པྲ་"
                        ]
                    }
                ]
            },
            {
                "2": [
                    {
                        "པེ་": [
                            "#ཏྲ་ #ཡ་",
                            "#པྲ་བ་ ཤ་ #སེ་ #ངྷེ",
                            "_། བོད་ སྐད་ དུ ། "
                        ],
                        "སྡེ་": [
                            "#ཏྲ་ #ཡ་",
                            "#པྲ་ #བེ་ ཤ་ #སཱ་ #དྷ་ ན",
                            "_། བོད་ སྐད་ དུ ། "
                        ],
                        "སྣར་": [
                            "#ཏྲ་ #ཡ་",
                            "#པྲ་བ་ ཤ་ ས་ #དྷེ",
                            "_། བོད་ སྐད་ དུ ། "
                        ]
                    }
                ]
            }
        ],
        "verb_difference": {
            "diff_tense": [
                {
                    "4": [
                        [
                            "《བརྟགས》ཞེས་པ།【〈རྟོག〉གི་ འདས་པ། ཐ་དད་པ།】",
                            "《བརྟག》ཞེས་པ།【〈རྟོག〉གི་ མ་འོངས་པ། ཐ་དད་པ།】"
                        ],
                        {
                            "པེ་": [
                                "པ འི་ དབང་ ཕྱིར་ དང་  །_།",
                                "བརྟགས་པ འི་",
                                "དངོས་པོ་ ཙམ་ ཕྱིར་"
                            ],
                            "སྡེ་": [
                                "པ འི་ དབང་ ཕྱིར་ དང་  །_།",
                                "བརྟག་པ འི་",
                                "དངོས་པོ་ ཙམ་ ཕྱིར་"
                            ],
                            "སྣར་": [
                                "པ འི་ དབང་ ཕྱིར་ དང་  །_།",
                                "བརྟགས་པ འི་",
                                "དངོས་པོ་ ཙམ་ ཕྱིར་"
                            ]
                        }
                    ]
                },
                {
                    "17": [
                        [
                            "《རྟོགས》ཞེས་པ།【〈རྟོག〉གི་ སྐུལ་ཚིག ཐ་དད་པ།】",
                            "《རྟོག》ཞེས་པ།【〈རྟོག〉གི་ ད་ལྟ་བ། ཐ་དད་པ།】"
                        ],
                        {
                            "པེ་": [
                                "རྟོགས་ དང་ མ་ རྟོགས་ རྣམ་",
                                "རྟོགས་",
                                "དང་  །_། མངོན་ རྟོགས་ འཛིན་"
                            ],
                            "སྡེ་": [
                                "རྟོགས་ དང་ མ་ རྟོགས་ རྣམ་",
                                "རྟོག་",
                                "དང་  །_། མངོན་ རྟོགས་ འཛིན་"
                            ],
                            "སྣར་": [
                                "རྟོགས་ དང་ མ་ རྟོགས་ རྣམ་",
                                "རྟོགས་",
                                "དང་  །_། མངོན་ རྟོགས་ འཛིན་"
                            ]
                        }
                    ]
                },
                {
                    "22": [
                        [
                            "《བརྟག》ཞེས་པ།【〈རྟོག〉གི་ མ་འོངས་པ། ཐ་དད་པ།】",
                            "《བརྟགས》ཞེས་པ།【〈རྟོག〉གི་ འདས་པ། ཐ་དད་པ།】"
                        ],
                        {
                            "པེ་": [
                                "དེ་ བཞིན་ ཡོད་ མིན་ ཀུན་",
                                "བརྟག་",
                                "སྣང་  །_། གཉིས་པོ་"
                            ],
                            "སྡེ་": [
                                "དེ་ བཞིན་ ཡོད་ མིན་ ཀུན་",
                                "བརྟགས་",
                                "སྣང་  །_། གཉིས་པོ་"
                            ],
                            "སྣར་": [
                                "དེ་ བཞིན་ ཡོད་ མིན་ ཀུན་",
                                "བརྟག་",
                                "སྣང་  །_། གཉིས་པོ་"
                            ]
                        }
                    ]
                },
                {
                    "23": [
                        [
                            "《རྟོགས》ཞེས་པ།【〈རྟོག〉གི་ སྐུལ་ཚིག ཐ་དད་པ།】",
                            "《རྟོག》ཞེས་པ།【〈རྟོག〉གི་ ད་ལྟ་བ། ཐ་དད་པ།】"
                        ],
                        {
                            "པེ་": [
                                "གཉིས་ སོ །_། དེ་ གཉིས་",
                                "རྟོག་པ འི་",
                                "དུས་ སུ་ ནི །_། "
                            ],
                            "སྡེ་": [
                                "གཉིས་ སོ །_། དེ་ གཉིས་",
                                "རྟོགས་པ འི་",
                                "དུས་ སུ་ ནི །_། "
                            ],
                            "སྣར་": [
                                "གཉིས་ སོ །_། དེ་ གཉིས་",
                                "རྟོག་པ འི་",
                                "དུས་ སུ་ ནི །_། "
                            ]
                        }
                    ]
                }
            ],
            "diff_verb": [],
            "not_sure": []
        }
    },
    "dunno": {
        "long_diff": [],
        "no_diff": [
            {
                "3": [
                    {
                        "པེ་": [
                            "ཏེ །_། རྐྱེན་ ལ་",
                            "འཇུག་པ འི་",
                            "དབང་ ཕྱིར་ དང་  །_། བརྟག་"
                        ],
                        "སྡེ་": [
                            "ཏེ །_། རྐྱེན་ ལ་",
                            "འཇུག་པ འི་",
                            "དབང་ ཕྱིར་ དང་  །_། བརྟག་"
                        ],
                        "སྣར་": [
                            "ཏེ །_། རྐྱེན་ ལ་",
                            "འཇུག་པ ར་",
                            "དབང་ ཕྱིར་ དང་  །_། བརྟག་"
                        ]
                    }
                ]
            },
            {
                "5": [
                    {
                        "པེ་": [
                            "བ་ ཇི་བཞིན་ སྣང་  །_།",
                            "རྟག་",
                            "ཏུ་ མེད་པ་ ཉིད་ གང་"
                        ],
                        "སྡེ་": [
                            "བ་ ཇི་བཞིན་ སྣང་  །_།",
                            "བརྟག་",
                            "ཏུ་ མེད་པ་ ཉིད་ གང་"
                        ],
                        "སྣར་": [
                            "བ་ ཇི་བཞིན་ སྣང་  །_།",
                            "རྟག་",
                            "ཏུ་ མེད་པ་ ཉིད་ གང་"
                        ]
                    }
                ]
            },
            {
                "6": [
                    {
                        "པེ་": [
                            " །_། ཇི་ལྟར་ དོན་ ནི་",
                            "རྟག་",
                            "བྱེད་པ །_། དེ་ བཞིན་"
                        ],
                        "སྡེ་": [
                            " །_། ཇི་ལྟར་ དོན་ ནི་",
                            "བརྟག་",
                            "བྱེད་པ །_། དེ་ བཞིན་"
                        ],
                        "སྣར་": [
                            " །_། ཇི་ལྟར་ དོན་ ནི་",
                            "རྟག་",
                            "བྱེད་པ །_། དེ་ བཞིན་"
                        ]
                    }
                ]
            },
            {
                "7": [
                    {
                        "པེ་": [
                            "གཉིས་ སུ་ འདོད །_། ཀུན་",
                            "བཞི་",
                            "རྣམ་པར་ ཤེས་ གང་ དང་"
                        ],
                        "སྡེ་": [
                            "གཉིས་ སུ་ འདོད །_། ཀུན་",
                            "གཞི་",
                            "རྣམ་པར་ ཤེས་ གང་ དང་"
                        ],
                        "སྣར་": [
                            "གཉིས་ སུ་ འདོད །_། ཀུན་",
                            "བཞི་",
                            "རྣམ་པར་ ཤེས་ གང་ དང་"
                        ]
                    }
                ]
            },
            {
                "8": [
                    {
                        "པེ་": [
                            "གང་ དང་  །_། འཇུག་པ་",
                            "ཞེས་ བྱ་",
                            "རྣམས་ བདུན་པ འོ །_། "
                        ],
                        "སྡེ་": [
                            "གང་ དང་  །_། འཇུག་པ་",
                            "ཤེས་བྱ་",
                            "རྣམས་ བདུན་པ འོ །_། "
                        ],
                        "སྣར་": [
                            "གང་ དང་  །_། འཇུག་པ་",
                            "ཞེས་ བྱ་",
                            "རྣམས་ བདུན་པ འོ །_། "
                        ]
                    }
                ]
            },
            {
                "12": [
                    {
                        "པེ་": [
                            "གཉིས་ སྣང་ གཅིག་ གིས་",
                            "བདག་ཉིད་",
                            "འདོད །_། གཉིས་ ཀྱི་ དངོས་"
                        ],
                        "སྡེ་": [
                            "གཉིས་ སྣང་ གཅིག་ གིས་",
                            "བདག་ གཉིས་",
                            "འདོད །_། གཉིས་ ཀྱི་ དངོས་"
                        ],
                        "སྣར་": [
                            "གཉིས་ སྣང་ གཅིག་ གིས་",
                            "བདག་ཉིད་",
                            "འདོད །_། གཉིས་ ཀྱི་ དངོས་"
                        ]
                    }
                ]
            },
            {
                "13": [
                    {
                        "པེ་": [
                            "ནི །_། གཉིས་ དང་ གཅིག་",
                            "གི་ བདག་ཉིད་",
                            "འདོད །_། ཀུན་ བརྟགས་ དང་"
                        ],
                        "སྡེ་": [
                            "ནི །_། གཉིས་ དང་ གཅིག་",
                            "གིས་ བདག་ གཉིས་",
                            "འདོད །_། ཀུན་ བརྟགས་ དང་"
                        ],
                        "སྣར་": [
                            "ནི །_། གཉིས་ དང་ གཅིག་",
                            "གི་ བདག་ཉིད་",
                            "འདོད །_། ཀུན་ བརྟགས་ དང་"
                        ]
                    }
                ]
            },
            {
                "14": [
                    {
                        "པེ་": [
                            "པ འི་ ཕྱིར །_། རིམ་པ འི་",
                            "རང་བཞིན་",
                            "རང་བཞིན་ གྱི །_། སློབ་"
                        ],
                        "སྡེ་": [
                            "པ འི་ ཕྱིར །_། རིམ་པ འི་",
                            "དབྱེ་བ འི་",
                            "རང་བཞིན་ གྱི །_། སློབ་"
                        ],
                        "སྣར་": [
                            "པ འི་ ཕྱིར །_། རིམ་པ འི་",
                            "རང་བཞིན་",
                            "རང་བཞིན་ གྱི །_། སློབ་"
                        ]
                    }
                ]
            },
            {
                "15": [
                    {
                        "པེ་": [
                            " །_། ཐ་ སྙད་ ཀུན་ ནས་",
                            "ཆད་",
                            "བྱེད་པ འི །_། རང་བཞིན་"
                        ],
                        "སྡེ་": [
                            " །_། ཐ་ སྙད་ ཀུན་ ནས་",
                            "ཆད་",
                            "བྱེད་པ འི །_། རང་བཞིན་"
                        ],
                        "སྣར་": [
                            " །_། ཐ་ སྙད་ ཀུན་ ནས་",
                            "ཆ་",
                            "བྱེད་པ འི །_། རང་བཞིན་"
                        ]
                    }
                ]
            },
            {
                "16": [
                    {
                        "པེ་": [
                            "རང་བཞིན་ གཞན་ མ་",
                            "འདོད་པ་",
                            "ཡིན །_། སྔོན་ དུ་ གཉིས་"
                        ],
                        "སྡེ་": [
                            "རང་བཞིན་ གཞན་ མ་",
                            "འདོད་ མ་",
                            "ཡིན །_། སྔོན་ དུ་ གཉིས་"
                        ],
                        "སྣར་": [
                            "རང་བཞིན་ གཞན་ མ་",
                            "འདོད་པ་",
                            "ཡིན །_། སྔོན་ དུ་ གཉིས་"
                        ]
                    }
                ]
            },
            {
                "18": [
                    {
                        "པེ་": [
                            "མ འི་ དབྱེ་ ཕྱིར་ རོ །_།",
                            "སྒྱུ་མ ས་",
                            "བྱས་པ འི་ སྔགས་ དབང་"
                        ],
                        "སྡེ་": [
                            "མ འི་ དབྱེ་ ཕྱིར་ རོ །_།",
                            "སྒྱུ་མ ས་",
                            "བྱས་པ འི་ སྔགས་ དབང་"
                        ],
                        "སྣར་": [
                            "མ འི་ དབྱེ་ ཕྱིར་ རོ །_།",
                            "རྒྱུ་ མ ས་",
                            "བྱས་པ འི་ སྔགས་ དབང་"
                        ]
                    }
                ]
            },
            {
                "20": [
                    {
                        "པེ་": [
                            " །_། གླང་ཆེན་ ཀུན་",
                            "བརྟགས་ རང་བཞིན་",
                            "ཏེ །_། དེ་ ཡི་"
                        ],
                        "སྡེ་": [
                            " །_། གླང་ཆེན་ ཀུན་",
                            "བརྟགས་པ ར་ བཞིན་",
                            "ཏེ །_། དེ་ ཡི་"
                        ],
                        "སྣར་": [
                            " །_། གླང་ཆེན་ ཀུན་",
                            "བརྟགས་ རང་བཞིན་",
                            "ཏེ །_། དེ་ ཡི་"
                        ]
                    }
                ]
            },
            {
                "21": [
                    {
                        "པེ་": [
                            "འདོད་པ་ ཡིན །_།",
                            "རྩ་བ་",
                            "སེམས་ ལས་ གང་དག་ གིས"
                        ],
                        "སྡེ་": [
                            "འདོད་པ་ ཡིན །_།",
                            "རྩ་བ འི་",
                            "སེམས་ ལས་ གང་དག་ གིས"
                        ],
                        "སྣར་": [
                            "འདོད་པ་ ཡིན །_།",
                            "རྩ་བ་",
                            "སེམས་ ལས་ གང་དག་ གིས"
                        ]
                    }
                ]
            },
            {
                "24": [
                    {
                        "པེ་": [
                            "སུམ་ བྱ་བ འང་ དེ །_།",
                            "གཉི་ག་",
                            "ལ་ ནི་ མི་ དམིགས་པ ས"
                        ],
                        "སྡེ་": [
                            "སུམ་ བྱ་བ འང་ དེ །_།",
                            "གཉིས་ཀ་",
                            "ལ་ ནི་ མི་ དམིགས་པ ས"
                        ],
                        "སྣར་": [
                            "སུམ་ བྱ་བ འང་ དེ །_།",
                            "གཉི་ག་",
                            "ལ་ ནི་ མི་ དམིགས་པ ས"
                        ]
                    }
                ]
            }
        ],
        "short_diff": []
    },
    "empty_notes": [
        {
            "26": [
                {
                    "པེ་": [
                        "གྲགས་པ ས་ བསྒྱུར་བ འོ །། ",
                        "",
                        "གྲགས་པ ས་ བསྒྱུར་བ འོ །། "
                    ],
                    "སྡེ་": [
                        "གྲགས་པ ས་ བསྒྱུར་བ འོ །། ",
                        "",
                        "གྲགས་པ ས་ བསྒྱུར་བ འོ །། "
                    ],
                    "སྣར་": [
                        "གྲགས་པ ས་ བསྒྱུར་བ འོ །། ",
                        "",
                        "གྲགས་པ ས་ བསྒྱུར་བ འོ །། "
                    ]
                }
            ]
        }
    ],
    "manual_categorisation": {
        "long_difference": {
            "differing_formulation": [],
            "major_modification": []
        },
        "manual_evaluation": {
            "derge_correct": [],
            "meaning_difference": {
                "great_diff": [],
                "medium_diff": [],
                "small_diff": []
            }
        }
    },
    "ngram_freq": {
        "1": {
            "པེ་": [
                [
                    "བྷ",
                    "79"
                ]
            ],
            "སྡེ་": [
                [
                    "བྷཱ",
                    "1"
                ],
                [
                    "སྭ་བྷཱ",
                    "47"
                ]
            ],
            "སྣར་": [
                [
                    "བྷ",
                    "79"
                ]
            ]
        },
        "10": {
            "པེ་": [
                [
                    "དངོས་པོས",
                    "151"
                ]
            ],
            "སྡེ་": [
                [
                    "དངོས་པོ",
                    "16196"
                ],
                [
                    "དངོས་པོ་ཡོད་པ",
                    "331"
                ]
            ],
            "སྣར་": [
                [
                    "དངོས་པོས",
                    "151"
                ]
            ]
        },
        "11": {
            "པེ་": [
                [
                    "ན",
                    "73509"
                ],
                [
                    "ན།_།",
                    "11932"
                ]
            ],
            "སྡེ་": [
                [
                    "ནི",
                    "44237"
                ],
                [
                    "ནི།_།",
                    "28227"
                ],
                [
                    "ཡིས་ནི",
                    "893"
                ],
                [
                    "ཡིས་ནི།_།",
                    "537"
                ],
                [
                    "དེ་ཡིས་ནི།_།",
                    "95"
                ]
            ],
            "སྣར་": [
                [
                    "ན",
                    "73509"
                ],
                [
                    "ན།_།",
                    "11932"
                ]
            ]
        },
        "12": {
            "པེ་": [
                [
                    "བདག་ཉིད",
                    "208"
                ],
                [
                    "གིས་བདག་ཉིད",
                    "99"
                ]
            ],
            "སྡེ་": [],
            "སྣར་": [
                [
                    "བདག་ཉིད",
                    "208"
                ],
                [
                    "གིས་བདག་ཉིད",
                    "99"
                ]
            ]
        },
        "13": {
            "པེ་": [
                [
                    "གི་བདག་ཉིད",
                    "382"
                ]
            ],
            "སྡེ་": [],
            "སྣར་": [
                [
                    "གི་བདག་ཉིད",
                    "382"
                ]
            ]
        },
        "14": {
            "པེ་": [
                [
                    "རང་བཞིན",
                    "184"
                ]
            ],
            "སྡེ་": [
                [
                    "དབྱེ་བའི",
                    "364"
                ]
            ],
            "སྣར་": [
                [
                    "རང་བཞིན",
                    "184"
                ]
            ]
        },
        "15": {
            "པེ་": [
                [
                    "ཆད",
                    "135"
                ],
                [
                    "ཆད་བྱེད་པ",
                    "80"
                ]
            ],
            "སྡེ་": [
                [
                    "ཆད",
                    "135"
                ],
                [
                    "ཆད་བྱེད་པ",
                    "80"
                ]
            ],
            "སྣར་": [
                [
                    "ཆ",
                    "101"
                ]
            ]
        },
        "16": {
            "པེ་": [
                [
                    "འདོད་པ",
                    "696"
                ],
                [
                    "འདོད་པ་ཡིན",
                    "89"
                ]
            ],
            "སྡེ་": [
                [
                    "འདོད་མ",
                    "125"
                ]
            ],
            "སྣར་": [
                [
                    "འདོད་པ",
                    "696"
                ],
                [
                    "འདོད་པ་ཡིན",
                    "89"
                ]
            ]
        },
        "17": {
            "པེ་": [
                [
                    "རྟོགས",
                    "481"
                ],
                [
                    "རྟོགས་དང",
                    "62"
                ]
            ],
            "སྡེ་": [
                [
                    "རྟོག",
                    "711"
                ],
                [
                    "རྟོག་དང",
                    "134"
                ],
                [
                    "རྣམ་རྟོག",
                    "747"
                ]
            ],
            "སྣར་": [
                [
                    "རྟོགས",
                    "481"
                ],
                [
                    "རྟོགས་དང",
                    "62"
                ]
            ]
        },
        "18": {
            "པེ་": [
                [
                    "སྒྱུ་མས",
                    "211"
                ]
            ],
            "སྡེ་": [
                [
                    "སྒྱུ་མས",
                    "211"
                ]
            ],
            "སྣར་": []
        },
        "19": {
            "པེ་": [
                [
                    "ཀྱིས",
                    "6156"
                ],
                [
                    "ཀྱིས་སྣང",
                    "159"
                ],
                [
                    "བདག་ཉིད་ཀྱིས",
                    "85"
                ]
            ],
            "སྡེ་": [
                [
                    "ཀྱིས",
                    "6156"
                ],
                [
                    "ཀྱིས་སྣང",
                    "159"
                ],
                [
                    "བདག་ཉིད་ཀྱིས",
                    "85"
                ]
            ],
            "སྣར་": [
                [
                    "ཀྱི",
                    "5256"
                ],
                [
                    "ཀྱི་སྣང",
                    "621"
                ],
                [
                    "བདག་ཉིད་ཀྱི",
                    "54"
                ]
            ]
        },
        "2": {
            "པེ་": [],
            "སྡེ་": [],
            "སྣར་": []
        },
        "20": {
            "པེ་": [],
            "སྡེ་": [],
            "སྣར་": []
        },
        "21": {
            "པེ་": [
                [
                    "རྩ་བ",
                    "9990"
                ],
                [
                    "།_།རྩ་བ",
                    "252"
                ]
            ],
            "སྡེ་": [
                [
                    "རྩ་བའི",
                    "1589"
                ],
                [
                    "།_།རྩ་བའི",
                    "248"
                ]
            ],
            "སྣར་": [
                [
                    "རྩ་བ",
                    "9990"
                ],
                [
                    "།_།རྩ་བ",
                    "252"
                ]
            ]
        },
        "22": {
            "པེ་": [
                [
                    "བརྟག",
                    "432"
                ]
            ],
            "སྡེ་": [
                [
                    "བརྟགས",
                    "205"
                ],
                [
                    "ཀུན་བརྟགས",
                    "212"
                ]
            ],
            "སྣར་": [
                [
                    "བརྟག",
                    "432"
                ]
            ]
        },
        "23": {
            "པེ་": [
                [
                    "རྟོག་པའི",
                    "1556"
                ]
            ],
            "སྡེ་": [
                [
                    "རྟོགས་པའི",
                    "733"
                ]
            ],
            "སྣར་": [
                [
                    "རྟོག་པའི",
                    "1556"
                ]
            ]
        },
        "24": {
            "པེ་": [
                [
                    "གཉི་ག",
                    "807"
                ],
                [
                    "གཉི་ག་ལ",
                    "92"
                ],
                [
                    "།_།གཉི་ག",
                    "86"
                ]
            ],
            "སྡེ་": [
                [
                    "གཉིས་ཀ",
                    "897"
                ],
                [
                    "གཉིས་ཀ་ལ",
                    "68"
                ],
                [
                    "།_།གཉིས་ཀ",
                    "66"
                ]
            ],
            "སྣར་": [
                [
                    "གཉི་ག",
                    "807"
                ],
                [
                    "གཉི་ག་ལ",
                    "92"
                ],
                [
                    "།_།གཉི་ག",
                    "86"
                ]
            ]
        },
        "25": {
            "པེ་": [
                [
                    "ཀྱིས",
                    "6156"
                ],
                [
                    "གཉིས་ཀྱིས",
                    "71"
                ],
                [
                    "ཀྱིས་རྣམ་པར",
                    "1093"
                ]
            ],
            "སྡེ་": [
                [
                    "ཀྱི",
                    "5256"
                ],
                [
                    "གཉིས་ཀྱི",
                    "2357"
                ],
                [
                    "ཀྱི་རྣམ་པར",
                    "5522"
                ]
            ],
            "སྣར་": [
                [
                    "ཀྱིས",
                    "6156"
                ],
                [
                    "གཉིས་ཀྱིས",
                    "71"
                ],
                [
                    "ཀྱིས་རྣམ་པར",
                    "1093"
                ]
            ]
        },
        "26": {
            "པེ་": [
                [
                    "",
                    "1"
                ],
                [
                    "གྲགས་པ",
                    "201"
                ],
                [
                    "གྲགས་པས",
                    "202"
                ]
            ],
            "སྡེ་": [
                [
                    "",
                    "1"
                ],
                [
                    "གྲགས་པ",
                    "201"
                ],
                [
                    "གྲགས་པས",
                    "202"
                ]
            ],
            "སྣར་": [
                [
                    "",
                    "1"
                ],
                [
                    "གྲགས་པ",
                    "201"
                ],
                [
                    "གྲགས་པས",
                    "202"
                ]
            ]
        },
        "3": {
            "པེ་": [
                [
                    "འཇུག་པའི",
                    "1744"
                ],
                [
                    "ལ་འཇུག་པའི",
                    "530"
                ]
            ],
            "སྡེ་": [
                [
                    "འཇུག་པའི",
                    "1744"
                ],
                [
                    "ལ་འཇུག་པའི",
                    "530"
                ]
            ],
            "སྣར་": [
                [
                    "འཇུག་པར",
                    "3380"
                ],
                [
                    "ལ་འཇུག་པར",
                    "687"
                ]
            ]
        },
        "4": {
            "པེ་": [
                [
                    "བརྟགས་པའི",
                    "641"
                ]
            ],
            "སྡེ་": [
                [
                    "བརྟག་པའི",
                    "168"
                ]
            ],
            "སྣར་": [
                [
                    "བརྟགས་པའི",
                    "641"
                ]
            ]
        },
        "5": {
            "པེ་": [
                [
                    "རྟག",
                    "67"
                ],
                [
                    "རྟག་ཏུ",
                    "10616"
                ],
                [
                    "།_།རྟག",
                    "3352"
                ],
                [
                    "།_།རྟག་ཏུ",
                    "2686"
                ]
            ],
            "སྡེ་": [
                [
                    "བརྟག",
                    "432"
                ],
                [
                    "བརྟག་ཏུ",
                    "66"
                ],
                [
                    "།_།བརྟག",
                    "82"
                ]
            ],
            "སྣར་": [
                [
                    "རྟག",
                    "67"
                ],
                [
                    "རྟག་ཏུ",
                    "10616"
                ],
                [
                    "།_།རྟག",
                    "3352"
                ],
                [
                    "།_།རྟག་ཏུ",
                    "2686"
                ]
            ]
        },
        "6": {
            "པེ་": [
                [
                    "རྟག",
                    "67"
                ],
                [
                    "ནི་རྟག",
                    "1482"
                ]
            ],
            "སྡེ་": [
                [
                    "བརྟག",
                    "432"
                ],
                [
                    "ནི་བརྟག",
                    "82"
                ]
            ],
            "སྣར་": [
                [
                    "རྟག",
                    "67"
                ],
                [
                    "ནི་རྟག",
                    "1482"
                ]
            ]
        },
        "7": {
            "པེ་": [
                [
                    "བཞི",
                    "541"
                ],
                [
                    "བཞི་རྣམ་པར",
                    "124"
                ]
            ],
            "སྡེ་": [
                [
                    "གཞི",
                    "306"
                ],
                [
                    "ཀུན་གཞི",
                    "381"
                ],
                [
                    "གཞི་རྣམ་པར",
                    "91"
                ],
                [
                    "ཀུན་གཞི་རྣམ་པར",
                    "77"
                ],
                [
                    "ཀུན་གཞི་རྣམ་པར་ཤེས",
                    "68"
                ]
            ],
            "སྣར་": [
                [
                    "བཞི",
                    "541"
                ],
                [
                    "བཞི་རྣམ་པར",
                    "124"
                ]
            ]
        },
        "8": {
            "པེ་": [
                [
                    "ཞེས་བྱ",
                    "58539"
                ],
                [
                    "འཇུག་པ་ཞེས་བྱ",
                    "253"
                ]
            ],
            "སྡེ་": [
                [
                    "ཤེས་བྱ",
                    "1166"
                ]
            ],
            "སྣར་": [
                [
                    "ཞེས་བྱ",
                    "58539"
                ],
                [
                    "འཇུག་པ་ཞེས་བྱ",
                    "253"
                ]
            ]
        },
        "9": {
            "པེ་": [
                [
                    "ཡི",
                    "8322"
                ],
                [
                    "དེ་ཡི",
                    "6810"
                ]
            ],
            "སྡེ་": [
                [
                    "ཡིས",
                    "7433"
                ],
                [
                    "དེ་ཡིས",
                    "1499"
                ],
                [
                    "ཡིས་ཀུན",
                    "68"
                ]
            ],
            "སྣར་": [
                [
                    "ཡི",
                    "8322"
                ],
                [
                    "དེ་ཡི",
                    "6810"
                ]
            ]
        }
    },
    "non_standard_notes": [],
    "profile": {
        "1": [
            "པེ་=སྣར་ སྡེ་",
            "76.92%"
        ],
        "10": [
            "པེ་=སྣར་ སྡེ་",
            "76.92%"
        ],
        "11": [
            "པེ་=སྣར་ སྡེ་",
            "76.92%"
        ],
        "12": [
            "པེ་=སྣར་ སྡེ་",
            "76.92%"
        ],
        "13": [
            "པེ་=སྣར་ སྡེ་",
            "76.92%"
        ],
        "14": [
            "པེ་=སྣར་ སྡེ་",
            "76.92%"
        ],
        "15": [
            "པེ་=སྡེ་ སྣར་",
            "15.38%"
        ],
        "16": [
            "པེ་=སྣར་ སྡེ་",
            "76.92%"
        ],
        "17": [
            "པེ་=སྣར་ སྡེ་",
            "76.92%"
        ],
        "18": [
            "པེ་=སྡེ་ སྣར་",
            "15.38%"
        ],
        "19": [
            "པེ་=སྡེ་ སྣར་",
            "15.38%"
        ],
        "2": [
            "པེ་ སྡེ་ སྣར་",
            "3.85%"
        ],
        "20": [
            "པེ་=སྣར་ སྡེ་",
            "76.92%"
        ],
        "21": [
            "པེ་=སྣར་ སྡེ་",
            "76.92%"
        ],
        "22": [
            "པེ་=སྣར་ སྡེ་",
            "76.92%"
        ],
        "23": [
            "པེ་=སྣར་ སྡེ་",
            "76.92%"
        ],
        "24": [
            "པེ་=སྣར་ སྡེ་",
            "76.92%"
        ],
        "25": [
            "པེ་=སྣར་ སྡེ་",
            "76.92%"
        ],
        "26": [
            "པེ་=སྡེ་=སྣར་",
            "3.85%"
        ],
        "3": [
            "པེ་=སྡེ་ སྣར་",
            "15.38%"
        ],
        "4": [
            "པེ་=སྣར་ སྡེ་",
            "76.92%"
        ],
        "5": [
            "པེ་=སྣར་ སྡེ་",
            "76.92%"
        ],
        "6": [
            "པེ་=སྣར་ སྡེ་",
            "76.92%"
        ],
        "7": [
            "པེ་=སྣར་ སྡེ་",
            "76.92%"
        ],
        "8": [
            "པེ་=སྣར་ སྡེ་",
            "76.92%"
        ],
        "9": [
            "པེ་=སྣར་ སྡེ་",
            "76.92%"
        ]
    }
}