﻿{
    "Stats": {
        "Categorised": "12 notes (100.00%)",
        "Notes’ total": 12,
        "Profiles": [
            "པེ་=སྣར་ སྡེ་: 83.33% (10 notes)",
            "པེ་=སྡེ་=སྣར་: 8.33% (1 notes)",
            "པེ་=སྡེ་ སྣར་: 8.33% (1 notes)"
        ],
        "automatic_categorisation": {
            "min_mod": {
                "particle_groups": 2
            },
            "particle_issues": {},
            "spelling_mistake": {
                "non_word": {
                    "well_formed": 2
                }
            },
            "sskrt": 7,
            "verb_difference": {}
        },
        "dunno": {},
        "empty_notes": 1,
        "manual_categorisation": {
            "long_difference": {},
            "manual_evaluation": {
                "meaning_difference": {}
            }
        },
        "ngram_freq": {},
        "profile": {}
    },
    "automatic_categorisation": {
        "min_mod": {
            "min_mod_groups": [],
            "particle_groups": [
                {
                    "8": [
                        [
                            "dreldra",
                            "jedra"
                        ],
                        {
                            "པེ་": [
                                "མོ །_། མི་ བསྐྱོད་པ་",
                                "ཡི་",
                                "དབུ་ ལ་ བརྒྱན །_། ལང་"
                            ],
                            "སྡེ་": [
                                "མོ །_། མི་ བསྐྱོད་པ་",
                                "ཡིས་",
                                "དབུ་ ལ་ བརྒྱན །_། ལང་"
                            ],
                            "སྣར་": [
                                "མོ །_། མི་ བསྐྱོད་པ་",
                                "ཡི་",
                                "དབུ་ ལ་ བརྒྱན །_། ལང་"
                            ]
                        }
                    ]
                },
                {
                    "10": [
                        [
                            "dreldra",
                            "jedra"
                        ],
                        {
                            "པེ་": [
                                "འགྱུར །_། #འབུམ་ ཕྲག་ གཅིག་",
                                "གིས་",
                                "བཟླས་པ་ ཡིས །_། འཇམ་"
                            ],
                            "སྡེ་": [
                                "འགྱུར །_། #འབུམ་ ཕྲག་ གཅིག་",
                                "གི་",
                                "བཟླས་པ་ ཡིས །_། འཇམ་"
                            ],
                            "སྣར་": [
                                "འགྱུར །_། #འབུམ་ ཕྲག་ གཅིག་",
                                "གིས་",
                                "བཟླས་པ་ ཡིས །_། འཇམ་"
                            ]
                        }
                    ]
                }
            ]
        },
        "particle_issues": {
            "added_particle": [],
            "agreement_issue": [],
            "different_particles": [],
            "other": [],
            "po-bo-pa-ba": []
        },
        "spelling_mistake": {
            "missing_vowel": [],
            "nga_da": [],
            "non_word": {
                "ill_formed": [],
                "well_formed": [
                    {
                        "7": [
                            {
                                "པེ་": [
                                    "དང་ ལྡན་ མ །_། #སྟག་",
                                    "#ལྤགས་",
                                    "#ཤམ་ ཐབས་ ཀུན་ ནས་ མནབས"
                                ],
                                "སྡེ་": [
                                    "དང་ ལྡན་ མ །_། #སྟག་",
                                    "#ལྤགས་",
                                    "#ཤམ་ ཐབས་ ཀུན་ ནས་ མནབས"
                                ],
                                "སྣར་": [
                                    "དང་ ལྡན་ མ །_། #སྟག་",
                                    "པགས་",
                                    "#ཤམ་ ཐབས་ ཀུན་ ནས་ མནབས"
                                ]
                            }
                        ]
                    },
                    {
                        "11": [
                            {
                                "པེ་": [
                                    "སྒྲུབ་ ཐབས་ རྫོགས་ སོ །།_།།",
                                    "སློབ་དཔོན་ འཕགས་པ་ ཀླུ་ སྒྲུབ་ ཞབས་ ཀྱིས་ བོད་ ནས་ #གདན་ དྲངས་པ འོ །།__།།",
                                    ""
                                ],
                                "སྡེ་": [
                                    "སྒྲུབ་ ཐབས་ རྫོགས་ སོ །།_།།",
                                    "",
                                    ""
                                ],
                                "སྣར་": [
                                    "སྒྲུབ་ ཐབས་ རྫོགས་ སོ །།_།།",
                                    "སློབ་དཔོན་ འཕགས་པ་ ཀླུ་ སྒྲུབ་ ཞབས་ ཀྱིས་ བོད་ ནས་ #གདན་ དྲངས་པ འོ །།__།།",
                                    ""
                                ]
                            }
                        ]
                    }
                ]
            }
        },
        "sskrt": [
            {
                "1": [
                    {
                        "པེ་": [
                            "དུ །_ #ཨེ་ ཀ་ #ཛཱ་",
                            "#ཊི་",
                            "#སཱ་ #དྷ་ #ནཾ །_ བོད་"
                        ],
                        "སྡེ་": [
                            "དུ །_ #ཨེ་ ཀ་ #ཛཱ་",
                            "#ཊཱི་",
                            "#སཱ་ #དྷ་ #ནཾ །_ བོད་"
                        ],
                        "སྣར་": [
                            "དུ །_ #ཨེ་ ཀ་ #ཛཱ་",
                            "#ཊི་",
                            "#སཱ་ #དྷ་ #ནཾ །_ བོད་"
                        ]
                    }
                ]
            },
            {
                "2": [
                    {
                        "པེ་": [
                            "འཕགས་ མ་ #ཨེ་ ཀ་ #ཛཱ་",
                            "#ཊི་",
                            "ལ་ ཕྱག་ འཚལ་ ལོ །_། "
                        ],
                        "སྡེ་": [
                            "འཕགས་ མ་ #ཨེ་ ཀ་ #ཛཱ་",
                            "#ཊཱི་",
                            "ལ་ ཕྱག་ འཚལ་ ལོ །_། "
                        ],
                        "སྣར་": [
                            "འཕགས་ མ་ #ཨེ་ ཀ་ #ཛཱ་",
                            "#ཊི་",
                            "ལ་ ཕྱག་ འཚལ་ ལོ །_། "
                        ]
                    }
                ]
            },
            {
                "3": [
                    {
                        "པེ་": [
                            "ཨོཾ་ #བཛྲ་ ཡོ་ གི་",
                            "ནི་",
                            "#པྲ་ #ཏཱིཙྪ་ #མཾ་བ་"
                        ],
                        "སྡེ་": [
                            "ཨོཾ་ #བཛྲ་ ཡོ་ གི་",
                            "#ནཱི་",
                            "#པྲ་ #ཏཱིཙྪ་ #མཾ་བ་"
                        ],
                        "སྣར་": [
                            "ཨོཾ་ #བཛྲ་ ཡོ་ གི་",
                            "ནི་",
                            "#པྲ་ #ཏཱིཙྪ་ #མཾ་བ་"
                        ]
                    }
                ]
            },
            {
                "4": [
                    {
                        "པེ་": [
                            "#ཧ་ #ཧེ་ #ཧེ་ #ཧཾ་",
                            "#ཧ་ #ཕཊ་",
                            "མ་ མ་ #ཤཱནྟིཾ་"
                        ],
                        "སྡེ་": [
                            "#ཧ་ #ཧེ་ #ཧེ་ #ཧཾ་",
                            "#ཧཿཕཊ་",
                            "མ་ མ་ #ཤཱནྟིཾ་"
                        ],
                        "སྣར་": [
                            "#ཧ་ #ཧེ་ #ཧེ་ #ཧཾ་",
                            "#ཧ་ #ཕཊ་",
                            "མ་ མ་ #ཤཱནྟིཾ་"
                        ]
                    }
                ]
            },
            {
                "5": [
                    {
                        "པེ་": [
                            "#ཧཿཕཊ་ མ་ མ་",
                            "#ཤནྟཾི་",
                            "#ཀུ་ རུ་ #སྭཱ་ #ཧཱ ། "
                        ],
                        "སྡེ་": [
                            "#ཧཿཕཊ་ མ་ མ་",
                            "#ཤཱནྟིཾ་",
                            "#ཀུ་ རུ་ #སྭཱ་ #ཧཱ ། "
                        ],
                        "སྣར་": [
                            "#ཧཿཕཊ་ མ་ མ་",
                            "#ཤནྟཾི་",
                            "#ཀུ་ རུ་ #སྭཱ་ #ཧཱ ། "
                        ]
                    }
                ]
            },
            {
                "6": [
                    {
                        "པེ་": [
                            "རུ་ #སྭཱ་ #ཧཱ །_ ཨོཾ་",
                            "ཨ་ ར་ #ལི་",
                            "#ཧཾ་ ཞེས་པ་ ལ་སོགས་"
                        ],
                        "སྡེ་": [
                            "རུ་ #སྭཱ་ #ཧཱ །_ ཨོཾ་",
                            "#ཨཱཿརལླི་",
                            "#ཧཾ་ ཞེས་པ་ ལ་སོགས་"
                        ],
                        "སྣར་": [
                            "རུ་ #སྭཱ་ #ཧཱ །_ ཨོཾ་",
                            "ཨ་ ར་ #ལི་",
                            "#ཧཾ་ ཞེས་པ་ ལ་སོགས་"
                        ]
                    }
                ]
            },
            {
                "9": [
                    {
                        "པེ་": [
                            "འཕྲོ་བ་ ཅན །_།",
                            "#ཊཾ་",
                            "#ཡིག་ ས་བོན་ ལས་ བྱུང་"
                        ],
                        "སྡེ་": [
                            "འཕྲོ་བ་ ཅན །_།",
                            "#ཊཱཾ་",
                            "#ཡིག་ ས་བོན་ ལས་ བྱུང་"
                        ],
                        "སྣར་": [
                            "འཕྲོ་བ་ ཅན །_།",
                            "#ཊཾ་",
                            "#ཡིག་ ས་བོན་ ལས་ བྱུང་"
                        ]
                    }
                ]
            }
        ],
        "verb_difference": {
            "diff_tense": [],
            "diff_verb": [],
            "not_sure": []
        }
    },
    "dunno": {
        "long_diff": [],
        "no_diff": [],
        "short_diff": []
    },
    "empty_notes": [
        {
            "12": [
                {
                    "པེ་": [
                        "ཐབས་ རྫོགས་ སོ །།_།། ",
                        "",
                        "ཐབས་ རྫོགས་ སོ །།_།། "
                    ],
                    "སྡེ་": [
                        "ཐབས་ རྫོགས་ སོ །།_།། ",
                        "",
                        "ཐབས་ རྫོགས་ སོ །།_།། "
                    ],
                    "སྣར་": [
                        "ཐབས་ རྫོགས་ སོ །།_།། ",
                        "",
                        "ཐབས་ རྫོགས་ སོ །།_།། "
                    ]
                }
            ]
        }
    ],
    "manual_categorisation": {
        "long_difference": {
            "differing_formulation": [],
            "major_modification": []
        },
        "manual_evaluation": {
            "derge_correct": [],
            "meaning_difference": {
                "great_diff": [],
                "medium_diff": [],
                "small_diff": []
            }
        }
    },
    "ngram_freq": {
        "1": {
            "པེ་": [
                [
                    "ཊི",
                    "165"
                ]
            ],
            "སྡེ་": [
                [
                    "ཊཱི",
                    "4"
                ]
            ],
            "སྣར་": [
                [
                    "ཊི",
                    "165"
                ]
            ]
        },
        "10": {
            "པེ་": [
                [
                    "གིས",
                    "2588"
                ],
                [
                    "གཅིག་གིས",
                    "53"
                ]
            ],
            "སྡེ་": [
                [
                    "གི",
                    "1276"
                ],
                [
                    "གཅིག་གི",
                    "1644"
                ]
            ],
            "སྣར་": [
                [
                    "གིས",
                    "2588"
                ],
                [
                    "གཅིག་གིས",
                    "53"
                ]
            ]
        },
        "11": {
            "པེ་": [],
            "སྡེ་": [
                [
                    "",
                    "1"
                ],
                [
                    "།།_།།",
                    "7586"
                ],
                [
                    "སོ།།_།།",
                    "1472"
                ],
                [
                    "རྫོགས་སོ།།_།།",
                    "1081"
                ]
            ],
            "སྣར་": []
        },
        "12": {
            "པེ་": [
                [
                    "",
                    "1"
                ],
                [
                    "ཐབས",
                    "135"
                ]
            ],
            "སྡེ་": [
                [
                    "",
                    "1"
                ],
                [
                    "ཐབས",
                    "135"
                ]
            ],
            "སྣར་": [
                [
                    "",
                    "1"
                ],
                [
                    "ཐབས",
                    "135"
                ]
            ]
        },
        "2": {
            "པེ་": [
                [
                    "ཊི",
                    "165"
                ]
            ],
            "སྡེ་": [
                [
                    "ཊཱི",
                    "4"
                ]
            ],
            "སྣར་": [
                [
                    "ཊི",
                    "165"
                ]
            ]
        },
        "3": {
            "པེ་": [
                [
                    "ནི",
                    "44237"
                ],
                [
                    "གི་ནི",
                    "657"
                ]
            ],
            "སྡེ་": [
                [
                    "ནཱི",
                    "97"
                ]
            ],
            "སྣར་": [
                [
                    "ནི",
                    "44237"
                ],
                [
                    "གི་ནི",
                    "657"
                ]
            ]
        },
        "4": {
            "པེ་": [],
            "སྡེ་": [
                [
                    "ཧཿཕཊ",
                    "2"
                ]
            ],
            "སྣར་": []
        },
        "5": {
            "པེ་": [],
            "སྡེ་": [
                [
                    "ཤཱནྟིཾ",
                    "6"
                ]
            ],
            "སྣར་": []
        },
        "6": {
            "པེ་": [],
            "སྡེ་": [],
            "སྣར་": []
        },
        "7": {
            "པེ་": [
                [
                    "ལྤགས",
                    "1"
                ],
                [
                    "སྟག་ལྤགས",
                    "40"
                ]
            ],
            "སྡེ་": [
                [
                    "ལྤགས",
                    "1"
                ],
                [
                    "སྟག་ལྤགས",
                    "40"
                ]
            ],
            "སྣར་": [
                [
                    "པགས",
                    "3"
                ]
            ]
        },
        "8": {
            "པེ་": [
                [
                    "ཡི",
                    "8322"
                ]
            ],
            "སྡེ་": [
                [
                    "ཡིས",
                    "7433"
                ]
            ],
            "སྣར་": [
                [
                    "ཡི",
                    "8322"
                ]
            ]
        },
        "9": {
            "པེ་": [
                [
                    "ཊཾ",
                    "5"
                ]
            ],
            "སྡེ་": [
                [
                    "ཊཱཾ",
                    "1"
                ]
            ],
            "སྣར་": [
                [
                    "ཊཾ",
                    "5"
                ]
            ]
        }
    },
    "non_standard_notes": [],
    "profile": {
        "1": [
            "པེ་=སྣར་ སྡེ་",
            "83.33%"
        ],
        "10": [
            "པེ་=སྣར་ སྡེ་",
            "83.33%"
        ],
        "11": [
            "པེ་=སྣར་ སྡེ་",
            "83.33%"
        ],
        "12": [
            "པེ་=སྡེ་=སྣར་",
            "8.33%"
        ],
        "2": [
            "པེ་=སྣར་ སྡེ་",
            "83.33%"
        ],
        "3": [
            "པེ་=སྣར་ སྡེ་",
            "83.33%"
        ],
        "4": [
            "པེ་=སྣར་ སྡེ་",
            "83.33%"
        ],
        "5": [
            "པེ་=སྣར་ སྡེ་",
            "83.33%"
        ],
        "6": [
            "པེ་=སྣར་ སྡེ་",
            "83.33%"
        ],
        "7": [
            "པེ་=སྡེ་ སྣར་",
            "8.33%"
        ],
        "8": [
            "པེ་=སྣར་ སྡེ་",
            "83.33%"
        ],
        "9": [
            "པེ་=སྣར་ སྡེ་",
            "83.33%"
        ]
    }
}