﻿{
    "Stats": {
        "Categorised": "10 notes (76.92%)",
        "Notes’ total": 13,
        "Profiles": [
            "པེ་=སྣར་ སྡེ་: 84.62% (11 notes)",
            "པེ་=སྡེ་=སྣར་: 7.69% (1 notes)",
            "པེ་=སྡེ་ སྣར་: 7.69% (1 notes)"
        ],
        "automatic_categorisation": {
            "min_mod": {
                "particle_groups": 3
            },
            "particle_issues": {
                "agreement_issue": 1
            },
            "spelling_mistake": {
                "non_word": {}
            },
            "sskrt": 2,
            "verb_difference": {
                "diff_tense": 2,
                "diff_verb": 1
            }
        },
        "dunno": {
            "no_diff": 2,
            "short_diff": 1
        },
        "empty_notes": 1,
        "manual_categorisation": {
            "long_difference": {},
            "manual_evaluation": {
                "meaning_difference": {}
            }
        },
        "ngram_freq": {},
        "profile": {}
    },
    "automatic_categorisation": {
        "min_mod": {
            "min_mod_groups": [],
            "particle_groups": [
                {
                    "3": [
                        [
                            "dreldra",
                            "jedra"
                        ],
                        {
                            "པེ་": [
                                "ཇི་ལྟར་ རི་ མོ་ མཁན་",
                                "གྱི་",
                                "གཟུགས །_། གནོད་ སྦྱིན་ འཇིགས་"
                            ],
                            "སྡེ་": [
                                "ཇི་ལྟར་ རི་ མོ་ མཁན་",
                                "གྱིས་",
                                "གཟུགས །_། གནོད་ སྦྱིན་ འཇིགས་"
                            ],
                            "སྣར་": [
                                "ཇི་ལྟར་ རི་ མོ་ མཁན་",
                                "གྱི་",
                                "གཟུགས །_། གནོད་ སྦྱིན་ འཇིགས་"
                            ]
                        }
                    ]
                },
                {
                    "9": [
                        [
                            "jedra"
                        ],
                        {
                            "པེ་": [
                                "རྨོངས་པ འི་ མུན་པ ས་",
                                "བསྒྲིབས་པ ས་",
                                "ན །_། བྱིས་པ་ འཁོར་"
                            ],
                            "སྡེ་": [
                                "རྨོངས་པ འི་ མུན་པ ས་",
                                "བསྒྲིབས་པ་",
                                "ན །_། བྱིས་པ་ འཁོར་"
                            ],
                            "སྣར་": [
                                "རྨོངས་པ འི་ མུན་པ ས་",
                                "བསྒྲིབས་པ ས་",
                                "ན །_། བྱིས་པ་ འཁོར་"
                            ]
                        }
                    ]
                },
                {
                    "10": [
                        [
                            "ladon"
                        ],
                        {
                            "པེ་": [
                                "ཆེན་ གྲུ་ ལ་ མི་",
                                "ཞོན་པ",
                                "།_། གང་ གིས་ ཕ་རོལ་"
                            ],
                            "སྡེ་": [
                                "ཆེན་ གྲུ་ ལ་ མི་",
                                "ཞོན་པ",
                                "།_། གང་ གིས་ ཕ་རོལ་"
                            ],
                            "སྣར་": [
                                "ཆེན་ གྲུ་ ལ་ མི་",
                                "ཞོན་པ ར",
                                "།_། གང་ གིས་ ཕ་རོལ་"
                            ]
                        }
                    ]
                }
            ]
        },
        "particle_issues": {
            "added_particle": [],
            "agreement_issue": [
                {
                    "8": [
                        "lhakce",
                        {
                            "པེ་": [
                                "དག་ ཐམས་ཅད་ སེམས་ ཙམ་",
                                "ཏེ",
                                "།_། སྒྱུ་མ་ ལྟ་བུ ར་"
                            ],
                            "སྡེ་": [
                                "དག་ ཐམས་ཅད་ སེམས་ ཙམ་",
                                "སྟེ",
                                "།_། སྒྱུ་མ་ ལྟ་བུ ར་"
                            ],
                            "སྣར་": [
                                "དག་ ཐམས་ཅད་ སེམས་ ཙམ་",
                                "ཏེ",
                                "།_། སྒྱུ་མ་ ལྟ་བུ ར་"
                            ]
                        }
                    ]
                }
            ],
            "different_particles": [],
            "other": [],
            "po-bo-pa-ba": []
        },
        "spelling_mistake": {
            "missing_vowel": [],
            "nga_da": [],
            "non_word": {
                "ill_formed": [],
                "well_formed": []
            }
        },
        "sskrt": [
            {
                "1": [
                    {
                        "པེ་": [
                            "དུ །_ མ་ #ཧཱ་",
                            "#ཡ་ ན་ #བིདྴ་ #ཀཱི",
                            "།_ བོད་ སྐད་ དུ ། "
                        ],
                        "སྡེ་": [
                            "དུ །_ མ་ #ཧཱ་",
                            "#ཡཱ་ ན་ #བིཾ་ ཤི་ #ཀཱ",
                            "།_ བོད་ སྐད་ དུ ། "
                        ],
                        "སྣར་": [
                            "དུ །_ མ་ #ཧཱ་",
                            "#ཡ་ ན་ #བིདྴ་ #ཀཱི",
                            "།_ བོད་ སྐད་ དུ ། "
                        ]
                    }
                ]
            },
            {
                "11": [
                    {
                        "པེ་": [
                            " །།_།། རྒྱ་གར་ གྱི་",
                            "མཁན་ #ཙན་ #ཏྲ་ #ཀུ་ མ་",
                            "ར་ དང་  །_ དགེ་སློང་"
                        ],
                        "སྡེ་": [
                            " །།_།། རྒྱ་གར་ གྱི་",
                            "མཁན་པོ་ #ཙནྡྲ་ #ཀུ་ #མཱ་",
                            "ར་ དང་  །_ དགེ་སློང་"
                        ],
                        "སྣར་": [
                            " །།_།། རྒྱ་གར་ གྱི་",
                            "མཁན་ #ཙན་ #ཏྲ་ #ཀུ་ མ་",
                            "ར་ དང་  །_ དགེ་སློང་"
                        ]
                    }
                ]
            }
        ],
        "verb_difference": {
            "diff_tense": [
                {
                    "4": [
                        [
                            "《རྟོགས》ཞེས་པ།【〈རྟོག〉གི་ སྐུལ་ཚིག ཐ་དད་པ།】",
                            "《རྟོག》ཞེས་པ།【〈རྟོག〉གི་ ད་ལྟ་བ། ཐ་དད་པ།】"
                        ],
                        {
                            "པེ་": [
                                "བ་ ལྟར །_། དེ་ བཞིན་",
                                "རྟོགས་པ འི་",
                                "འདམ་ བྱིང་བ ས །_། "
                            ],
                            "སྡེ་": [
                                "བ་ ལྟར །_། དེ་ བཞིན་",
                                "རྟོག་པ འི་",
                                "འདམ་ བྱིང་བ ས །_། "
                            ],
                            "སྣར་": [
                                "བ་ ལྟར །_། དེ་ བཞིན་",
                                "རྟོགས་པ འི་",
                                "འདམ་ བྱིང་བ ས །_། "
                            ]
                        }
                    ]
                },
                {
                    "6": [
                        [
                            "《རྟོགས》ཞེས་པ།【〈རྟོག〉གི་ སྐུལ་ཚིག ཐ་དད་པ།】",
                            "《རྟོག》ཞེས་པ།【〈རྟོག〉གི་ ད་ལྟ་བ། ཐ་དད་པ།】"
                        ],
                        {
                            "པེ་": [
                                "དག་ ཏུ །_། རྣམ་པར་",
                                "རྟོགས་བ འི་",
                                "དུག་ གིས་ བཅིངས །_། "
                            ],
                            "སྡེ་": [
                                "དག་ ཏུ །_། རྣམ་པར་",
                                "རྟོག་བ འི་",
                                "དུག་ གིས་ བཅིངས །_། "
                            ],
                            "སྣར་": [
                                "དག་ ཏུ །_། རྣམ་པར་",
                                "རྟོགས་བ འི་",
                                "དུག་ གིས་ བཅིངས །_། "
                            ]
                        }
                    ]
                }
            ],
            "diff_verb": [
                {
                    "5": [
                        [
                            "《དབྱུང》ཞེས་པ།【〈འབྱིན〉གི་ མ་འོངས་པ།】【〈འབྱིན〉གི་ མ་འོངས་པ། ཐ་དད་པ།】",
                            "《འབྱུང》ཞེས་པ།【〈འབྱུང〉གི་ ད་ལྟ་བ། ཐ་མི་དད་པ།】【〈འབྱུང〉གི་ མ་འོངས་པ། ཐ་མི་དད་པ།】"
                        ],
                        {
                            "པེ་": [
                                " །_། སེམས་ཅན་ རྣམས་ ནི་",
                                "འབྱུང་",
                                "མི་ ནུས །_། དངོས་ མེད་"
                            ],
                            "སྡེ་": [
                                " །_། སེམས་ཅན་ རྣམས་ ནི་",
                                "དབྱུང་",
                                "མི་ ནུས །_། དངོས་ མེད་"
                            ],
                            "སྣར་": [
                                " །_། སེམས་ཅན་ རྣམས་ ནི་",
                                "འབྱུང་",
                                "མི་ ནུས །_། དངོས་ མེད་"
                            ]
                        }
                    ]
                }
            ],
            "not_sure": []
        }
    },
    "dunno": {
        "long_diff": [],
        "no_diff": [
            {
                "2": [
                    {
                        "པེ་": [
                            "པོ་ ཀུན་ གྱི་ རང་བཞིན་",
                            "ནི",
                            "།_། གཟུགས་ བརྙན་ དང་ ནི་"
                        ],
                        "སྡེ་": [
                            "པོ་ ཀུན་ གྱི་ རང་བཞིན་",
                            "ནོ",
                            "།_། གཟུགས་ བརྙན་ དང་ ནི་"
                        ],
                        "སྣར་": [
                            "པོ་ ཀུན་ གྱི་ རང་བཞིན་",
                            "ནི",
                            "།_། གཟུགས་ བརྙན་ དང་ ནི་"
                        ]
                    }
                ]
            },
            {
                "7": [
                    {
                        "པེ་": [
                            "སོ་སོ ར་ རྟོག་པ ས་",
                            "སྣང་བ་",
                            "ཡིན །_། རྨོངས་པ འི་ མུན་"
                        ],
                        "སྡེ་": [
                            "སོ་སོ ར་ རྟོག་པ ས་",
                            "སྣང་ མ་",
                            "ཡིན །_། རྨོངས་པ འི་ མུན་"
                        ],
                        "སྣར་": [
                            "སོ་སོ ར་ རྟོག་པ ས་",
                            "སྣང་བ་",
                            "ཡིན །_། རྨོངས་པ འི་ མུན་"
                        ]
                    }
                ]
            }
        ],
        "short_diff": [
            {
                "12": [
                    {
                        "པེ་": [
                            "སློང་ ཤཱཀྱ་ འོད་ ཀྱིས་",
                            "བསྒྱུར",
                            "།།_།། "
                        ],
                        "སྡེ་": [
                            "སློང་ ཤཱཀྱ་ འོད་ ཀྱིས་",
                            "བསྒྱུར་བ འོ",
                            "།།_།། "
                        ],
                        "སྣར་": [
                            "སློང་ ཤཱཀྱ་ འོད་ ཀྱིས་",
                            "བསྒྱུར",
                            "།།_།། "
                        ]
                    }
                ]
            }
        ]
    },
    "empty_notes": [
        {
            "13": [
                {
                    "པེ་": [
                        "འོད་ ཀྱིས་ བསྒྱུར་བ འོ །།_།། ",
                        "",
                        "འོད་ ཀྱིས་ བསྒྱུར་བ འོ །།_།། "
                    ],
                    "སྡེ་": [
                        "འོད་ ཀྱིས་ བསྒྱུར་བ འོ །།_།། ",
                        "",
                        "འོད་ ཀྱིས་ བསྒྱུར་བ འོ །།_།། "
                    ],
                    "སྣར་": [
                        "འོད་ ཀྱིས་ བསྒྱུར་བ འོ །།_།། ",
                        "",
                        "འོད་ ཀྱིས་ བསྒྱུར་བ འོ །།_།། "
                    ]
                }
            ]
        }
    ],
    "manual_categorisation": {
        "long_difference": {
            "differing_formulation": [],
            "major_modification": []
        },
        "manual_evaluation": {
            "derge_correct": [],
            "meaning_difference": {
                "great_diff": [],
                "medium_diff": [],
                "small_diff": []
            }
        }
    },
    "ngram_freq": {
        "1": {
            "པེ་": [],
            "སྡེ་": [],
            "སྣར་": []
        },
        "10": {
            "པེ་": [
                [
                    "ཞོན་པ",
                    "60"
                ]
            ],
            "སྡེ་": [
                [
                    "ཞོན་པ",
                    "60"
                ]
            ],
            "སྣར་": [
                [
                    "ཞོན་པར",
                    "68"
                ]
            ]
        },
        "11": {
            "པེ་": [],
            "སྡེ་": [],
            "སྣར་": []
        },
        "12": {
            "པེ་": [
                [
                    "བསྒྱུར",
                    "187"
                ],
                [
                    "ཀྱིས་བསྒྱུར",
                    "159"
                ]
            ],
            "སྡེ་": [
                [
                    "བསྒྱུར་བའོ",
                    "86"
                ]
            ],
            "སྣར་": [
                [
                    "བསྒྱུར",
                    "187"
                ],
                [
                    "ཀྱིས་བསྒྱུར",
                    "159"
                ]
            ]
        },
        "13": {
            "པེ་": [
                [
                    "",
                    "1"
                ],
                [
                    "འོད",
                    "510"
                ],
                [
                    "འོད་ཀྱིས",
                    "995"
                ]
            ],
            "སྡེ་": [
                [
                    "",
                    "1"
                ],
                [
                    "འོད",
                    "510"
                ],
                [
                    "འོད་ཀྱིས",
                    "995"
                ]
            ],
            "སྣར་": [
                [
                    "",
                    "1"
                ],
                [
                    "འོད",
                    "510"
                ],
                [
                    "འོད་ཀྱིས",
                    "995"
                ]
            ]
        },
        "2": {
            "པེ་": [
                [
                    "ནི",
                    "44237"
                ],
                [
                    "ནི།_།",
                    "28227"
                ],
                [
                    "རང་བཞིན་ནི",
                    "108"
                ],
                [
                    "རང་བཞིན་ནི།_།",
                    "88"
                ]
            ],
            "སྡེ་": [
                [
                    "ནོ",
                    "4158"
                ],
                [
                    "ནོ།_།",
                    "37154"
                ],
                [
                    "རང་བཞིན་ནོ",
                    "324"
                ],
                [
                    "རང་བཞིན་ནོ།_།",
                    "317"
                ]
            ],
            "སྣར་": [
                [
                    "ནི",
                    "44237"
                ],
                [
                    "ནི།_།",
                    "28227"
                ],
                [
                    "རང་བཞིན་ནི",
                    "108"
                ],
                [
                    "རང་བཞིན་ནི།_།",
                    "88"
                ]
            ]
        },
        "3": {
            "པེ་": [
                [
                    "གྱི",
                    "3024"
                ],
                [
                    "མཁན་གྱི",
                    "441"
                ],
                [
                    "གྱི་གཟུགས",
                    "453"
                ]
            ],
            "སྡེ་": [
                [
                    "གྱིས",
                    "7492"
                ],
                [
                    "མཁན་གྱིས",
                    "238"
                ],
                [
                    "གྱིས་གཟུགས",
                    "75"
                ]
            ],
            "སྣར་": [
                [
                    "གྱི",
                    "3024"
                ],
                [
                    "མཁན་གྱི",
                    "441"
                ],
                [
                    "གྱི་གཟུགས",
                    "453"
                ]
            ]
        },
        "4": {
            "པེ་": [
                [
                    "རྟོགས་པའི",
                    "733"
                ]
            ],
            "སྡེ་": [
                [
                    "རྟོག་པའི",
                    "1556"
                ]
            ],
            "སྣར་": [
                [
                    "རྟོགས་པའི",
                    "733"
                ]
            ]
        },
        "5": {
            "པེ་": [
                [
                    "འབྱུང",
                    "42"
                ],
                [
                    "འབྱུང་མི",
                    "154"
                ],
                [
                    "ནི་འབྱུང",
                    "522"
                ]
            ],
            "སྡེ་": [
                [
                    "དབྱུང",
                    "2"
                ],
                [
                    "ནི་དབྱུང",
                    "66"
                ]
            ],
            "སྣར་": [
                [
                    "འབྱུང",
                    "42"
                ],
                [
                    "འབྱུང་མི",
                    "154"
                ],
                [
                    "ནི་འབྱུང",
                    "522"
                ]
            ]
        },
        "6": {
            "པེ་": [],
            "སྡེ་": [],
            "སྣར་": []
        },
        "7": {
            "པེ་": [
                [
                    "སྣང་བ",
                    "317"
                ],
                [
                    "སྣང་བ་ཡིན",
                    "64"
                ]
            ],
            "སྡེ་": [],
            "སྣར་": [
                [
                    "སྣང་བ",
                    "317"
                ],
                [
                    "སྣང་བ་ཡིན",
                    "64"
                ]
            ]
        },
        "8": {
            "པེ་": [
                [
                    "ཏེ",
                    "80365"
                ],
                [
                    "ཏེ།_།",
                    "12767"
                ]
            ],
            "སྡེ་": [
                [
                    "སྟེ",
                    "27897"
                ],
                [
                    "ཙམ་སྟེ",
                    "397"
                ],
                [
                    "སྟེ།_།",
                    "13701"
                ],
                [
                    "ཙམ་སྟེ།_།",
                    "41"
                ]
            ],
            "སྣར་": [
                [
                    "ཏེ",
                    "80365"
                ],
                [
                    "ཏེ།_།",
                    "12767"
                ]
            ]
        },
        "9": {
            "པེ་": [
                [
                    "བསྒྲིབས་པས",
                    "40"
                ]
            ],
            "སྡེ་": [
                [
                    "བསྒྲིབས་པ",
                    "444"
                ]
            ],
            "སྣར་": [
                [
                    "བསྒྲིབས་པས",
                    "40"
                ]
            ]
        }
    },
    "non_standard_notes": [],
    "profile": {
        "1": [
            "པེ་=སྣར་ སྡེ་",
            "84.62%"
        ],
        "10": [
            "པེ་=སྡེ་ སྣར་",
            "7.69%"
        ],
        "11": [
            "པེ་=སྣར་ སྡེ་",
            "84.62%"
        ],
        "12": [
            "པེ་=སྣར་ སྡེ་",
            "84.62%"
        ],
        "13": [
            "པེ་=སྡེ་=སྣར་",
            "7.69%"
        ],
        "2": [
            "པེ་=སྣར་ སྡེ་",
            "84.62%"
        ],
        "3": [
            "པེ་=སྣར་ སྡེ་",
            "84.62%"
        ],
        "4": [
            "པེ་=སྣར་ སྡེ་",
            "84.62%"
        ],
        "5": [
            "པེ་=སྣར་ སྡེ་",
            "84.62%"
        ],
        "6": [
            "པེ་=སྣར་ སྡེ་",
            "84.62%"
        ],
        "7": [
            "པེ་=སྣར་ སྡེ་",
            "84.62%"
        ],
        "8": [
            "པེ་=སྣར་ སྡེ་",
            "84.62%"
        ],
        "9": [
            "པེ་=སྣར་ སྡེ་",
            "84.62%"
        ]
    }
}