﻿{
    "Stats": {
        "Categorised": "7 notes (77.78%)",
        "Notes’ total": 9,
        "Profiles": [
            "པེ་=སྣར་ སྡེ་: 66.67% (6 notes)",
            "པེ་=སྡེ་=སྣར་: 11.11% (1 notes)",
            "པེ་=སྡེ་ སྣར་: 22.22% (2 notes)"
        ],
        "automatic_categorisation": {
            "min_mod": {
                "particle_groups": 2
            },
            "particle_issues": {},
            "spelling_mistake": {
                "non_word": {}
            },
            "sskrt": 4,
            "verb_difference": {}
        },
        "dunno": {
            "no_diff": 2
        },
        "empty_notes": 1,
        "manual_categorisation": {
            "long_difference": {},
            "manual_evaluation": {
                "meaning_difference": {}
            }
        },
        "ngram_freq": {},
        "profile": {}
    },
    "automatic_categorisation": {
        "min_mod": {
            "min_mod_groups": [],
            "particle_groups": [
                {
                    "3": [
                        [
                            "dreldra",
                            "jedra"
                        ],
                        {
                            "པེ་": [
                                "གཞན་ གྱིས་ མིན །_། གང་",
                                "གི་",
                                "སྙིང་རྗེ་ སེམས་ཅན་ ལ་"
                            ],
                            "སྡེ་": [
                                "གཞན་ གྱིས་ མིན །_། གང་",
                                "གིས་",
                                "སྙིང་རྗེ་ སེམས་ཅན་ ལ་"
                            ],
                            "སྣར་": [
                                "གཞན་ གྱིས་ མིན །_། གང་",
                                "གི་",
                                "སྙིང་རྗེ་ སེམས་ཅན་ ལ་"
                            ]
                        }
                    ]
                },
                {
                    "4": [
                        [
                            "lardu"
                        ],
                        {
                            "པེ་": [
                                "དོན་ སྟོན་པ ར་ མི་",
                                "འགྱུར",
                                "_།། སེམས་ཅན་ ཕན་པ་"
                            ],
                            "སྡེ་": [
                                "དོན་ སྟོན་པ ར་ མི་",
                                "འགྱུར་ རོ",
                                "_།། སེམས་ཅན་ ཕན་པ་"
                            ],
                            "སྣར་": [
                                "དོན་ སྟོན་པ ར་ མི་",
                                "འགྱུར",
                                "_།། སེམས་ཅན་ ཕན་པ་"
                            ]
                        }
                    ]
                }
            ]
        },
        "particle_issues": {
            "added_particle": [],
            "agreement_issue": [],
            "different_particles": [],
            "other": [],
            "po-bo-pa-ba": []
        },
        "spelling_mistake": {
            "missing_vowel": [],
            "nga_da": [],
            "non_word": {
                "ill_formed": [],
                "well_formed": []
            }
        },
        "sskrt": [
            {
                "1": [
                    {
                        "པེ་": [
                            "ག ར་ སྐད་ དུ །_",
                            "#སཏྭཱ་",
                            "ར་ #དཱ་ ན་ #སྟ་"
                        ],
                        "སྡེ་": [
                            "ག ར་ སྐད་ དུ །_",
                            "#སཏྭ་ #ཨཱ་",
                            "ར་ #དཱ་ ན་ #སྟ་"
                        ],
                        "སྣར་": [
                            "ག ར་ སྐད་ དུ །_",
                            "#སཏྭཱ་",
                            "ར་ #དཱ་ ན་ #སྟ་"
                        ]
                    }
                ]
            },
            {
                "2": [
                    {
                        "པེ་": [
                            "ར་ #དཱ་ ན་",
                            "#སྟ་བ",
                            "_། བོད་ སྐད་ དུ ། "
                        ],
                        "སྡེ་": [
                            "ར་ #དཱ་ ན་",
                            "#སྟ་ #བཾ",
                            "_། བོད་ སྐད་ དུ ། "
                        ],
                        "སྣར་": [
                            "ར་ #དཱ་ ན་",
                            "#སྟ་བ",
                            "_། བོད་ སྐད་ དུ ། "
                        ]
                    }
                ]
            },
            {
                "7": [
                    {
                        "པེ་": [
                            "པོ་ ཆེན་པོ་ #དཱི་ #པཾ་",
                            "#པཎྜི་ #ཏ་",
                            "ཀ་ ར་ #ཤྲཱི་ #ཛྙཱ་ ན་"
                        ],
                        "སྡེ་": [
                            "པོ་ ཆེན་པོ་ #དཱི་ #པཾ་",
                            "",
                            "ཀ་ ར་ #ཤྲཱི་ #ཛྙཱ་ ན་"
                        ],
                        "སྣར་": [
                            "པོ་ ཆེན་པོ་ #དཱི་ #པཾ་",
                            "#པཎྜི་ #ཏ་",
                            "ཀ་ ར་ #ཤྲཱི་ #ཛྙཱ་ ན་"
                        ]
                    }
                ]
            },
            {
                "8": [
                    {
                        "པེ་": [
                            "ཞུས་ ཏེ་ གཏན་ ལ་",
                            "ཕབ་པ འོ",
                            "།།_།། ཀ་ ར་ #ཤྲཱི་ #ཛྙཱ་ ན་"
                        ],
                        "སྡེ་": [
                            "ཞུས་ ཏེ་ གཏན་ ལ་",
                            "ཕབ་པ འོ",
                            "།།_།། ཀ་ ར་ #ཤྲཱི་ #ཛྙཱ་ ན་"
                        ],
                        "སྣར་": [
                            "ཞུས་ ཏེ་ གཏན་ ལ་",
                            "ཕབ་ #པའོཔྃ",
                            "།།_།། ཀ་ ར་ #ཤྲཱི་ #ཛྙཱ་ ན་"
                        ]
                    }
                ]
            }
        ],
        "verb_difference": {
            "diff_tense": [],
            "diff_verb": [],
            "not_sure": []
        }
    },
    "dunno": {
        "long_diff": [],
        "no_diff": [
            {
                "5": [
                    {
                        "པེ་": [
                            " །_། སེམས་ཅན་ རྣམས་ ལ་",
                            "ཡི་",
                            "ནས་ སངས་རྒྱས་ མཉེས་ དང་"
                        ],
                        "སྡེ་": [
                            " །_། སེམས་ཅན་ རྣམས་ ལ་",
                            "བརྟེན་",
                            "ནས་ སངས་རྒྱས་ མཉེས་ དང་"
                        ],
                        "སྣར་": [
                            " །_། སེམས་ཅན་ རྣམས་ ལ་",
                            "ཡི་",
                            "ནས་ སངས་རྒྱས་ མཉེས་ དང་"
                        ]
                    }
                ]
            },
            {
                "6": [
                    {
                        "པེ་": [
                            " །_། རྒྱ་གར་ གྱི་",
                            "མཁན་པོ་",
                            "ཆེན་པོ་ #དཱི་"
                        ],
                        "སྡེ་": [
                            " །_། རྒྱ་གར་ གྱི་",
                            "མཁན་པོ་",
                            "ཆེན་པོ་ #དཱི་"
                        ],
                        "སྣར་": [
                            " །_། རྒྱ་གར་ གྱི་",
                            "མཁན་ བརྟན་",
                            "ཆེན་པོ་ #དཱི་"
                        ]
                    }
                ]
            }
        ],
        "short_diff": []
    },
    "empty_notes": [
        {
            "9": [
                {
                    "པེ་": [
                        "གཏན་ ལ་ ཕབ་པ འོ །།_།། ",
                        "",
                        "གཏན་ ལ་ ཕབ་པ འོ །།_།། "
                    ],
                    "སྡེ་": [
                        "གཏན་ ལ་ ཕབ་པ འོ །།_།། ",
                        "",
                        "གཏན་ ལ་ ཕབ་པ འོ །།_།། "
                    ],
                    "སྣར་": [
                        "གཏན་ ལ་ ཕབ་པ འོ །།_།། ",
                        "",
                        "གཏན་ ལ་ ཕབ་པ འོ །།_།། "
                    ]
                }
            ]
        }
    ],
    "manual_categorisation": {
        "long_difference": {
            "differing_formulation": [],
            "major_modification": []
        },
        "manual_evaluation": {
            "derge_correct": [],
            "meaning_difference": {
                "great_diff": [],
                "medium_diff": [],
                "small_diff": []
            }
        }
    },
    "ngram_freq": {
        "1": {
            "པེ་": [
                [
                    "སཏྭཱ",
                    "11"
                ]
            ],
            "སྡེ་": [],
            "སྣར་": [
                [
                    "སཏྭཱ",
                    "11"
                ]
            ]
        },
        "2": {
            "པེ་": [],
            "སྡེ་": [],
            "སྣར་": []
        },
        "3": {
            "པེ་": [
                [
                    "གི",
                    "1276"
                ],
                [
                    "གང་གི",
                    "8014"
                ]
            ],
            "སྡེ་": [
                [
                    "གིས",
                    "2588"
                ],
                [
                    "གང་གིས",
                    "183"
                ]
            ],
            "སྣར་": [
                [
                    "གི",
                    "1276"
                ],
                [
                    "གང་གི",
                    "8014"
                ]
            ]
        },
        "4": {
            "པེ་": [
                [
                    "འགྱུར",
                    "31151"
                ],
                [
                    "མི་འགྱུར",
                    "3158"
                ]
            ],
            "སྡེ་": [
                [
                    "འགྱུར་རོ",
                    "2600"
                ],
                [
                    "མི་འགྱུར་རོ",
                    "195"
                ]
            ],
            "སྣར་": [
                [
                    "འགྱུར",
                    "31151"
                ],
                [
                    "མི་འགྱུར",
                    "3158"
                ]
            ]
        },
        "5": {
            "པེ་": [
                [
                    "ཡི",
                    "8322"
                ],
                [
                    "ལ་ཡི",
                    "548"
                ]
            ],
            "སྡེ་": [
                [
                    "བརྟེན",
                    "256"
                ],
                [
                    "ལ་བརྟེན",
                    "91"
                ],
                [
                    "བརྟེན་ནས",
                    "1090"
                ],
                [
                    "ལ་བརྟེན་ནས",
                    "233"
                ]
            ],
            "སྣར་": [
                [
                    "ཡི",
                    "8322"
                ],
                [
                    "ལ་ཡི",
                    "548"
                ]
            ]
        },
        "6": {
            "པེ་": [
                [
                    "མཁན་པོ",
                    "1705"
                ],
                [
                    "གྱི་མཁན་པོ",
                    "467"
                ]
            ],
            "སྡེ་": [
                [
                    "མཁན་པོ",
                    "1705"
                ],
                [
                    "གྱི་མཁན་པོ",
                    "467"
                ]
            ],
            "སྣར་": []
        },
        "7": {
            "པེ་": [
                [
                    "པཎྜི་ཏ",
                    "96"
                ]
            ],
            "སྡེ་": [
                [
                    "",
                    "1"
                ],
                [
                    "ཀ",
                    "951"
                ],
                [
                    "པཾ",
                    "36"
                ]
            ],
            "སྣར་": [
                [
                    "པཎྜི་ཏ",
                    "96"
                ]
            ]
        },
        "8": {
            "པེ་": [],
            "སྡེ་": [],
            "སྣར་": []
        },
        "9": {
            "པེ་": [
                [
                    "",
                    "1"
                ],
                [
                    "གཏན",
                    "12"
                ],
                [
                    "གཏན་ལ",
                    "1245"
                ]
            ],
            "སྡེ་": [
                [
                    "",
                    "1"
                ],
                [
                    "གཏན",
                    "12"
                ],
                [
                    "གཏན་ལ",
                    "1245"
                ]
            ],
            "སྣར་": [
                [
                    "",
                    "1"
                ],
                [
                    "གཏན",
                    "12"
                ],
                [
                    "གཏན་ལ",
                    "1245"
                ]
            ]
        }
    },
    "non_standard_notes": [],
    "profile": {
        "1": [
            "པེ་=སྣར་ སྡེ་",
            "66.67%"
        ],
        "2": [
            "པེ་=སྣར་ སྡེ་",
            "66.67%"
        ],
        "3": [
            "པེ་=སྣར་ སྡེ་",
            "66.67%"
        ],
        "4": [
            "པེ་=སྣར་ སྡེ་",
            "66.67%"
        ],
        "5": [
            "པེ་=སྣར་ སྡེ་",
            "66.67%"
        ],
        "6": [
            "པེ་=སྡེ་ སྣར་",
            "22.22%"
        ],
        "7": [
            "པེ་=སྣར་ སྡེ་",
            "66.67%"
        ],
        "8": [
            "པེ་=སྡེ་ སྣར་",
            "22.22%"
        ],
        "9": [
            "པེ་=སྡེ་=སྣར་",
            "11.11%"
        ]
    }
}