﻿{
    "Stats": {
        "Categorised": "6 notes (60.00%)",
        "Notes’ total": 10,
        "Profiles": [
            "པེ་=སྣར་ སྡེ་: 90.00% (9 notes)",
            "པེ་=སྡེ་=སྣར་: 10.00% (1 notes)"
        ],
        "automatic_categorisation": {
            "min_mod": {
                "particle_groups": 1
            },
            "particle_issues": {},
            "spelling_mistake": {
                "non_word": {
                    "well_formed": 1
                }
            },
            "sskrt": 3,
            "verb_difference": {}
        },
        "dunno": {
            "no_diff": 4
        },
        "empty_notes": 1,
        "manual_categorisation": {
            "long_difference": {},
            "manual_evaluation": {
                "meaning_difference": {}
            }
        },
        "ngram_freq": {},
        "profile": {}
    },
    "automatic_categorisation": {
        "min_mod": {
            "min_mod_groups": [],
            "particle_groups": [
                {
                    "4": [
                        [
                            "jedra"
                        ],
                        {
                            "པེ་": [
                                "ཟུར་ གཡས་ ལ་",
                                "ཚངས་པ ས་",
                                "བཞེས །_། བཀྲ་ཤིས་ འབྱུང་"
                            ],
                            "སྡེ་": [
                                "ཟུར་ གཡས་ ལ་",
                                "ཚངས་པ་",
                                "བཞེས །_། བཀྲ་ཤིས་ འབྱུང་"
                            ],
                            "སྣར་": [
                                "ཟུར་ གཡས་ ལ་",
                                "ཚངས་པ ས་",
                                "བཞེས །_། བཀྲ་ཤིས་ འབྱུང་"
                            ]
                        }
                    ]
                }
            ]
        },
        "particle_issues": {
            "added_particle": [],
            "agreement_issue": [],
            "different_particles": [],
            "other": [],
            "po-bo-pa-ba": []
        },
        "spelling_mistake": {
            "missing_vowel": [],
            "nga_da": [],
            "non_word": {
                "ill_formed": [],
                "well_formed": [
                    {
                        "9": [
                            {
                                "པེ་": [
                                    "ཆེན་པོ་ ཀླུ་ སྒྲུབ་ ཀྱིས་",
                                    "ཀྱི་ ཞལ་ #སྔ་ ནས་",
                                    "མཛད་པ་ རྫོགས་ སོ །_།།། "
                                ],
                                "སྡེ་": [
                                    "ཆེན་པོ་ ཀླུ་ སྒྲུབ་ ཀྱིས་",
                                    "",
                                    "མཛད་པ་ རྫོགས་ སོ །_།།། "
                                ],
                                "སྣར་": [
                                    "ཆེན་པོ་ ཀླུ་ སྒྲུབ་ ཀྱིས་",
                                    "ཀྱི་ ཞལ་ #སྔ་ ནས་",
                                    "མཛད་པ་ རྫོགས་ སོ །_།།། "
                                ]
                            }
                        ]
                    }
                ]
            }
        },
        "sskrt": [
            {
                "1": [
                    {
                        "པེ་": [
                            "དུ །_ #ཨཥྚ་ མ་ #ཧཱ་",
                            "#སྠ་",
                            "ན་ #ཙཻ་ #ཏྱ་ #སྟོ་"
                        ],
                        "སྡེ་": [
                            "དུ །_ #ཨཥྚ་ མ་ #ཧཱ་",
                            "#སྠཱ་",
                            "ན་ #ཙཻ་ #ཏྱ་ #སྟོ་"
                        ],
                        "སྣར་": [
                            "དུ །_ #ཨཥྚ་ མ་ #ཧཱ་",
                            "#སྠ་",
                            "ན་ #ཙཻ་ #ཏྱ་ #སྟོ་"
                        ]
                    }
                ]
            },
            {
                "2": [
                    {
                        "པེ་": [
                            "མ་ #ཧཱ་ #སྠཱ་ ན་ #ཙཻ་",
                            "#ཏ་",
                            "#སྟོ་ #ཏྲ །_ བོད་ སྐད་"
                        ],
                        "སྡེ་": [
                            "མ་ #ཧཱ་ #སྠཱ་ ན་ #ཙཻ་",
                            "#ཏྱ་",
                            "#སྟོ་ #ཏྲ །_ བོད་ སྐད་"
                        ],
                        "སྣར་": [
                            "མ་ #ཧཱ་ #སྠཱ་ ན་ #ཙཻ་",
                            "#ཏ་",
                            "#སྟོ་ #ཏྲ །_ བོད་ སྐད་"
                        ]
                    }
                ]
            },
            {
                "5": [
                    {
                        "པེ་": [
                            "རྟེན་ ཕྱག་ འཚལ་ ལོ །_།",
                            "#ཝ་ ར་ #ཎཱ་ #སི་",
                            "ལ་སོགས་ བསོད་སྙོམས་ གཤེགས"
                        ],
                        "སྡེ་": [
                            "རྟེན་ ཕྱག་ འཚལ་ ལོ །_།",
                            "བཱ་རཱ་ཎ་སཱི་",
                            "ལ་སོགས་ བསོད་སྙོམས་ གཤེགས"
                        ],
                        "སྣར་": [
                            "རྟེན་ ཕྱག་ འཚལ་ ལོ །_།",
                            "#ཝ་ ར་ #ཎཱ་ #སི་",
                            "ལ་སོགས་ བསོད་སྙོམས་ གཤེགས"
                        ]
                    }
                ]
            }
        ],
        "verb_difference": {
            "diff_tense": [],
            "diff_verb": [],
            "not_sure": []
        }
    },
    "dunno": {
        "long_diff": [],
        "no_diff": [
            {
                "3": [
                    {
                        "པེ་": [
                            "སྐུ་ བཞེངས་ #སྟ་ ཟུར་",
                            "གཡས་པ་",
                            "ཚངས་པ་ བཞེས །_།"
                        ],
                        "སྡེ་": [
                            "སྐུ་ བཞེངས་ #སྟ་ ཟུར་",
                            "གཡས་ ལ་",
                            "ཚངས་པ་ བཞེས །_།"
                        ],
                        "སྣར་": [
                            "སྐུ་ བཞེངས་ #སྟ་ ཟུར་",
                            "གཡས་པ་",
                            "ཚངས་པ་ བཞེས །_།"
                        ]
                    }
                ]
            },
            {
                "6": [
                    {
                        "པེ་": [
                            "པ་ རྣམས །_། ཕྱག་ གི་",
                            "སེར་ མོ འི་",
                            "སྟོབས་ ཀྱིས་ བཏུལ་ ནས་"
                        ],
                        "སྡེ་": [
                            "པ་ རྣམས །_། ཕྱག་ གི་",
                            "སོར་མོ འི་",
                            "སྟོབས་ ཀྱིས་ བཏུལ་ ནས་"
                        ],
                        "སྣར་": [
                            "པ་ རྣམས །_། ཕྱག་ གི་",
                            "སེར་ མོ འི་",
                            "སྟོབས་ ཀྱིས་ བཏུལ་ ནས་"
                        ]
                    }
                ]
            },
            {
                "7": [
                    {
                        "པེ་": [
                            "རྣམས་ ཀྱིས །_། བསྙེན་བཀུར་",
                            "ཕུལ་ ཞིང་",
                            "བུ་ མོས་ འོ་ མ་ དྲངས"
                        ],
                        "སྡེ་": [
                            "རྣམས་ ཀྱིས །_། བསྙེན་བཀུར་",
                            "འབུལ་བ འི་",
                            "བུ་ མོས་ འོ་ མ་ དྲངས"
                        ],
                        "སྣར་": [
                            "རྣམས་ ཀྱིས །_། བསྙེན་བཀུར་",
                            "ཕུལ་ ཞིང་",
                            "བུ་ མོས་ འོ་ མ་ དྲངས"
                        ]
                    }
                ]
            },
            {
                "8": [
                    {
                        "པེ་": [
                            "མོས་ འོ་ མ་ དྲངས །_།",
                            "དཀ ར་",
                            "དང་ འཇིག་རྟེན་ མ་ ལུས་"
                        ],
                        "སྡེ་": [
                            "མོས་ འོ་ མ་ དྲངས །_།",
                            "བཀའ་",
                            "དང་ འཇིག་རྟེན་ མ་ ལུས་"
                        ],
                        "སྣར་": [
                            "མོས་ འོ་ མ་ དྲངས །_།",
                            "དཀ ར་",
                            "དང་ འཇིག་རྟེན་ མ་ ལུས་"
                        ]
                    }
                ]
            }
        ],
        "short_diff": []
    },
    "empty_notes": [
        {
            "10": [
                {
                    "པེ་": [
                        "མཛད་པ་ རྫོགས་ སོ །_།།། ",
                        "",
                        "མཛད་པ་ རྫོགས་ སོ །_།།། "
                    ],
                    "སྡེ་": [
                        "མཛད་པ་ རྫོགས་ སོ །_།།། ",
                        "",
                        "མཛད་པ་ རྫོགས་ སོ །_།།། "
                    ],
                    "སྣར་": [
                        "མཛད་པ་ རྫོགས་ སོ །_།།། ",
                        "",
                        "མཛད་པ་ རྫོགས་ སོ །_།།། "
                    ]
                }
            ]
        }
    ],
    "manual_categorisation": {
        "long_difference": {
            "differing_formulation": [],
            "major_modification": []
        },
        "manual_evaluation": {
            "derge_correct": [],
            "meaning_difference": {
                "great_diff": [],
                "medium_diff": [],
                "small_diff": []
            }
        }
    },
    "ngram_freq": {
        "1": {
            "པེ་": [
                [
                    "སྠ",
                    "5"
                ]
            ],
            "སྡེ་": [
                [
                    "སྠཱ",
                    "3"
                ]
            ],
            "སྣར་": [
                [
                    "སྠ",
                    "5"
                ]
            ]
        },
        "10": {
            "པེ་": [
                [
                    "",
                    "1"
                ],
                [
                    "མཛད་པ",
                    "1162"
                ]
            ],
            "སྡེ་": [
                [
                    "",
                    "1"
                ],
                [
                    "མཛད་པ",
                    "1162"
                ]
            ],
            "སྣར་": [
                [
                    "",
                    "1"
                ],
                [
                    "མཛད་པ",
                    "1162"
                ]
            ]
        },
        "2": {
            "པེ་": [
                [
                    "ཏ",
                    "1094"
                ]
            ],
            "སྡེ་": [
                [
                    "ཏྱ",
                    "36"
                ]
            ],
            "སྣར་": [
                [
                    "ཏ",
                    "1094"
                ]
            ]
        },
        "3": {
            "པེ་": [
                [
                    "གཡས་པ",
                    "1191"
                ]
            ],
            "སྡེ་": [
                [
                    "གཡས་ལ",
                    "42"
                ]
            ],
            "སྣར་": [
                [
                    "གཡས་པ",
                    "1191"
                ]
            ]
        },
        "4": {
            "པེ་": [
                [
                    "ཚངས་པས",
                    "422"
                ]
            ],
            "སྡེ་": [
                [
                    "ཚངས་པ",
                    "3639"
                ],
                [
                    "ལ་ཚངས་པ",
                    "75"
                ]
            ],
            "སྣར་": [
                [
                    "ཚངས་པས",
                    "422"
                ]
            ]
        },
        "5": {
            "པེ་": [],
            "སྡེ་": [
                [
                    "བཱ་རཱ་ཎ་སཱི",
                    "346"
                ]
            ],
            "སྣར་": []
        },
        "6": {
            "པེ་": [],
            "སྡེ་": [
                [
                    "སོར་མོའི",
                    "611"
                ]
            ],
            "སྣར་": []
        },
        "7": {
            "པེ་": [
                [
                    "ཕུལ་ཞིང",
                    "44"
                ]
            ],
            "སྡེ་": [
                [
                    "འབུལ་བའི",
                    "80"
                ]
            ],
            "སྣར་": [
                [
                    "ཕུལ་ཞིང",
                    "44"
                ]
            ]
        },
        "8": {
            "པེ་": [
                [
                    "དཀར",
                    "133"
                ],
                [
                    "།_།དཀར",
                    "647"
                ],
                [
                    "དཀར་དང",
                    "258"
                ],
                [
                    "།_།དཀར་དང",
                    "83"
                ]
            ],
            "སྡེ་": [
                [
                    "བཀའ",
                    "36"
                ],
                [
                    "།_།བཀའ",
                    "972"
                ],
                [
                    "བཀའ་དང",
                    "43"
                ]
            ],
            "སྣར་": [
                [
                    "དཀར",
                    "133"
                ],
                [
                    "།_།དཀར",
                    "647"
                ],
                [
                    "དཀར་དང",
                    "258"
                ],
                [
                    "།_།དཀར་དང",
                    "83"
                ]
            ]
        },
        "9": {
            "པེ་": [],
            "སྡེ་": [
                [
                    "",
                    "1"
                ],
                [
                    "ཀྱིས",
                    "6156"
                ],
                [
                    "མཛད་པ",
                    "1162"
                ]
            ],
            "སྣར་": []
        }
    },
    "non_standard_notes": [],
    "profile": {
        "1": [
            "པེ་=སྣར་ སྡེ་",
            "90.00%"
        ],
        "10": [
            "པེ་=སྡེ་=སྣར་",
            "10.00%"
        ],
        "2": [
            "པེ་=སྣར་ སྡེ་",
            "90.00%"
        ],
        "3": [
            "པེ་=སྣར་ སྡེ་",
            "90.00%"
        ],
        "4": [
            "པེ་=སྣར་ སྡེ་",
            "90.00%"
        ],
        "5": [
            "པེ་=སྣར་ སྡེ་",
            "90.00%"
        ],
        "6": [
            "པེ་=སྣར་ སྡེ་",
            "90.00%"
        ],
        "7": [
            "པེ་=སྣར་ སྡེ་",
            "90.00%"
        ],
        "8": [
            "པེ་=སྣར་ སྡེ་",
            "90.00%"
        ],
        "9": [
            "པེ་=སྣར་ སྡེ་",
            "90.00%"
        ]
    }
}