﻿{
    "Stats": {
        "Categorised": "15 notes (60.00%)",
        "Notes’ total": 25,
        "Profiles": [
            "པེ་=སྣར་ སྡེ་: 88.00% (22 notes)",
            "པེ་=སྡེ་=སྣར་: 4.00% (1 notes)",
            "པེ་ སྡེ་ སྣར་: 4.00% (1 notes)",
            "པེ་ སྡེ་=སྣར་: 4.00% (1 notes)"
        ],
        "automatic_categorisation": {
            "min_mod": {
                "particle_groups": 1
            },
            "particle_issues": {
                "different_particles": 1
            },
            "spelling_mistake": {
                "non_word": {}
            },
            "sskrt": 8,
            "verb_difference": {
                "diff_tense": 3,
                "diff_verb": 1
            }
        },
        "dunno": {
            "no_diff": 10
        },
        "empty_notes": 1,
        "manual_categorisation": {
            "long_difference": {},
            "manual_evaluation": {
                "meaning_difference": {}
            }
        },
        "ngram_freq": {},
        "profile": {}
    },
    "automatic_categorisation": {
        "min_mod": {
            "min_mod_groups": [],
            "particle_groups": [
                {
                    "7": [
                        [
                            "lardu"
                        ],
                        {
                            "པེ་": [
                                "རང་ གི་ བསམ་པ་",
                                "རྫོགས །།",
                                "ལྷག་པ འི་ ཏིང་འཛིན་"
                            ],
                            "སྡེ་": [
                                "རང་ གི་ བསམ་པ་",
                                "རྫོགས་ སོ _།།",
                                "ལྷག་པ འི་ ཏིང་འཛིན་"
                            ],
                            "སྣར་": [
                                "རང་ གི་ བསམ་པ་",
                                "རྫོགས །།",
                                "ལྷག་པ འི་ ཏིང་འཛིན་"
                            ]
                        }
                    ]
                }
            ]
        },
        "particle_issues": {
            "added_particle": [],
            "agreement_issue": [],
            "different_particles": [
                {
                    "23": [
                        "dreldra",
                        {
                            "པེ་": [
                                "དབོ །_། འདི་ བརྩམས་པ་",
                                "ཡི་",
                                "དགེ་བ་ ཡིས །_། བདག་"
                            ],
                            "སྡེ་": [
                                "དབོ །_། འདི་ བརྩམས་པ་",
                                "ཡང་",
                                "དགེ་བ་ ཡིས །_། བདག་"
                            ],
                            "སྣར་": [
                                "དབོ །_། འདི་ བརྩམས་པ་",
                                "ཡི་",
                                "དགེ་བ་ ཡིས །_། བདག་"
                            ]
                        }
                    ]
                }
            ],
            "other": [],
            "po-bo-pa-ba": []
        },
        "spelling_mistake": {
            "missing_vowel": [],
            "nga_da": [],
            "non_word": {
                "ill_formed": [],
                "well_formed": []
            }
        },
        "sskrt": [
            {
                "1": [
                    {
                        "པེ་": [
                            "སྐད་ དུ །_",
                            "#ཏིཥྛ་ མ་ #ཧཱ་ #སི་ #ཏི་",
                            "ཨ་ #ལཾ་ #ཀཱ་ ར ། "
                        ],
                        "སྡེ་": [
                            "སྐད་ དུ །_",
                            "#པྲ་ #ཏིཥྛ་",
                            "ཨ་ #ལཾ་ #ཀཱ་ ར ། "
                        ],
                        "སྣར་": [
                            "སྐད་ དུ །_",
                            "#ཏིཥྛ་ མ་ #ཧཱ་ #སི་ #ཏི་",
                            "ཨ་ #ལཾ་ #ཀཱ་ ར ། "
                        ]
                    }
                ]
            },
            {
                "8": [
                    {
                        "པེ་": [
                            "རང་བཞིན་ ནོ །_།",
                            "#སཱཙྪ་",
                            "མཆོད་ རྟེན་ ལ་སོགས་པ"
                        ],
                        "སྡེ་": [
                            "རང་བཞིན་ ནོ །_།",
                            "#ཚ་ #ཚ་",
                            "མཆོད་ རྟེན་ ལ་སོགས་པ"
                        ],
                        "སྣར་": [
                            "རང་བཞིན་ ནོ །_།",
                            "#སཱཙྪ་",
                            "མཆོད་ རྟེན་ ལ་སོགས་པ"
                        ]
                    }
                ]
            },
            {
                "9": [
                    {
                        "པེ་": [
                            "ནི །_། ཡེ་ཤེས་",
                            "#སཱཙྪ་",
                            "མཆོད་ རྟེན་ གྱི །_། འབྱུང་"
                        ],
                        "སྡེ་": [
                            "ནི །_། ཡེ་ཤེས་",
                            "#ཚ་ #ཚ་",
                            "མཆོད་ རྟེན་ གྱི །_། འབྱུང་"
                        ],
                        "སྣར་": [
                            "ནི །_། ཡེ་ཤེས་",
                            "#སཱཙྪ་",
                            "མཆོད་ རྟེན་ གྱི །_། འབྱུང་"
                        ]
                    }
                ]
            },
            {
                "17": [
                    {
                        "པེ་": [
                            "།_ ཨ་ #དནྟེ །_",
                            "ད་",
                            "ར་ ནི །_ #ཏདྱ་"
                        ],
                        "སྡེ་": [
                            "།_ ཨ་ #དནྟེ །_",
                            "#དྷ་",
                            "ར་ ནི །_ #ཏདྱ་"
                        ],
                        "སྣར་": [
                            "།_ ཨ་ #དནྟེ །_",
                            "ད་",
                            "ར་ ནི །_ #ཏདྱ་"
                        ]
                    }
                ]
            },
            {
                "18": [
                    {
                        "པེ་": [
                            "#ཀཪྵ་ #ཎི །_",
                            "#སྭ་ #སྭརྦྦ་བ་",
                            "#སརྦ་ #དྷརྨཱ །_ ནི ས་"
                        ],
                        "སྡེ་": [
                            "#ཀཪྵ་ #ཎི །_",
                            "#སྭ་ #བྷ་བ་",
                            "#སརྦ་ #དྷརྨཱ །_ ནི ས་"
                        ],
                        "སྣར་": [
                            "#ཀཪྵ་ #ཎི །_",
                            "#སྭརྦྷ་བ་",
                            "#སརྦ་ #དྷརྨཱ །_ ནི ས་"
                        ]
                    }
                ]
            },
            {
                "19": [
                    {
                        "པེ་": [
                            "ལ་ སུ་པ་ རི་ #དྷརྨཱ་",
                            "ཀ་ #ཏི་",
                            "ཀ་ ན ། བ་ ལ་"
                        ],
                        "སྡེ་": [
                            "ལ་ སུ་པ་ རི་ #དྷརྨཱ་",
                            "#ཀརྟི་",
                            "ཀ་ ན ། བ་ ལ་"
                        ],
                        "སྣར་": [
                            "ལ་ སུ་པ་ རི་ #དྷརྨཱ་",
                            "ཀ་ #ཏི་",
                            "ཀ་ ན ། བ་ ལ་"
                        ]
                    }
                ]
            },
            {
                "20": [
                    {
                        "པེ་": [
                            "ཀ་ ན ། བ་",
                            "ནི ས་ #ཤྐ",
                            "།_ #ཡ་ ཐ་མ་"
                        ],
                        "སྡེ་": [
                            "ཀ་ ན ། བ་",
                            "ལ་ #ནིཥྐ",
                            "།_ #ཡ་ ཐ་མ་"
                        ],
                        "སྣར་": [
                            "ཀ་ ན ། བ་",
                            "ནི ས་ #ཤྐ",
                            "།_ #ཡ་ ཐ་མ་"
                        ]
                    }
                ]
            },
            {
                "21": [
                    {
                        "པེ་": [
                            "#ཤད་ དེ །_ #མནྟྲ་",
                            "#མནྟྲ་",
                            "#སྭཱ་ #ཧཱ །_ སྟོང་ དང་"
                        ],
                        "སྡེ་": [
                            "#ཤད་ དེ །_ #མནྟྲ་",
                            "#མནྟྲས་",
                            "#སྭཱ་ #ཧཱ །_ སྟོང་ དང་"
                        ],
                        "སྣར་": [
                            "#ཤད་ དེ །_ #མནྟྲ་",
                            "#མནྟྲ་",
                            "#སྭཱ་ #ཧཱ །_ སྟོང་ དང་"
                        ]
                    }
                ]
            }
        ],
        "verb_difference": {
            "diff_tense": [
                {
                    "3": [
                        [
                            "《སོགས》ཞེས་པ།【〈གསོག〉གི་ སྐུལ་ཚིག】【〈གསོག〉གི་ སྐུལ་ཚིག ཐ་དད་པ།】",
                            "《གསོག》ཞེས་པ།【〈གསོག〉གི་ ད་ལྟ་བ།】【〈གསོག〉གི་ ད་ལྟ་བ། ཐ་དད་པ།】"
                        ],
                        {
                            "པེ་": [
                                "ཅན་ ལ་ འདུད །_། ཚོགས་",
                                "གསོག་",
                                "ནུས་པ་ ཚོགས་ བྱུང་བ ས"
                            ],
                            "སྡེ་": [
                                "ཅན་ ལ་ འདུད །_། ཚོགས་",
                                "སོགས་",
                                "ནུས་པ་ ཚོགས་ བྱུང་བ ས"
                            ],
                            "སྣར་": [
                                "ཅན་ ལ་ འདུད །_། ཚོགས་",
                                "གསོག་",
                                "ནུས་པ་ ཚོགས་ བྱུང་བ ས"
                            ]
                        }
                    ]
                },
                {
                    "13": [
                        [
                            "《བཞག》ཞེས་པ།【〈འཇོག〉གི་ འདས་པ།】【〈འཇོག〉གི་ འདས་པ། ཐ་དད་པ།】",
                            "《གཞག》ཞེས་པ།【〈འཇོག〉གི་ མ་འོངས་པ།】【〈འཇོག〉གི་ མ་འོངས་པ། ཐ་དད་པ།】"
                        ],
                        {
                            "པེ་": [
                                " །_། རྟགས་ གསུམ་ དག་ ལ་",
                                "བཞག་པ ར་",
                                "བྱ །_། དེ ས་ ནི་"
                            ],
                            "སྡེ་": [
                                " །_། རྟགས་ གསུམ་ དག་ ལ་",
                                "གཞག་པ ར་",
                                "བྱ །_། དེ ས་ ནི་"
                            ],
                            "སྣར་": [
                                " །_། རྟགས་ གསུམ་ དག་ ལ་",
                                "བཞག་པ ར་",
                                "བྱ །_། དེ ས་ ནི་"
                            ]
                        }
                    ]
                },
                {
                    "22": [
                        [
                            "《དྲངས》ཞེས་པ།【〈འདྲེན〉གི་ འདས་པ།】【〈འདྲེན〉གི་ འདས་པ། ཐ་དད་པ།】",
                            "《དྲང》ཞེས་པ།【〈འདྲེན〉གི་ མ་འོངས་པ།】【〈འདྲེན〉གི་ མ་འོངས་པ། ཐ་དད་པ།】"
                        ],
                        {
                            "པེ་": [
                                "གོང་ བཞིན་ བྲི །_། སྤྱན་",
                                "དྲང་",
                                "མདུན་ གྱི་ ནམ་མཁའ་ ལ"
                            ],
                            "སྡེ་": [
                                "གོང་ བཞིན་ བྲི །_། སྤྱན་",
                                "དྲངས་",
                                "མདུན་ གྱི་ ནམ་མཁའ་ ལ"
                            ],
                            "སྣར་": [
                                "གོང་ བཞིན་ བྲི །_། སྤྱན་",
                                "དྲང་",
                                "མདུན་ གྱི་ ནམ་མཁའ་ ལ"
                            ]
                        }
                    ]
                }
            ],
            "diff_verb": [
                {
                    "11": [
                        [
                            "《འགྱིངས》ཞེས་པ།【〈འགྱིངས〉གི་ འདས་པ། ཐ་མི་དད་པ།】【〈འགྱིངས〉གི་ སྐུལ་ཚིག ཐ་མི་དད་པ།】【〈འགྱིང〉གི་ འདས་པ། ཐ་མི་དད་པ།】【〈འགྱིང〉གི་ སྐུལ་ཚིག ཐ་མི་དད་པ།】",
                            "《འགྱིང》ཞེས་པ།【〈འགྱིངས〉གི་ ད་ལྟ་བ། ཐ་མི་དད་པ།】【〈འགྱིངས〉གི་ མ་འོངས་པ། ཐ་མི་དད་པ།】【〈འགྱིང〉གི་ ད་ལྟ་བ། ཐ་མི་དད་པ།】【〈འགྱིང〉གི་ མ་འོངས་པ། ཐ་མི་དད་པ།】"
                        ],
                        {
                            "པེ་": [
                                " །_། སློབ་དཔོན་ རབ་ཏུ་",
                                "འགྱིངས་",
                                "བཅས་པ ས །_། རྡོ་རྗེ་"
                            ],
                            "སྡེ་": [
                                " །_། སློབ་དཔོན་ རབ་ཏུ་",
                                "འགྱིང་",
                                "བཅས་པ ས །_། རྡོ་རྗེ་"
                            ],
                            "སྣར་": [
                                " །_། སློབ་དཔོན་ རབ་ཏུ་",
                                "འགྱིངས་",
                                "བཅས་པ ས །_། རྡོ་རྗེ་"
                            ]
                        }
                    ]
                }
            ],
            "not_sure": []
        }
    },
    "dunno": {
        "long_diff": [],
        "no_diff": [
            {
                "2": [
                    {
                        "པེ་": [
                            "དང་  །_། ཟླ་བ་",
                            "ལྟ་བུ་",
                            "མཐུ་ མངའ་བ འི །_། སེལ་"
                        ],
                        "སྡེ་": [
                            "དང་  །_། ཟླ་བ་",
                            "ལྟ་བུ འི་",
                            "མཐུ་ མངའ་བ འི །_། སེལ་"
                        ],
                        "སྣར་": [
                            "དང་  །_། ཟླ་བ་",
                            "ལྟ་བུ་",
                            "མཐུ་ མངའ་བ འི །_། སེལ་"
                        ]
                    }
                ]
            },
            {
                "4": [
                    {
                        "པེ་": [
                            "གང་བ །_། གྲུ་ བཞི་",
                            "མཐ ས་པ ར་",
                            "བྱས་པ་ ལ །_། "
                        ],
                        "སྡེ་": [
                            "གང་བ །_། གྲུ་ བཞི་",
                            "འཐས་པ ར་",
                            "བྱས་པ་ ལ །_། "
                        ],
                        "སྣར་": [
                            "གང་བ །_། གྲུ་ བཞི་",
                            "འཐས་པ ར་",
                            "བྱས་པ་ ལ །_། "
                        ]
                    }
                ]
            },
            {
                "5": [
                    {
                        "པེ་": [
                            " །_། སྐུ་ གསུང་ ཐུགས་ ཀྱི་",
                            "རྟག་",
                            "མཆོག་ བཞག _། ཆུ་ གསུམ་"
                        ],
                        "སྡེ་": [
                            " །_། སྐུ་ གསུང་ ཐུགས་ ཀྱི་",
                            "རྟགས་",
                            "མཆོག་ བཞག _། ཆུ་ གསུམ་"
                        ],
                        "སྣར་": [
                            " །_། སྐུ་ གསུང་ ཐུགས་ ཀྱི་",
                            "རྟག་",
                            "མཆོག་ བཞག _། ཆུ་ གསུམ་"
                        ]
                    }
                ]
            },
            {
                "6": [
                    {
                        "པེ་": [
                            "མཆོག་ བཞག _། ཆུ་ གསུམ་",
                            "དུས་པ ས་",
                            "ཁྲུས་ རྣམས་ བྱ །_། "
                        ],
                        "སྡེ་": [
                            "མཆོག་ བཞག _། ཆུ་ གསུམ་",
                            "འདུས་པ ས་",
                            "ཁྲུས་ རྣམས་ བྱ །_། "
                        ],
                        "སྣར་": [
                            "མཆོག་ བཞག _། ཆུ་ གསུམ་",
                            "དུས་པ ས་",
                            "ཁྲུས་ རྣམས་ བྱ །_། "
                        ]
                    }
                ]
            },
            {
                "10": [
                    {
                        "པེ་": [
                            " །_། གོང་ གི་ སྟོབས་ ཀྱིས་",
                            "གོང་",
                            "འགྱུར་བ །_། རང་ གི་"
                        ],
                        "སྡེ་": [
                            " །_། གོང་ གི་ སྟོབས་ ཀྱིས་",
                            "གང་",
                            "འགྱུར་བ །_། རང་ གི་"
                        ],
                        "སྣར་": [
                            " །_། གོང་ གི་ སྟོབས་ ཀྱིས་",
                            "གོང་",
                            "འགྱུར་བ །_། རང་ གི་"
                        ]
                    }
                ]
            },
            {
                "12": [
                    {
                        "པེ་": [
                            "རྒྱ་ བཞི་ ལྡན་པ ས །_།",
                            "རྟག་",
                            "གསུམ་ དག་ ལ་ གཞག་པ ར་"
                        ],
                        "སྡེ་": [
                            "རྒྱ་ བཞི་ ལྡན་པ ས །_།",
                            "རྟགས་",
                            "གསུམ་ དག་ ལ་ གཞག་པ ར་"
                        ],
                        "སྣར་": [
                            "རྒྱ་ བཞི་ ལྡན་པ ས །_།",
                            "རྟག་",
                            "གསུམ་ དག་ ལ་ གཞག་པ ར་"
                        ]
                    }
                ]
            },
            {
                "14": [
                    {
                        "པེ་": [
                            "གསོལ །_། གསང་ སྔགས་",
                            "རྒྱལ་པོ་",
                            "མཐའ་ ལ་ ནི །_། འབྲུ་"
                        ],
                        "སྡེ་": [
                            "གསོལ །_། གསང་ སྔགས་",
                            "རྒྱལ་པོ འི་",
                            "མཐའ་ ལ་ ནི །_། འབྲུ་"
                        ],
                        "སྣར་": [
                            "གསོལ །_། གསང་ སྔགས་",
                            "རྒྱལ་པོ་",
                            "མཐའ་ ལ་ ནི །_། འབྲུ་"
                        ]
                    }
                ]
            },
            {
                "15": [
                    {
                        "པེ་": [
                            "གཏོར་ མ་ གཉིས་ ཀྱིས་ གཙང་",
                            "རིས་",
                            "དང་  །_། #བགེགས་ དང་ རིགས་"
                        ],
                        "སྡེ་": [
                            "གཏོར་ མ་ གཉིས་ ཀྱིས་ གཙང་",
                            "རིགས་",
                            "དང་  །_། #བགེགས་ དང་ རིགས་"
                        ],
                        "སྣར་": [
                            "གཏོར་ མ་ གཉིས་ ཀྱིས་ གཙང་",
                            "རིས་",
                            "དང་  །_། #བགེགས་ དང་ རིགས་"
                        ]
                    }
                ]
            },
            {
                "16": [
                    {
                        "པེ་": [
                            "རིགས་ དང་  །_། #བགེགས་ དང་",
                            "རིས་",
                            "དྲུག་ མ་ ལུས་པ །_། "
                        ],
                        "སྡེ་": [
                            "རིགས་ དང་  །_། #བགེགས་ དང་",
                            "རིགས་",
                            "དྲུག་ མ་ ལུས་པ །_། "
                        ],
                        "སྣར་": [
                            "རིགས་ དང་  །_། #བགེགས་ དང་",
                            "རིས་",
                            "དྲུག་ མ་ ལུས་པ །_། "
                        ]
                    }
                ]
            },
            {
                "24": [
                    {
                        "པེ་": [
                            "དང་ སྡུག་བསྔལ་ #རྩད་",
                            "ཆོད་ ནས",
                            "།_། ཞིང་ ཁམས་ གཙང་མ ར་"
                        ],
                        "སྡེ་": [
                            "དང་ སྡུག་བསྔལ་ #རྩད་",
                            "ནས་ ཆོད",
                            "།_། ཞིང་ ཁམས་ གཙང་མ ར་"
                        ],
                        "སྣར་": [
                            "དང་ སྡུག་བསྔལ་ #རྩད་",
                            "ཆོད་ ནས",
                            "།_། ཞིང་ ཁམས་ གཙང་མ ར་"
                        ]
                    }
                ]
            }
        ],
        "short_diff": []
    },
    "empty_notes": [
        {
            "25": [
                {
                    "པེ་": [
                        "མཛད་པ་ རྫོགས་ སོ །། ",
                        "",
                        "མཛད་པ་ རྫོགས་ སོ །། "
                    ],
                    "སྡེ་": [
                        "མཛད་པ་ རྫོགས་ སོ །། ",
                        "",
                        "མཛད་པ་ རྫོགས་ སོ །། "
                    ],
                    "སྣར་": [
                        "མཛད་པ་ རྫོགས་ སོ །། ",
                        "",
                        "མཛད་པ་ རྫོགས་ སོ །། "
                    ]
                }
            ]
        }
    ],
    "manual_categorisation": {
        "long_difference": {
            "differing_formulation": [],
            "major_modification": []
        },
        "manual_evaluation": {
            "derge_correct": [],
            "meaning_difference": {
                "great_diff": [],
                "medium_diff": [],
                "small_diff": []
            }
        }
    },
    "ngram_freq": {
        "1": {
            "པེ་": [],
            "སྡེ་": [],
            "སྣར་": []
        },
        "10": {
            "པེ་": [
                [
                    "གོང",
                    "3101"
                ]
            ],
            "སྡེ་": [
                [
                    "གང",
                    "44"
                ],
                [
                    "ཀྱིས་གང",
                    "822"
                ]
            ],
            "སྣར་": [
                [
                    "གོང",
                    "3101"
                ]
            ]
        },
        "11": {
            "པེ་": [
                [
                    "འགྱིངས",
                    "3"
                ]
            ],
            "སྡེ་": [
                [
                    "འགྱིང",
                    "336"
                ]
            ],
            "སྣར་": [
                [
                    "འགྱིངས",
                    "3"
                ]
            ]
        },
        "12": {
            "པེ་": [
                [
                    "རྟག",
                    "67"
                ],
                [
                    "།_།རྟག",
                    "3352"
                ]
            ],
            "སྡེ་": [
                [
                    "རྟགས",
                    "121"
                ],
                [
                    "།_།རྟགས",
                    "140"
                ]
            ],
            "སྣར་": [
                [
                    "རྟག",
                    "67"
                ],
                [
                    "།_།རྟག",
                    "3352"
                ]
            ]
        },
        "13": {
            "པེ་": [
                [
                    "བཞག་པར",
                    "237"
                ]
            ],
            "སྡེ་": [
                [
                    "གཞག་པར",
                    "2035"
                ],
                [
                    "ལ་གཞག་པར",
                    "166"
                ],
                [
                    "གཞག་པར་བྱ",
                    "205"
                ],
                [
                    "ལ་གཞག་པར་བྱ",
                    "89"
                ]
            ],
            "སྣར་": [
                [
                    "བཞག་པར",
                    "237"
                ]
            ]
        },
        "14": {
            "པེ་": [
                [
                    "རྒྱལ་པོ",
                    "212"
                ],
                [
                    "རྒྱལ་པོ་མཐའ",
                    "60"
                ],
                [
                    "སྔགས་རྒྱལ་པོ",
                    "87"
                ]
            ],
            "སྡེ་": [
                [
                    "རྒྱལ་པོའི",
                    "6846"
                ]
            ],
            "སྣར་": [
                [
                    "རྒྱལ་པོ",
                    "212"
                ],
                [
                    "རྒྱལ་པོ་མཐའ",
                    "60"
                ],
                [
                    "སྔགས་རྒྱལ་པོ",
                    "87"
                ]
            ]
        },
        "15": {
            "པེ་": [
                [
                    "རིས",
                    "16"
                ],
                [
                    "རིས་དང",
                    "450"
                ]
            ],
            "སྡེ་": [
                [
                    "རིགས",
                    "336"
                ],
                [
                    "རིགས་དང",
                    "1210"
                ]
            ],
            "སྣར་": [
                [
                    "རིས",
                    "16"
                ],
                [
                    "རིས་དང",
                    "450"
                ]
            ]
        },
        "16": {
            "པེ་": [
                [
                    "རིས",
                    "16"
                ]
            ],
            "སྡེ་": [
                [
                    "རིགས",
                    "336"
                ],
                [
                    "དང་རིགས",
                    "802"
                ],
                [
                    "རིགས་དྲུག",
                    "100"
                ]
            ],
            "སྣར་": [
                [
                    "རིས",
                    "16"
                ]
            ]
        },
        "17": {
            "པེ་": [
                [
                    "ད",
                    "194"
                ],
                [
                    "།_ད",
                    "3260"
                ],
                [
                    "ད་ར",
                    "71"
                ],
                [
                    "།_ད་ར",
                    "58"
                ]
            ],
            "སྡེ་": [
                [
                    "དྷ",
                    "248"
                ],
                [
                    "།_དྷ",
                    "422"
                ],
                [
                    "དྷ་ར",
                    "361"
                ],
                [
                    "།_དྷ་ར",
                    "182"
                ]
            ],
            "སྣར་": [
                [
                    "ད",
                    "194"
                ],
                [
                    "།_ད",
                    "3260"
                ],
                [
                    "ད་ར",
                    "71"
                ],
                [
                    "།_ད་ར",
                    "58"
                ]
            ]
        },
        "18": {
            "པེ་": [],
            "སྡེ་": [],
            "སྣར་": []
        },
        "19": {
            "པེ་": [
                [
                    "ཀ་ཏི",
                    "122"
                ]
            ],
            "སྡེ་": [
                [
                    "ཀརྟི",
                    "6"
                ]
            ],
            "སྣར་": [
                [
                    "ཀ་ཏི",
                    "122"
                ]
            ]
        },
        "2": {
            "པེ་": [
                [
                    "ལྟ་བུ",
                    "1179"
                ]
            ],
            "སྡེ་": [
                [
                    "ལྟ་བུའི",
                    "50"
                ]
            ],
            "སྣར་": [
                [
                    "ལྟ་བུ",
                    "1179"
                ]
            ]
        },
        "20": {
            "པེ་": [],
            "སྡེ་": [],
            "སྣར་": []
        },
        "21": {
            "པེ་": [
                [
                    "མནྟྲ",
                    "25"
                ]
            ],
            "སྡེ་": [],
            "སྣར་": [
                [
                    "མནྟྲ",
                    "25"
                ]
            ]
        },
        "22": {
            "པེ་": [
                [
                    "དྲང",
                    "1"
                ],
                [
                    "སྤྱན་དྲང",
                    "428"
                ]
            ],
            "སྡེ་": [
                [
                    "དྲངས",
                    "45"
                ],
                [
                    "སྤྱན་དྲངས",
                    "611"
                ]
            ],
            "སྣར་": [
                [
                    "དྲང",
                    "1"
                ],
                [
                    "སྤྱན་དྲང",
                    "428"
                ]
            ]
        },
        "23": {
            "པེ་": [
                [
                    "ཡི",
                    "8322"
                ]
            ],
            "སྡེ་": [
                [
                    "ཡང",
                    "82"
                ],
                [
                    "ཡང་དགེ་བ",
                    "64"
                ]
            ],
            "སྣར་": [
                [
                    "ཡི",
                    "8322"
                ]
            ]
        },
        "24": {
            "པེ་": [],
            "སྡེ་": [],
            "སྣར་": []
        },
        "25": {
            "པེ་": [
                [
                    "",
                    "1"
                ],
                [
                    "མཛད་པ",
                    "1162"
                ]
            ],
            "སྡེ་": [
                [
                    "",
                    "1"
                ],
                [
                    "མཛད་པ",
                    "1162"
                ]
            ],
            "སྣར་": [
                [
                    "",
                    "1"
                ],
                [
                    "མཛད་པ",
                    "1162"
                ]
            ]
        },
        "3": {
            "པེ་": [
                [
                    "གསོག",
                    "24"
                ]
            ],
            "སྡེ་": [
                [
                    "སོགས",
                    "1011"
                ],
                [
                    "ཚོགས་སོགས",
                    "67"
                ]
            ],
            "སྣར་": [
                [
                    "གསོག",
                    "24"
                ]
            ]
        },
        "4": {
            "པེ་": [],
            "སྡེ་": [],
            "སྣར་": []
        },
        "5": {
            "པེ་": [
                [
                    "རྟག",
                    "67"
                ]
            ],
            "སྡེ་": [
                [
                    "རྟགས",
                    "121"
                ]
            ],
            "སྣར་": [
                [
                    "རྟག",
                    "67"
                ]
            ]
        },
        "6": {
            "པེ་": [],
            "སྡེ་": [
                [
                    "འདུས་པས",
                    "116"
                ]
            ],
            "སྣར་": []
        },
        "7": {
            "པེ་": [],
            "སྡེ་": [],
            "སྣར་": []
        },
        "8": {
            "པེ་": [],
            "སྡེ་": [],
            "སྣར་": []
        },
        "9": {
            "པེ་": [],
            "སྡེ་": [],
            "སྣར་": []
        }
    },
    "non_standard_notes": [],
    "profile": {
        "1": [
            "པེ་=སྣར་ སྡེ་",
            "88.00%"
        ],
        "10": [
            "པེ་=སྣར་ སྡེ་",
            "88.00%"
        ],
        "11": [
            "པེ་=སྣར་ སྡེ་",
            "88.00%"
        ],
        "12": [
            "པེ་=སྣར་ སྡེ་",
            "88.00%"
        ],
        "13": [
            "པེ་=སྣར་ སྡེ་",
            "88.00%"
        ],
        "14": [
            "པེ་=སྣར་ སྡེ་",
            "88.00%"
        ],
        "15": [
            "པེ་=སྣར་ སྡེ་",
            "88.00%"
        ],
        "16": [
            "པེ་=སྣར་ སྡེ་",
            "88.00%"
        ],
        "17": [
            "པེ་=སྣར་ སྡེ་",
            "88.00%"
        ],
        "18": [
            "པེ་ སྡེ་ སྣར་",
            "4.00%"
        ],
        "19": [
            "པེ་=སྣར་ སྡེ་",
            "88.00%"
        ],
        "2": [
            "པེ་=སྣར་ སྡེ་",
            "88.00%"
        ],
        "20": [
            "པེ་=སྣར་ སྡེ་",
            "88.00%"
        ],
        "21": [
            "པེ་=སྣར་ སྡེ་",
            "88.00%"
        ],
        "22": [
            "པེ་=སྣར་ སྡེ་",
            "88.00%"
        ],
        "23": [
            "པེ་=སྣར་ སྡེ་",
            "88.00%"
        ],
        "24": [
            "པེ་=སྣར་ སྡེ་",
            "88.00%"
        ],
        "25": [
            "པེ་=སྡེ་=སྣར་",
            "4.00%"
        ],
        "3": [
            "པེ་=སྣར་ སྡེ་",
            "88.00%"
        ],
        "4": [
            "པེ་ སྡེ་=སྣར་",
            "4.00%"
        ],
        "5": [
            "པེ་=སྣར་ སྡེ་",
            "88.00%"
        ],
        "6": [
            "པེ་=སྣར་ སྡེ་",
            "88.00%"
        ],
        "7": [
            "པེ་=སྣར་ སྡེ་",
            "88.00%"
        ],
        "8": [
            "པེ་=སྣར་ སྡེ་",
            "88.00%"
        ],
        "9": [
            "པེ་=སྣར་ སྡེ་",
            "88.00%"
        ]
    }
}