﻿{
    "Stats": {
        "Categorised": "3 notes (27.27%)",
        "Notes’ total": 11,
        "Profiles": [
            "པེ་ སྡེ་: 90.91% (10 notes)",
            "པེ་=སྡེ་: 9.09% (1 notes)"
        ],
        "automatic_categorisation": {
            "min_mod": {
                "particle_groups": 1
            },
            "particle_issues": {},
            "spelling_mistake": {
                "non_word": {}
            },
            "verb_difference": {
                "diff_verb": 1
            }
        },
        "dunno": {
            "no_diff": 7,
            "short_diff": 1
        },
        "empty_notes": 1,
        "manual_categorisation": {
            "long_difference": {},
            "manual_evaluation": {
                "meaning_difference": {}
            }
        },
        "ngram_freq": {},
        "profile": {}
    },
    "automatic_categorisation": {
        "min_mod": {
            "min_mod_groups": [],
            "particle_groups": [
                {
                    "1": [
                        [
                            "dreldra",
                            "jedra"
                        ],
                        {
                            "པེ་": [
                                "རྣམས་ ནི །_། རང་",
                                "གི་",
                                "འཇུག་ གནས་ ཐམས་ཅད་ ལས"
                            ],
                            "སྡེ་": [
                                "རྣམས་ ནི །_། རང་",
                                "གིས་",
                                "འཇུག་ གནས་ ཐམས་ཅད་ ལས"
                            ]
                        }
                    ]
                }
            ]
        },
        "particle_issues": {
            "added_particle": [],
            "agreement_issue": [],
            "different_particles": [],
            "other": [],
            "po-bo-pa-ba": []
        },
        "spelling_mistake": {
            "missing_vowel": [],
            "nga_da": [],
            "non_word": {
                "ill_formed": [],
                "well_formed": []
            }
        },
        "sskrt": [],
        "verb_difference": {
            "diff_tense": [],
            "diff_verb": [
                {
                    "4": [
                        [
                            "《སྤྲོ》ཞེས་པ།【〈སྤྲོས〉གི་ ད་ལྟ་བ།】【〈སྤྲོས〉གི་ མ་འོངས་པ།】【〈སྤྲོ〉གི་ ད་ལྟ་བ། ཐ་དད་པ།】【〈སྤྲོ〉གི་ མ་འོངས་པ། ཐ་དད་པ།】",
                            "《སྤོ》ཞེས་པ།【〈སྤོས〉གི་ ད་ལྟ་བ། ཐ་དད་པ།】【〈སྤོས〉གི་ མ་འོངས་པ། ཐ་དད་པ།】【〈སྤོ〉གི་ ད་ལྟ་བ།】【〈སྤོ〉གི་ ད་ལྟ་བ། ཐ་དད་པ།】【〈སྤོ〉གི་ མ་འོངས་པ།】【〈སྤོ〉གི་ མ་འོངས་པ། ཐ་དད་པ།】"
                        ],
                        {
                            "པེ་": [
                                "ནམ་མཁ འི་ ཁམས་ སུ་",
                                "སྤྲོ་",
                                "བར་ བྱ །_། གང་ཞིག་"
                            ],
                            "སྡེ་": [
                                "ནམ་མཁ འི་ ཁམས་ སུ་",
                                "སྤོ་",
                                "བར་ བྱ །_། གང་ཞིག་"
                            ]
                        }
                    ]
                }
            ],
            "not_sure": []
        }
    },
    "dunno": {
        "long_diff": [],
        "no_diff": [
            {
                "2": [
                    {
                        "པེ་": [
                            "རྒྱས་ ཐམས་ཅད་ འབྱུང་",
                            "ཞི་བ _།།",
                            "ནམ་མཁའ་ ཀུན་ ལ་"
                        ],
                        "སྡེ་": [
                            "རྒྱས་ ཐམས་ཅད་ འབྱུང་",
                            "བཞི་པ །།",
                            "ནམ་མཁའ་ ཀུན་ ལ་"
                        ]
                    }
                ]
            },
            {
                "3": [
                    {
                        "པེ་": [
                            "ལྔ་ ལས་ བྱུང་བ འི་",
                            "དབྱུགས",
                            "_།། འབྱུང་བ་ ལྔ་ ཡི་"
                        ],
                        "སྡེ་": [
                            "ལྔ་ ལས་ བྱུང་བ འི་",
                            "དབུགས",
                            "_།། འབྱུང་བ་ ལྔ་ ཡི་"
                        ]
                    }
                ]
            },
            {
                "5": [
                    {
                        "པེ་": [
                            "སོ་སོ ར་ སྣང་བ་",
                            "སྟེ",
                            "_།། ཐབས་ དང་ ཤེས་རབ་"
                        ],
                        "སྡེ་": [
                            "སོ་སོ ར་ སྣང་བ་",
                            "སྐྱེ",
                            "_།། ཐབས་ དང་ ཤེས་རབ་"
                        ]
                    }
                ]
            },
            {
                "6": [
                    {
                        "པེ་": [
                            "ཡིན་པ་ དེ་ ནི་",
                            "དཀའ་བ་",
                            "འདྲ་བ འོ །_། དེ་"
                        ],
                        "སྡེ་": [
                            "ཡིན་པ་ དེ་ ནི་",
                            "དགའ་བ་",
                            "འདྲ་བ འོ །_། དེ་"
                        ]
                    }
                ]
            },
            {
                "7": [
                    {
                        "པེ་": [
                            " །_ རང་ གི་ སྙིང་",
                            "ཁ འི་",
                            "པདྨ་ དཀར་པོ་ ལ་ བསམས་"
                        ],
                        "སྡེ་": [
                            " །_ རང་ གི་ སྙིང་",
                            "ག འི་",
                            "པདྨ་ དཀར་པོ་ ལ་ བསམས་"
                        ]
                    }
                ]
            },
            {
                "8": [
                    {
                        "པེ་": [
                            "རིན་པོ་ཆེ་ ལ་",
                            "སྲོགས་",
                            "རྩོལ་ དང་ ལྷན་ཅིག་པ ས་"
                        ],
                        "སྡེ་": [
                            "རིན་པོ་ཆེ་ ལ་",
                            "སྲོག་",
                            "རྩོལ་ དང་ ལྷན་ཅིག་པ ས་"
                        ]
                    }
                ]
            },
            {
                "9": [
                    {
                        "པེ་": [
                            "སྐུ འི་ རང་བཞིན་ གྱིས་",
                            "ཁྱད་པར་",
                            "བྱ འོ །_། འདི་ལྟར་"
                        ],
                        "སྡེ་": [
                            "སྐུ འི་ རང་བཞིན་ གྱིས་",
                            "ཁྱབ་པ ར་",
                            "བྱ འོ །_། འདི་ལྟར་"
                        ]
                    }
                ]
            }
        ],
        "short_diff": [
            {
                "10": [
                    {
                        "པེ་": [
                            "དང་ ཤེས་རབ་",
                            "སྙོམས་པར་",
                            "འཇུག་པ་ ནི་ ཀུན་རྫོབ་"
                        ],
                        "སྡེ་": [
                            "དང་ ཤེས་རབ་",
                            "སྙོམས་",
                            "འཇུག་པ་ ནི་ ཀུན་རྫོབ་"
                        ]
                    }
                ]
            }
        ]
    },
    "empty_notes": [
        {
            "11": [
                {
                    "པེ་": [
                        "ལ་ ཕྱག་ འཚལ་ ལོ །།_།། ",
                        "",
                        "ལ་ ཕྱག་ འཚལ་ ལོ །།_།། "
                    ],
                    "སྡེ་": [
                        "ལ་ ཕྱག་ འཚལ་ ལོ །།_།། ",
                        "",
                        "ལ་ ཕྱག་ འཚལ་ ལོ །།_།། "
                    ]
                }
            ]
        }
    ],
    "manual_categorisation": {
        "long_difference": {
            "differing_formulation": [],
            "major_modification": []
        },
        "manual_evaluation": {
            "derge_correct": [],
            "meaning_difference": {
                "great_diff": [],
                "medium_diff": [],
                "small_diff": []
            }
        }
    },
    "ngram_freq": {
        "1": {
            "པེ་": [
                [
                    "གི",
                    "1276"
                ],
                [
                    "རང་གི",
                    "12122"
                ]
            ],
            "སྡེ་": [
                [
                    "གིས",
                    "2588"
                ],
                [
                    "རང་གིས",
                    "930"
                ]
            ]
        },
        "10": {
            "པེ་": [
                [
                    "སྙོམས་པར",
                    "10343"
                ],
                [
                    "སྙོམས་པར་འཇུག་པ",
                    "5707"
                ]
            ],
            "སྡེ་": [
                [
                    "སྙོམས",
                    "27"
                ]
            ]
        },
        "11": {
            "པེ་": [
                [
                    "",
                    "1"
                ],
                [
                    "ལ",
                    "33965"
                ],
                [
                    "ལ་ཕྱག",
                    "12940"
                ]
            ],
            "སྡེ་": [
                [
                    "",
                    "1"
                ],
                [
                    "ལ",
                    "33965"
                ],
                [
                    "ལ་ཕྱག",
                    "12940"
                ]
            ]
        },
        "2": {
            "པེ་": [],
            "སྡེ་": []
        },
        "3": {
            "པེ་": [
                [
                    "དབྱུགས",
                    "4"
                ]
            ],
            "སྡེ་": [
                [
                    "དབུགས",
                    "9"
                ]
            ]
        },
        "4": {
            "པེ་": [
                [
                    "སྤྲོ",
                    "232"
                ],
                [
                    "སྤྲོ་བར",
                    "544"
                ]
            ],
            "སྡེ་": [
                [
                    "སྤོ",
                    "5"
                ]
            ]
        },
        "5": {
            "པེ་": [
                [
                    "སྟེ",
                    "27897"
                ],
                [
                    "སྣང་བ་སྟེ",
                    "82"
                ]
            ],
            "སྡེ་": [
                [
                    "སྐྱེ",
                    "779"
                ]
            ]
        },
        "6": {
            "པེ་": [
                [
                    "དཀའ་བ",
                    "324"
                ],
                [
                    "ནི་དཀའ་བ",
                    "132"
                ]
            ],
            "སྡེ་": [
                [
                    "དགའ་བ",
                    "445"
                ],
                [
                    "ནི་དགའ་བ",
                    "178"
                ]
            ]
        },
        "7": {
            "པེ་": [
                [
                    "ཁའི",
                    "292"
                ],
                [
                    "སྙིང་ཁའི",
                    "40"
                ]
            ],
            "སྡེ་": [
                [
                    "གའི",
                    "1712"
                ],
                [
                    "སྙིང་གའི",
                    "188"
                ]
            ]
        },
        "8": {
            "པེ་": [
                [
                    "སྲོགས",
                    "4"
                ]
            ],
            "སྡེ་": [
                [
                    "སྲོག",
                    "31"
                ],
                [
                    "ལ་སྲོག",
                    "253"
                ],
                [
                    "སྲོག་རྩོལ",
                    "59"
                ]
            ]
        },
        "9": {
            "པེ་": [
                [
                    "ཁྱད་པར",
                    "4944"
                ]
            ],
            "སྡེ་": [
                [
                    "ཁྱབ་པར",
                    "1799"
                ]
            ]
        }
    },
    "non_standard_notes": [],
    "profile": {
        "1": [
            "པེ་ སྡེ་",
            "90.91%"
        ],
        "10": [
            "པེ་ སྡེ་",
            "90.91%"
        ],
        "11": [
            "པེ་=སྡེ་",
            "9.09%"
        ],
        "2": [
            "པེ་ སྡེ་",
            "90.91%"
        ],
        "3": [
            "པེ་ སྡེ་",
            "90.91%"
        ],
        "4": [
            "པེ་ སྡེ་",
            "90.91%"
        ],
        "5": [
            "པེ་ སྡེ་",
            "90.91%"
        ],
        "6": [
            "པེ་ སྡེ་",
            "90.91%"
        ],
        "7": [
            "པེ་ སྡེ་",
            "90.91%"
        ],
        "8": [
            "པེ་ སྡེ་",
            "90.91%"
        ],
        "9": [
            "པེ་ སྡེ་",
            "90.91%"
        ]
    }
}