﻿{
    "Stats": {
        "Categorised": "2 notes (100.00%)",
        "Notes’ total": 2,
        "Profiles": [
            "པེ་=སྣར་ སྡེ་: 50.00% (1 notes)",
            "པེ་=སྡེ་=སྣར་: 50.00% (1 notes)"
        ],
        "automatic_categorisation": {
            "min_mod": {},
            "particle_issues": {},
            "spelling_mistake": {
                "non_word": {}
            },
            "verb_difference": {
                "diff_verb": 1
            }
        },
        "dunno": {},
        "empty_notes": 1,
        "manual_categorisation": {
            "long_difference": {},
            "manual_evaluation": {
                "meaning_difference": {}
            }
        },
        "ngram_freq": {},
        "profile": {}
    },
    "automatic_categorisation": {
        "min_mod": {
            "min_mod_groups": [],
            "particle_groups": []
        },
        "particle_issues": {
            "added_particle": [],
            "agreement_issue": [],
            "different_particles": [],
            "other": [],
            "po-bo-pa-ba": []
        },
        "spelling_mistake": {
            "missing_vowel": [],
            "nga_da": [],
            "non_word": {
                "ill_formed": [],
                "well_formed": []
            }
        },
        "sskrt": [],
        "verb_difference": {
            "diff_tense": [],
            "diff_verb": [
                {
                    "1": [
                        [
                            "《བསྟན》ཞེས་པ།【〈སྟོན〉གི་ མ་འོངས་པ། ཐ་དད་པ།】【〈སྟོན〉གི་ འདས་པ། ཐ་དད་པ།】",
                            "《བསྟེན》ཞེས་པ།【〈བསྟེན〉གི་ མ་འོངས་པ། ཐ་དད་པ།】【〈བསྟེན〉གི་ འདས་པ། ཐ་དད་པ།】【〈སྟེན〉གི་ མ་འོངས་པ།】【〈སྟེན〉གི་ མ་འོངས་པ། ཐ་དད་པ།】【〈སྟེན〉གི་ འདས་པ།】【〈སྟེན〉གི་ འདས་པ། ཐ་དད་པ།】"
                        ],
                        {
                            "པེ་": [
                                "ལོ །_། དམ་པ་ ཉེར་",
                                "བསྟེན་",
                                "ཅིག་ཤོས་ མིན །_། སྣོད་"
                            ],
                            "སྡེ་": [
                                "ལོ །_། དམ་པ་ ཉེར་",
                                "བསྟན་",
                                "ཅིག་ཤོས་ མིན །_། སྣོད་"
                            ],
                            "སྣར་": [
                                "ལོ །_། དམ་པ་ ཉེར་",
                                "བསྟེན་",
                                "ཅིག་ཤོས་ མིན །_། སྣོད་"
                            ]
                        }
                    ]
                }
            ],
            "not_sure": []
        }
    },
    "dunno": {
        "long_diff": [],
        "no_diff": [],
        "short_diff": []
    },
    "empty_notes": [
        {
            "2": [
                {
                    "པེ་": [
                        "བདུན་པ་ རྫོགས་ སོ །། ",
                        "",
                        "བདུན་པ་ རྫོགས་ སོ །། "
                    ],
                    "སྡེ་": [
                        "བདུན་པ་ རྫོགས་ སོ །། ",
                        "",
                        "བདུན་པ་ རྫོགས་ སོ །། "
                    ],
                    "སྣར་": [
                        "བདུན་པ་ རྫོགས་ སོ །། ",
                        "",
                        "བདུན་པ་ རྫོགས་ སོ །། "
                    ]
                }
            ]
        }
    ],
    "manual_categorisation": {
        "long_difference": {
            "differing_formulation": [],
            "major_modification": []
        },
        "manual_evaluation": {
            "derge_correct": [],
            "meaning_difference": {
                "great_diff": [],
                "medium_diff": [],
                "small_diff": []
            }
        }
    },
    "ngram_freq": {
        "1": {
            "པེ་": [
                [
                    "བསྟེན",
                    "184"
                ]
            ],
            "སྡེ་": [
                [
                    "བསྟན",
                    "2152"
                ]
            ],
            "སྣར་": [
                [
                    "བསྟེན",
                    "184"
                ]
            ]
        },
        "2": {
            "པེ་": [
                [
                    "",
                    "1"
                ],
                [
                    "བདུན་པ",
                    "178"
                ],
                [
                    "བདུན་པ་རྫོགས",
                    "51"
                ]
            ],
            "སྡེ་": [
                [
                    "",
                    "1"
                ],
                [
                    "བདུན་པ",
                    "178"
                ],
                [
                    "བདུན་པ་རྫོགས",
                    "51"
                ]
            ],
            "སྣར་": [
                [
                    "",
                    "1"
                ],
                [
                    "བདུན་པ",
                    "178"
                ],
                [
                    "བདུན་པ་རྫོགས",
                    "51"
                ]
            ]
        }
    },
    "non_standard_notes": [],
    "profile": {
        "1": [
            "པེ་=སྣར་ སྡེ་",
            "50.00%"
        ],
        "2": [
            "པེ་=སྡེ་=སྣར་",
            "50.00%"
        ]
    }
}