﻿{
    "Stats": {
        "Categorised": "12 notes (70.59%)",
        "Notes’ total": 17,
        "Profiles": [
            "པེ་=སྣར་ སྡེ་: 17.65% (3 notes)",
            "པེ་=སྡེ་=སྣར་: 5.88% (1 notes)",
            "པེ་=སྡེ་ སྣར་: 29.41% (5 notes)",
            "པེ་ སྡེ་=སྣར་: 47.06% (8 notes)"
        ],
        "automatic_categorisation": {
            "min_mod": {
                "particle_groups": 3
            },
            "particle_issues": {},
            "spelling_mistake": {
                "non_word": {}
            },
            "sskrt": 2,
            "verb_difference": {
                "diff_tense": 4,
                "diff_verb": 1
            }
        },
        "dunno": {
            "long_diff": 1,
            "no_diff": 4
        },
        "empty_notes": 2,
        "manual_categorisation": {
            "long_difference": {},
            "manual_evaluation": {
                "meaning_difference": {}
            }
        },
        "ngram_freq": {},
        "profile": {}
    },
    "automatic_categorisation": {
        "min_mod": {
            "min_mod_groups": [],
            "particle_groups": [
                {
                    "5": [
                        [
                            "dreldra",
                            "jedra"
                        ],
                        {
                            "པེ་": [
                                "ལུས་ #ཀྱིནད་ ལྔ་ #བསྲེགདེ་",
                                "ཡིས་",
                                "དེ་དག་ བསྲེགས་ ནས་ ཀྱང་"
                            ],
                            "སྡེ་": [
                                "ལུས་ #ཀྱིནད་ ལྔ་ #བསྲེགདེ་",
                                "ཡིས་",
                                "དེ་དག་ བསྲེགས་ ནས་ ཀྱང་"
                            ],
                            "སྣར་": [
                                "ལུས་ #ཀྱིནད་ ལྔ་ #བསྲེགདེ་",
                                "ཡི་",
                                "དེ་དག་ བསྲེགས་ ནས་ ཀྱང་"
                            ]
                        }
                    ]
                },
                {
                    "12": [
                        [
                            "dreldra",
                            "jedra"
                        ],
                        {
                            "པེ་": [
                                "ན །_། ཐུན་མོང་ མཆོག་",
                                "གི་",
                                "དངོས་ གྲུབ་ འགྲུབ །_། དེ ས་"
                            ],
                            "སྡེ་": [
                                "ན །_། ཐུན་མོང་ མཆོག་",
                                "གི་",
                                "དངོས་ གྲུབ་ འགྲུབ །_། དེ ས་"
                            ],
                            "སྣར་": [
                                "ན །_། ཐུན་མོང་ མཆོག་",
                                "གིས་",
                                "དངོས་ གྲུབ་ འགྲུབ །_། དེ ས་"
                            ]
                        }
                    ]
                },
                {
                    "14": [
                        [
                            "dreldra",
                            "jedra"
                        ],
                        {
                            "པེ་": [
                                "སློང་ དཔལ་ དང་ ལྡན་པ་",
                                "ཡིས",
                                "།_། ཀླུ་ ཞེས་བྱ་བ ས་"
                            ],
                            "སྡེ་": [
                                "སློང་ དཔལ་ དང་ ལྡན་པ་",
                                "ཡི",
                                "།_། ཀླུ་ ཞེས་བྱ་བ ས་"
                            ],
                            "སྣར་": [
                                "སློང་ དཔལ་ དང་ ལྡན་པ་",
                                "ཡི",
                                "།_། ཀླུ་ ཞེས་བྱ་བ ས་"
                            ]
                        }
                    ]
                }
            ]
        },
        "particle_issues": {
            "added_particle": [],
            "agreement_issue": [],
            "different_particles": [],
            "other": [],
            "po-bo-pa-ba": []
        },
        "spelling_mistake": {
            "missing_vowel": [],
            "nga_da": [],
            "non_word": {
                "ill_formed": [],
                "well_formed": []
            }
        },
        "sskrt": [
            {
                "1": [
                    {
                        "པེ་": [
                            "བསམ་གཏན་ གྱི་ ཁང་པ ར་",
                            "#མཎྜལ་",
                            "སྔོན་པོ་ བྱ་ སྟེ ། "
                        ],
                        "སྡེ་": [
                            "བསམ་གཏན་ གྱི་ ཁང་པ ར་",
                            "#མཎྜལ་",
                            "སྔོན་པོ་ བྱ་ སྟེ ། "
                        ],
                        "སྣར་": [
                            "བསམ་གཏན་ གྱི་ ཁང་པ ར་",
                            "#མནྚལ་",
                            "སྔོན་པོ་ བྱ་ སྟེ ། "
                        ]
                    }
                ]
            },
            {
                "6": [
                    {
                        "པེ་": [
                            "རྣམས །_། སྤོགས་པ་ ཡི་",
                            "ནི་",
                            "སྦྱོར་བ ས་ བསྲེག _། བཅོམ་"
                        ],
                        "སྡེ་": [
                            "རྣམས །_། སྤོགས་པ་ ཡི་",
                            "ནི་",
                            "སྦྱོར་བ ས་ བསྲེག _། བཅོམ་"
                        ],
                        "སྣར་": [
                            "རྣམས །_། སྤོགས་པ་ ཡི་",
                            "#༼ནི་",
                            "སྦྱོར་བ ས་ བསྲེག _། བཅོམ་"
                        ]
                    }
                ]
            }
        ],
        "verb_difference": {
            "diff_tense": [
                {
                    "4": [
                        [
                            "《བསྲེག》ཞེས་པ།【〈སྲེག〉གི་ མ་འོངས་པ།】【〈སྲེག〉གི་ མ་འོངས་པ། ཐ་དད་པ།】",
                            "《སྲེག》ཞེས་པ།【〈སྲེག〉གི་ ད་ལྟ་བ།】【〈སྲེག〉གི་ ད་ལྟ་བ། ཐ་དད་པ།】"
                        ],
                        {
                            "པེ་": [
                                "རྣམ་ སྨིན་ ལུས་ #ཀྱིནད་ ལྔ་",
                                "སྲེག",
                                "_། དེ་ ཡིས་ དེ་དག་ བསྲེགས་"
                            ],
                            "སྡེ་": [
                                "རྣམ་ སྨིན་ ལུས་ #ཀྱིནད་ ལྔ་",
                                "བསྲེག",
                                "_། དེ་ ཡིས་ དེ་དག་ བསྲེགས་"
                            ],
                            "སྣར་": [
                                "རྣམ་ སྨིན་ ལུས་ #ཀྱིནད་ ལྔ་",
                                "བསྲེག",
                                "_། དེ་ ཡིས་ དེ་དག་ བསྲེགས་"
                            ]
                        }
                    ]
                },
                {
                    "8": [
                        [
                            "《གཅད》ཞེས་པ།【〈གཅོད〉གི་ མ་འོངས་པ།】【〈གཅོད〉གི་ མ་འོངས་པ། ཐ་དད་པ།】【〈གཅོད〉གི་ མ་འོངས་པ། ཐ་མི་དད་པ།】",
                            "《བཅད》ཞེས་པ།【〈གཅོད〉གི་ འདས་པ།】【〈གཅོད〉གི་ འདས་པ། ཐ་དད་པ།】【〈གཅོད〉གི་ འདས་པ། ཐ་མི་དད་པ།】"
                        ],
                        {
                            "པེ་": [
                                "གྱི་ གཏམ་ གྱིས་ བར་ མི་",
                                "གཅད",
                                "།_། བདུད་ དང་ རྡོ་རྗེ་"
                            ],
                            "སྡེ་": [
                                "གྱི་ གཏམ་ གྱིས་ བར་ མི་",
                                "བཅད",
                                "།_། བདུད་ དང་ རྡོ་རྗེ་"
                            ],
                            "སྣར་": [
                                "གྱི་ གཏམ་ གྱིས་ བར་ མི་",
                                "གཅད",
                                "།_། བདུད་ དང་ རྡོ་རྗེ་"
                            ]
                        }
                    ]
                },
                {
                    "10": [
                        [
                            "《བཟུང》ཞེས་པ།【〈འཛིན〉གི་ འདས་པ།】【〈འཛིན〉གི་ འདས་པ། ཐ་དད་པ།】",
                            "《གཟུང》ཞེས་པ།【〈འཛིན〉གི་ མ་འོངས་པ།】【〈འཛིན〉གི་ མ་འོངས་པ། ཐ་དད་པ།】"
                        ],
                        {
                            "པེ་": [
                                "རྣམས་ སྒྱུ་མ་ ལྟ་བུ ར་",
                                "བཟུང་",
                                " །_། དད་ ལྡན་ བརྩོན་ བྱས་"
                            ],
                            "སྡེ་": [
                                "རྣམས་ སྒྱུ་མ་ ལྟ་བུ ར་",
                                "གཟུང་",
                                " །_། དད་ ལྡན་ བརྩོན་ བྱས་"
                            ],
                            "སྣར་": [
                                "རྣམས་ སྒྱུ་མ་ ལྟ་བུ ར་",
                                "གཟུང་",
                                " །_། དད་ ལྡན་ བརྩོན་ བྱས་"
                            ]
                        }
                    ]
                },
                {
                    "13": [
                        [
                            "《བསྒྲུབ》ཞེས་པ།【〈སྒྲུབ〉གི་ མ་འོངས་པ།】【〈སྒྲུབ〉གི་ མ་འོངས་པ། ཐ་དད་པ།】",
                            "《སྒྲུབ》ཞེས་པ།【〈སྒྲུབ〉གི་ ད་ལྟ་བ།】【〈སྒྲུབ〉གི་ ད་ལྟ་བ། ཐ་དད་པ།】"
                        ],
                        {
                            "པེ་": [
                                "གྲུབ་ འགྲུབ །_། དེ ས་ ན་",
                                "སྒྲུབ་",
                                "བྱ་ འདྲེན་པ འི་ ལྷ །_། "
                            ],
                            "སྡེ་": [
                                "གྲུབ་ འགྲུབ །_། དེ ས་ ན་",
                                "བསྒྲུབ་",
                                "བྱ་ འདྲེན་པ འི་ ལྷ །_། "
                            ],
                            "སྣར་": [
                                "གྲུབ་ འགྲུབ །_། དེ ས་ ན་",
                                "བསྒྲུབ་",
                                "བྱ་ འདྲེན་པ འི་ ལྷ །_། "
                            ]
                        }
                    ]
                }
            ],
            "diff_verb": [
                {
                    "9": [
                        [
                            "《སྐྱེད》ཞེས་པ།【〈བསྐྱེད〉གི་ ད་ལྟ་བ། ཐ་དད་པ།】【〈བསྐྱེད〉གི་ སྐུལ་ཚིག ཐ་དད་པ།】【〈སྐྱེད〉གི་ ད་ལྟ་བ།】【〈སྐྱེད〉གི་ ད་ལྟ་བ། ཐ་དད་པ།】【〈སྐྱེད〉གི་ སྐུལ་ཚིག】【〈སྐྱེད〉གི་ སྐུལ་ཚིག ཐ་དད་པ།】",
                            "《བསྐྱེད》ཞེས་པ།【〈བསྐྱེད〉གི་ མ་འོངས་པ། ཐ་དད་པ།】【〈བསྐྱེད〉གི་ འདས་པ། ཐ་དད་པ།】【〈སྐྱེད〉གི་ མ་འོངས་པ།】【〈སྐྱེད〉གི་ མ་འོངས་པ། ཐ་དད་པ།】【〈སྐྱེད〉གི་ འདས་པ།】【〈སྐྱེད〉གི་ འདས་པ། ཐ་དད་པ།】"
                        ],
                        {
                            "པེ་": [
                                "ལམ་ དུས་ དག་ ཏུ །_།",
                                "སྐྱེད་",
                                "མི་ དམིགས་ རྒྱས་ བཏབ་ ལ"
                            ],
                            "སྡེ་": [
                                "ལམ་ དུས་ དག་ ཏུ །_།",
                                "བསྐྱེད་",
                                "མི་ དམིགས་ རྒྱས་ བཏབ་ ལ"
                            ],
                            "སྣར་": [
                                "ལམ་ དུས་ དག་ ཏུ །_།",
                                "བསྐྱེད་",
                                "མི་ དམིགས་ རྒྱས་ བཏབ་ ལ"
                            ]
                        }
                    ]
                }
            ],
            "not_sure": []
        }
    },
    "dunno": {
        "long_diff": [
            {
                "3": [
                    {
                        "པེ་": [
                            "གཏའ་ གཏོར་ དང་  །_",
                            "",
                            "མཆོད་ རྫས་ དང་  །_ རྟེན་"
                        ],
                        "སྡེ་": [
                            "གཏའ་ གཏོར་ དང་  །_",
                            "བུམ་པ་ དང་  །",
                            "མཆོད་ རྫས་ དང་  །_ རྟེན་"
                        ],
                        "སྣར་": [
                            "གཏའ་ གཏོར་ དང་  །_",
                            "",
                            "མཆོད་ རྫས་ དང་  །_ རྟེན་"
                        ]
                    }
                ]
            }
        ],
        "no_diff": [
            {
                "2": [
                    {
                        "པེ་": [
                            "རྟེན་ སྔོན་པོ་ དང་  །_",
                            "རྟ་",
                            "གཏོར་ དང་  །_ བུམ་པ་ དང་  ། "
                        ],
                        "སྡེ་": [
                            "རྟེན་ སྔོན་པོ་ དང་  །_",
                            "གཏའ་",
                            "གཏོར་ དང་  །_ བུམ་པ་ དང་  ། "
                        ],
                        "སྣར་": [
                            "རྟེན་ སྔོན་པོ་ དང་  །_",
                            "རྟ་",
                            "གཏོར་ དང་  །_ བུམ་པ་ དང་  ། "
                        ]
                    }
                ]
            },
            {
                "7": [
                    {
                        "པེ་": [
                            " །_། གཞན་ གྱི་ གཏམ་ གྱིས་",
                            "བར་",
                            "མི་ བཅད །_། བདུད་ དང་"
                        ],
                        "སྡེ་": [
                            " །_། གཞན་ གྱི་ གཏམ་ གྱིས་",
                            "བར་",
                            "མི་ བཅད །_། བདུད་ དང་"
                        ],
                        "སྣར་": [
                            " །_། གཞན་ གྱི་ གཏམ་ གྱིས་",
                            "རབ་",
                            "མི་ བཅད །_། བདུད་ དང་"
                        ]
                    }
                ]
            },
            {
                "11": [
                    {
                        "པེ་": [
                            "དེ་ བསྒྲུབ །_། ཟླ་ དྲུག་",
                            "གཉེན་པ་",
                            "དེ་ ལྡན་ ན །_། "
                        ],
                        "སྡེ་": [
                            "དེ་ བསྒྲུབ །_། ཟླ་ དྲུག་",
                            "བསྙེན་པ་",
                            "དེ་ ལྡན་ ན །_། "
                        ],
                        "སྣར་": [
                            "དེ་ བསྒྲུབ །_། ཟླ་ དྲུག་",
                            "བསྙེན་པ་",
                            "དེ་ ལྡན་ ན །_། "
                        ]
                    }
                ]
            },
            {
                "15": [
                    {
                        "པེ་": [
                            "ཤེས་རབ་ ཟུང་ འཇུག་ ལམ་",
                            "བསྒོམ་ སྟེ",
                            "།_། སྐྱོན་ སྤངས་ སྔགས་ བཟླས་"
                        ],
                        "སྡེ་": [
                            "ཤེས་རབ་ ཟུང་ འཇུག་ ལམ་",
                            "བསྒོམས་ ཏེ",
                            "།_། སྐྱོན་ སྤངས་ སྔགས་ བཟླས་"
                        ],
                        "སྣར་": [
                            "ཤེས་རབ་ ཟུང་ འཇུག་ ལམ་",
                            "བསྒོམས་ ཏེ",
                            "།_། སྐྱོན་ སྤངས་ སྔགས་ བཟླས་"
                        ]
                    }
                ]
            }
        ],
        "short_diff": []
    },
    "empty_notes": [
        {
            "16": [
                {
                    "པེ་": [
                        "ནད་ ལས་ གྲོལ་བ ར་ ཤོག",
                        "།།_།།_།",
                        "སློབ་དཔོན་ འཕགས་པ་ ཀླུ་"
                    ],
                    "སྡེ་": [
                        "ནད་ ལས་ གྲོལ་བ ར་ ཤོག",
                        "_།",
                        "སློབ་དཔོན་ འཕགས་པ་ ཀླུ་"
                    ],
                    "སྣར་": [
                        "ནད་ ལས་ གྲོལ་བ ར་ ཤོག",
                        "_།",
                        "སློབ་དཔོན་ འཕགས་པ་ ཀླུ་"
                    ]
                }
            ]
        },
        {
            "17": [
                {
                    "པེ་": [
                        "མཛད་པ་ རྫོགས་ སོ །། ",
                        "",
                        "མཛད་པ་ རྫོགས་ སོ །། "
                    ],
                    "སྡེ་": [
                        "མཛད་པ་ རྫོགས་ སོ །། ",
                        "",
                        "མཛད་པ་ རྫོགས་ སོ །། "
                    ],
                    "སྣར་": [
                        "མཛད་པ་ རྫོགས་ སོ །། ",
                        "",
                        "མཛད་པ་ རྫོགས་ སོ །། "
                    ]
                }
            ]
        }
    ],
    "manual_categorisation": {
        "long_difference": {
            "differing_formulation": [],
            "major_modification": []
        },
        "manual_evaluation": {
            "derge_correct": [],
            "meaning_difference": {
                "great_diff": [],
                "medium_diff": [],
                "small_diff": []
            }
        }
    },
    "ngram_freq": {
        "1": {
            "པེ་": [
                [
                    "མཎྜལ",
                    "7"
                ]
            ],
            "སྡེ་": [
                [
                    "མཎྜལ",
                    "7"
                ]
            ],
            "སྣར་": []
        },
        "10": {
            "པེ་": [
                [
                    "བཟུང",
                    "11"
                ]
            ],
            "སྡེ་": [
                [
                    "གཟུང",
                    "5"
                ]
            ],
            "སྣར་": [
                [
                    "གཟུང",
                    "5"
                ]
            ]
        },
        "11": {
            "པེ་": [],
            "སྡེ་": [
                [
                    "བསྙེན་པ",
                    "559"
                ]
            ],
            "སྣར་": [
                [
                    "བསྙེན་པ",
                    "559"
                ]
            ]
        },
        "12": {
            "པེ་": [
                [
                    "གི",
                    "1276"
                ],
                [
                    "མཆོག་གི",
                    "3134"
                ],
                [
                    "གི་དངོས",
                    "681"
                ],
                [
                    "མཆོག་གི་དངོས",
                    "95"
                ],
                [
                    "མཆོག་གི་དངོས་གྲུབ",
                    "91"
                ]
            ],
            "སྡེ་": [
                [
                    "གི",
                    "1276"
                ],
                [
                    "མཆོག་གི",
                    "3134"
                ],
                [
                    "གི་དངོས",
                    "681"
                ],
                [
                    "མཆོག་གི་དངོས",
                    "95"
                ],
                [
                    "མཆོག་གི་དངོས་གྲུབ",
                    "91"
                ]
            ],
            "སྣར་": [
                [
                    "གིས",
                    "2588"
                ],
                [
                    "གིས་དངོས",
                    "100"
                ],
                [
                    "མཆོག་གིས",
                    "106"
                ]
            ]
        },
        "13": {
            "པེ་": [
                [
                    "སྒྲུབ",
                    "176"
                ]
            ],
            "སྡེ་": [
                [
                    "བསྒྲུབ",
                    "271"
                ],
                [
                    "བསྒྲུབ་བྱ",
                    "368"
                ]
            ],
            "སྣར་": [
                [
                    "བསྒྲུབ",
                    "271"
                ],
                [
                    "བསྒྲུབ་བྱ",
                    "368"
                ]
            ]
        },
        "14": {
            "པེ་": [
                [
                    "ཡིས",
                    "7433"
                ],
                [
                    "ཡིས།_།",
                    "7321"
                ],
                [
                    "ལྡན་པ་ཡིས",
                    "212"
                ],
                [
                    "ལྡན་པ་ཡིས།_།",
                    "212"
                ],
                [
                    "དང་ལྡན་པ་ཡིས།_།",
                    "85"
                ]
            ],
            "སྡེ་": [
                [
                    "ཡི",
                    "8322"
                ],
                [
                    "ཡི།_།",
                    "8252"
                ],
                [
                    "ལྡན་པ་ཡི",
                    "318"
                ],
                [
                    "ལྡན་པ་ཡི།_།",
                    "318"
                ],
                [
                    "དང་ལྡན་པ་ཡི།_།",
                    "134"
                ]
            ],
            "སྣར་": [
                [
                    "ཡི",
                    "8322"
                ],
                [
                    "ཡི།_།",
                    "8252"
                ],
                [
                    "ལྡན་པ་ཡི",
                    "318"
                ],
                [
                    "ལྡན་པ་ཡི།_།",
                    "318"
                ],
                [
                    "དང་ལྡན་པ་ཡི།_།",
                    "134"
                ]
            ]
        },
        "15": {
            "པེ་": [],
            "སྡེ་": [
                [
                    "བསྒོམས་ཏེ",
                    "186"
                ],
                [
                    "བསྒོམས་ཏེ།_།",
                    "89"
                ]
            ],
            "སྣར་": [
                [
                    "བསྒོམས་ཏེ",
                    "186"
                ],
                [
                    "བསྒོམས་ཏེ།_།",
                    "89"
                ]
            ]
        },
        "16": {
            "པེ་": [],
            "སྡེ་": [
                [
                    "_།",
                    "50430"
                ],
                [
                    "ཤོག_།",
                    "1450"
                ]
            ],
            "སྣར་": [
                [
                    "_།",
                    "50430"
                ],
                [
                    "ཤོག_།",
                    "1450"
                ]
            ]
        },
        "17": {
            "པེ་": [
                [
                    "",
                    "1"
                ],
                [
                    "མཛད་པ",
                    "1162"
                ]
            ],
            "སྡེ་": [
                [
                    "",
                    "1"
                ],
                [
                    "མཛད་པ",
                    "1162"
                ]
            ],
            "སྣར་": [
                [
                    "",
                    "1"
                ],
                [
                    "མཛད་པ",
                    "1162"
                ]
            ]
        },
        "2": {
            "པེ་": [
                [
                    "རྟ",
                    "28"
                ],
                [
                    "།_རྟ",
                    "681"
                ]
            ],
            "སྡེ་": [
                [
                    "གཏའ",
                    "13"
                ]
            ],
            "སྣར་": [
                [
                    "རྟ",
                    "28"
                ],
                [
                    "།_རྟ",
                    "681"
                ]
            ]
        },
        "3": {
            "པེ་": [
                [
                    "",
                    "1"
                ],
                [
                    "།_",
                    "47"
                ],
                [
                    "མཆོད",
                    "795"
                ],
                [
                    "།_མཆོད",
                    "2249"
                ]
            ],
            "སྡེ་": [],
            "སྣར་": [
                [
                    "",
                    "1"
                ],
                [
                    "།_",
                    "47"
                ],
                [
                    "མཆོད",
                    "795"
                ],
                [
                    "།_མཆོད",
                    "2249"
                ]
            ]
        },
        "4": {
            "པེ་": [
                [
                    "སྲེག",
                    "82"
                ],
                [
                    "སྲེག_།",
                    "81"
                ]
            ],
            "སྡེ་": [
                [
                    "བསྲེག",
                    "120"
                ],
                [
                    "བསྲེག_།",
                    "120"
                ]
            ],
            "སྣར་": [
                [
                    "བསྲེག",
                    "120"
                ],
                [
                    "བསྲེག_།",
                    "120"
                ]
            ]
        },
        "5": {
            "པེ་": [
                [
                    "ཡིས",
                    "7433"
                ]
            ],
            "སྡེ་": [
                [
                    "ཡིས",
                    "7433"
                ]
            ],
            "སྣར་": [
                [
                    "ཡི",
                    "8322"
                ]
            ]
        },
        "6": {
            "པེ་": [
                [
                    "ནི",
                    "44237"
                ],
                [
                    "ཡི་ནི",
                    "1724"
                ],
                [
                    "ནི་སྦྱོར་བ",
                    "132"
                ]
            ],
            "སྡེ་": [
                [
                    "ནི",
                    "44237"
                ],
                [
                    "ཡི་ནི",
                    "1724"
                ],
                [
                    "ནི་སྦྱོར་བ",
                    "132"
                ]
            ],
            "སྣར་": []
        },
        "7": {
            "པེ་": [
                [
                    "བར",
                    "1385"
                ],
                [
                    "བར་མི",
                    "14206"
                ],
                [
                    "གྱིས་བར",
                    "40"
                ]
            ],
            "སྡེ་": [
                [
                    "བར",
                    "1385"
                ],
                [
                    "བར་མི",
                    "14206"
                ],
                [
                    "གྱིས་བར",
                    "40"
                ]
            ],
            "སྣར་": [
                [
                    "རབ",
                    "57"
                ],
                [
                    "རབ་མི",
                    "100"
                ],
                [
                    "གྱིས་རབ",
                    "403"
                ]
            ]
        },
        "8": {
            "པེ་": [
                [
                    "གཅད",
                    "86"
                ],
                [
                    "གཅད།_།",
                    "77"
                ],
                [
                    "མི་གཅད",
                    "98"
                ]
            ],
            "སྡེ་": [
                [
                    "བཅད",
                    "167"
                ],
                [
                    "བཅད།_།",
                    "108"
                ]
            ],
            "སྣར་": [
                [
                    "གཅད",
                    "86"
                ],
                [
                    "གཅད།_།",
                    "77"
                ],
                [
                    "མི་གཅད",
                    "98"
                ]
            ]
        },
        "9": {
            "པེ་": [
                [
                    "སྐྱེད",
                    "412"
                ],
                [
                    "སྐྱེད་མི",
                    "40"
                ],
                [
                    "།_།སྐྱེད",
                    "201"
                ]
            ],
            "སྡེ་": [
                [
                    "བསྐྱེད",
                    "673"
                ],
                [
                    "།_།བསྐྱེད",
                    "181"
                ]
            ],
            "སྣར་": [
                [
                    "བསྐྱེད",
                    "673"
                ],
                [
                    "།_།བསྐྱེད",
                    "181"
                ]
            ]
        }
    },
    "non_standard_notes": [],
    "profile": {
        "1": [
            "པེ་=སྡེ་ སྣར་",
            "29.41%"
        ],
        "10": [
            "པེ་ སྡེ་=སྣར་",
            "47.06%"
        ],
        "11": [
            "པེ་ སྡེ་=སྣར་",
            "47.06%"
        ],
        "12": [
            "པེ་=སྡེ་ སྣར་",
            "29.41%"
        ],
        "13": [
            "པེ་ སྡེ་=སྣར་",
            "47.06%"
        ],
        "14": [
            "པེ་ སྡེ་=སྣར་",
            "47.06%"
        ],
        "15": [
            "པེ་ སྡེ་=སྣར་",
            "47.06%"
        ],
        "16": [
            "པེ་ སྡེ་=སྣར་",
            "47.06%"
        ],
        "17": [
            "པེ་=སྡེ་=སྣར་",
            "5.88%"
        ],
        "2": [
            "པེ་=སྣར་ སྡེ་",
            "17.65%"
        ],
        "3": [
            "པེ་=སྣར་ སྡེ་",
            "17.65%"
        ],
        "4": [
            "པེ་ སྡེ་=སྣར་",
            "47.06%"
        ],
        "5": [
            "པེ་=སྡེ་ སྣར་",
            "29.41%"
        ],
        "6": [
            "པེ་=སྡེ་ སྣར་",
            "29.41%"
        ],
        "7": [
            "པེ་=སྡེ་ སྣར་",
            "29.41%"
        ],
        "8": [
            "པེ་=སྣར་ སྡེ་",
            "17.65%"
        ],
        "9": [
            "པེ་ སྡེ་=སྣར་",
            "47.06%"
        ]
    }
}