﻿{
    "Stats": {
        "Categorised": "8 notes (72.73%)",
        "Notes’ total": 11,
        "Profiles": [
            "པེ་=སྣར་ སྡེ་: 27.27% (3 notes)",
            "པེ་=སྡེ་=སྣར་: 9.09% (1 notes)",
            "པེ་=སྡེ་ སྣར་: 18.18% (2 notes)",
            "པེ་ སྡེ་ སྣར་: 18.18% (2 notes)",
            "པེ་ སྡེ་=སྣར་: 27.27% (3 notes)"
        ],
        "automatic_categorisation": {
            "min_mod": {},
            "particle_issues": {
                "different_particles": 1
            },
            "spelling_mistake": {
                "non_word": {}
            },
            "sskrt": 1,
            "verb_difference": {
                "diff_tense": 2,
                "not_sure": 3
            }
        },
        "dunno": {
            "no_diff": 3
        },
        "empty_notes": 1,
        "manual_categorisation": {
            "long_difference": {},
            "manual_evaluation": {
                "meaning_difference": {}
            }
        },
        "ngram_freq": {},
        "profile": {}
    },
    "automatic_categorisation": {
        "min_mod": {
            "min_mod_groups": [],
            "particle_groups": []
        },
        "particle_issues": {
            "added_particle": [],
            "agreement_issue": [],
            "different_particles": [
                {
                    "1": [
                        "lardu",
                        {
                            "པེ་": [
                                "རྗེ་ འཛིན་ ལ་ ཕྱག་ འཚལ་",
                                "ཏེ",
                                "_།། ལག་པ་ བརྡབས་པ འི་"
                            ],
                            "སྡེ་": [
                                "རྗེ་ འཛིན་ ལ་ ཕྱག་ འཚལ་",
                                "ལོ",
                                "_།། ལག་པ་ བརྡབས་པ འི་"
                            ],
                            "སྣར་": [
                                "རྗེ་ འཛིན་ ལ་ ཕྱག་ འཚལ་",
                                "ལོ",
                                "_།། ལག་པ་ བརྡབས་པ འི་"
                            ]
                        }
                    ]
                }
            ],
            "other": [],
            "po-bo-pa-ba": []
        },
        "spelling_mistake": {
            "missing_vowel": [],
            "nga_da": [],
            "non_word": {
                "ill_formed": [],
                "well_formed": []
            }
        },
        "sskrt": [
            {
                "5": [
                    {
                        "པེ་": [
                            " །_། ཨ་ དང་ མ་ ལས་",
                            "#དལ་ བསྐྱེད་ དེ །_ #སཾ་",
                            "ལས་ སྣ་ཚོགས་ རྡོ་རྗེ ར་"
                        ],
                        "སྡེ་": [
                            " །_། ཨ་ དང་ མ་ ལས་",
                            "དཀྱིལ་འཁོར་ བསྐྱེད །_། མ་",
                            "ལས་ སྣ་ཚོགས་ རྡོ་རྗེ ར་"
                        ],
                        "སྣར་": [
                            " །_། ཨ་ དང་ མ་ ལས་",
                            "དཀྱིལ་འཁོར་ བསྐྱེད །_ #མཾ་",
                            "ལས་ སྣ་ཚོགས་ རྡོ་རྗེ ར་"
                        ]
                    }
                ]
            }
        ],
        "verb_difference": {
            "diff_tense": [
                {
                    "3": [
                        [
                            "《བསྒོམ》ཞེས་པ།【〈སྒོམ〉གི་ མ་འོངས་པ། ཐ་དད་པ།】",
                            "《བསྒོམས》ཞེས་པ།【〈སྒོམ〉གི་ འདས་པ། ཐ་དད་པ།】"
                        ],
                        {
                            "པེ་": [
                                " །_། རྡོ་རྗེ་ འཛིན་པ ར་",
                                "བསྒོམས་",
                                "ནས་ ཀྱང་  །_། བསམ་ རྒྱུ་"
                            ],
                            "སྡེ་": [
                                " །_། རྡོ་རྗེ་ འཛིན་པ ར་",
                                "བསྒོམས་",
                                "ནས་ ཀྱང་  །_། བསམ་ རྒྱུ་"
                            ],
                            "སྣར་": [
                                " །_། རྡོ་རྗེ་ འཛིན་པ ར་",
                                "བསྒོམ་",
                                "ནས་ ཀྱང་  །_། བསམ་ རྒྱུ་"
                            ]
                        }
                    ]
                },
                {
                    "8": [
                        [
                            "《བརྫུས》ཞེས་པ།【〈རྫུ〉གི་ འདས་པ། ཐ་དད་པ།】",
                            "《རྫུས》ཞེས་པ།【〈རྫུ〉གི་ སྐུལ་ཚིག ཐ་དད་པ།】"
                        ],
                        {
                            "པེ་": [
                                "པོ འི་ ཕྲིན་ལས་ ནི །_།",
                                "བརྫུས་",
                                "སྐྱེས་ ཚུལ་ དུ་ བསྐྱེད་ བྱས་"
                            ],
                            "སྡེ་": [
                                "པོ འི་ ཕྲིན་ལས་ ནི །_།",
                                "རྫུས་",
                                "སྐྱེས་ ཚུལ་ དུ་ བསྐྱེད་ བྱས་"
                            ],
                            "སྣར་": [
                                "པོ འི་ ཕྲིན་ལས་ ནི །_།",
                                "རྫུས་",
                                "སྐྱེས་ ཚུལ་ དུ་ བསྐྱེད་ བྱས་"
                            ]
                        }
                    ]
                }
            ],
            "diff_verb": [],
            "not_sure": [
                {
                    "2": [
                        [
                            "《འཇིག》ཞེས་པ།【〈འཇིག〉གི་ ད་ལྟ་བ། ཐ་དད་པ།】【〈འཇིག〉གི་ ད་ལྟ་བ། ཐ་མི་དད་པ།】【〈འཇིག〉གི་ མ་འོངས་པ། ཐ་མི་དད་པ།】",
                            "《འཇིགས》ཞེས་པ།【】"
                        ],
                        {
                            "པེ་": [
                                "ལག་པ་ བརྡབས་པ འི་ སྒྲ ས་",
                                "འཇིགས་པ འི",
                                "།_། རྡོ་རྗེ་ བྱབ་"
                            ],
                            "སྡེ་": [
                                "ལག་པ་ བརྡབས་པ འི་ སྒྲ ས་",
                                "འཇིག་པ འི",
                                "།_། རྡོ་རྗེ་ བྱབ་"
                            ],
                            "སྣར་": [
                                "ལག་པ་ བརྡབས་པ འི་ སྒྲ ས་",
                                "འཇིགས་པ འི",
                                "།_། རྡོ་རྗེ་ བྱབ་"
                            ]
                        }
                    ]
                },
                {
                    "4": [
                        [
                            "《བརྒྱུད》ཞེས་པ།【】",
                            "《རྒྱུད》ཞེས་པ།【〈རྒྱུད〉གི་ ད་ལྟ་བ། ཐ་དད་པ།】",
                            "《རྒྱུ》ཞེས་པ།【ཐ་དད་པ།】"
                        ],
                        {
                            "པེ་": [
                                "བསྒོམས་ ནས་ ཀྱང་  །_། བསམ་",
                                "རྒྱུད་",
                                "རང་ གི་ ལག་ མཐིལ་ ལ"
                            ],
                            "སྡེ་": [
                                "བསྒོམས་ ནས་ ཀྱང་  །_། བསམ་",
                                "རྒྱུ་",
                                "རང་ གི་ ལག་ མཐིལ་ ལ"
                            ],
                            "སྣར་": [
                                "བསྒོམས་ ནས་ ཀྱང་  །_། བསམ་",
                                "བརྒྱུད་",
                                "རང་ གི་ ལག་ མཐིལ་ ལ"
                            ]
                        }
                    ]
                },
                {
                    "10": [
                        [
                            "《འཇིག》ཞེས་པ།【〈འཇིག〉གི་ ད་ལྟ་བ། ཐ་དད་པ།】【〈འཇིག〉གི་ ད་ལྟ་བ། ཐ་མི་དད་པ།】【〈འཇིག〉གི་ མ་འོངས་པ། ཐ་མི་དད་པ།】",
                            "《འཇིགས》ཞེས་པ།【】"
                        ],
                        {
                            "པེ་": [
                                "ལག་པ་ བརྡབས་པ འི་ སྒྲ ས་",
                                "འཇིགས་",
                                "འགྱུར །_། རྡོ་རྗེ་ བྱབ་"
                            ],
                            "སྡེ་": [
                                "ལག་པ་ བརྡབས་པ འི་ སྒྲ ས་",
                                "འཇིག་",
                                "འགྱུར །_། རྡོ་རྗེ་ བྱབ་"
                            ],
                            "སྣར་": [
                                "ལག་པ་ བརྡབས་པ འི་ སྒྲ ས་",
                                "འཇིགས་",
                                "འགྱུར །_། རྡོ་རྗེ་ བྱབ་"
                            ]
                        }
                    ]
                }
            ]
        }
    },
    "dunno": {
        "long_diff": [],
        "no_diff": [
            {
                "6": [
                    {
                        "པེ་": [
                            "ཡང་དག་ ལྡན །_།",
                            "དཔེ་བྱད་",
                            "བཟང་པོ་ བརྒྱད་ཅུ ས་ སྤྲས"
                        ],
                        "སྡེ་": [
                            "ཡང་དག་ ལྡན །_།",
                            "དཔེ་བྱད་",
                            "བཟང་པོ་ བརྒྱད་ཅུ ས་ སྤྲས"
                        ],
                        "སྣར་": [
                            "ཡང་དག་ ལྡན །_།",
                            "དཔེ་ བྱས་",
                            "བཟང་པོ་ བརྒྱད་ཅུ ས་ སྤྲས"
                        ]
                    }
                ]
            },
            {
                "7": [
                    {
                        "པེ་": [
                            "སུ་ བསྐྱལ་ བར་ བྱ །_།",
                            "སྔོན་",
                            "སྤྱོད་ དྲག་པོ འི་ ཕྲིན་ལས་"
                        ],
                        "སྡེ་": [
                            "སུ་ བསྐྱལ་ བར་ བྱ །_།",
                            "མངོན་",
                            "སྤྱོད་ དྲག་པོ འི་ ཕྲིན་ལས་"
                        ],
                        "སྣར་": [
                            "སུ་ བསྐྱལ་ བར་ བྱ །_།",
                            "མངོན་",
                            "སྤྱོད་ དྲག་པོ འི་ ཕྲིན་ལས་"
                        ]
                    }
                ]
            },
            {
                "9": [
                    {
                        "པེ་": [
                            "ལ །_། ལག་པ་",
                            "བརྡབས་པ ས་",
                            "སྒྲ ས་ འཇིག་ འགྱུར །_། རྡོ་"
                        ],
                        "སྡེ་": [
                            "ལ །_། ལག་པ་",
                            "བརྡབས་པ འི་",
                            "སྒྲ ས་ འཇིག་ འགྱུར །_། རྡོ་"
                        ],
                        "སྣར་": [
                            "ལ །_། ལག་པ་",
                            "བརྡབས་པ ས་",
                            "སྒྲ ས་ འཇིག་ འགྱུར །_། རྡོ་"
                        ]
                    }
                ]
            }
        ],
        "short_diff": []
    },
    "empty_notes": [
        {
            "11": [
                {
                    "པེ་": [
                        "མཛད་པ་ རྫོགས་ སོ །།_།། ",
                        "",
                        "མཛད་པ་ རྫོགས་ སོ །།_།། "
                    ],
                    "སྡེ་": [
                        "མཛད་པ་ རྫོགས་ སོ །།_།། ",
                        "",
                        "མཛད་པ་ རྫོགས་ སོ །།_།། "
                    ],
                    "སྣར་": [
                        "མཛད་པ་ རྫོགས་ སོ །།_།། ",
                        "",
                        "མཛད་པ་ རྫོགས་ སོ །།_།། "
                    ]
                }
            ]
        }
    ],
    "manual_categorisation": {
        "long_difference": {
            "differing_formulation": [],
            "major_modification": []
        },
        "manual_evaluation": {
            "derge_correct": [],
            "meaning_difference": {
                "great_diff": [],
                "medium_diff": [],
                "small_diff": []
            }
        }
    },
    "ngram_freq": {
        "1": {
            "པེ་": [
                [
                    "ཏེ",
                    "80365"
                ],
                [
                    "འཚལ་ཏེ",
                    "1120"
                ]
            ],
            "སྡེ་": [
                [
                    "ལོ",
                    "14961"
                ],
                [
                    "འཚལ་ལོ",
                    "421"
                ]
            ],
            "སྣར་": [
                [
                    "ལོ",
                    "14961"
                ],
                [
                    "འཚལ་ལོ",
                    "421"
                ]
            ]
        },
        "10": {
            "པེ་": [
                [
                    "འཇིགས",
                    "153"
                ]
            ],
            "སྡེ་": [
                [
                    "འཇིག",
                    "226"
                ],
                [
                    "འཇིག་འགྱུར",
                    "55"
                ]
            ],
            "སྣར་": [
                [
                    "འཇིགས",
                    "153"
                ]
            ]
        },
        "11": {
            "པེ་": [
                [
                    "",
                    "1"
                ],
                [
                    "མཛད་པ",
                    "1162"
                ]
            ],
            "སྡེ་": [
                [
                    "",
                    "1"
                ],
                [
                    "མཛད་པ",
                    "1162"
                ]
            ],
            "སྣར་": [
                [
                    "",
                    "1"
                ],
                [
                    "མཛད་པ",
                    "1162"
                ]
            ]
        },
        "2": {
            "པེ་": [
                [
                    "འཇིགས་པའི",
                    "801"
                ]
            ],
            "སྡེ་": [
                [
                    "འཇིག་པའི",
                    "744"
                ]
            ],
            "སྣར་": [
                [
                    "འཇིགས་པའི",
                    "801"
                ]
            ]
        },
        "3": {
            "པེ་": [
                [
                    "བསྒོམས",
                    "121"
                ],
                [
                    "བསྒོམས་ནས",
                    "294"
                ]
            ],
            "སྡེ་": [
                [
                    "བསྒོམས",
                    "121"
                ],
                [
                    "བསྒོམས་ནས",
                    "294"
                ]
            ],
            "སྣར་": [
                [
                    "བསྒོམ",
                    "1273"
                ]
            ]
        },
        "4": {
            "པེ་": [
                [
                    "རྒྱུད",
                    "232"
                ]
            ],
            "སྡེ་": [
                [
                    "རྒྱུ",
                    "523"
                ]
            ],
            "སྣར་": [
                [
                    "བརྒྱུད",
                    "9"
                ]
            ]
        },
        "5": {
            "པེ་": [],
            "སྡེ་": [],
            "སྣར་": []
        },
        "6": {
            "པེ་": [
                [
                    "དཔེ་བྱད",
                    "898"
                ],
                [
                    "།_།དཔེ་བྱད",
                    "97"
                ],
                [
                    "དཔེ་བྱད་བཟང་པོ",
                    "593"
                ],
                [
                    "།_།དཔེ་བྱད་བཟང་པོ",
                    "67"
                ]
            ],
            "སྡེ་": [
                [
                    "དཔེ་བྱད",
                    "898"
                ],
                [
                    "།_།དཔེ་བྱད",
                    "97"
                ],
                [
                    "དཔེ་བྱད་བཟང་པོ",
                    "593"
                ],
                [
                    "།_།དཔེ་བྱད་བཟང་པོ",
                    "67"
                ]
            ],
            "སྣར་": []
        },
        "7": {
            "པེ་": [
                [
                    "སྔོན",
                    "35"
                ],
                [
                    "།_།སྔོན",
                    "1526"
                ]
            ],
            "སྡེ་": [
                [
                    "མངོན",
                    "37"
                ],
                [
                    "།_།མངོན",
                    "2159"
                ],
                [
                    "མངོན་སྤྱོད",
                    "265"
                ],
                [
                    "།_།མངོན་སྤྱོད",
                    "115"
                ]
            ],
            "སྣར་": [
                [
                    "མངོན",
                    "37"
                ],
                [
                    "།_།མངོན",
                    "2159"
                ],
                [
                    "མངོན་སྤྱོད",
                    "265"
                ],
                [
                    "།_།མངོན་སྤྱོད",
                    "115"
                ]
            ]
        },
        "8": {
            "པེ་": [
                [
                    "བརྫུས",
                    "69"
                ]
            ],
            "སྡེ་": [
                [
                    "རྫུས",
                    "269"
                ]
            ],
            "སྣར་": [
                [
                    "རྫུས",
                    "269"
                ]
            ]
        },
        "9": {
            "པེ་": [],
            "སྡེ་": [],
            "སྣར་": []
        }
    },
    "non_standard_notes": [],
    "profile": {
        "1": [
            "པེ་ སྡེ་=སྣར་",
            "27.27%"
        ],
        "10": [
            "པེ་=སྣར་ སྡེ་",
            "27.27%"
        ],
        "11": [
            "པེ་=སྡེ་=སྣར་",
            "9.09%"
        ],
        "2": [
            "པེ་=སྣར་ སྡེ་",
            "27.27%"
        ],
        "3": [
            "པེ་=སྡེ་ སྣར་",
            "18.18%"
        ],
        "4": [
            "པེ་ སྡེ་ སྣར་",
            "18.18%"
        ],
        "5": [
            "པེ་ སྡེ་ སྣར་",
            "18.18%"
        ],
        "6": [
            "པེ་=སྡེ་ སྣར་",
            "18.18%"
        ],
        "7": [
            "པེ་ སྡེ་=སྣར་",
            "27.27%"
        ],
        "8": [
            "པེ་ སྡེ་=སྣར་",
            "27.27%"
        ],
        "9": [
            "པེ་=སྣར་ སྡེ་",
            "27.27%"
        ]
    }
}