﻿{
    "Stats": {
        "Categorised": "4 notes (50.00%)",
        "Notes’ total": 8,
        "Profiles": [
            "པེ་=སྣར་ སྡེ་: 87.50% (7 notes)",
            "པེ་=སྡེ་=སྣར་: 12.50% (1 notes)"
        ],
        "automatic_categorisation": {
            "min_mod": {
                "particle_groups": 1
            },
            "particle_issues": {},
            "spelling_mistake": {
                "non_word": {}
            },
            "sskrt": 1,
            "verb_difference": {
                "diff_verb": 1
            }
        },
        "dunno": {
            "no_diff": 4
        },
        "empty_notes": 1,
        "manual_categorisation": {
            "long_difference": {},
            "manual_evaluation": {
                "meaning_difference": {}
            }
        },
        "ngram_freq": {},
        "profile": {}
    },
    "automatic_categorisation": {
        "min_mod": {
            "min_mod_groups": [],
            "particle_groups": [
                {
                    "7": [
                        [
                            "dreldra",
                            "jedra"
                        ],
                        {
                            "པེ་": [
                                "ཕྱིན་ བསྟོད་ ལས །_། བདག་",
                                "གི་",
                                "དགེ་བ་ གང་ བསགས་པ"
                            ],
                            "སྡེ་": [
                                "ཕྱིན་ བསྟོད་ ལས །_། བདག་",
                                "གིས་",
                                "དགེ་བ་ གང་ བསགས་པ"
                            ],
                            "སྣར་": [
                                "ཕྱིན་ བསྟོད་ ལས །_། བདག་",
                                "གི་",
                                "དགེ་བ་ གང་ བསགས་པ"
                            ]
                        }
                    ]
                }
            ]
        },
        "particle_issues": {
            "added_particle": [],
            "agreement_issue": [],
            "different_particles": [],
            "other": [],
            "po-bo-pa-ba": []
        },
        "spelling_mistake": {
            "missing_vowel": [],
            "nga_da": [],
            "non_word": {
                "ill_formed": [],
                "well_formed": []
            }
        },
        "sskrt": [
            {
                "1": [
                    {
                        "པེ་": [
                            "ར་ མི་ #ཏ་ #སྟོ་",
                            "#ཏཾ",
                            "།_ བོད་ སྐད་ དུ ། "
                        ],
                        "སྡེ་": [
                            "ར་ མི་ #ཏ་ #སྟོ་",
                            "#ཏྲཾ",
                            "།_ བོད་ སྐད་ དུ ། "
                        ],
                        "སྣར་": [
                            "ར་ མི་ #ཏ་ #སྟོ་",
                            "#ཏཾ",
                            "།_ བོད་ སྐད་ དུ ། "
                        ]
                    }
                ]
            }
        ],
        "verb_difference": {
            "diff_tense": [],
            "diff_verb": [
                {
                    "6": [
                        [
                            "《ཐོགས》ཞེས་པ།【〈འཐོག〉གི་ འདས་པ།】【〈འཐོག〉གི་ འདས་པ། ཐ་མི་དད་པ།】【〈འདོགས〉གི་ སྐུལ་ཚིག】【〈འདོགས〉གི་ སྐུལ་ཚིག ཐ་དད་པ།】",
                            "《ཐོག》ཞེས་པ།【〈འདོག〉གི་ སྐུལ་ཚིག ཐ་དད་པ།】"
                        ],
                        {
                            "པེ་": [
                                "ཁྱོད་ བསྟོད་པ ར་ སུས་ #རྔོ་",
                                "ཐོག",
                                "།_། མཚན་མ་ མེད་ ཅིང་"
                            ],
                            "སྡེ་": [
                                "ཁྱོད་ བསྟོད་པ ར་ སུས་ #རྔོ་",
                                "ཐོགས",
                                "།_། མཚན་མ་ མེད་ ཅིང་"
                            ],
                            "སྣར་": [
                                "ཁྱོད་ བསྟོད་པ ར་ སུས་ #རྔོ་",
                                "ཐོག",
                                "།_། མཚན་མ་ མེད་ ཅིང་"
                            ]
                        }
                    ]
                }
            ],
            "not_sure": []
        }
    },
    "dunno": {
        "long_diff": [],
        "no_diff": [
            {
                "2": [
                    {
                        "པེ་": [
                            "ཀྱི་ ཕ་རོལ་ ཏུ་",
                            "ཕྱིན་པ འི་",
                            "བསྟོད་པ །_ བཅོམ་ ལྡན་"
                        ],
                        "སྡེ་": [
                            "ཀྱི་ ཕ་རོལ་ ཏུ་",
                            "ཕྱིན་ མ འི་",
                            "བསྟོད་པ །_ བཅོམ་ ལྡན་"
                        ],
                        "སྣར་": [
                            "ཀྱི་ ཕ་རོལ་ ཏུ་",
                            "ཕྱིན་པ འི་",
                            "བསྟོད་པ །_ བཅོམ་ ལྡན་"
                        ]
                    }
                ]
            },
            {
                "3": [
                    {
                        "པེ་": [
                            "ཀྱི་ ཕ་རོལ་ ཏུ་",
                            "ཕྱིན་པ་",
                            "ལ་ ཕྱག་ འཚལ་ ལོ །_། "
                        ],
                        "སྡེ་": [
                            "ཀྱི་ ཕ་རོལ་ ཏུ་",
                            "ཕྱིན་ མ་",
                            "ལ་ ཕྱག་ འཚལ་ ལོ །_། "
                        ],
                        "སྣར་": [
                            "ཀྱི་ ཕ་རོལ་ ཏུ་",
                            "ཕྱིན་པ་",
                            "ལ་ ཕྱག་ འཚལ་ ལོ །_། "
                        ]
                    }
                ]
            },
            {
                "4": [
                    {
                        "པེ་": [
                            "ལ་ ཚུལ་ བཞིན་ བལྟ་བ་",
                            "གང་",
                            " །_། དེ ས་ ཀྱང་ མཐོང་བ་"
                        ],
                        "སྡེ་": [
                            "ལ་ ཚུལ་ བཞིན་ བལྟ་བ་",
                            "དང་",
                            " །_། དེ ས་ ཀྱང་ མཐོང་བ་"
                        ],
                        "སྣར་": [
                            "ལ་ ཚུལ་ བཞིན་ བལྟ་བ་",
                            "གང་",
                            " །_། དེ ས་ ཀྱང་ མཐོང་བ་"
                        ]
                    }
                ]
            },
            {
                "5": [
                    {
                        "པེ་": [
                            "ན །_། དེ་ ལ་ ཡུམ་",
                            "ཅིག་",
                            "ཇི་ལྟར་ ན །_། གཞན་"
                        ],
                        "སྡེ་": [
                            "ན །_། དེ་ ལ་ ཡུམ་",
                            "གཅིག་",
                            "ཇི་ལྟར་ ན །_། གཞན་"
                        ],
                        "སྣར་": [
                            "ན །_། དེ་ ལ་ ཡུམ་",
                            "ཅིག་",
                            "ཇི་ལྟར་ ན །_། གཞན་"
                        ]
                    }
                ]
            }
        ],
        "short_diff": []
    },
    "empty_notes": [
        {
            "8": [
                {
                    "པེ་": [
                        "རབ་ ཀྱིས་ བསྒྱུར་བ འོ །། ",
                        "",
                        "རབ་ ཀྱིས་ བསྒྱུར་བ འོ །། "
                    ],
                    "སྡེ་": [
                        "རབ་ ཀྱིས་ བསྒྱུར་བ འོ །། ",
                        "",
                        "རབ་ ཀྱིས་ བསྒྱུར་བ འོ །། "
                    ],
                    "སྣར་": [
                        "རབ་ ཀྱིས་ བསྒྱུར་བ འོ །། ",
                        "",
                        "རབ་ ཀྱིས་ བསྒྱུར་བ འོ །། "
                    ]
                }
            ]
        }
    ],
    "manual_categorisation": {
        "long_difference": {
            "differing_formulation": [],
            "major_modification": []
        },
        "manual_evaluation": {
            "derge_correct": [],
            "meaning_difference": {
                "great_diff": [],
                "medium_diff": [],
                "small_diff": []
            }
        }
    },
    "ngram_freq": {
        "1": {
            "པེ་": [
                [
                    "ཏཾ",
                    "88"
                ],
                [
                    "ཏཾ།_",
                    "86"
                ]
            ],
            "སྡེ་": [
                [
                    "ཏྲཾ",
                    "32"
                ]
            ],
            "སྣར་": [
                [
                    "ཏཾ",
                    "88"
                ],
                [
                    "ཏཾ།_",
                    "86"
                ]
            ]
        },
        "2": {
            "པེ་": [
                [
                    "ཕྱིན་པའི",
                    "3588"
                ],
                [
                    "ཏུ་ཕྱིན་པའི",
                    "2958"
                ]
            ],
            "སྡེ་": [],
            "སྣར་": [
                [
                    "ཕྱིན་པའི",
                    "3588"
                ],
                [
                    "ཏུ་ཕྱིན་པའི",
                    "2958"
                ]
            ]
        },
        "3": {
            "པེ་": [
                [
                    "ཕྱིན་པ",
                    "194"
                ],
                [
                    "ཕྱིན་པ་ལ",
                    "14161"
                ],
                [
                    "ཏུ་ཕྱིན་པ",
                    "68"
                ],
                [
                    "ཏུ་ཕྱིན་པ་ལ",
                    "12552"
                ],
                [
                    "ཕ་རོལ་ཏུ་ཕྱིན་པ་ལ",
                    "12519"
                ]
            ],
            "སྡེ་": [
                [
                    "ཕྱིན་མ",
                    "80"
                ]
            ],
            "སྣར་": [
                [
                    "ཕྱིན་པ",
                    "194"
                ],
                [
                    "ཕྱིན་པ་ལ",
                    "14161"
                ],
                [
                    "ཏུ་ཕྱིན་པ",
                    "68"
                ],
                [
                    "ཏུ་ཕྱིན་པ་ལ",
                    "12552"
                ],
                [
                    "ཕ་རོལ་ཏུ་ཕྱིན་པ་ལ",
                    "12519"
                ]
            ]
        },
        "4": {
            "པེ་": [
                [
                    "གང",
                    "44"
                ]
            ],
            "སྡེ་": [
                [
                    "དང",
                    "18517"
                ],
                [
                    "བལྟ་བ་དང",
                    "559"
                ]
            ],
            "སྣར་": [
                [
                    "གང",
                    "44"
                ]
            ]
        },
        "5": {
            "པེ་": [
                [
                    "ཅིག",
                    "11520"
                ]
            ],
            "སྡེ་": [
                [
                    "གཅིག",
                    "620"
                ]
            ],
            "སྣར་": [
                [
                    "ཅིག",
                    "11520"
                ]
            ]
        },
        "6": {
            "པེ་": [
                [
                    "ཐོག",
                    "10"
                ],
                [
                    "རྔོ་ཐོག",
                    "49"
                ]
            ],
            "སྡེ་": [
                [
                    "ཐོགས",
                    "351"
                ],
                [
                    "ཐོགས།_།",
                    "255"
                ],
                [
                    "རྔོ་ཐོགས",
                    "55"
                ]
            ],
            "སྣར་": [
                [
                    "ཐོག",
                    "10"
                ],
                [
                    "རྔོ་ཐོག",
                    "49"
                ]
            ]
        },
        "7": {
            "པེ་": [
                [
                    "གི",
                    "1276"
                ],
                [
                    "བདག་གི",
                    "11456"
                ]
            ],
            "སྡེ་": [
                [
                    "གིས",
                    "2588"
                ],
                [
                    "བདག་གིས",
                    "13868"
                ],
                [
                    "གིས་དགེ་བ",
                    "48"
                ]
            ],
            "སྣར་": [
                [
                    "གི",
                    "1276"
                ],
                [
                    "བདག་གི",
                    "11456"
                ]
            ]
        },
        "8": {
            "པེ་": [
                [
                    "",
                    "1"
                ],
                [
                    "རབ",
                    "57"
                ],
                [
                    "རབ་ཀྱིས",
                    "44"
                ]
            ],
            "སྡེ་": [
                [
                    "",
                    "1"
                ],
                [
                    "རབ",
                    "57"
                ],
                [
                    "རབ་ཀྱིས",
                    "44"
                ]
            ],
            "སྣར་": [
                [
                    "",
                    "1"
                ],
                [
                    "རབ",
                    "57"
                ],
                [
                    "རབ་ཀྱིས",
                    "44"
                ]
            ]
        }
    },
    "non_standard_notes": [],
    "profile": {
        "1": [
            "པེ་=སྣར་ སྡེ་",
            "87.50%"
        ],
        "2": [
            "པེ་=སྣར་ སྡེ་",
            "87.50%"
        ],
        "3": [
            "པེ་=སྣར་ སྡེ་",
            "87.50%"
        ],
        "4": [
            "པེ་=སྣར་ སྡེ་",
            "87.50%"
        ],
        "5": [
            "པེ་=སྣར་ སྡེ་",
            "87.50%"
        ],
        "6": [
            "པེ་=སྣར་ སྡེ་",
            "87.50%"
        ],
        "7": [
            "པེ་=སྣར་ སྡེ་",
            "87.50%"
        ],
        "8": [
            "པེ་=སྡེ་=སྣར་",
            "12.50%"
        ]
    }
}