﻿{
    "Stats": {
        "Categorised": "12 notes (44.44%)",
        "Notes’ total": 27,
        "Profiles": [
            "པེ་=སྣར་ སྡེ་: 80.77% (21 notes)",
            "པེ་=སྡེ་=སྣར་: 3.85% (1 notes)",
            "པེ་=སྡེ་ སྣར་: 3.85% (1 notes)",
            "པེ་ སྡེ་ སྣར་: 3.85% (1 notes)",
            "པེ་ སྡེ་=སྣར་: 7.69% (2 notes)"
        ],
        "automatic_categorisation": {
            "min_mod": {
                "particle_groups": 1
            },
            "particle_issues": {
                "po-bo-pa-ba": 1
            },
            "spelling_mistake": {
                "non_word": {}
            },
            "sskrt": 1,
            "verb_difference": {
                "diff_tense": 4,
                "diff_verb": 3,
                "not_sure": 1
            }
        },
        "dunno": {
            "long_diff": 1,
            "no_diff": 12,
            "short_diff": 2
        },
        "empty_notes": 1,
        "manual_categorisation": {
            "long_difference": {},
            "manual_evaluation": {
                "meaning_difference": {}
            }
        },
        "ngram_freq": {},
        "profile": {}
    },
    "automatic_categorisation": {
        "min_mod": {
            "min_mod_groups": [],
            "particle_groups": [
                {
                    "10": [
                        [
                            "dreldra",
                            "jedra"
                        ],
                        {
                            "པེ་": [
                                "རྒྱུ་ སྒྱུ་མ འི་ སྟོབས་",
                                "ཀྱི་",
                                "ནི །_། དངོས་ མེད་ དེ་"
                            ],
                            "སྡེ་": [
                                "རྒྱུ་ སྒྱུ་མ འི་ སྟོབས་",
                                "ཀྱིས་",
                                "ནི །_། དངོས་ མེད་ དེ་"
                            ],
                            "སྣར་": [
                                "རྒྱུ་ སྒྱུ་མ འི་ སྟོབས་",
                                "ཀྱི་",
                                "ནི །_། དངོས་ མེད་ དེ་"
                            ]
                        }
                    ]
                }
            ]
        },
        "particle_issues": {
            "added_particle": [],
            "agreement_issue": [],
            "different_particles": [],
            "other": [],
            "po-bo-pa-ba": [
                {
                    "24": [
                        "dagdra_pa",
                        {
                            "པེ་": [
                                "འབྱུང་ མ་ ཡིན །_།",
                                "འཕགས་",
                                "ཀླུ་ སྒྲུབ་ ཀྱི་ ཞལ་"
                            ],
                            "སྡེ་": [
                                "འབྱུང་ མ་ ཡིན །_།",
                                "འཕགས་པ་",
                                "ཀླུ་ སྒྲུབ་ ཀྱི་ ཞལ་"
                            ],
                            "སྣར་": [
                                "འབྱུང་ མ་ ཡིན །_།",
                                "འཕགས་པ་",
                                "ཀླུ་ སྒྲུབ་ ཀྱི་ ཞལ་"
                            ]
                        }
                    ]
                }
            ]
        },
        "spelling_mistake": {
            "missing_vowel": [],
            "nga_da": [],
            "non_word": {
                "ill_formed": [],
                "well_formed": []
            }
        },
        "sskrt": [
            {
                "1": [
                    {
                        "པེ་": [
                            "སྐད་ དུ །_ #བྷཱ་བ་",
                            "#ནཱ་",
                            "#ཀྲ་ མ །_ བོད་ སྐད་"
                        ],
                        "སྡེ་": [
                            "སྐད་ དུ །_ #བྷཱ་བ་",
                            "ན་",
                            "#ཀྲ་ མ །_ བོད་ སྐད་"
                        ],
                        "སྣར་": [
                            "སྐད་ དུ །_ #བྷཱ་བ་",
                            "#ནཱ་",
                            "#ཀྲ་ མ །_ བོད་ སྐད་"
                        ]
                    }
                ]
            }
        ],
        "verb_difference": {
            "diff_tense": [
                {
                    "2": [
                        [
                            "《བསྒོམ》ཞེས་པ།【〈སྒོམ〉གི་ མ་འོངས་པ། ཐ་དད་པ།】",
                            "《སྒོམ》ཞེས་པ།【〈སྒོམ〉གི་ ད་ལྟ་བ། ཐ་དད་པ།】"
                        ],
                        {
                            "པེ་": [
                                " །_ བོད་ སྐད་ དུ །_",
                                "སྒོམ་པ འི་",
                                "རིམ་པ །_ འཇམ་"
                            ],
                            "སྡེ་": [
                                " །_ བོད་ སྐད་ དུ །_",
                                "བསྒོམ་པ འི་",
                                "རིམ་པ །_ འཇམ་"
                            ],
                            "སྣར་": [
                                " །_ བོད་ སྐད་ དུ །_",
                                "སྒོམ་པ འི་",
                                "རིམ་པ །_ འཇམ་"
                            ]
                        }
                    ]
                },
                {
                    "3": [
                        [
                            "《རྟོགས》ཞེས་པ།【〈རྟོག〉གི་ སྐུལ་ཚིག ཐ་དད་པ།】",
                            "《རྟོག》ཞེས་པ།【〈རྟོག〉གི་ ད་ལྟ་བ། ཐ་དད་པ།】"
                        ],
                        {
                            "པེ་": [
                                "བ་ རྣམས །_། འདི་དག་",
                                "རྟོག་པ་",
                                "ཙམ་ ཉིད་ དུ །_། "
                            ],
                            "སྡེ་": [
                                "བ་ རྣམས །_། འདི་དག་",
                                "རྟོག་པ་",
                                "ཙམ་ ཉིད་ དུ །_། "
                            ],
                            "སྣར་": [
                                "བ་ རྣམས །_། འདི་དག་",
                                "རྟོགས་པ་",
                                "ཙམ་ ཉིད་ དུ །_། "
                            ]
                        }
                    ]
                },
                {
                    "17": [
                        [
                            "《ལྟ》ཞེས་པ།【〈ལྟ〉གི་ ད་ལྟ་བ།】【〈ལྟ〉གི་ ད་ལྟ་བ། ཐ་དད་པ།】",
                            "《བལྟ》ཞེས་པ།【〈ལྟ〉གི་ མ་འོངས་པ།】【〈ལྟ〉གི་ མ་འོངས་པ། ཐ་དད་པ།】"
                        ],
                        {
                            "པེ་": [
                                " །_། རང་བཞིན་ མེད་པ ར་",
                                "ལྟ་བ ར་",
                                "བྱ །_། གང་ཞིག་"
                            ],
                            "སྡེ་": [
                                " །_། རང་བཞིན་ མེད་པ ར་",
                                "བལྟ་བ ར་",
                                "བྱ །_། གང་ཞིག་"
                            ],
                            "སྣར་": [
                                " །_། རང་བཞིན་ མེད་པ ར་",
                                "ལྟ་བ ར་",
                                "བྱ །_། གང་ཞིག་"
                            ]
                        }
                    ]
                },
                {
                    "21": [
                        [
                            "《རྟོགས》ཞེས་པ།【〈རྟོག〉གི་ སྐུལ་ཚིག ཐ་དད་པ།】",
                            "《རྟོག》ཞེས་པ།【〈རྟོག〉གི་ ད་ལྟ་བ། ཐ་དད་པ།】"
                        ],
                        {
                            "པེ་": [
                                "བ་ རང་ གི་ སེམས་ སུ་",
                                "རྟོགས",
                                "། སེམས་ ཙམ་ ལ་ ནི་"
                            ],
                            "སྡེ་": [
                                "བ་ རང་ གི་ སེམས་ སུ་",
                                "རྟོག",
                                "། སེམས་ ཙམ་ ལ་ ནི་"
                            ],
                            "སྣར་": [
                                "བ་ རང་ གི་ སེམས་ སུ་",
                                "རྟོགས",
                                "། སེམས་ ཙམ་ ལ་ ནི་"
                            ]
                        }
                    ]
                }
            ],
            "diff_verb": [
                {
                    "9": [
                        [
                            "《འདྲི》ཞེས་པ།【〈དྲིས〉གི་ ད་ལྟ་བ། ཐ་དད་པ།】【〈འདྲི〉གི་ ད་ལྟ་བ། ཐ་དད་པ།】",
                            "《འབྲི》ཞེས་པ།【〈འབྲི〉གི་ ད་ལྟ་བ། ཐ་མི་དད་པ།】"
                        ],
                        {
                            "པེ་": [
                                " །_། བྱིས་པ ས་ བྲི ས་ དང་",
                                "འདྲི་བ་",
                                "ཡི །_། མངོན་ ཤེས་"
                            ],
                            "སྡེ་": [
                                " །_། བྱིས་པ ས་ བྲི ས་ དང་",
                                "འབྲི་བ་",
                                "ཡི །_། མངོན་ ཤེས་"
                            ],
                            "སྣར་": [
                                " །_། བྱིས་པ ས་ བྲི ས་ དང་",
                                "འདྲི་བ་",
                                "ཡི །_། མངོན་ ཤེས་"
                            ]
                        }
                    ]
                },
                {
                    "12": [
                        [
                            "《བརྟགས》ཞེས་པ།【〈རྟོག〉གི་ འདས་པ། ཐ་དད་པ།】",
                            "《བཏགས》ཞེས་པ།【〈བཏག〉གི་ འདས་པ། ཐ་དད་པ།】【〈འཐག〉གི་ འདས་པ།】【〈འཐག〉གི་ འདས་པ། ཐ་དད་པ།】【〈འདོགས〉གི་ འདས་པ།】【〈འདོགས〉གི་ འདས་པ། ཐ་དད་པ།】"
                        ],
                        {
                            "པེ་": [
                                "བ འི་ རྟོག་གེ་པ །_།",
                                "བརྟགས་པ་",
                                "ཙམ་ དུ་ བསྒོམ་པ་"
                            ],
                            "སྡེ་": [
                                "བ འི་ རྟོག་གེ་པ །_།",
                                "བཏགས་པ་",
                                "ཙམ་ དུ་ བསྒོམ་པ་"
                            ],
                            "སྣར་": [
                                "བ འི་ རྟོག་གེ་པ །_།",
                                "བརྟགས་པ་",
                                "ཙམ་ དུ་ བསྒོམ་པ་"
                            ]
                        }
                    ]
                },
                {
                    "13": [
                        [
                            "《བརྟགས》ཞེས་པ།【〈རྟོག〉གི་ འདས་པ། ཐ་དད་པ།】",
                            "《བཏགས》ཞེས་པ།【〈བཏག〉གི་ འདས་པ། ཐ་དད་པ།】【〈འཐག〉གི་ འདས་པ།】【〈འཐག〉གི་ འདས་པ། ཐ་དད་པ།】【〈འདོགས〉གི་ འདས་པ།】【〈འདོགས〉གི་ འདས་པ། ཐ་དད་པ།】"
                        ],
                        {
                            "པེ་": [
                                "དག་ བྱིས་པ ས་ རབ་ཏུ་",
                                "བརྟགས",
                                "།_། རྟོག་གེ་ ངན་པ ས་"
                            ],
                            "སྡེ་": [
                                "དག་ བྱིས་པ ས་ རབ་ཏུ་",
                                "བཏགས",
                                "།_། རྟོག་གེ་ ངན་པ ས་"
                            ],
                            "སྣར་": [
                                "དག་ བྱིས་པ ས་ རབ་ཏུ་",
                                "བརྟགས",
                                "།_། རྟོག་གེ་ ངན་པ ས་"
                            ]
                        }
                    ]
                }
            ],
            "not_sure": [
                {
                    "16": [
                        [
                            "《རྒྱུད》ཞེས་པ།【〈རྒྱུད〉གི་ ད་ལྟ་བ། ཐ་དད་པ།】",
                            "《རྒྱུ》ཞེས་པ།【ཐ་དད་པ།】"
                        ],
                        {
                            "པེ་": [
                                "པ་ ཡིན །_། གང་ཟག་",
                                "རྒྱུ་",
                                "དང་ ཕུང་པོ་ དང་  །_། "
                            ],
                            "སྡེ་": [
                                "པ་ ཡིན །_། གང་ཟག་",
                                "རྒྱུད་",
                                "དང་ ཕུང་པོ་ དང་  །_། "
                            ],
                            "སྣར་": [
                                "པ་ ཡིན །_། གང་ཟག་",
                                "རྒྱུ་",
                                "དང་ ཕུང་པོ་ དང་  །_། "
                            ]
                        }
                    ]
                }
            ]
        }
    },
    "dunno": {
        "long_diff": [
            {
                "15": [
                    {
                        "པེ་": [
                            "ཡིན །_། རྣམ་པར་",
                            "",
                            "།_། རྣམ་པར་ རྟོག་པ ས་ ཀུན་"
                        ],
                        "སྡེ་": [
                            "ཡིན །_། རྣམ་པར་",
                            "རྟོག་པ་ རྣམ་ རྟོག་པ",
                            "།_། རྣམ་པར་ རྟོག་པ ས་ ཀུན་"
                        ],
                        "སྣར་": [
                            "ཡིན །_། རྣམ་པར་",
                            "རྟོག་པ་ རྣམ་ རྟོག་པ",
                            "།_། རྣམ་པར་ རྟོག་པ ས་ ཀུན་"
                        ]
                    }
                ]
            }
        ],
        "no_diff": [
            {
                "4": [
                    {
                        "པེ་": [
                            "པ འི་ སྤྱོད་ ཡུལ་ མཐོང་བ་",
                            "ཡིས",
                            "།_། གཉིས་ ཀྱི་ དངོས་པོ་"
                        ],
                        "སྡེ་": [
                            "པ འི་ སྤྱོད་ ཡུལ་ མཐོང་བ་",
                            "ཡིན",
                            "།_། གཉིས་ ཀྱི་ དངོས་པོ་"
                        ],
                        "སྣར་": [
                            "པ འི་ སྤྱོད་ ཡུལ་ མཐོང་བ་",
                            "ཡིས",
                            "།_། གཉིས་ ཀྱི་ དངོས་པོ་"
                        ]
                    }
                ]
            },
            {
                "5": [
                    {
                        "པེ་": [
                            "ལ་ སྣང་  །_། ཤེས་རབ་",
                            "རིགས་པ ས་",
                            "ལྟ་བ་ ལ །_། "
                        ],
                        "སྡེ་": [
                            "ལ་ སྣང་  །_། ཤེས་རབ་",
                            "རིག་པ ས་",
                            "ལྟ་བ་ ལ །_། "
                        ],
                        "སྣར་": [
                            "ལ་ སྣང་  །_། ཤེས་རབ་",
                            "རིགས་པ ས་",
                            "ལྟ་བ་ ལ །_། "
                        ]
                    }
                ]
            },
            {
                "6": [
                    {
                        "པེ་": [
                            "རྟག་ ཏུ་ མི་ རྟོག་",
                            "རིག་པ་",
                            "ཡིས །_། སེམས་ དང་"
                        ],
                        "སྡེ་": [
                            "རྟག་ ཏུ་ མི་ རྟོག་",
                            "རིགས་པ་",
                            "ཡིས །_། སེམས་ དང་"
                        ],
                        "སྣར་": [
                            "རྟག་ ཏུ་ མི་ རྟོག་",
                            "རིག་པ་",
                            "ཡིས །_། སེམས་ དང་"
                        ]
                    }
                ]
            },
            {
                "7": [
                    {
                        "པེ་": [
                            " །_། རྐྱེན་ རྣམས་ ལས་ ནི་",
                            "ངོ ས་",
                            "འབྱུང་བ །_། བདག་ ནི་"
                        ],
                        "སྡེ་": [
                            " །_། རྐྱེན་ རྣམས་ ལས་ ནི་",
                            "ངེས་",
                            "འབྱུང་བ །_། བདག་ ནི་"
                        ],
                        "སྣར་": [
                            " །_། རྐྱེན་ རྣམས་ ལས་ ནི་",
                            "ངོ ས་",
                            "འབྱུང་བ །_། བདག་ ནི་"
                        ]
                    }
                ]
            },
            {
                "8": [
                    {
                        "པེ་": [
                            "ནི་ ཡོད་ མ་ ཡིན །_།",
                            "བྲི ས་པ ས་",
                            "བྲི ས་ དང་ འབྲི་བ་"
                        ],
                        "སྡེ་": [
                            "ནི་ ཡོད་ མ་ ཡིན །_།",
                            "བྱིས་པ ས་",
                            "བྲི ས་ དང་ འབྲི་བ་"
                        ],
                        "སྣར་": [
                            "ནི་ ཡོད་ མ་ ཡིན །_།",
                            "བྲི ས་པ ས་",
                            "བྲི ས་ དང་ འབྲི་བ་"
                        ]
                    }
                ]
            },
            {
                "11": [
                    {
                        "པེ་": [
                            " །_། སེམས་",
                            "དང་ སེམས་ བྱུང་",
                            "བདག་ མེད་པ ས །_། འདི་"
                        ],
                        "སྡེ་": [
                            " །_། སེམས་",
                            "བྱུང་ སེམས་ དང་",
                            "བདག་ མེད་པ ས །_། འདི་"
                        ],
                        "སྣར་": [
                            " །_། སེམས་",
                            "དང་ སེམས་ བྱུང་",
                            "བདག་ མེད་པ ས །_། འདི་"
                        ]
                    }
                ]
            },
            {
                "14": [
                    {
                        "པེ་": [
                            "འབྱོར་པ ས །_། འགྲོ་ ལ་",
                            "རིག་པ ས་",
                            "ལྟ་བ་ ན །_། "
                        ],
                        "སྡེ་": [
                            "འབྱོར་པ ས །_། འགྲོ་ ལ་",
                            "རིགས་པ ས་",
                            "ལྟ་བ་ ན །_། "
                        ],
                        "སྣར་": [
                            "འབྱོར་པ ས །_། འགྲོ་ ལ་",
                            "རིག་པ ས་",
                            "ལྟ་བ་ ན །_། "
                        ]
                    }
                ]
            },
            {
                "18": [
                    {
                        "པེ་": [
                            " །_། བརྫུན་པ འི་ ཤེས་པ ས་",
                            "རྣམས་",
                            "བརྟགས་པ འི །_། མཐའ་ གཉིས་"
                        ],
                        "སྡེ་": [
                            " །_། བརྫུན་པ འི་ ཤེས་པ ས་",
                            "རྣམ་",
                            "བརྟགས་པ འི །_། མཐའ་ གཉིས་"
                        ],
                        "སྣར་": [
                            " །_། བརྫུན་པ འི་ ཤེས་པ ས་",
                            "རྣམས་",
                            "བརྟགས་པ འི །_། མཐའ་ གཉིས་"
                        ]
                    }
                ]
            },
            {
                "19": [
                    {
                        "པེ་": [
                            "ནས་ ནི །_། སེམས་ ཀྱི་",
                            "རྒྱུད་",
                            "ནི་ རྣམ་པར་ སྤངས །_། "
                        ],
                        "སྡེ་": [
                            "ནས་ ནི །_། སེམས་ ཀྱི་",
                            "རྒྱུན་",
                            "ནི་ རྣམ་པར་ སྤངས །_། "
                        ],
                        "སྣར་": [
                            "ནས་ ནི །_། སེམས་ ཀྱི་",
                            "རྒྱུད་",
                            "ནི་ རྣམ་པར་ སྤངས །_། "
                        ]
                    }
                ]
            },
            {
                "20": [
                    {
                        "པེ་": [
                            "ཚེ་ འདུས་བྱས་ མཐོང་བ་",
                            "ཡིས",
                            "།_། གང་ གིས་ འཁོར་བ་"
                        ],
                        "སྡེ་": [
                            "ཚེ་ འདུས་བྱས་ མཐོང་བ་",
                            "ཡིན",
                            "།_། གང་ གིས་ འཁོར་བ་"
                        ],
                        "སྣར་": [
                            "ཚེ་ འདུས་བྱས་ མཐོང་བ་",
                            "ཡིས",
                            "།_། གང་ གིས་ འཁོར་བ་"
                        ]
                    }
                ]
            },
            {
                "22": [
                    {
                        "པེ་": [
                            "ཕྱི་ རོལ་ དོན་ ནི་",
                            "མི་ བརྟག་",
                            "གོ །_། དེ་བཞིན་ཉིད་"
                        ],
                        "སྡེ་": [
                            "ཕྱི་ རོལ་ དོན་ ནི་",
                            "མི་རྟག་",
                            "གོ །_། དེ་བཞིན་ཉིད་"
                        ],
                        "སྣར་": [
                            "ཕྱི་ རོལ་ དོན་ ནི་",
                            "མི་ བརྟག་",
                            "གོ །_། དེ་བཞིན་ཉིད་"
                        ]
                    }
                ]
            },
            {
                "23": [
                    {
                        "པེ་": [
                            "ནི་ གྲུབ་པ་ ན །_།",
                            "རྟགས་པ འི་",
                            "གཞན་ དངོས་ འབྱུང་ མ་"
                        ],
                        "སྡེ་": [
                            "ནི་ གྲུབ་པ་ ན །_།",
                            "བརྟག་པ འི་",
                            "གཞན་ དངོས་ འབྱུང་ མ་"
                        ],
                        "སྣར་": [
                            "ནི་ གྲུབ་པ་ ན །_།",
                            "རྟགས་པ འི་",
                            "གཞན་ དངོས་ འབྱུང་ མ་"
                        ]
                    }
                ]
            }
        ],
        "short_diff": [
            {
                "24": [
                    {
                        "པེ་": [
                            "འབྱུང་ མ་ ཡིན །_།",
                            "འཕགས་",
                            "ཀླུ་ སྒྲུབ་ ཀྱི་ ཞལ་"
                        ],
                        "སྡེ་": [
                            "འབྱུང་ མ་ ཡིན །_།",
                            "འཕགས་པ་",
                            "ཀླུ་ སྒྲུབ་ ཀྱི་ ཞལ་"
                        ],
                        "སྣར་": [
                            "འབྱུང་ མ་ ཡིན །_།",
                            "འཕགས་པ་",
                            "ཀླུ་ སྒྲུབ་ ཀྱི་ ཞལ་"
                        ]
                    }
                ]
            },
            {
                "25": [
                    {
                        "པེ་": [
                            "ཞལ་ #སྔ་ ནས་ མཛད་པ འི་",
                            "སྒོམ་པ འི་ རིག་པ་",
                            "རྫོགས་ སོ །། རྒྱ་གར་"
                        ],
                        "སྡེ་": [
                            "ཞལ་ #སྔ་ ནས་ མཛད་པ འི་",
                            "བསྒོམ་པ འི་ རིམ་པ་",
                            "རྫོགས་ སོ །། རྒྱ་གར་"
                        ],
                        "སྣར་": [
                            "ཞལ་ #སྔ་ ནས་ མཛད་པ འི་",
                            "བསྒོམ་པ འི་ སྒོམ་པ འི་ རིམ་པ་",
                            "རྫོགས་ སོ །། རྒྱ་གར་"
                        ]
                    }
                ]
            }
        ]
    },
    "empty_notes": [
        {
            "26": [
                {
                    "པེ་": [
                        "ཤཱཀྱ་ འོད་ ཀྱིས་ བསྒྱུར ། ",
                        "",
                        "ཤཱཀྱ་ འོད་ ཀྱིས་ བསྒྱུར ། "
                    ],
                    "སྡེ་": [
                        "ཤཱཀྱ་ འོད་ ཀྱིས་ བསྒྱུར ། ",
                        "",
                        "ཤཱཀྱ་ འོད་ ཀྱིས་ བསྒྱུར ། "
                    ],
                    "སྣར་": [
                        "ཤཱཀྱ་ འོད་ ཀྱིས་ བསྒྱུར ། ",
                        "",
                        "ཤཱཀྱ་ འོད་ ཀྱིས་ བསྒྱུར ། "
                    ]
                }
            ]
        }
    ],
    "manual_categorisation": {
        "long_difference": {
            "differing_formulation": [],
            "major_modification": []
        },
        "manual_evaluation": {
            "derge_correct": [],
            "meaning_difference": {
                "great_diff": [],
                "medium_diff": [],
                "small_diff": []
            }
        }
    },
    "ngram_freq": {
        "1": {
            "པེ་": [
                [
                    "ནཱ",
                    "62"
                ]
            ],
            "སྡེ་": [
                [
                    "ན",
                    "73509"
                ]
            ],
            "སྣར་": [
                [
                    "ནཱ",
                    "62"
                ]
            ]
        },
        "10": {
            "པེ་": [
                [
                    "ཀྱི",
                    "5256"
                ],
                [
                    "ཀྱི་ནི",
                    "1448"
                ],
                [
                    "སྟོབས་ཀྱི",
                    "863"
                ]
            ],
            "སྡེ་": [
                [
                    "ཀྱིས",
                    "6156"
                ],
                [
                    "ཀྱིས་ནི",
                    "2449"
                ],
                [
                    "སྟོབས་ཀྱིས",
                    "49"
                ],
                [
                    "སྟོབས་ཀྱིས་ནི",
                    "47"
                ],
                [
                    "སྟོབས་ཀྱིས་ནི།_།",
                    "47"
                ]
            ],
            "སྣར་": [
                [
                    "ཀྱི",
                    "5256"
                ],
                [
                    "ཀྱི་ནི",
                    "1448"
                ],
                [
                    "སྟོབས་ཀྱི",
                    "863"
                ]
            ]
        },
        "11": {
            "པེ་": [],
            "སྡེ་": [],
            "སྣར་": []
        },
        "12": {
            "པེ་": [
                [
                    "བརྟགས་པ",
                    "157"
                ],
                [
                    "།_།བརྟགས་པ",
                    "40"
                ]
            ],
            "སྡེ་": [
                [
                    "བཏགས་པ",
                    "86"
                ],
                [
                    "བཏགས་པ་ཙམ",
                    "386"
                ],
                [
                    "།_།བཏགས་པ",
                    "136"
                ],
                [
                    "།_།བཏགས་པ་ཙམ",
                    "122"
                ]
            ],
            "སྣར་": [
                [
                    "བརྟགས་པ",
                    "157"
                ],
                [
                    "།_།བརྟགས་པ",
                    "40"
                ]
            ]
        },
        "13": {
            "པེ་": [
                [
                    "བརྟགས",
                    "205"
                ],
                [
                    "བརྟགས།_།",
                    "180"
                ]
            ],
            "སྡེ་": [
                [
                    "བཏགས",
                    "106"
                ],
                [
                    "བཏགས།_།",
                    "63"
                ]
            ],
            "སྣར་": [
                [
                    "བརྟགས",
                    "205"
                ],
                [
                    "བརྟགས།_།",
                    "180"
                ]
            ]
        },
        "14": {
            "པེ་": [
                [
                    "རིག་པས",
                    "46"
                ]
            ],
            "སྡེ་": [
                [
                    "རིགས་པས",
                    "112"
                ]
            ],
            "སྣར་": [
                [
                    "རིག་པས",
                    "46"
                ]
            ]
        },
        "15": {
            "པེ་": [
                [
                    "",
                    "1"
                ],
                [
                    "།_།",
                    "997103"
                ],
                [
                    "རྣམ་པར",
                    "117358"
                ]
            ],
            "སྡེ་": [],
            "སྣར་": []
        },
        "16": {
            "པེ་": [
                [
                    "རྒྱུ",
                    "523"
                ],
                [
                    "རྒྱུ་དང",
                    "2139"
                ]
            ],
            "སྡེ་": [
                [
                    "རྒྱུད",
                    "232"
                ],
                [
                    "རྒྱུད་དང",
                    "302"
                ]
            ],
            "སྣར་": [
                [
                    "རྒྱུ",
                    "523"
                ],
                [
                    "རྒྱུ་དང",
                    "2139"
                ]
            ]
        },
        "17": {
            "པེ་": [
                [
                    "ལྟ་བར",
                    "127"
                ]
            ],
            "སྡེ་": [
                [
                    "བལྟ་བར",
                    "1687"
                ],
                [
                    "བལྟ་བར་བྱ",
                    "173"
                ]
            ],
            "སྣར་": [
                [
                    "ལྟ་བར",
                    "127"
                ]
            ]
        },
        "18": {
            "པེ་": [
                [
                    "རྣམས",
                    "5469"
                ],
                [
                    "ས་རྣམས",
                    "404"
                ]
            ],
            "སྡེ་": [
                [
                    "རྣམ",
                    "1"
                ],
                [
                    "ས་རྣམ",
                    "101"
                ]
            ],
            "སྣར་": [
                [
                    "རྣམས",
                    "5469"
                ],
                [
                    "ས་རྣམས",
                    "404"
                ]
            ]
        },
        "19": {
            "པེ་": [
                [
                    "རྒྱུད",
                    "232"
                ],
                [
                    "རྒྱུད་ནི",
                    "217"
                ],
                [
                    "ཀྱི་རྒྱུད",
                    "1246"
                ]
            ],
            "སྡེ་": [
                [
                    "རྒྱུན",
                    "48"
                ],
                [
                    "རྒྱུན་ནི",
                    "64"
                ],
                [
                    "ཀྱི་རྒྱུན",
                    "218"
                ]
            ],
            "སྣར་": [
                [
                    "རྒྱུད",
                    "232"
                ],
                [
                    "རྒྱུད་ནི",
                    "217"
                ],
                [
                    "ཀྱི་རྒྱུད",
                    "1246"
                ]
            ]
        },
        "2": {
            "པེ་": [
                [
                    "སྒོམ་པའི",
                    "430"
                ]
            ],
            "སྡེ་": [
                [
                    "བསྒོམ་པའི",
                    "540"
                ],
                [
                    "།_བསྒོམ་པའི",
                    "48"
                ]
            ],
            "སྣར་": [
                [
                    "སྒོམ་པའི",
                    "430"
                ]
            ]
        },
        "20": {
            "པེ་": [
                [
                    "ཡིས",
                    "7433"
                ],
                [
                    "ཡིས།_།",
                    "7321"
                ],
                [
                    "མཐོང་བ་ཡིས",
                    "50"
                ],
                [
                    "མཐོང་བ་ཡིས།_།",
                    "50"
                ]
            ],
            "སྡེ་": [
                [
                    "ཡིན",
                    "32960"
                ],
                [
                    "ཡིན།_།",
                    "12284"
                ],
                [
                    "མཐོང་བ་ཡིན",
                    "80"
                ],
                [
                    "མཐོང་བ་ཡིན།_།",
                    "57"
                ]
            ],
            "སྣར་": [
                [
                    "ཡིས",
                    "7433"
                ],
                [
                    "ཡིས།_།",
                    "7321"
                ],
                [
                    "མཐོང་བ་ཡིས",
                    "50"
                ],
                [
                    "མཐོང་བ་ཡིས།_།",
                    "50"
                ]
            ]
        },
        "21": {
            "པེ་": [
                [
                    "རྟོགས",
                    "481"
                ],
                [
                    "སུ་རྟོགས",
                    "536"
                ]
            ],
            "སྡེ་": [
                [
                    "རྟོག",
                    "711"
                ],
                [
                    "སུ་རྟོག",
                    "638"
                ]
            ],
            "སྣར་": [
                [
                    "རྟོགས",
                    "481"
                ],
                [
                    "སུ་རྟོགས",
                    "536"
                ]
            ]
        },
        "22": {
            "པེ་": [
                [
                    "མི་བརྟག",
                    "43"
                ]
            ],
            "སྡེ་": [
                [
                    "མི་རྟག",
                    "3521"
                ],
                [
                    "མི་རྟག་གོ",
                    "55"
                ],
                [
                    "ནི་མི་རྟག",
                    "377"
                ]
            ],
            "སྣར་": [
                [
                    "མི་བརྟག",
                    "43"
                ]
            ]
        },
        "23": {
            "པེ་": [],
            "སྡེ་": [
                [
                    "བརྟག་པའི",
                    "168"
                ]
            ],
            "སྣར་": []
        },
        "24": {
            "པེ་": [
                [
                    "འཕགས",
                    "300"
                ],
                [
                    "།_།འཕགས",
                    "3328"
                ]
            ],
            "སྡེ་": [
                [
                    "འཕགས་པ",
                    "119"
                ],
                [
                    "།_།འཕགས་པ",
                    "1532"
                ]
            ],
            "སྣར་": [
                [
                    "འཕགས་པ",
                    "119"
                ],
                [
                    "།_།འཕགས་པ",
                    "1532"
                ]
            ]
        },
        "25": {
            "པེ་": [],
            "སྡེ་": [],
            "སྣར་": []
        },
        "26": {
            "པེ་": [
                [
                    "",
                    "1"
                ],
                [
                    "ཤཱཀྱ",
                    "3080"
                ]
            ],
            "སྡེ་": [
                [
                    "",
                    "1"
                ],
                [
                    "ཤཱཀྱ",
                    "3080"
                ]
            ],
            "སྣར་": [
                [
                    "",
                    "1"
                ],
                [
                    "ཤཱཀྱ",
                    "3080"
                ]
            ]
        },
        "3": {
            "པེ་": [
                [
                    "རྟོག་པ",
                    "179"
                ]
            ],
            "སྡེ་": [
                [
                    "རྟོག་པ",
                    "179"
                ]
            ],
            "སྣར་": [
                [
                    "རྟོགས་པ",
                    "218"
                ]
            ]
        },
        "4": {
            "པེ་": [
                [
                    "ཡིས",
                    "7433"
                ],
                [
                    "ཡིས།_།",
                    "7321"
                ],
                [
                    "མཐོང་བ་ཡིས",
                    "50"
                ],
                [
                    "མཐོང་བ་ཡིས།_།",
                    "50"
                ]
            ],
            "སྡེ་": [
                [
                    "ཡིན",
                    "32960"
                ],
                [
                    "ཡིན།_།",
                    "12284"
                ],
                [
                    "མཐོང་བ་ཡིན",
                    "80"
                ],
                [
                    "མཐོང་བ་ཡིན།_།",
                    "57"
                ]
            ],
            "སྣར་": [
                [
                    "ཡིས",
                    "7433"
                ],
                [
                    "ཡིས།_།",
                    "7321"
                ],
                [
                    "མཐོང་བ་ཡིས",
                    "50"
                ],
                [
                    "མཐོང་བ་ཡིས།_།",
                    "50"
                ]
            ]
        },
        "5": {
            "པེ་": [
                [
                    "རིགས་པས",
                    "112"
                ]
            ],
            "སྡེ་": [
                [
                    "རིག་པས",
                    "46"
                ]
            ],
            "སྣར་": [
                [
                    "རིགས་པས",
                    "112"
                ]
            ]
        },
        "6": {
            "པེ་": [
                [
                    "རིག་པ",
                    "134"
                ]
            ],
            "སྡེ་": [
                [
                    "རིགས་པ",
                    "683"
                ]
            ],
            "སྣར་": [
                [
                    "རིག་པ",
                    "134"
                ]
            ]
        },
        "7": {
            "པེ་": [
                [
                    "ངོས",
                    "12"
                ]
            ],
            "སྡེ་": [
                [
                    "ངེས",
                    "245"
                ],
                [
                    "ནི་ངེས",
                    "860"
                ]
            ],
            "སྣར་": [
                [
                    "ངོས",
                    "12"
                ]
            ]
        },
        "8": {
            "པེ་": [],
            "སྡེ་": [
                [
                    "བྱིས་པས",
                    "96"
                ],
                [
                    "།_།བྱིས་པས",
                    "47"
                ]
            ],
            "སྣར་": []
        },
        "9": {
            "པེ་": [
                [
                    "འདྲི་བ",
                    "778"
                ]
            ],
            "སྡེ་": [
                [
                    "འབྲི་བ",
                    "196"
                ]
            ],
            "སྣར་": [
                [
                    "འདྲི་བ",
                    "778"
                ]
            ]
        }
    },
    "non_standard_notes": [],
    "profile": {
        "1": [
            "པེ་=སྣར་ སྡེ་",
            "80.77%"
        ],
        "10": [
            "པེ་=སྣར་ སྡེ་",
            "80.77%"
        ],
        "11": [
            "པེ་=སྣར་ སྡེ་",
            "80.77%"
        ],
        "12": [
            "པེ་=སྣར་ སྡེ་",
            "80.77%"
        ],
        "13": [
            "པེ་=སྣར་ སྡེ་",
            "80.77%"
        ],
        "14": [
            "པེ་=སྣར་ སྡེ་",
            "80.77%"
        ],
        "15": [
            "པེ་ སྡེ་=སྣར་",
            "7.69%"
        ],
        "16": [
            "པེ་=སྣར་ སྡེ་",
            "80.77%"
        ],
        "17": [
            "པེ་=སྣར་ སྡེ་",
            "80.77%"
        ],
        "18": [
            "པེ་=སྣར་ སྡེ་",
            "80.77%"
        ],
        "19": [
            "པེ་=སྣར་ སྡེ་",
            "80.77%"
        ],
        "2": [
            "པེ་=སྣར་ སྡེ་",
            "80.77%"
        ],
        "20": [
            "པེ་=སྣར་ སྡེ་",
            "80.77%"
        ],
        "21": [
            "པེ་=སྣར་ སྡེ་",
            "80.77%"
        ],
        "22": [
            "པེ་=སྣར་ སྡེ་",
            "80.77%"
        ],
        "23": [
            "པེ་=སྣར་ སྡེ་",
            "80.77%"
        ],
        "24": [
            "པེ་ སྡེ་=སྣར་",
            "7.69%"
        ],
        "25": [
            "པེ་ སྡེ་ སྣར་",
            "3.85%"
        ],
        "26": [
            "པེ་=སྡེ་=སྣར་",
            "3.85%"
        ],
        "3": [
            "པེ་=སྡེ་ སྣར་",
            "3.85%"
        ],
        "4": [
            "པེ་=སྣར་ སྡེ་",
            "80.77%"
        ],
        "5": [
            "པེ་=སྣར་ སྡེ་",
            "80.77%"
        ],
        "6": [
            "པེ་=སྣར་ སྡེ་",
            "80.77%"
        ],
        "7": [
            "པེ་=སྣར་ སྡེ་",
            "80.77%"
        ],
        "8": [
            "པེ་=སྣར་ སྡེ་",
            "80.77%"
        ],
        "9": [
            "པེ་=སྣར་ སྡེ་",
            "80.77%"
        ]
    }
}