﻿{
    "Stats": {
        "Categorised": "43 notes (82.69%)",
        "Notes’ total": 52,
        "Profiles": [
            "པེ་ སྡེ་: 96.08% (49 notes)",
            "པེ་=སྡེ་: 3.92% (2 notes)"
        ],
        "automatic_categorisation": {
            "min_mod": {
                "min_mod_groups": 1,
                "particle_groups": 4
            },
            "particle_issues": {
                "agreement_issue": 1,
                "po-bo-pa-ba": 1
            },
            "spelling_mistake": {
                "non_word": {
                    "well_formed": 11
                }
            },
            "sskrt": 8,
            "verb_difference": {
                "diff_tense": 8,
                "diff_verb": 5,
                "not_sure": 2
            }
        },
        "dunno": {
            "no_diff": 6,
            "short_diff": 3
        },
        "empty_notes": 2,
        "manual_categorisation": {
            "long_difference": {},
            "manual_evaluation": {
                "meaning_difference": {}
            }
        },
        "ngram_freq": {},
        "profile": {}
    },
    "automatic_categorisation": {
        "min_mod": {
            "min_mod_groups": [
                {
                    "26": [
                        [
                            [
                                "ན",
                                "ནས"
                            ]
                        ],
                        {
                            "པེ་": [
                                "གཟུགས་ ནི་ ཡོངས་ གྱུར་",
                                "ནས",
                                "།_། ཞེ་སྡང་ རྡོ་རྗེ འི་"
                            ],
                            "སྡེ་": [
                                "གཟུགས་ ནི་ ཡོངས་ གྱུར་",
                                "ན",
                                "།_། ཞེ་སྡང་ རྡོ་རྗེ འི་"
                            ]
                        }
                    ]
                }
            ],
            "particle_groups": [
                {
                    "12": [
                        [
                            "dreldra",
                            "jedra"
                        ],
                        {
                            "པེ་": [
                                "བརླབ །_། སངས་རྒྱས་ ཀུན་",
                                "གྱིས་",
                                "སྐུ་ གང་ཞིག _། ཕུང་"
                            ],
                            "སྡེ་": [
                                "བརླབ །_། སངས་རྒྱས་ ཀུན་",
                                "གྱི་",
                                "སྐུ་ གང་ཞིག _། ཕུང་"
                            ]
                        }
                    ]
                },
                {
                    "25": [
                        [
                            "ladon"
                        ],
                        {
                            "པེ་": [
                                "རུ་ ནི་",
                                "འདུག་པ ར་",
                                "གྱུར །_། སྔགས་པ ས་ དེ་"
                            ],
                            "སྡེ་": [
                                "རུ་ ནི་",
                                "འདུག་པ་",
                                "གྱུར །_། སྔགས་པ ས་ དེ་"
                            ]
                        }
                    ]
                },
                {
                    "28": [
                        [
                            "jedra"
                        ],
                        {
                            "པེ་": [
                                "རིན་ཆེན་ རལ་ #གྲི་ གཡོན་",
                                "གཉིས",
                                "།_། སྔོན་ བཞིན་ འདོད་ཆགས་"
                            ],
                            "སྡེ་": [
                                "རིན་ཆེན་ རལ་ #གྲི་ གཡོན་",
                                "གཉིས་ ཀྱིས",
                                "།_། སྔོན་ བཞིན་ འདོད་ཆགས་"
                            ]
                        }
                    ]
                },
                {
                    "50": [
                        [
                            "jedra"
                        ],
                        {
                            "པེ་": [
                                " །_། རྡོ་རྗེ་",
                                "ཕྲེང་བ་",
                                "དཔལ་ མཆོག་ སྲུབས་ ཤིང་ གིས"
                            ],
                            "སྡེ་": [
                                " །_། རྡོ་རྗེ་",
                                "ཕྲེང་བ ས་",
                                "དཔལ་ མཆོག་ སྲུབས་ ཤིང་ གིས"
                            ]
                        }
                    ]
                }
            ]
        },
        "particle_issues": {
            "added_particle": [],
            "agreement_issue": [
                {
                    "7": [
                        "lhakce",
                        {
                            "པེ་": [
                                "ཡང་ ལྔ་པ ར་ འགྲོ་བ ར་",
                                "སྟེ",
                                "_།། ཁྲོ་བོ་ གཉིས་ དང་"
                            ],
                            "སྡེ་": [
                                "ཡང་ ལྔ་པ ར་ འགྲོ་བ ར་",
                                "ཏེ",
                                "_།། ཁྲོ་བོ་ གཉིས་ དང་"
                            ]
                        }
                    ]
                }
            ],
            "different_particles": [],
            "other": [],
            "po-bo-pa-ba": [
                {
                    "22": [
                        "dagdra_pa",
                        {
                            "པེ་": [
                                " །_། སྣ་ཚོགས་ ལས་ མ་",
                                "གཡོན་",
                                "ལ །_། སྤྱི་ བོར་ ནམ་"
                            ],
                            "སྡེ་": [
                                " །_། སྣ་ཚོགས་ ལས་ མ་",
                                "གཡོན་པ་",
                                "ལ །_། སྤྱི་ བོར་ ནམ་"
                            ]
                        }
                    ]
                }
            ]
        },
        "spelling_mistake": {
            "missing_vowel": [],
            "nga_da": [],
            "non_word": {
                "ill_formed": [],
                "well_formed": [
                    {
                        "1": [
                            {
                                "པེ་": [
                                    " །_ #པི་ #ཎ་ #ཌཱི་",
                                    "#ཀྲ་",
                                    "མ་ #སཱ་ #ངྷ་ #ནཾ ། "
                                ],
                                "སྡེ་": [
                                    " །_ #པི་ #ཎ་ #ཌཱི་",
                                    "#གྲ་",
                                    "མ་ #སཱ་ #ངྷ་ #ནཾ ། "
                                ]
                            }
                        ]
                    },
                    {
                        "3": [
                            {
                                "པེ་": [
                                    " །_། སེམས་དཔ འི་",
                                    "དཀྱིལ་ #དཀྲུངས་",
                                    "ལེགས་ གནས་ ཏེ །_། ཞེ་"
                                ],
                                "སྡེ་": [
                                    " །_། སེམས་དཔ འི་",
                                    "སྐྱིལ་ #ཀྲུང་",
                                    "ལེགས་ གནས་ ཏེ །_། ཞེ་"
                                ]
                            }
                        ]
                    },
                    {
                        "4": [
                            {
                                "པེ་": [
                                    "ཏུ་ #བགེགས་ ཀྱི་ ཚོགས་",
                                    "བལྟས་",
                                    "ནས །_། དེ་ ཡི་ སྔགས་"
                                ],
                                "སྡེ་": [
                                    "ཏུ་ #བགེགས་ ཀྱི་ ཚོགས་",
                                    "#བསྟས་",
                                    "ནས །_། དེ་ ཡི་ སྔགས་"
                                ]
                            }
                        ]
                    },
                    {
                        "5": [
                            {
                                "པེ་": [
                                    "ངེས་པར་ བསྒོམ །_།",
                                    "#གདུགས་པ་",
                                    "བྲོས་པ་ ཕན་ཚུན་"
                                ],
                                "སྡེ་": [
                                    "ངེས་པར་ བསྒོམ །_།",
                                    "གདུག་པ་",
                                    "བྲོས་པ་ ཕན་ཚུན་"
                                ]
                            }
                        ]
                    },
                    {
                        "9": [
                            {
                                "པེ་": [
                                    "ལག་པ་ གཡས་པ ར་",
                                    "གཤིན་རྗེ་",
                                    "#གཤེད །_། གཡོན་པ ར་"
                                ],
                                "སྡེ་": [
                                    "ལག་པ་ གཡས་པ ར་",
                                    "#བཤིན་ རྗེ་",
                                    "#གཤེད །_། གཡོན་པ ར་"
                                ]
                            }
                        ]
                    },
                    {
                        "33": [
                            {
                                "པེ་": [
                                    "དབུ་ རྒྱན་ ལ་ ནི་",
                                    "རྔ་",
                                    "སྒྲ་ ཅན །_། ཕྱག་ གཉིས་"
                                ],
                                "སྡེ་": [
                                    "དབུ་ རྒྱན་ ལ་ ནི་",
                                    "#སྔ་",
                                    "སྒྲ་ ཅན །_། ཕྱག་ གཉིས་"
                                ]
                            }
                        ]
                    },
                    {
                        "39": [
                            {
                                "པེ་": [
                                    "ཞེས་ བཞད་ སྒྲ །_།",
                                    "སུས་",
                                    "ཁྱིམ་ ཆེ་ ཞིང་ སྟོབས་པོ་"
                                ],
                                "སྡེ་": [
                                    "ཞེས་ བཞད་ སྒྲ །_།",
                                    "#གསུས་",
                                    "ཁྱིམ་ ཆེ་ ཞིང་ སྟོབས་པོ་"
                                ]
                            }
                        ]
                    },
                    {
                        "42": [
                            {
                                "པེ་": [
                                    " །_། སྙིང་ ག ར་ སྡིགས་",
                                    "#མཛུབ་",
                                    "#ཞགས་པ་ དང་  །_། པདྨ་"
                                ],
                                "སྡེ་": [
                                    " །_། སྙིང་ ག ར་ སྡིགས་",
                                    "#འཛུབ་",
                                    "#ཞགས་པ་ དང་  །_། པདྨ་"
                                ]
                            }
                        ]
                    },
                    {
                        "43": [
                            {
                                "པེ་": [
                                    "དག་ གིས །_། སྡིགས་",
                                    "#མཛུབ་",
                                    "རལ་ #གྲི་ གཡོན་ དང་ གིས"
                                ],
                                "སྡེ་": [
                                    "དག་ གིས །_། སྡིགས་",
                                    "#འཛུབ་",
                                    "རལ་ #གྲི་ གཡོན་ དང་ གིས"
                                ]
                            }
                        ]
                    },
                    {
                        "44": [
                            {
                                "པེ་": [
                                    "གཡོན་ བརྐྱང་ གོམས་ སྟབས་",
                                    "སྙེམས་པ་",
                                    "ཡིས །_། པདྨ་"
                                ],
                                "སྡེ་": [
                                    "གཡོན་ བརྐྱང་ གོམས་ སྟབས་",
                                    "#སྙམས་པ་",
                                    "ཡིས །_། པདྨ་"
                                ]
                            }
                        ]
                    },
                    {
                        "49": [
                            {
                                "པེ་": [
                                    "བར་ འདི་ ནི་ ཐེ་",
                                    "#ཙོམ་",
                                    "མེད །_། དེ་ལྟར་ སློབ་"
                                ],
                                "སྡེ་": [
                                    "བར་ འདི་ ནི་ ཐེ་",
                                    "ཚོམ་",
                                    "མེད །_། དེ་ལྟར་ སློབ་"
                                ]
                            }
                        ]
                    }
                ]
            }
        },
        "sskrt": [
            {
                "13": [
                    {
                        "པེ་": [
                            "#ཡ་ #བཛྲ་ #སྭ་",
                            "#བྷ་",
                            "#ཝ་ #ཨཏ་ མ་ #ཀོ་"
                        ],
                        "སྡེ་": [
                            "#ཡ་ #བཛྲ་ #སྭ་",
                            "#བྷཱ་",
                            "#ཝ་ #ཨཏ་ མ་ #ཀོ་"
                        ]
                    }
                ]
            },
            {
                "16": [
                    {
                        "པེ་": [
                            "ག་ #ཏ་ #ཝཱཀ་ #བཛྲ་",
                            "#སྭཱ་ #བྷཱ་",
                            "#ཨཏྨ་ #ཀོ་ #ཧཾ །_ སྔགས་"
                        ],
                        "སྡེ་": [
                            "ག་ #ཏ་ #ཝཱཀ་ #བཛྲ་",
                            "#སྭ་ #བྷཱ་",
                            "#ཨཏྨ་ #ཀོ་ #ཧཾ །_ སྔགས་"
                        ]
                    }
                ]
            },
            {
                "23": [
                    {
                        "པེ་": [
                            "#ཏ་ #ཐཱ་ ག་ #ཏ་",
                            "#པུ་",
                            "#ཛ་ #བཛྲ་ #སྭ་ #བྷཱ་"
                        ],
                        "སྡེ་": [
                            "#ཏ་ #ཐཱ་ ག་ #ཏ་",
                            "#པཱུ་",
                            "#ཛ་ #བཛྲ་ #སྭ་ #བྷཱ་"
                        ]
                    }
                ]
            },
            {
                "30": [
                    {
                        "པེ་": [
                            "ལོ་ དེ་ བཞིན་ དུ །_།",
                            "#ཨཏྤལ་",
                            "སྔོ་ དམར་ གཡས་ རྣམས་ ན"
                        ],
                        "སྡེ་": [
                            "ལོ་ དེ་ བཞིན་ དུ །_།",
                            "#ཨུད་ #པལ་",
                            "སྔོ་ དམར་ གཡས་ རྣམས་ ན"
                        ]
                    }
                ]
            },
            {
                "34": [
                    {
                        "པེ་": [
                            "ཅན་ གྱིས་ #དཔྱུང་  །_།",
                            "མེ་",
                            "#ཐླཱྀཾ་ ས་བོན་ ལས་ རྫོགས་"
                        ],
                        "སྡེ་": [
                            "ཅན་ གྱིས་ #དཔྱུང་  །_།",
                            "#མཻཾ་",
                            "#ཐླཱྀཾ་ ས་བོན་ ལས་ རྫོགས་"
                        ]
                    }
                ]
            },
            {
                "37": [
                    {
                        "པེ་": [
                            "བར་ བྱ །_། སྤྱན་ གསུམ་ པདྨ་",
                            "ར་",
                            "ག འི་ འོད །_། དམར་ དང་"
                        ],
                        "སྡེ་": [
                            "བར་ བྱ །_། སྤྱན་ གསུམ་ པདྨ་",
                            "#རཱ་",
                            "ག འི་ འོད །_། དམར་ དང་"
                        ]
                    }
                ]
            },
            {
                "38": [
                    {
                        "པེ་": [
                            " །_། སྤྱན་ གསུམ་ #ཨིནྡྲ་",
                            "#ནཱི་",
                            "ལ འི་ མདོག _། དབུ་ བརྒྱན་"
                        ],
                        "སྡེ་": [
                            " །_། སྤྱན་ གསུམ་ #ཨིནྡྲ་",
                            "ནི་",
                            "ལ འི་ མདོག _། དབུ་ བརྒྱན་"
                        ]
                    }
                ]
            },
            {
                "46": [
                    {
                        "པེ་": [
                            "ཀ ར་",
                            "བརྩམ །_། ཉུང་",
                            "ཀ ར་ རྒྱུ་ དང་ མི་ རྒྱུ་"
                        ],
                        "སྡེ་": [
                            "ཀ ར་",
                            "བསམས །_། #ཉུངས་",
                            "ཀ ར་ རྒྱུ་ དང་ མི་ རྒྱུ་"
                        ]
                    }
                ]
            }
        ],
        "verb_difference": {
            "diff_tense": [
                {
                    "2": [
                        [
                            "《བརྩམས》ཞེས་པ།【〈རྩོམ〉གི་ འདས་པ།】【〈རྩོམ〉གི་ འདས་པ། ཐ་དད་པ།】",
                            "《བརྩམ》ཞེས་པ།【〈རྩོམ〉གི་ མ་འོངས་པ།】【〈རྩོམ〉གི་ མ་འོངས་པ། ཐ་དད་པ།】"
                        ],
                        {
                            "པེ་": [
                                "སྒྲུབ་པ་ ཡང་ ནི་",
                                "བརྩམ་པ ར་",
                                "བྱ །_། དགོན་པ་"
                            ],
                            "སྡེ་": [
                                "སྒྲུབ་པ་ ཡང་ ནི་",
                                "བརྩམས་པ ར་",
                                "བྱ །_། དགོན་པ་"
                            ]
                        }
                    ]
                },
                {
                    "6": [
                        [
                            "《བསྒོམ》ཞེས་པ།【〈སྒོམ〉གི་ མ་འོངས་པ། ཐ་དད་པ།】",
                            "《སྒོམ》ཞེས་པ།【〈སྒོམ〉གི་ ད་ལྟ་བ། ཐ་དད་པ།】"
                        ],
                        {
                            "པེ་": [
                                "རླུང་ གི་ དཀྱིལ་འཁོར་",
                                "བསྒོམ་པ ར་",
                                "བྱ །_། ས་བོན་"
                            ],
                            "སྡེ་": [
                                "རླུང་ གི་ དཀྱིལ་འཁོར་",
                                "སྒོམ་པ ར་",
                                "བྱ །_། ས་བོན་"
                            ]
                        }
                    ]
                },
                {
                    "11": [
                        [
                            "《བསམས》ཞེས་པ།【〈སེམས〉གི་ འདས་པ། ཐ་དད་པ།】",
                            "《བསམ》ཞེས་པ།【〈སེམས〉གི་ མ་འོངས་པ། ཐ་དད་པ།】"
                        ],
                        {
                            "པེ་": [
                                "བོ འི་ དབུས་ སུ་ གནས་པ ར་",
                                "བསམས",
                                "།_། དེ ར་ ནི་ ཡི་གེ་"
                            ],
                            "སྡེ་": [
                                "བོ འི་ དབུས་ སུ་ གནས་པ ར་",
                                "བསམ",
                                "།_། དེ ར་ ནི་ ཡི་གེ་"
                            ]
                        }
                    ]
                },
                {
                    "17": [
                        [
                            "《བསམས》ཞེས་པ།【〈སེམས〉གི་ འདས་པ། ཐ་དད་པ།】",
                            "《བསམ》ཞེས་པ།【〈སེམས〉གི་ མ་འོངས་པ། ཐ་དད་པ།】"
                        ],
                        {
                            "པེ་": [
                                "གཟུགས་ བརྙན་ འབར་བ་",
                                "བསམ་",
                                "བྱ་ སྟེ །_། དེ ར་ ནི་"
                            ],
                            "སྡེ་": [
                                "གཟུགས་ བརྙན་ འབར་བ་",
                                "བསམས་",
                                "བྱ་ སྟེ །_། དེ ར་ ནི་"
                            ]
                        }
                    ]
                },
                {
                    "18": [
                        [
                            "《བརླབས》ཞེས་པ།【〈རློབ〉གི་ འདས་པ། ཐ་དད་པ།】",
                            "《བརླབ》ཞེས་པ།【〈རློབ〉གི་ མ་འོངས་པ། ཐ་དད་པ།】"
                        ],
                        {
                            "པེ་": [
                                "བདག་ ལ་ བྱིན་ གྱིས་",
                                "བརླབས་",
                                "གནས་ དེང་  །_། ཐུགས་ ཀྱི་"
                            ],
                            "སྡེ་": [
                                "བདག་ ལ་ བྱིན་ གྱིས་",
                                "བརླབ་",
                                "གནས་ དེང་  །_། ཐུགས་ ཀྱི་"
                            ]
                        }
                    ]
                },
                {
                    "19": [
                        [
                            "《བརླབས》ཞེས་པ།【〈རློབ〉གི་ འདས་པ། ཐ་དད་པ།】",
                            "《བརླབ》ཞེས་པ།【〈རློབ〉གི་ མ་འོངས་པ། ཐ་དད་པ།】"
                        ],
                        {
                            "པེ་": [
                                "བདག་ ལ་ བྱིན་ གྱིས་",
                                "བརླབས་",
                                "གནས་ དེང་  །_། ཐུགས་ ཀྱི་"
                            ],
                            "སྡེ་": [
                                "བདག་ ལ་ བྱིན་ གྱིས་",
                                "བརླབ་",
                                "གནས་ དེང་  །_། ཐུགས་ ཀྱི་"
                            ]
                        }
                    ]
                },
                {
                    "31": [
                        [
                            "《བསྲུངས》ཞེས་པ།【〈སྲུང〉གི་ འདས་པ།】【〈སྲུང〉གི་ འདས་པ། ཐ་དད་པ།】",
                            "《བསྲུང》ཞེས་པ།【〈སྲུང〉གི་ མ་འོངས་པ།】【〈སྲུང〉གི་ མ་འོངས་པ། ཐ་དད་པ།】"
                        ],
                        {
                            "པེ་": [
                                "ཐུགས་ རྗེ་ ཆེན་པོ ས་",
                                "བསྲུང་",
                                "མཛད་ དེ །_། སླ ར་ ནི་"
                            ],
                            "སྡེ་": [
                                "ཐུགས་ རྗེ་ ཆེན་པོ ས་",
                                "བསྲུངས་",
                                "མཛད་ དེ །_། སླ ར་ ནི་"
                            ]
                        }
                    ]
                },
                {
                    "47": [
                        [
                            "《རྩེ》ཞེས་པ།【〈རྩེ〉གི་ ད་ལྟ་བ། ཐ་མི་དད་པ།】",
                            "《བརྩེ》ཞེས་པ།【〈རྩེ〉གི་ མ་འོངས་པ། ཐ་མི་དད་པ།】"
                        ],
                        {
                            "པེ་": [
                                "ལ་ ཕན་ ཞིང་ ཐུགས་",
                                "བརྩེ་བ",
                                "།_། འཇིག་རྟེན་ དག་"
                            ],
                            "སྡེ་": [
                                "ལ་ ཕན་ ཞིང་ ཐུགས་",
                                "རྩེ་བ",
                                "།_། འཇིག་རྟེན་ དག་"
                            ]
                        }
                    ]
                }
            ],
            "diff_verb": [
                {
                    "8": [
                        [
                            "《བརྩམས》ཞེས་པ།【〈རྩོམ〉གི་ འདས་པ།】【〈རྩོམ〉གི་ འདས་པ། ཐ་དད་པ།】",
                            "《བསམ》ཞེས་པ།【〈སེམས〉གི་ མ་འོངས་པ། ཐ་དད་པ།】"
                        ],
                        {
                            "པེ་": [
                                "རྗེས་སུ་ རྣལ་འབྱོར་",
                                "བསམ་པ ར་",
                                "བྱ །_། རྣལ་འབྱོར་"
                            ],
                            "སྡེ་": [
                                "རྗེས་སུ་ རྣལ་འབྱོར་",
                                "བརྩམས་པ ར་",
                                "བྱ །_། རྣལ་འབྱོར་"
                            ]
                        }
                    ]
                },
                {
                    "10": [
                        [
                            "《དབྱུགས》ཞེས་པ།【〈དབྱུགས〉གི་ འདས་པ། ཐ་དད་པ།】【〈དབྱུགས〉གི་ སྐུལ་ཚིག ཐ་དད་པ།】【〈དབྱུག〉གི་ འདས་པ། ཐ་དད་པ།】【〈དབྱུག〉གི་ སྐུལ་ཚིག ཐ་དད་པ།】",
                            "《དབྱུག》ཞེས་པ།【〈དབྱུགས〉གི་ ད་ལྟ་བ། ཐ་དད་པ།】【〈དབྱུགས〉གི་ མ་འོངས་པ། ཐ་དད་པ།】【〈དབྱུག〉གི་ ད་ལྟ་བ། ཐ་དད་པ།】【〈དབྱུག〉གི་ མ་འོངས་པ། ཐ་དད་པ།】"
                        ],
                        {
                            "པེ་": [
                                "བསམས་པ་ ནི །_།",
                                "དབྱུགས་པ་",
                                "སྔོན་པོ་ ཆེ ར་ འབར་"
                            ],
                            "སྡེ་": [
                                "བསམས་པ་ ནི །_།",
                                "དབྱུག་པ་",
                                "སྔོན་པོ་ ཆེ ར་ འབར་"
                            ]
                        }
                    ]
                },
                {
                    "27": [
                        [
                            "《བརྒྱན》ཞེས་པ།【〈བརྒྱན〉གི་ མ་འོངས་པ། ཐ་དད་པ།】【〈བརྒྱན〉གི་ འདས་པ། ཐ་དད་པ།】【〈རྒྱན〉གི་ མ་འོངས་པ། ཐ་དད་པ།】【〈རྒྱན〉གི་ འདས་པ། ཐ་དད་པ།】",
                            "《རྒྱན》ཞེས་པ།【〈བརྒྱན〉གི་ ད་ལྟ་བ། ཐ་དད་པ།】【〈རྒྱན〉གི་ ད་ལྟ་བ། ཐ་དད་པ།】【〈རྒྱན〉གི་ སྐུལ་ཚིག ཐ་དད་པ།】"
                        ],
                        {
                            "པེ་": [
                                "བསྐྱོད་པ ས་ ནི་ དབུ་",
                                "རྒྱན་",
                                "བྱས །_། སེར་ དང་ གནག་"
                            ],
                            "སྡེ་": [
                                "བསྐྱོད་པ ས་ ནི་ དབུ་",
                                "བརྒྱན་",
                                "བྱས །_། སེར་ དང་ གནག་"
                            ]
                        }
                    ]
                },
                {
                    "40": [
                        [
                            "《དབྱུང》ཞེས་པ།【〈འབྱིན〉གི་ མ་འོངས་པ།】【〈འབྱིན〉གི་ མ་འོངས་པ། ཐ་དད་པ།】",
                            "《འབྱུང》ཞེས་པ།【〈འབྱུང〉གི་ ད་ལྟ་བ། ཐ་མི་དད་པ།】【〈འབྱུང〉གི་ མ་འོངས་པ། ཐ་མི་དད་པ།】"
                        ],
                        {
                            "པེ་": [
                                "ཅན་ གྱི་ འདོད་ རྒྱལ་",
                                "དབྱུང་",
                                " །_། དཔའ་བོ་ #ཨིནྡྲ་"
                            ],
                            "སྡེ་": [
                                "ཅན་ གྱི་ འདོད་ རྒྱལ་",
                                "འབྱུང་",
                                " །_། དཔའ་བོ་ #ཨིནྡྲ་"
                            ]
                        }
                    ]
                },
                {
                    "41": [
                        [
                            "《བརྒྱན》ཞེས་པ།【〈བརྒྱན〉གི་ མ་འོངས་པ། ཐ་དད་པ།】【〈བརྒྱན〉གི་ འདས་པ། ཐ་དད་པ།】【〈རྒྱན〉གི་ མ་འོངས་པ། ཐ་དད་པ།】【〈རྒྱན〉གི་ འདས་པ། ཐ་དད་པ།】",
                            "《རྒྱན》ཞེས་པ།【〈བརྒྱན〉གི་ ད་ལྟ་བ། ཐ་དད་པ།】【〈རྒྱན〉གི་ ད་ལྟ་བ། ཐ་དད་པ།】【〈རྒྱན〉གི་ སྐུལ་ཚིག ཐ་དད་པ།】"
                        ],
                        {
                            "པེ་": [
                                "ཆེན་ འབྱུང་ ལྡན་ དབུ་",
                                "རྒྱན་",
                                "ཅན །_། གནག་ དང་ དཀ ར་"
                            ],
                            "སྡེ་": [
                                "ཆེན་ འབྱུང་ ལྡན་ དབུ་",
                                "བརྒྱན་",
                                "ཅན །_། གནག་ དང་ དཀ ར་"
                            ]
                        }
                    ]
                }
            ],
            "not_sure": [
                {
                    "32": [
                        [
                            "《བཞུགས》ཞེས་པ།【】",
                            "《ཞུགས》ཞེས་པ།【〈འཇུག〉གི་ འདས་པ། ཐ་མི་དད་པ།】"
                        ],
                        {
                            "པེ་": [
                                "ཞི་བ འི་ གནས་ སུ་",
                                "བཞུགས་པ འོ",
                                "།_། རིམ་པ་ གཉིས་"
                            ],
                            "སྡེ་": [
                                "ཞི་བ འི་ གནས་ སུ་",
                                "ཞུགས་པ འོ",
                                "།_། རིམ་པ་ གཉིས་"
                            ]
                        }
                    ]
                },
                {
                    "48": [
                        [
                            "《བསྙེས》ཞེས་པ།【〈སྙེ〉གི་ འདས་པ། ཐ་དད་པ།】",
                            "《བརྙེས》ཞེས་པ།【】"
                        ],
                        {
                            "པེ་": [
                                "ཕ་རོལ་ ཕྱིན་པ་",
                                "བརྙེས",
                                "།_། རྡོ་རྗེ་ གསུང་ ཁྱོད་"
                            ],
                            "སྡེ་": [
                                "ཕ་རོལ་ ཕྱིན་པ་",
                                "བསྙེས",
                                "།_། རྡོ་རྗེ་ གསུང་ ཁྱོད་"
                            ]
                        }
                    ]
                }
            ]
        }
    },
    "dunno": {
        "long_diff": [],
        "no_diff": [
            {
                "14": [
                    {
                        "པེ་": [
                            "གསུང་ གི་ རྡོ་རྗེ་",
                            "སྔགས་པ ས་",
                            "ཡང་  །_། ནམ་མཁའ་"
                        ],
                        "སྡེ་": [
                            "གསུང་ གི་ རྡོ་རྗེ་",
                            "བསྔགས་པ ས་",
                            "ཡང་  །_། ནམ་མཁའ་"
                        ]
                    }
                ]
            },
            {
                "15": [
                    {
                        "པེ་": [
                            "ལ་ བྱིན་ གྱིས་ བརླབས་",
                            "གནས་",
                            "དེང་  །_། གསུང་ གི་ རྡོ་"
                        ],
                        "སྡེ་": [
                            "ལ་ བྱིན་ གྱིས་ བརླབས་",
                            "ནས་",
                            "དེང་  །_། གསུང་ གི་ རྡོ་"
                        ]
                    }
                ]
            },
            {
                "29": [
                    {
                        "པེ་": [
                            "རབ་ བསྒྲུབ་པ འོ །_། མོ་ #ཧ་",
                            "",
                            "#ཏིའི་ སྔགས་ ལས་ སྐྱེས །_། "
                        ],
                        "སྡེ་": [
                            "རབ་ བསྒྲུབ་པ འོ །_། མོ་ #ཧ་",
                            "ར་",
                            "#ཏིའི་ སྔགས་ ལས་ སྐྱེས །_། "
                        ]
                    }
                ]
            },
            {
                "35": [
                    {
                        "པེ་": [
                            "#མནྟ་ #ཀྲྀཏ་",
                            "སྔགས་པ ས་",
                            "བྱུང་  །_། རྟ་ མགྲིན་ སྔགས་"
                        ],
                        "སྡེ་": [
                            "#མནྟ་ #ཀྲྀཏ་",
                            "སྔགས་ ལས་",
                            "བྱུང་  །_། རྟ་ མགྲིན་ སྔགས་"
                        ]
                    }
                ]
            },
            {
                "36": [
                    {
                        "པེ་": [
                            " །_། རྟ་ མགྲིན་",
                            "སྔགས་ ལས་",
                            "དབྱུང་ བར་ བྱ །_། སྤྱན་"
                        ],
                        "སྡེ་": [
                            " །_། རྟ་ མགྲིན་",
                            "སྔགས་པ ས་",
                            "དབྱུང་ བར་ བྱ །_། སྤྱན་"
                        ]
                    }
                ]
            },
            {
                "45": [
                    {
                        "པེ་": [
                            "ཏེ །_། ས་ ཡི་",
                            "འོད་",
                            "ཏུ་ དེ་ བཞུགས་ སོ །_། "
                        ],
                        "སྡེ་": [
                            "ཏེ །_། ས་ ཡི་",
                            "འོག་",
                            "ཏུ་ དེ་ བཞུགས་ སོ །_། "
                        ]
                    }
                ]
            }
        ],
        "short_diff": [
            {
                "20": [
                    {
                        "པེ་": [
                            "གང་ཞིག _།",
                            "གསང་བ་པ འི་",
                            "བདག་ བློ་ ལྡན་པ །_། "
                        ],
                        "སྡེ་": [
                            "གང་ཞིག _།",
                            "གསང་བ འི་",
                            "བདག་ བློ་ ལྡན་པ །_། "
                        ]
                    }
                ]
            },
            {
                "21": [
                    {
                        "པེ་": [
                            "རྣམ་པར་ བསྒོམ །_།",
                            "ཏིང་ངེ་འཛིན་",
                            "སེམས་དཔའ་ ཞེས་"
                        ],
                        "སྡེ་": [
                            "རྣམ་པར་ བསྒོམ །_།",
                            "ཏིང་འཛིན་",
                            "སེམས་དཔའ་ ཞེས་"
                        ]
                    }
                ]
            },
            {
                "22": [
                    {
                        "པེ་": [
                            " །_། སྣ་ཚོགས་ ལས་ མ་",
                            "གཡོན་",
                            "ལ །_། སྤྱི་ བོར་ ནམ་"
                        ],
                        "སྡེ་": [
                            " །_། སྣ་ཚོགས་ ལས་ མ་",
                            "གཡོན་པ་",
                            "ལ །_། སྤྱི་ བོར་ ནམ་"
                        ]
                    }
                ]
            }
        ]
    },
    "empty_notes": [
        {
            "24": [
                {
                    "པེ་": [
                        "#ཀོ་ #ཧཾ །_ རང་ སྔགས་ ཡི་གེ་ ལས་ བྱུང་",
                        "",
                        "#ཨཏྨ་ #ཀོ་ #ཧཾ །_ རང་ སྔགས་ ཡི་གེ་ ལས་ བྱུང་"
                    ],
                    "སྡེ་": [
                        "#ཀོ་ #ཧཾ །_ རང་ སྔགས་ ཡི་གེ་ ལས་ བྱུང་",
                        "",
                        "#ཨཏྨ་ #ཀོ་ #ཧཾ །_ རང་ སྔགས་ ཡི་གེ་ ལས་ བྱུང་"
                    ]
                }
            ]
        },
        {
            "51": [
                {
                    "པེ་": [
                        "མཛད་པ་ རྫོགས་ སོ །།_།། ",
                        "",
                        "མཛད་པ་ རྫོགས་ སོ །།_།། "
                    ],
                    "སྡེ་": [
                        "མཛད་པ་ རྫོགས་ སོ །།_།། ",
                        "",
                        "མཛད་པ་ རྫོགས་ སོ །།_།། "
                    ]
                }
            ]
        }
    ],
    "manual_categorisation": {
        "long_difference": {
            "differing_formulation": [],
            "major_modification": []
        },
        "manual_evaluation": {
            "derge_correct": [],
            "meaning_difference": {
                "great_diff": [],
                "medium_diff": [],
                "small_diff": []
            }
        }
    },
    "ngram_freq": {
        "1": {
            "པེ་": [
                [
                    "ཀྲ",
                    "12"
                ],
                [
                    "ཀྲ་མ",
                    "171"
                ]
            ],
            "སྡེ་": [
                [
                    "གྲ",
                    "30"
                ]
            ]
        },
        "10": {
            "པེ་": [],
            "སྡེ་": [
                [
                    "དབྱུག་པ",
                    "529"
                ],
                [
                    "།_།དབྱུག་པ",
                    "74"
                ]
            ]
        },
        "11": {
            "པེ་": [
                [
                    "བསམས",
                    "54"
                ]
            ],
            "སྡེ་": [
                [
                    "བསམ",
                    "706"
                ],
                [
                    "བསམ།_།",
                    "690"
                ]
            ]
        },
        "12": {
            "པེ་": [
                [
                    "གྱིས",
                    "7492"
                ],
                [
                    "ཀུན་གྱིས",
                    "73"
                ]
            ],
            "སྡེ་": [
                [
                    "གྱི",
                    "3024"
                ],
                [
                    "གྱི་སྐུ",
                    "142"
                ],
                [
                    "ཀུན་གྱི",
                    "88"
                ]
            ]
        },
        "13": {
            "པེ་": [
                [
                    "བྷ",
                    "79"
                ]
            ],
            "སྡེ་": [
                [
                    "བྷཱ",
                    "1"
                ],
                [
                    "སྭ་བྷཱ",
                    "47"
                ]
            ]
        },
        "14": {
            "པེ་": [
                [
                    "སྔགས་པས",
                    "658"
                ]
            ],
            "སྡེ་": [
                [
                    "བསྔགས་པས",
                    "103"
                ]
            ]
        },
        "15": {
            "པེ་": [
                [
                    "གནས",
                    "6157"
                ]
            ],
            "སྡེ་": [
                [
                    "ནས",
                    "35333"
                ],
                [
                    "བརླབས་ནས",
                    "164"
                ]
            ]
        },
        "16": {
            "པེ་": [],
            "སྡེ་": [
                [
                    "སྭ་བྷཱ",
                    "327"
                ],
                [
                    "བཛྲ་སྭ་བྷཱ",
                    "128"
                ]
            ]
        },
        "17": {
            "པེ་": [
                [
                    "བསམ",
                    "706"
                ],
                [
                    "བསམ་བྱ",
                    "104"
                ]
            ],
            "སྡེ་": [
                [
                    "བསམས",
                    "54"
                ]
            ]
        },
        "18": {
            "པེ་": [
                [
                    "བརླབས",
                    "156"
                ],
                [
                    "གྱིས་བརླབས",
                    "137"
                ]
            ],
            "སྡེ་": [
                [
                    "བརླབ",
                    "104"
                ],
                [
                    "གྱིས་བརླབ",
                    "87"
                ]
            ]
        },
        "19": {
            "པེ་": [
                [
                    "བརླབས",
                    "156"
                ],
                [
                    "གྱིས་བརླབས",
                    "137"
                ]
            ],
            "སྡེ་": [
                [
                    "བརླབ",
                    "104"
                ],
                [
                    "གྱིས་བརླབ",
                    "87"
                ]
            ]
        },
        "2": {
            "པེ་": [
                [
                    "བརྩམ་པར",
                    "511"
                ],
                [
                    "བརྩམ་པར་བྱ",
                    "88"
                ],
                [
                    "ནི་བརྩམ་པར",
                    "52"
                ],
                [
                    "ནི་བརྩམ་པར་བྱ",
                    "45"
                ],
                [
                    "ནི་བརྩམ་པར་བྱ།_།",
                    "44"
                ]
            ],
            "སྡེ་": [
                [
                    "བརྩམས་པར",
                    "40"
                ]
            ]
        },
        "20": {
            "པེ་": [
                [
                    "གསང་བ་པའི",
                    "991"
                ],
                [
                    "གསང་བ་པའི་བདག",
                    "975"
                ]
            ],
            "སྡེ་": [
                [
                    "གསང་བའི",
                    "3147"
                ],
                [
                    "_།གསང་བའི",
                    "47"
                ],
                [
                    "གསང་བའི་བདག",
                    "234"
                ]
            ]
        },
        "21": {
            "པེ་": [
                [
                    "ཏིང་ངེ་འཛིན",
                    "108"
                ],
                [
                    "།_།ཏིང་ངེ་འཛིན",
                    "1194"
                ]
            ],
            "སྡེ་": [
                [
                    "ཏིང་འཛིན",
                    "2165"
                ],
                [
                    "།_།ཏིང་འཛིན",
                    "780"
                ]
            ]
        },
        "22": {
            "པེ་": [
                [
                    "གཡོན",
                    "68"
                ]
            ],
            "སྡེ་": [
                [
                    "གཡོན་པ",
                    "1041"
                ],
                [
                    "གཡོན་པ་ལ",
                    "84"
                ]
            ]
        },
        "23": {
            "པེ་": [
                [
                    "པུ",
                    "109"
                ],
                [
                    "ཏ་པུ",
                    "90"
                ]
            ],
            "སྡེ་": [
                [
                    "པཱུ",
                    "7"
                ],
                [
                    "པཱུ་ཛ",
                    "101"
                ]
            ]
        },
        "24": {
            "པེ་": [
                [
                    "",
                    "1"
                ],
                [
                    "ཨཏྨ",
                    "7"
                ],
                [
                    "བྱུང",
                    "27"
                ]
            ],
            "སྡེ་": [
                [
                    "",
                    "1"
                ],
                [
                    "ཨཏྨ",
                    "7"
                ],
                [
                    "བྱུང",
                    "27"
                ]
            ]
        },
        "25": {
            "པེ་": [
                [
                    "འདུག་པར",
                    "1213"
                ],
                [
                    "འདུག་པར་གྱུར",
                    "302"
                ]
            ],
            "སྡེ་": [
                [
                    "འདུག་པ",
                    "264"
                ]
            ]
        },
        "26": {
            "པེ་": [
                [
                    "ནས",
                    "35333"
                ],
                [
                    "ནས།_།",
                    "9174"
                ],
                [
                    "གྱུར་ནས",
                    "3334"
                ],
                [
                    "གྱུར་ནས།_།",
                    "890"
                ]
            ],
            "སྡེ་": [
                [
                    "ན",
                    "73509"
                ],
                [
                    "ན།_།",
                    "11932"
                ],
                [
                    "གྱུར་ན",
                    "3227"
                ],
                [
                    "གྱུར་ན།_།",
                    "974"
                ]
            ]
        },
        "27": {
            "པེ་": [
                [
                    "རྒྱན",
                    "93"
                ],
                [
                    "དབུ་རྒྱན",
                    "347"
                ]
            ],
            "སྡེ་": [
                [
                    "བརྒྱན",
                    "1645"
                ],
                [
                    "བརྒྱན་བྱས",
                    "45"
                ]
            ]
        },
        "28": {
            "པེ་": [
                [
                    "གཉིས",
                    "698"
                ],
                [
                    "གཉིས།_།",
                    "634"
                ]
            ],
            "སྡེ་": [
                [
                    "གཉིས་ཀྱིས",
                    "71"
                ],
                [
                    "གཉིས་ཀྱིས།_།",
                    "60"
                ]
            ]
        },
        "29": {
            "པེ་": [
                [
                    "",
                    "1"
                ],
                [
                    "ཧ",
                    "586"
                ],
                [
                    "ཏིའི",
                    "4"
                ]
            ],
            "སྡེ་": [
                [
                    "ར",
                    "2609"
                ],
                [
                    "ཧ་ར",
                    "214"
                ]
            ]
        },
        "3": {
            "པེ་": [],
            "སྡེ་": [
                [
                    "སྐྱིལ་ཀྲུང",
                    "288"
                ]
            ]
        },
        "30": {
            "པེ་": [
                [
                    "ཨཏྤལ",
                    "1"
                ]
            ],
            "སྡེ་": [
                [
                    "ཨུད་པལ",
                    "133"
                ]
            ]
        },
        "31": {
            "པེ་": [
                [
                    "བསྲུང",
                    "3"
                ]
            ],
            "སྡེ་": [
                [
                    "བསྲུངས",
                    "86"
                ]
            ]
        },
        "32": {
            "པེ་": [
                [
                    "བཞུགས་པའོ",
                    "103"
                ],
                [
                    "བཞུགས་པའོ།_།",
                    "103"
                ]
            ],
            "སྡེ་": [
                [
                    "ཞུགས་པའོ",
                    "156"
                ],
                [
                    "ཞུགས་པའོ།_།",
                    "156"
                ]
            ]
        },
        "33": {
            "པེ་": [
                [
                    "རྔ",
                    "14"
                ],
                [
                    "ནི་རྔ",
                    "93"
                ],
                [
                    "རྔ་སྒྲ",
                    "174"
                ]
            ],
            "སྡེ་": [
                [
                    "སྔ",
                    "7"
                ],
                [
                    "ནི་སྔ",
                    "319"
                ]
            ]
        },
        "34": {
            "པེ་": [
                [
                    "མེ",
                    "828"
                ],
                [
                    "།_།མེ",
                    "3192"
                ]
            ],
            "སྡེ་": []
        },
        "35": {
            "པེ་": [
                [
                    "སྔགས་པས",
                    "658"
                ]
            ],
            "སྡེ་": [
                [
                    "སྔགས་ལས",
                    "91"
                ]
            ]
        },
        "36": {
            "པེ་": [
                [
                    "སྔགས་ལས",
                    "91"
                ]
            ],
            "སྡེ་": [
                [
                    "སྔགས་པས",
                    "658"
                ]
            ]
        },
        "37": {
            "པེ་": [
                [
                    "ར",
                    "2609"
                ],
                [
                    "ར་ག",
                    "75"
                ]
            ],
            "སྡེ་": [
                [
                    "རཱ",
                    "178"
                ],
                [
                    "རཱ་ག",
                    "272"
                ],
                [
                    "པདྨ་རཱ",
                    "124"
                ],
                [
                    "པདྨ་རཱ་ག",
                    "74"
                ]
            ]
        },
        "38": {
            "པེ་": [
                [
                    "ནཱི",
                    "97"
                ],
                [
                    "ནཱི་ལ",
                    "246"
                ],
                [
                    "ཨིནྡྲ་ནཱི",
                    "104"
                ],
                [
                    "ཨིནྡྲ་ནཱི་ལ",
                    "65"
                ]
            ],
            "སྡེ་": [
                [
                    "ནི",
                    "44237"
                ],
                [
                    "ནི་ལ",
                    "88"
                ]
            ]
        },
        "39": {
            "པེ་": [
                [
                    "སུས",
                    "11"
                ],
                [
                    "།_།སུས",
                    "153"
                ]
            ],
            "སྡེ་": [
                [
                    "གསུས",
                    "210"
                ]
            ]
        },
        "4": {
            "པེ་": [
                [
                    "བལྟས",
                    "74"
                ],
                [
                    "བལྟས་ནས",
                    "448"
                ]
            ],
            "སྡེ་": []
        },
        "40": {
            "པེ་": [
                [
                    "དབྱུང",
                    "2"
                ]
            ],
            "སྡེ་": [
                [
                    "འབྱུང",
                    "42"
                ]
            ]
        },
        "41": {
            "པེ་": [
                [
                    "རྒྱན",
                    "93"
                ],
                [
                    "རྒྱན་ཅན",
                    "116"
                ],
                [
                    "དབུ་རྒྱན",
                    "347"
                ],
                [
                    "དབུ་རྒྱན་ཅན",
                    "105"
                ],
                [
                    "དབུ་རྒྱན་ཅན།_།",
                    "93"
                ]
            ],
            "སྡེ་": [
                [
                    "བརྒྱན",
                    "1645"
                ]
            ]
        },
        "42": {
            "པེ་": [
                [
                    "མཛུབ",
                    "5"
                ],
                [
                    "སྡིགས་མཛུབ",
                    "322"
                ]
            ],
            "སྡེ་": [
                [
                    "འཛུབ",
                    "9"
                ]
            ]
        },
        "43": {
            "པེ་": [
                [
                    "མཛུབ",
                    "5"
                ],
                [
                    "སྡིགས་མཛུབ",
                    "322"
                ]
            ],
            "སྡེ་": [
                [
                    "འཛུབ",
                    "9"
                ]
            ]
        },
        "44": {
            "པེ་": [
                [
                    "སྙེམས་པ",
                    "178"
                ]
            ],
            "སྡེ་": []
        },
        "45": {
            "པེ་": [
                [
                    "འོད",
                    "510"
                ],
                [
                    "ཡི་འོད",
                    "124"
                ]
            ],
            "སྡེ་": [
                [
                    "འོག",
                    "26"
                ],
                [
                    "འོག་ཏུ",
                    "85"
                ],
                [
                    "ཡི་འོག",
                    "260"
                ],
                [
                    "ཡི་འོག་ཏུ",
                    "178"
                ]
            ]
        },
        "46": {
            "པེ་": [],
            "སྡེ་": []
        },
        "47": {
            "པེ་": [
                [
                    "བརྩེ་བ",
                    "73"
                ],
                [
                    "ཐུགས་བརྩེ་བ",
                    "300"
                ]
            ],
            "སྡེ་": [
                [
                    "རྩེ་བ",
                    "569"
                ]
            ]
        },
        "48": {
            "པེ་": [
                [
                    "བརྙེས",
                    "178"
                ],
                [
                    "བརྙེས།_།",
                    "149"
                ]
            ],
            "སྡེ་": [
                [
                    "བསྙེས",
                    "10"
                ]
            ]
        },
        "49": {
            "པེ་": [
                [
                    "ཙོམ",
                    "1241"
                ],
                [
                    "ཐེ་ཙོམ",
                    "1219"
                ],
                [
                    "ཙོམ་མེད",
                    "84"
                ],
                [
                    "ཐེ་ཙོམ་མེད",
                    "84"
                ],
                [
                    "ཐེ་ཙོམ་མེད།_།",
                    "83"
                ]
            ],
            "སྡེ་": [
                [
                    "ཚོམ",
                    "3284"
                ],
                [
                    "ཐེ་ཚོམ",
                    "3110"
                ],
                [
                    "ཚོམ་མེད",
                    "575"
                ],
                [
                    "ཐེ་ཚོམ་མེད",
                    "457"
                ],
                [
                    "ཐེ་ཚོམ་མེད།_།",
                    "567"
                ],
                [
                    "ནི་ཐེ་ཚོམ་མེད",
                    "88"
                ],
                [
                    "ནི་ཐེ་ཚོམ་མེད།_།",
                    "86"
                ]
            ]
        },
        "5": {
            "པེ་": [],
            "སྡེ་": [
                [
                    "གདུག་པ",
                    "1251"
                ],
                [
                    "།_།གདུག་པ",
                    "250"
                ]
            ]
        },
        "50": {
            "པེ་": [
                [
                    "ཕྲེང་བ",
                    "3939"
                ],
                [
                    "རྡོ་རྗེ་ཕྲེང་བ",
                    "132"
                ]
            ],
            "སྡེ་": [
                [
                    "ཕྲེང་བས",
                    "658"
                ]
            ]
        },
        "51": {
            "པེ་": [
                [
                    "",
                    "1"
                ],
                [
                    "མཛད་པ",
                    "1162"
                ]
            ],
            "སྡེ་": [
                [
                    "",
                    "1"
                ],
                [
                    "མཛད་པ",
                    "1162"
                ]
            ]
        },
        "6": {
            "པེ་": [
                [
                    "བསྒོམ་པར",
                    "2510"
                ],
                [
                    "བསྒོམ་པར་བྱ",
                    "292"
                ],
                [
                    "དཀྱིལ་འཁོར་བསྒོམ་པར",
                    "60"
                ],
                [
                    "དཀྱིལ་འཁོར་བསྒོམ་པར་བྱ",
                    "59"
                ],
                [
                    "དཀྱིལ་འཁོར་བསྒོམ་པར་བྱ།_།",
                    "59"
                ]
            ],
            "སྡེ་": [
                [
                    "སྒོམ་པར",
                    "558"
                ]
            ]
        },
        "7": {
            "པེ་": [
                [
                    "སྟེ",
                    "27897"
                ]
            ],
            "སྡེ་": [
                [
                    "ཏེ",
                    "80365"
                ]
            ]
        },
        "8": {
            "པེ་": [
                [
                    "བསམ་པར",
                    "735"
                ],
                [
                    "བསམ་པར་བྱ",
                    "86"
                ]
            ],
            "སྡེ་": [
                [
                    "བརྩམས་པར",
                    "40"
                ]
            ]
        },
        "9": {
            "པེ་": [
                [
                    "གཤིན་རྗེ",
                    "805"
                ],
                [
                    "གཤིན་རྗེ་གཤེད",
                    "171"
                ]
            ],
            "སྡེ་": []
        }
    },
    "non_standard_notes": [],
    "profile": {
        "1": [
            "པེ་ སྡེ་",
            "96.08%"
        ],
        "10": [
            "པེ་ སྡེ་",
            "96.08%"
        ],
        "11": [
            "པེ་ སྡེ་",
            "96.08%"
        ],
        "12": [
            "པེ་ སྡེ་",
            "96.08%"
        ],
        "13": [
            "པེ་ སྡེ་",
            "96.08%"
        ],
        "14": [
            "པེ་ སྡེ་",
            "96.08%"
        ],
        "15": [
            "པེ་ སྡེ་",
            "96.08%"
        ],
        "16": [
            "པེ་ སྡེ་",
            "96.08%"
        ],
        "17": [
            "པེ་ སྡེ་",
            "96.08%"
        ],
        "18": [
            "པེ་ སྡེ་",
            "96.08%"
        ],
        "19": [
            "པེ་ སྡེ་",
            "96.08%"
        ],
        "2": [
            "པེ་ སྡེ་",
            "96.08%"
        ],
        "20": [
            "པེ་ སྡེ་",
            "96.08%"
        ],
        "21": [
            "པེ་ སྡེ་",
            "96.08%"
        ],
        "22": [
            "པེ་ སྡེ་",
            "96.08%"
        ],
        "23": [
            "པེ་ སྡེ་",
            "96.08%"
        ],
        "24": [
            "པེ་=སྡེ་",
            "3.92%"
        ],
        "25": [
            "པེ་ སྡེ་",
            "96.08%"
        ],
        "26": [
            "པེ་ སྡེ་",
            "96.08%"
        ],
        "27": [
            "པེ་ སྡེ་",
            "96.08%"
        ],
        "28": [
            "པེ་ སྡེ་",
            "96.08%"
        ],
        "29": [
            "པེ་ སྡེ་",
            "96.08%"
        ],
        "3": [
            "པེ་ སྡེ་",
            "96.08%"
        ],
        "30": [
            "པེ་ སྡེ་",
            "96.08%"
        ],
        "31": [
            "པེ་ སྡེ་",
            "96.08%"
        ],
        "32": [
            "པེ་ སྡེ་",
            "96.08%"
        ],
        "33": [
            "པེ་ སྡེ་",
            "96.08%"
        ],
        "34": [
            "པེ་ སྡེ་",
            "96.08%"
        ],
        "35": [
            "པེ་ སྡེ་",
            "96.08%"
        ],
        "36": [
            "པེ་ སྡེ་",
            "96.08%"
        ],
        "37": [
            "པེ་ སྡེ་",
            "96.08%"
        ],
        "38": [
            "པེ་ སྡེ་",
            "96.08%"
        ],
        "39": [
            "པེ་ སྡེ་",
            "96.08%"
        ],
        "4": [
            "པེ་ སྡེ་",
            "96.08%"
        ],
        "40": [
            "པེ་ སྡེ་",
            "96.08%"
        ],
        "41": [
            "པེ་ སྡེ་",
            "96.08%"
        ],
        "42": [
            "པེ་ སྡེ་",
            "96.08%"
        ],
        "43": [
            "པེ་ སྡེ་",
            "96.08%"
        ],
        "44": [
            "པེ་ སྡེ་",
            "96.08%"
        ],
        "45": [
            "པེ་ སྡེ་",
            "96.08%"
        ],
        "46": [
            "པེ་ སྡེ་",
            "96.08%"
        ],
        "47": [
            "པེ་ སྡེ་",
            "96.08%"
        ],
        "48": [
            "པེ་ སྡེ་",
            "96.08%"
        ],
        "49": [
            "པེ་ སྡེ་",
            "96.08%"
        ],
        "5": [
            "པེ་ སྡེ་",
            "96.08%"
        ],
        "50": [
            "པེ་ སྡེ་",
            "96.08%"
        ],
        "51": [
            "པེ་=སྡེ་",
            "3.92%"
        ],
        "6": [
            "པེ་ སྡེ་",
            "96.08%"
        ],
        "7": [
            "པེ་ སྡེ་",
            "96.08%"
        ],
        "8": [
            "པེ་ སྡེ་",
            "96.08%"
        ],
        "9": [
            "པེ་ སྡེ་",
            "96.08%"
        ]
    }
}