﻿{
    "Stats": {
        "Categorised": "7 notes (70.00%)",
        "Notes’ total": 10,
        "Profiles": [
            "པེ་=སྣར་ སྡེ་: 80.00% (8 notes)",
            "པེ་=སྡེ་=སྣར་: 10.00% (1 notes)",
            "པེ་ སྡེ་=སྣར་: 10.00% (1 notes)"
        ],
        "automatic_categorisation": {
            "min_mod": {
                "min_mod_groups": 1,
                "particle_groups": 2
            },
            "particle_issues": {},
            "spelling_mistake": {
                "non_word": {}
            },
            "sskrt": 2,
            "verb_difference": {
                "diff_verb": 1
            }
        },
        "dunno": {
            "no_diff": 3
        },
        "empty_notes": 1,
        "manual_categorisation": {
            "long_difference": {},
            "manual_evaluation": {
                "meaning_difference": {}
            }
        },
        "ngram_freq": {},
        "profile": {}
    },
    "automatic_categorisation": {
        "min_mod": {
            "min_mod_groups": [
                {
                    "8": [
                        [
                            [
                                "ལས",
                                "ལ"
                            ]
                        ],
                        {
                            "པེ་": [
                                "བསྲུང་  །_། བདེ་ ལེགས་ སེམས་",
                                "ལ་",
                                "སངས་རྒྱས་ འབྱུང་  །_། སེམས་"
                            ],
                            "སྡེ་": [
                                "བསྲུང་  །_། བདེ་ ལེགས་ སེམས་",
                                "ལས་",
                                "སངས་རྒྱས་ འབྱུང་  །_། སེམས་"
                            ],
                            "སྣར་": [
                                "བསྲུང་  །_། བདེ་ ལེགས་ སེམས་",
                                "ལ་",
                                "སངས་རྒྱས་ འབྱུང་  །_། སེམས་"
                            ]
                        }
                    ]
                }
            ],
            "particle_groups": [
                {
                    "2": [
                        [
                            "dreldra",
                            "jedra"
                        ],
                        {
                            "པེ་": [
                                "བ་ ནི །_། སེམས་ ཉིད་",
                                "ཀྱི་",
                                "ནི་ བསལ་ མཛད་ དེ །_། "
                            ],
                            "སྡེ་": [
                                "བ་ ནི །_། སེམས་ ཉིད་",
                                "ཀྱིས་",
                                "ནི་ བསལ་ མཛད་ དེ །_། "
                            ],
                            "སྣར་": [
                                "བ་ ནི །_། སེམས་ ཉིད་",
                                "ཀྱི་",
                                "ནི་ བསལ་ མཛད་ དེ །_། "
                            ]
                        }
                    ]
                },
                {
                    "4": [
                        [
                            "dreldra",
                            "jedra"
                        ],
                        {
                            "པེ་": [
                                "མེད །_། འགྲོ་བ་ ཀུན་",
                                "གྱིས་",
                                "མཐོང་བ་ རྣམས །_།"
                            ],
                            "སྡེ་": [
                                "མེད །_། འགྲོ་བ་ ཀུན་",
                                "གྱི་",
                                "མཐོང་བ་ རྣམས །_།"
                            ],
                            "སྣར་": [
                                "མེད །_། འགྲོ་བ་ ཀུན་",
                                "གྱིས་",
                                "མཐོང་བ་ རྣམས །_།"
                            ]
                        }
                    ]
                }
            ]
        },
        "particle_issues": {
            "added_particle": [],
            "agreement_issue": [],
            "different_particles": [],
            "other": [],
            "po-bo-pa-ba": []
        },
        "spelling_mistake": {
            "missing_vowel": [],
            "nga_da": [],
            "non_word": {
                "ill_formed": [],
                "well_formed": []
            }
        },
        "sskrt": [
            {
                "1": [
                    {
                        "པེ་": [
                            "དུ །_ #ཙིཏྟ་ #བཛྲ་",
                            "#སྟ་བ",
                            "_། བོད་ སྐད་ དུ ། "
                        ],
                        "སྡེ་": [
                            "དུ །_ #ཙིཏྟ་ #བཛྲ་",
                            "#སྟ་ #བཾ",
                            "_། བོད་ སྐད་ དུ ། "
                        ],
                        "སྣར་": [
                            "དུ །_ #ཙིཏྟ་ #བཛྲ་",
                            "#སྟ་བ",
                            "_། བོད་ སྐད་ དུ ། "
                        ]
                    }
                ]
            },
            {
                "9": [
                    {
                        "པེ་": [
                            "མཛད་པ་ རྫོགས་ སོ །།",
                            "#མངྒ་ #ལཾ",
                            "།། "
                        ],
                        "སྡེ་": [
                            "མཛད་པ་ རྫོགས་ སོ །།",
                            "",
                            "།། "
                        ],
                        "སྣར་": [
                            "མཛད་པ་ རྫོགས་ སོ །།",
                            "",
                            "།། "
                        ]
                    }
                ]
            }
        ],
        "verb_difference": {
            "diff_tense": [],
            "diff_verb": [
                {
                    "5": [
                        [
                            "《སྒོ》ཞེས་པ།【〈བསྒོས〉གི་ ད་ལྟ་བ། ཐ་དད་པ།】【〈སྒོ〉གི་ ད་ལྟ་བ།】【〈སྒོ〉གི་ ད་ལྟ་བ། ཐ་དད་པ།】",
                            "《བསྡོས》ཞེས་པ།【〈སྡོ〉གི་ འདས་པ།】【〈སྡོ〉གི་ འདས་པ། ཐ་དད་པ།】"
                        ],
                        {
                            "པེ་": [
                                " །_། རྣམ་པར་ རྟོག་པ ས་",
                                "སྒོ་",
                                "བྱས་པ འི །_། འཁོར་བ་"
                            ],
                            "སྡེ་": [
                                " །_། རྣམ་པར་ རྟོག་པ ས་",
                                "བསྡོས་",
                                "བྱས་པ འི །_། འཁོར་བ་"
                            ],
                            "སྣར་": [
                                " །_། རྣམ་པར་ རྟོག་པ ས་",
                                "སྒོ་",
                                "བྱས་པ འི །_། འཁོར་བ་"
                            ]
                        }
                    ]
                }
            ],
            "not_sure": []
        }
    },
    "dunno": {
        "long_diff": [],
        "no_diff": [
            {
                "3": [
                    {
                        "པེ་": [
                            "ཏུ་ ཡོད་ མ་ ཡིན །_།",
                            "རིམ་",
                            "ཐོབ་པ་ ནི་ བྱང་ཆུབ་"
                        ],
                        "སྡེ་": [
                            "ཏུ་ ཡོད་ མ་ ཡིན །_།",
                            "སེམས་",
                            "ཐོབ་པ་ ནི་ བྱང་ཆུབ་"
                        ],
                        "སྣར་": [
                            "ཏུ་ ཡོད་ མ་ ཡིན །_།",
                            "རིམ་",
                            "ཐོབ་པ་ ནི་ བྱང་ཆུབ་"
                        ]
                    }
                ]
            },
            {
                "6": [
                    {
                        "པེ་": [
                            "བྱ འོ །_། སེམས་ ཀྱི་",
                            "རྡོ་རྗེ འི་",
                            "བསྒོམ་པ འི་ ཕྱིར །_། དེ་"
                        ],
                        "སྡེ་": [
                            "བྱ འོ །_། སེམས་ ཀྱི་",
                            "རྡོ་རྗེ་",
                            "བསྒོམ་པ འི་ ཕྱིར །_། དེ་"
                        ],
                        "སྣར་": [
                            "བྱ འོ །_། སེམས་ ཀྱི་",
                            "རྡོ་རྗེ འི་",
                            "བསྒོམ་པ འི་ ཕྱིར །_། དེ་"
                        ]
                    }
                ]
            },
            {
                "7": [
                    {
                        "པེ་": [
                            " །_། སེམས་ མེད་ ཁམས་ ནི་",
                            "ཁེད་པ ར་",
                            "འཇུག _། དེ་ ཕྱིར་ སེམས་"
                        ],
                        "སྡེ་": [
                            " །_། སེམས་ མེད་ ཁམས་ ནི་",
                            "བདེ་བ ར་",
                            "འཇུག _། དེ་ ཕྱིར་ སེམས་"
                        ],
                        "སྣར་": [
                            " །_། སེམས་ མེད་ ཁམས་ ནི་",
                            "ཁེད་པ ར་",
                            "འཇུག _། དེ་ ཕྱིར་ སེམས་"
                        ]
                    }
                ]
            }
        ],
        "short_diff": []
    },
    "empty_notes": [
        {
            "10": [
                {
                    "པེ་": [
                        "པ་ རྫོགས་ སོ །། ",
                        "",
                        "པ་ རྫོགས་ སོ །། "
                    ],
                    "སྡེ་": [
                        "པ་ རྫོགས་ སོ །། ",
                        "",
                        "པ་ རྫོགས་ སོ །། "
                    ],
                    "སྣར་": [
                        "པ་ རྫོགས་ སོ །། ",
                        "",
                        "པ་ རྫོགས་ སོ །། "
                    ]
                }
            ]
        }
    ],
    "manual_categorisation": {
        "long_difference": {
            "differing_formulation": [],
            "major_modification": []
        },
        "manual_evaluation": {
            "derge_correct": [],
            "meaning_difference": {
                "great_diff": [],
                "medium_diff": [],
                "small_diff": []
            }
        }
    },
    "ngram_freq": {
        "1": {
            "པེ་": [],
            "སྡེ་": [],
            "སྣར་": []
        },
        "10": {
            "པེ་": [
                [
                    "",
                    "1"
                ],
                [
                    "པ",
                    "1"
                ],
                [
                    "པ་རྫོགས",
                    "1144"
                ]
            ],
            "སྡེ་": [
                [
                    "",
                    "1"
                ],
                [
                    "པ",
                    "1"
                ],
                [
                    "པ་རྫོགས",
                    "1144"
                ]
            ],
            "སྣར་": [
                [
                    "",
                    "1"
                ],
                [
                    "པ",
                    "1"
                ],
                [
                    "པ་རྫོགས",
                    "1144"
                ]
            ]
        },
        "2": {
            "པེ་": [
                [
                    "ཀྱི",
                    "5256"
                ],
                [
                    "ཀྱི་ནི",
                    "1448"
                ],
                [
                    "ཉིད་ཀྱི",
                    "171"
                ],
                [
                    "ཉིད་ཀྱི་ནི",
                    "118"
                ]
            ],
            "སྡེ་": [
                [
                    "ཀྱིས",
                    "6156"
                ],
                [
                    "ཀྱིས་ནི",
                    "2449"
                ],
                [
                    "ཉིད་ཀྱིས",
                    "603"
                ],
                [
                    "ཉིད་ཀྱིས་ནི",
                    "82"
                ]
            ],
            "སྣར་": [
                [
                    "ཀྱི",
                    "5256"
                ],
                [
                    "ཀྱི་ནི",
                    "1448"
                ],
                [
                    "ཉིད་ཀྱི",
                    "171"
                ],
                [
                    "ཉིད་ཀྱི་ནི",
                    "118"
                ]
            ]
        },
        "3": {
            "པེ་": [
                [
                    "རིམ",
                    "78"
                ],
                [
                    "།_།རིམ",
                    "1114"
                ]
            ],
            "སྡེ་": [
                [
                    "སེམས",
                    "4229"
                ],
                [
                    "།_།སེམས",
                    "12797"
                ]
            ],
            "སྣར་": [
                [
                    "རིམ",
                    "78"
                ],
                [
                    "།_།རིམ",
                    "1114"
                ]
            ]
        },
        "4": {
            "པེ་": [
                [
                    "གྱིས",
                    "7492"
                ],
                [
                    "ཀུན་གྱིས",
                    "73"
                ]
            ],
            "སྡེ་": [
                [
                    "གྱི",
                    "3024"
                ],
                [
                    "ཀུན་གྱི",
                    "88"
                ]
            ],
            "སྣར་": [
                [
                    "གྱིས",
                    "7492"
                ],
                [
                    "ཀུན་གྱིས",
                    "73"
                ]
            ]
        },
        "5": {
            "པེ་": [
                [
                    "སྒོ",
                    "136"
                ]
            ],
            "སྡེ་": [
                [
                    "བསྡོས",
                    "66"
                ]
            ],
            "སྣར་": [
                [
                    "སྒོ",
                    "136"
                ]
            ]
        },
        "6": {
            "པེ་": [
                [
                    "རྡོ་རྗེའི",
                    "5673"
                ],
                [
                    "ཀྱི་རྡོ་རྗེའི",
                    "161"
                ]
            ],
            "སྡེ་": [
                [
                    "རྡོ་རྗེ",
                    "204"
                ],
                [
                    "ཀྱི་རྡོ་རྗེ",
                    "580"
                ]
            ],
            "སྣར་": [
                [
                    "རྡོ་རྗེའི",
                    "5673"
                ],
                [
                    "ཀྱི་རྡོ་རྗེའི",
                    "161"
                ]
            ]
        },
        "7": {
            "པེ་": [],
            "སྡེ་": [
                [
                    "བདེ་བར",
                    "5801"
                ],
                [
                    "ནི་བདེ་བར",
                    "186"
                ]
            ],
            "སྣར་": []
        },
        "8": {
            "པེ་": [
                [
                    "ལ",
                    "33965"
                ],
                [
                    "སེམས་ལ",
                    "101"
                ],
                [
                    "ལ་སངས་རྒྱས",
                    "1341"
                ]
            ],
            "སྡེ་": [
                [
                    "ལས",
                    "5885"
                ],
                [
                    "སེམས་ལས",
                    "750"
                ],
                [
                    "ལས་སངས་རྒྱས",
                    "199"
                ]
            ],
            "སྣར་": [
                [
                    "ལ",
                    "33965"
                ],
                [
                    "སེམས་ལ",
                    "101"
                ],
                [
                    "ལ་སངས་རྒྱས",
                    "1341"
                ]
            ]
        },
        "9": {
            "པེ་": [],
            "སྡེ་": [
                [
                    "",
                    "1"
                ],
                [
                    "།།",
                    "216"
                ],
                [
                    "།།།།",
                    "22"
                ]
            ],
            "སྣར་": [
                [
                    "",
                    "1"
                ],
                [
                    "།།",
                    "216"
                ],
                [
                    "།།།།",
                    "22"
                ]
            ]
        }
    },
    "non_standard_notes": [],
    "profile": {
        "1": [
            "པེ་=སྣར་ སྡེ་",
            "80.00%"
        ],
        "10": [
            "པེ་=སྡེ་=སྣར་",
            "10.00%"
        ],
        "2": [
            "པེ་=སྣར་ སྡེ་",
            "80.00%"
        ],
        "3": [
            "པེ་=སྣར་ སྡེ་",
            "80.00%"
        ],
        "4": [
            "པེ་=སྣར་ སྡེ་",
            "80.00%"
        ],
        "5": [
            "པེ་=སྣར་ སྡེ་",
            "80.00%"
        ],
        "6": [
            "པེ་=སྣར་ སྡེ་",
            "80.00%"
        ],
        "7": [
            "པེ་=སྣར་ སྡེ་",
            "80.00%"
        ],
        "8": [
            "པེ་=སྣར་ སྡེ་",
            "80.00%"
        ],
        "9": [
            "པེ་ སྡེ་=སྣར་",
            "10.00%"
        ]
    }
}