﻿{
    "Stats": {
        "Categorised": "2 notes (66.67%)",
        "Notes’ total": 3,
        "Profiles": [
            "ཅོ་=སྡེ་: 33.33% (1 notes)",
            "ཅོ་ སྡེ་: 66.67% (2 notes)"
        ],
        "automatic_categorisation": {
            "min_mod": {},
            "particle_issues": {},
            "spelling_mistake": {
                "non_word": {}
            },
            "verb_difference": {
                "diff_verb": 1
            }
        },
        "dunno": {
            "no_diff": 1
        },
        "empty_notes": 1,
        "manual_categorisation": {
            "long_difference": {},
            "manual_evaluation": {
                "meaning_difference": {}
            }
        },
        "ngram_freq": {},
        "profile": {}
    },
    "automatic_categorisation": {
        "min_mod": {
            "min_mod_groups": [],
            "particle_groups": []
        },
        "particle_issues": {
            "added_particle": [],
            "agreement_issue": [],
            "different_particles": [],
            "other": [],
            "po-bo-pa-ba": []
        },
        "spelling_mistake": {
            "missing_vowel": [],
            "nga_da": [],
            "non_word": {
                "ill_formed": [],
                "well_formed": []
            }
        },
        "sskrt": [],
        "verb_difference": {
            "diff_tense": [],
            "diff_verb": [
                {
                    "1": [
                        [
                            "《དྲལ》ཞེས་པ།【〈དྲལ〉གི་ མ་འོངས་པ། ཐ་མི་དད་པ།】【〈དྲལ〉གི་ འདས་པ། ཐ་མི་དད་པ།】【〈འདྲལ〉གི་ མ་འོངས་པ། ཐ་མི་དད་པ།】【〈འདྲལ〉གི་ འདས་པ། ཐ་མི་དད་པ།】",
                            "《དྲིལ》ཞེས་པ།【〈དྲིལ〉གི་ མ་འོངས་པ། ཐ་དད་པ།】【〈དྲིལ〉གི་ འདས་པ། ཐ་དད་པ།】【〈དྲིལ〉གི་ སྐུལ་ཚིག ཐ་དད་པ།】【〈འདྲིལ〉གི་ མ་འོངས་པ།】【〈འདྲིལ〉གི་ མ་འོངས་པ། ཐ་དད་པ།】【〈འདྲིལ〉གི་ འདས་པ།】【〈འདྲིལ〉གི་ འདས་པ། ཐ་དད་པ།】【〈འདྲིལ〉གི་ སྐུལ་ཚིག】【〈འདྲིལ〉གི་ སྐུལ་ཚིག ཐ་དད་པ།】"
                        ],
                        {
                            "ཅོ་": [
                                "རྡོ་རྗེ་ དང་  །_།",
                                "དྲལ་",
                                "བུ་ མིང་ དང་ རྣམ་པ་"
                            ],
                            "སྡེ་": [
                                "རྡོ་རྗེ་ དང་  །_།",
                                "དྲིལ་",
                                "བུ་ མིང་ དང་ རྣམ་པ་"
                            ]
                        }
                    ]
                }
            ],
            "not_sure": []
        }
    },
    "dunno": {
        "long_diff": [],
        "no_diff": [
            {
                "2": [
                    {
                        "ཅོ་": [
                            "ཀྱི་ རྗེས་ འགྲོ་བ འི །_།",
                            "རིགས་བ འི་",
                            "དབང་ དུ་ རྣམ་པ ར་"
                        ],
                        "སྡེ་": [
                            "ཀྱི་ རྗེས་ འགྲོ་བ འི །_།",
                            "རིག་བ འི་",
                            "དབང་ དུ་ རྣམ་པ ར་"
                        ]
                    }
                ]
            }
        ],
        "short_diff": []
    },
    "empty_notes": [
        {
            "3": [
                {
                    "ཅོ་": [
                        "གཏན་ ལ་ ཕབ་པ །_། ",
                        "",
                        "གཏན་ ལ་ ཕབ་པ །_། "
                    ],
                    "སྡེ་": [
                        "གཏན་ ལ་ ཕབ་པ །_། ",
                        "",
                        "གཏན་ ལ་ ཕབ་པ །_། "
                    ]
                }
            ]
        }
    ],
    "manual_categorisation": {
        "long_difference": {
            "differing_formulation": [],
            "major_modification": []
        },
        "manual_evaluation": {
            "derge_correct": [],
            "meaning_difference": {
                "great_diff": [],
                "medium_diff": [],
                "small_diff": []
            }
        }
    },
    "ngram_freq": {
        "1": {
            "ཅོ་": [
                [
                    "དྲལ",
                    "15"
                ]
            ],
            "སྡེ་": [
                [
                    "དྲིལ",
                    "23"
                ],
                [
                    "དྲིལ་བུ",
                    "1012"
                ],
                [
                    "།_།དྲིལ",
                    "216"
                ],
                [
                    "།_།དྲིལ་བུ",
                    "141"
                ]
            ]
        },
        "2": {
            "ཅོ་": [],
            "སྡེ་": []
        },
        "3": {
            "ཅོ་": [
                [
                    "",
                    "1"
                ],
                [
                    "གཏན",
                    "12"
                ],
                [
                    "གཏན་ལ",
                    "1245"
                ],
                [
                    "།_།གཏན",
                    "96"
                ]
            ],
            "སྡེ་": [
                [
                    "",
                    "1"
                ],
                [
                    "གཏན",
                    "12"
                ],
                [
                    "གཏན་ལ",
                    "1245"
                ],
                [
                    "།_།གཏན",
                    "96"
                ]
            ]
        }
    },
    "non_standard_notes": [],
    "profile": {
        "1": [
            "ཅོ་ སྡེ་",
            "66.67%"
        ],
        "2": [
            "ཅོ་ སྡེ་",
            "66.67%"
        ],
        "3": [
            "ཅོ་=སྡེ་",
            "33.33%"
        ]
    }
}