﻿{
    "Stats": {
        "Categorised": "23 notes (79.31%)",
        "Notes’ total": 29,
        "Profiles": [
            "པེ་=སྣར་ སྡེ་: 89.66% (26 notes)",
            "པེ་=སྡེ་=སྣར་: 3.45% (1 notes)",
            "པེ་ སྡེ་ སྣར་: 3.45% (1 notes)",
            "པེ་ སྡེ་=སྣར་: 3.45% (1 notes)"
        ],
        "automatic_categorisation": {
            "min_mod": {
                "particle_groups": 1
            },
            "particle_issues": {},
            "spelling_mistake": {
                "non_word": {
                    "well_formed": 2
                }
            },
            "sskrt": 14,
            "verb_difference": {
                "diff_tense": 2,
                "diff_verb": 3
            }
        },
        "dunno": {
            "no_diff": 6
        },
        "empty_notes": 1,
        "manual_categorisation": {
            "long_difference": {},
            "manual_evaluation": {
                "meaning_difference": {}
            }
        },
        "ngram_freq": {},
        "profile": {}
    },
    "automatic_categorisation": {
        "min_mod": {
            "min_mod_groups": [],
            "particle_groups": [
                {
                    "7": [
                        [
                            "jedra"
                        ],
                        {
                            "པེ་": [
                                "ལྔ་ དང་ ནི་ བདུད་ རྩི་",
                                "ལྔ ས",
                                "_།། ནག་པོ་ ཆེན་པོ འི་"
                            ],
                            "སྡེ་": [
                                "ལྔ་ དང་ ནི་ བདུད་ རྩི་",
                                "ལྔ",
                                "_།། ནག་པོ་ ཆེན་པོ འི་"
                            ],
                            "སྣར་": [
                                "ལྔ་ དང་ ནི་ བདུད་ རྩི་",
                                "ལྔ ས",
                                "_།། ནག་པོ་ ཆེན་པོ འི་"
                            ]
                        }
                    ]
                }
            ]
        },
        "particle_issues": {
            "added_particle": [],
            "agreement_issue": [],
            "different_particles": [],
            "other": [],
            "po-bo-pa-ba": []
        },
        "spelling_mistake": {
            "missing_vowel": [],
            "nga_da": [],
            "non_word": {
                "ill_formed": [],
                "well_formed": [
                    {
                        "3": [
                            {
                                "པེ་": [
                                    "པ་ ཅན །_ མཆེ་བ་",
                                    "#བཙིགས་པ ས་",
                                    "འཇིགས་པ ར་ བྱེད་པ"
                                ],
                                "སྡེ་": [
                                    "པ་ ཅན །_ མཆེ་བ་",
                                    "གཙིགས་པ ས་",
                                    "འཇིགས་པ ར་ བྱེད་པ"
                                ],
                                "སྣར་": [
                                    "པ་ ཅན །_ མཆེ་བ་",
                                    "#བཙིགས་པ ས་",
                                    "འཇིགས་པ ར་ བྱེད་པ"
                                ]
                            }
                        ]
                    },
                    {
                        "22": [
                            {
                                "པེ་": [
                                    "#པྲེ་ #ཏ་ #པྲི་ #ཤཱ་",
                                    "#ཙོ་",
                                    "ན །_ བ་ ལ་"
                                ],
                                "སྡེ་": [
                                    "#པྲེ་ #ཏ་ #པྲི་ #ཤཱ་",
                                    "#ཙ་",
                                    "ན །_ བ་ ལ་"
                                ],
                                "སྣར་": [
                                    "#པྲེ་ #ཏ་ #པྲི་ #ཤཱ་",
                                    "#ཙོ་",
                                    "ན །_ བ་ ལ་"
                                ]
                            }
                        ]
                    }
                ]
            }
        },
        "sskrt": [
            {
                "8": [
                    {
                        "པེ་": [
                            "མ་ #ཧཱ་ #ཀཱ་ ལ་ #ཡ་",
                            "ཤ་",
                            "ས་ ནོ་པ་ ཀ་ ར་"
                        ],
                        "སྡེ་": [
                            "མ་ #ཧཱ་ #ཀཱ་ ལ་ #ཡ་",
                            "#ཤཱ་",
                            "ས་ ནོ་པ་ ཀ་ ར་"
                        ],
                        "སྣར་": [
                            "མ་ #ཧཱ་ #ཀཱ་ ལ་ #ཡ་",
                            "ཤ་",
                            "ས་ ནོ་པ་ ཀ་ ར་"
                        ]
                    }
                ]
            },
            {
                "9": [
                    {
                        "པེ་": [
                            "ས་ ནོ་པ་ ཀ་",
                            "#རཱ་",
                            "#ཡཱ་ #སརྱ་ #མུཥྚ་ #ཤྨ་"
                        ],
                        "སྡེ་": [
                            "ས་ ནོ་པ་ ཀ་",
                            "ར་",
                            "#ཡཱ་ #སརྱ་ #མུཥྚ་ #ཤྨ་"
                        ],
                        "སྣར་": [
                            "ས་ ནོ་པ་ ཀ་",
                            "#རཱ་",
                            "#ཡཱ་ #སརྱ་ #མུཥྚ་ #ཤྨ་"
                        ]
                    }
                ]
            },
            {
                "10": [
                    {
                        "པེ་": [
                            "པ་ ཀ་ ར་ #ཡཱ་ #སརྱ་",
                            "#མུཀྚ་",
                            "#ཤྨ་ #ཤཱ་ #ཎ་ #བཱ་"
                        ],
                        "སྡེ་": [
                            "པ་ ཀ་ ར་ #ཡཱ་ #སརྱ་",
                            "#མུཥྚ་",
                            "#ཤྨ་ #ཤཱ་ #ཎ་ #བཱ་"
                        ],
                        "སྣར་": [
                            "པ་ ཀ་ ར་ #ཡཱ་ #སརྱ་",
                            "#མུཀྲ་",
                            "#ཤྨ་ #ཤཱ་ #ཎ་ #བཱ་"
                        ]
                    }
                ]
            },
            {
                "11": [
                    {
                        "པེ་": [
                            "#སརྱ་ #མུཥྚ་ #ཤྨ་ #ཤཱ་",
                            "ན་",
                            "#བཱ་ #སི་ #ནཱ་ #སྐྲི་"
                        ],
                        "སྡེ་": [
                            "#སརྱ་ #མུཥྚ་ #ཤྨ་ #ཤཱ་",
                            "#ཎ་",
                            "#བཱ་ #སི་ #ནཱ་ #སྐྲི་"
                        ],
                        "སྣར་": [
                            "#སརྱ་ #མུཥྚ་ #ཤྨ་ #ཤཱ་",
                            "ན་",
                            "#བཱ་ #སི་ #ནཱ་ #སྐྲི་"
                        ]
                    }
                ]
            },
            {
                "12": [
                    {
                        "པེ་": [
                            "#ཤཱ་ #ཎ་ #བཱ་ #སི་",
                            "#མཱ་",
                            "#སྐྲི་ #ཏཱ་ #ཡ་ #ཨེ་"
                        ],
                        "སྡེ་": [
                            "#ཤཱ་ #ཎ་ #བཱ་ #སི་",
                            "#ནཱ་",
                            "#སྐྲི་ #ཏཱ་ #ཡ་ #ཨེ་"
                        ],
                        "སྣར་": [
                            "#ཤཱ་ #ཎ་ #བཱ་ #སི་",
                            "#མཱ་",
                            "#སྐྲི་ #ཏཱ་ #ཡ་ #ཨེ་"
                        ]
                    }
                ]
            },
            {
                "13": [
                    {
                        "པེ་": [
                            "ཨ་ #པཥྩི་ མ་ #ཀཱ་",
                            "",
                            "#ཡཾ་ #ཡ་ #ཏི་ #ཏཱཾ་ #པྲ་ #ཏིཛྙཱ་"
                        ],
                        "སྡེ་": [
                            "ཨ་ #པཥྩི་ མ་ #ཀཱ་",
                            "#ལོ྅་",
                            "#ཡཾ་ #ཡ་ #ཏི་ #ཏཱཾ་ #པྲ་ #ཏིཛྙཱ་"
                        ],
                        "སྣར་": [
                            "ཨ་ #པཥྩི་ མ་ #ཀཱ་",
                            "",
                            "#ཡཾ་ #ཡ་ #ཏི་ #ཏཱཾ་ #པྲ་ #ཏིཛྙཱ་"
                        ]
                    }
                ]
            },
            {
                "14": [
                    {
                        "པེ་": [
                            "མ་ #ཀཱ་ #ལོ྅་ #ཡཾ་ #ཡ་",
                            "#སི་ #ཏྭྃ་ #པྲི་ #ཏ་",
                            "#ཛྙཱ་ #སྨ་ ར་ #སི་ #ཏི་ #དཱ་"
                        ],
                        "སྡེ་": [
                            "མ་ #ཀཱ་ #ལོ྅་ #ཡཾ་ #ཡ་",
                            "#ཏི་ #ཏཱཾ་ #པྲ་ #ཏི་",
                            "#ཛྙཱ་ #སྨ་ ར་ #སི་ #ཏི་ #དཱ་"
                        ],
                        "སྣར་": [
                            "མ་ #ཀཱ་ #ལོ྅་ #ཡཾ་ #ཡ་",
                            "#སི་ #ཏྭྃ་ #པྲི་ #ཏ་",
                            "#ཛྙཱ་ #སྨ་ ར་ #སི་ #ཏི་ #དཱ་"
                        ]
                    }
                ]
            },
            {
                "15": [
                    {
                        "པེ་": [
                            "#ཏི་ #ཏཱཾ་ #པྲ་ #ཏིཛྙཱ་",
                            "#སྨ་པོ་ ད་ #ཧ་",
                            "#ཨི་ #མཾ་ #རཏྣ་ #ཏྲ་ #ཡཱ་ ཀ་ རི་"
                        ],
                        "སྡེ་": [
                            "#ཏི་ #ཏཱཾ་ #པྲ་ #ཏིཛྙཱ་",
                            "#སྨ་ ར་ #སི་ #ཏི་ #དཱ་",
                            "#ཨི་ #མཾ་ #རཏྣ་ #ཏྲ་ #ཡཱ་ ཀ་ རི་"
                        ],
                        "སྣར་": [
                            "#ཏི་ #ཏཱཾ་ #པྲ་ #ཏིཛྙཱ་",
                            "#སྨ་པོ་ ད་ #ཧ་",
                            "#ཨི་ #མཾ་ #རཏྣ་ #ཏྲ་ #ཡཱ་ ཀ་ རི་"
                        ]
                    }
                ]
            },
            {
                "16": [
                    {
                        "པེ་": [
                            "ར་ #སི་ #ཏི་ #དཱ་ #ཨི་ #མཾ་ #རཏྣ་",
                            "#ཏྲི་ #ཡཱ་པ་",
                            "ཀ་ རི་ #ཎ་ #མཱ་ མུ་"
                        ],
                        "སྡེ་": [
                            "ར་ #སི་ #ཏི་ #དཱ་ #ཨི་ #མཾ་ #རཏྣ་",
                            "#ཏྲ་ #ཡཱ་",
                            "ཀ་ རི་ #ཎ་ #མཱ་ མུ་"
                        ],
                        "སྣར་": [
                            "ར་ #སི་ #ཏི་ #དཱ་ #ཨི་ #མཾ་ #རཏྣ་",
                            "#ཏྲི་ #ཡཱ་པ་",
                            "ཀ་ རི་ #ཎ་ #མཱ་ མུ་"
                        ]
                    }
                ]
            },
            {
                "17": [
                    {
                        "པེ་": [
                            "རི་ #ཎ་ #མཱ་ མུ་ ཀ་",
                            "#མཱཥྚྃ་ ཁ་",
                            "ཁ་ #ཁཱ་ #ཧི་ ཁ་"
                        ],
                        "སྡེ་": [
                            "རི་ #ཎ་ #མཱ་ མུ་ ཀ་",
                            "ན་ #དུཥྚཱཾ་",
                            "ཁ་ #ཁཱ་ #ཧི་ ཁ་"
                        ],
                        "སྣར་": [
                            "རི་ #ཎ་ #མཱ་ མུ་ ཀ་",
                            "#མཱཥྚྃ་ ཁ་",
                            "ཁ་ #ཁཱ་ #ཧི་ ཁ་"
                        ]
                    }
                ]
            },
            {
                "19": [
                    {
                        "པེ་": [
                            "།_ མ་",
                            "#རཱ་ མ་ #རཱ",
                            "།_ #གྲྀཧྞ་ #གྲྀཧྞ །_"
                        ],
                        "སྡེ་": [
                            "།_ མ་",
                            "ར་ མ་ ར",
                            "།_ #གྲྀཧྞ་ #གྲྀཧྞ །_"
                        ],
                        "སྣར་": [
                            "།_ མ་",
                            "#རཱ་ མ་ #རཱ",
                            "།_ #གྲྀཧྞ་ #གྲྀཧྞ །_"
                        ]
                    }
                ]
            },
            {
                "20": [
                    {
                        "པེ་": [
                            "ན་ མེ་ #ཀེ་ ན །_",
                            "མ་ #རཱ་",
                            "#ཡ་ #ཧཱུཾ་ #ཧཱུཾ་ #ཕཊ་"
                        ],
                        "སྡེ་": [
                            "ན་ མེ་ #ཀེ་ ན །_",
                            "#མཱ་ ར་",
                            "#ཡ་ #ཧཱུཾ་ #ཧཱུཾ་ #ཕཊ་"
                        ],
                        "སྣར་": [
                            "ན་ མེ་ #ཀེ་ ན །_",
                            "མ་ #རཱ་",
                            "#ཡ་ #ཧཱུཾ་ #ཧཱུཾ་ #ཕཊ་"
                        ]
                    }
                ]
            },
            {
                "21": [
                    {
                        "པེ་": [
                            " །_ #སརྦ་ #ཡཀྵ་ #རཱ་ #ཀྵ་",
                            "#སརྦ་ #བྷུ་",
                            "#ཏ་ #པྲེ་ #ཏ་ #པྲི་"
                        ],
                        "སྡེ་": [
                            " །_ #སརྦ་ #ཡཀྵ་ #རཱ་ #ཀྵ་",
                            "ས་ #བྷཱུ་",
                            "#ཏ་ #པྲེ་ #ཏ་ #པྲི་"
                        ],
                        "སྣར་": [
                            " །_ #སརྦ་ #ཡཀྵ་ #རཱ་ #ཀྵ་",
                            "#སརྦ་ #བྷུ་",
                            "#ཏ་ #པྲེ་ #ཏ་ #པྲི་"
                        ]
                    }
                ]
            },
            {
                "23": [
                    {
                        "པེ་": [
                            "#ཙ་ ན །_ བ་",
                            "#ལིཾ་",
                            "#གྲྀཧྞ་ #མཱ་ མ་"
                        ],
                        "སྡེ་": [
                            "#ཙ་ ན །_ བ་",
                            "ལ་",
                            "#གྲྀཧྞ་ #མཱ་ མ་"
                        ],
                        "སྣར་": [
                            "#ཙ་ ན །_ བ་",
                            "#ལིཾ་",
                            "#གྲྀཧྞ་ #མཱ་ མ་"
                        ]
                    }
                ]
            }
        ],
        "verb_difference": {
            "diff_tense": [
                {
                    "27": [
                        [
                            "《རྟོགས》ཞེས་པ།【〈རྟོག〉གི་ སྐུལ་ཚིག ཐ་དད་པ།】",
                            "《རྟོག》ཞེས་པ།【〈རྟོག〉གི་ ད་ལྟ་བ། ཐ་དད་པ།】"
                        ],
                        {
                            "པེ་": [
                                "པ་ དཔག་ ཏུ་ མེད་པ་",
                                "རྟོག་པ ར་",
                                "བྱ འོ །_། དཔལ་ ནག་"
                            ],
                            "སྡེ་": [
                                "པ་ དཔག་ ཏུ་ མེད་པ་",
                                "རྟོགས་པ ར་",
                                "བྱ འོ །_། དཔལ་ ནག་"
                            ],
                            "སྣར་": [
                                "པ་ དཔག་ ཏུ་ མེད་པ་",
                                "རྟོག་པ ར་",
                                "བྱ འོ །_། དཔལ་ ནག་"
                            ]
                        }
                    ]
                },
                {
                    "28": [
                        [
                            "《བསྒྲུབ》ཞེས་པ།【〈སྒྲུབ〉གི་ མ་འོངས་པ།】【〈སྒྲུབ〉གི་ མ་འོངས་པ། ཐ་དད་པ།】",
                            "《སྒྲུབ》ཞེས་པ།【〈སྒྲུབ〉གི་ ད་ལྟ་བ།】【〈སྒྲུབ〉གི་ ད་ལྟ་བ། ཐ་དད་པ།】"
                        ],
                        {
                            "པེ་": [
                                "དཔལ་ ནག་པོ་ ཆེན་པོ འི་",
                                "བསྒྲུབ་",
                                "ཐབས་ རྫོགས་ སོ །། "
                            ],
                            "སྡེ་": [
                                "དཔལ་ ནག་པོ་ ཆེན་པོ འི་",
                                "སྒྲུབ་",
                                "ཐབས་ རྫོགས་ སོ །། "
                            ],
                            "སྣར་": [
                                "དཔལ་ ནག་པོ་ ཆེན་པོ འི་",
                                "བསྒྲུབ་",
                                "ཐབས་ རྫོགས་ སོ །། "
                            ]
                        }
                    ]
                }
            ],
            "diff_verb": [
                {
                    "4": [
                        [
                            "《འཛགས》ཞེས་པ།【ཐ་དད་པ།】【〈འཚག〉གི་ ད་ལྟ་བ། འབྲི་ཚུལ་གཞན།】",
                            "《འཛག》ཞེས་པ།【〈འཛག〉གི་ ད་ལྟ་བ། ཐ་མི་དད་པ།】【〈འཛག〉གི་ མ་འོངས་པ། ཐ་མི་དད་པ།】"
                        ],
                        {
                            "པེ་": [
                                "བ །_ ཞལ་ ནས་ ཁྲག་",
                                "འཛག་པ ར་",
                                "བདག་ཉིད་ སྐད་ཅིག་"
                            ],
                            "སྡེ་": [
                                "བ །_ ཞལ་ ནས་ ཁྲག་",
                                "འཛགས་པ ར་",
                                "བདག་ཉིད་ སྐད་ཅིག་"
                            ],
                            "སྣར་": [
                                "བ །_ ཞལ་ ནས་ ཁྲག་",
                                "འཛག་པ ར་",
                                "བདག་ཉིད་ སྐད་ཅིག་"
                            ]
                        }
                    ]
                },
                {
                    "24": [
                        [
                            "《སྒྲུབ》ཞེས་པ།【〈སྒྲུབ〉གི་ ད་ལྟ་བ།】【〈སྒྲུབ〉གི་ ད་ལྟ་བ། ཐ་དད་པ།】",
                            "《བསྒྲལ》ཞེས་པ།【〈བསྒྲལ〉གི་ མ་འོངས་པ། ཐ་དད་པ།】【〈བསྒྲལ〉གི་ འདས་པ། ཐ་དད་པ།】【〈སྒྲོལ〉གི་ མ་འོངས་པ།】【〈སྒྲོལ〉གི་ མ་འོངས་པ། ཐ་དད་པ།】【〈སྒྲོལ〉གི་ འདས་པ།】【〈སྒྲོལ〉གི་ འདས་པ། ཐ་དད་པ།】"
                        ],
                        {
                            "པེ་": [
                                "ཏེ །_ #ཀུ་ ཤ་ ལས་",
                                "སྒྲུབ་",
                                "བྱ འི་ གཟུགས་ བརྙན་ ལ ། "
                            ],
                            "སྡེ་": [
                                "ཏེ །_ #ཀུ་ ཤ་ ལས་",
                                "བསྒྲལ་",
                                "བྱ འི་ གཟུགས་ བརྙན་ ལ ། "
                            ],
                            "སྣར་": [
                                "ཏེ །_ #ཀུ་ ཤ་ ལས་",
                                "སྒྲུབ་",
                                "བྱ འི་ གཟུགས་ བརྙན་ ལ ། "
                            ]
                        }
                    ]
                },
                {
                    "26": [
                        [
                            "《བསྐུལ》ཞེས་པ།【〈བསྐུལ〉གི་ མ་འོངས་པ། ཐ་དད་པ།】【〈བསྐུལ〉གི་ འདས་པ། ཐ་དད་པ།】【〈སྐུལ〉གི་ མ་འོངས་པ། ཐ་དད་པ།】【〈སྐུལ〉གི་ འདས་པ། ཐ་དད་པ།】",
                            "《བསྐུས》ཞེས་པ།【〈སྐུད〉གི་ འདས་པ། ཐ་དད་པ།】"
                        ],
                        {
                            "པེ་": [
                                "ཀ་ #ཆོ་ ག་ བཞིན་ དུ་",
                                "བསྐུལ་",
                                "ནས་ #རྩང་ གིས་ ཁྲག་ ཐམ་"
                            ],
                            "སྡེ་": [
                                "ཀ་ #ཆོ་ ག་ བཞིན་ དུ་",
                                "བསྐུས་",
                                "ནས་ #རྩང་ གིས་ ཁྲག་ ཐམ་"
                            ],
                            "སྣར་": [
                                "ཀ་ #ཆོ་ ག་ བཞིན་ དུ་",
                                "བསྐུལ་",
                                "ནས་ #རྩང་ གིས་ ཁྲག་ ཐམ་"
                            ]
                        }
                    ]
                }
            ],
            "not_sure": []
        }
    },
    "dunno": {
        "long_diff": [],
        "no_diff": [
            {
                "1": [
                    {
                        "པེ་": [
                            "ཞལ་ གཅིག་ ཕྱག་ གཉིས་པ་",
                            "",
                            "མདོག་ ནག་པོ་ སྤྱན་ གསུམ་"
                        ],
                        "སྡེ་": [
                            "ཞལ་ གཅིག་ ཕྱག་ གཉིས་པ་",
                            "སྐུ་",
                            "མདོག་ ནག་པོ་ སྤྱན་ གསུམ་"
                        ],
                        "སྣར་": [
                            "ཞལ་ གཅིག་ ཕྱག་ གཉིས་པ་",
                            "",
                            "མདོག་ ནག་པོ་ སྤྱན་ གསུམ་"
                        ]
                    }
                ]
            },
            {
                "2": [
                    {
                        "པེ་": [
                            "སྐྲ་ ཁམ་པ་ གྱེན་ དུ་",
                            "འགྲེང་བ",
                            "_། སྨྲ་ ར་ ཁམ་པ་"
                        ],
                        "སྡེ་": [
                            "སྐྲ་ ཁམ་པ་ གྱེན་ དུ་",
                            "བརྫེས་པ",
                            "_། སྨྲ་ ར་ ཁམ་པ་"
                        ],
                        "སྣར་": [
                            "སྐྲ་ ཁམ་པ་ གྱེན་ དུ་",
                            "འགྲེང་བ",
                            "_། སྨྲ་ ར་ ཁམ་པ་"
                        ]
                    }
                ]
            },
            {
                "5": [
                    {
                        "པེ་": [
                            "དེ་ ལ་ སྔགས་ ནི་",
                            "འདི་ལྟར་ སྟེ",
                            "།_ ཨོཾ་ མ་"
                        ],
                        "སྡེ་": [
                            "དེ་ ལ་ སྔགས་ ནི་",
                            "འདི་ལྟ་སྟེ",
                            "།_ ཨོཾ་ མ་"
                        ],
                        "སྣར་": [
                            "དེ་ ལ་ སྔགས་ ནི་",
                            "འདི་ལྟ་སྟེ",
                            "།_ ཨོཾ་ མ་"
                        ]
                    }
                ]
            },
            {
                "6": [
                    {
                        "པེ་": [
                            "།_ དུག་ དང་ ཁྲག་",
                            "",
                            "སྒོག་པ་ #ཡུངས་ ཀ ར་ རྣམས་"
                        ],
                        "སྡེ་": [
                            "།_ དུག་ དང་ ཁྲག་",
                            "དང་",
                            "སྒོག་པ་ #ཡུངས་ ཀ ར་ རྣམས་"
                        ],
                        "སྣར་": [
                            "།_ དུག་ དང་ ཁྲག་",
                            "",
                            "སྒོག་པ་ #ཡུངས་ ཀ ར་ རྣམས་"
                        ]
                    }
                ]
            },
            {
                "18": [
                    {
                        "པེ་": [
                            "ཀ་ ན་ #དུཥྚཱཾ་ ཁ་ #ཁཱ་ #ཧི་",
                            "",
                            "#ཁཱ་ #ཧི །_ མ་ ར་"
                        ],
                        "སྡེ་": [
                            "ཀ་ ན་ #དུཥྚཱཾ་ ཁ་ #ཁཱ་ #ཧི་",
                            "ཁ་",
                            "#ཁཱ་ #ཧི །_ མ་ ར་"
                        ],
                        "སྣར་": [
                            "ཀ་ ན་ #དུཥྚཱཾ་ ཁ་ #ཁཱ་ #ཧི་",
                            "",
                            "#ཁཱ་ #ཧི །_ མ་ ར་"
                        ]
                    }
                ]
            },
            {
                "25": [
                    {
                        "པེ་": [
                            "དང་ དུག་ དང་ #སྐེ་ ཚེ་",
                            "",
                            "རྣམས་ ར་ #ཙི་ ཀ་"
                        ],
                        "སྡེ་": [
                            "དང་ དུག་ དང་ #སྐེ་ ཚེ་",
                            "མ་",
                            "རྣམས་ ར་ #ཙི་ ཀ་"
                        ],
                        "སྣར་": [
                            "དང་ དུག་ དང་ #སྐེ་ ཚེ་",
                            "",
                            "རྣམས་ ར་ #ཙི་ ཀ་"
                        ]
                    }
                ]
            }
        ],
        "short_diff": []
    },
    "empty_notes": [
        {
            "29": [
                {
                    "པེ་": [
                        "སྒྲུབ་ ཐབས་ རྫོགས་ སོ །། ",
                        "",
                        "སྒྲུབ་ ཐབས་ རྫོགས་ སོ །། "
                    ],
                    "སྡེ་": [
                        "སྒྲུབ་ ཐབས་ རྫོགས་ སོ །། ",
                        "",
                        "སྒྲུབ་ ཐབས་ རྫོགས་ སོ །། "
                    ],
                    "སྣར་": [
                        "སྒྲུབ་ ཐབས་ རྫོགས་ སོ །། ",
                        "",
                        "སྒྲུབ་ ཐབས་ རྫོགས་ སོ །། "
                    ]
                }
            ]
        }
    ],
    "manual_categorisation": {
        "long_difference": {
            "differing_formulation": [],
            "major_modification": []
        },
        "manual_evaluation": {
            "derge_correct": [],
            "meaning_difference": {
                "great_diff": [],
                "medium_diff": [],
                "small_diff": []
            }
        }
    },
    "ngram_freq": {
        "1": {
            "པེ་": [
                [
                    "",
                    "1"
                ],
                [
                    "མདོག",
                    "323"
                ],
                [
                    "གཉིས་པ",
                    "438"
                ]
            ],
            "སྡེ་": [
                [
                    "སྐུ",
                    "812"
                ],
                [
                    "སྐུ་མདོག",
                    "401"
                ]
            ],
            "སྣར་": [
                [
                    "",
                    "1"
                ],
                [
                    "མདོག",
                    "323"
                ],
                [
                    "གཉིས་པ",
                    "438"
                ]
            ]
        },
        "10": {
            "པེ་": [],
            "སྡེ་": [],
            "སྣར་": []
        },
        "11": {
            "པེ་": [
                [
                    "ན",
                    "73509"
                ],
                [
                    "ན་བཱ",
                    "53"
                ]
            ],
            "སྡེ་": [
                [
                    "ཎ",
                    "386"
                ]
            ],
            "སྣར་": [
                [
                    "ན",
                    "73509"
                ],
                [
                    "ན་བཱ",
                    "53"
                ]
            ]
        },
        "12": {
            "པེ་": [
                [
                    "མཱ",
                    "40"
                ]
            ],
            "སྡེ་": [
                [
                    "ནཱ",
                    "62"
                ]
            ],
            "སྣར་": [
                [
                    "མཱ",
                    "40"
                ]
            ]
        },
        "13": {
            "པེ་": [
                [
                    "",
                    "1"
                ],
                [
                    "ཡཾ",
                    "74"
                ],
                [
                    "ཀཱ",
                    "68"
                ]
            ],
            "སྡེ་": [],
            "སྣར་": [
                [
                    "",
                    "1"
                ],
                [
                    "ཡཾ",
                    "74"
                ],
                [
                    "ཀཱ",
                    "68"
                ]
            ]
        },
        "14": {
            "པེ་": [],
            "སྡེ་": [],
            "སྣར་": []
        },
        "15": {
            "པེ་": [],
            "སྡེ་": [],
            "སྣར་": []
        },
        "16": {
            "པེ་": [],
            "སྡེ་": [
                [
                    "ཏྲ་ཡཱ",
                    "754"
                ],
                [
                    "རཏྣ་ཏྲ་ཡཱ",
                    "722"
                ]
            ],
            "སྣར་": []
        },
        "17": {
            "པེ་": [],
            "སྡེ་": [],
            "སྣར་": []
        },
        "18": {
            "པེ་": [
                [
                    "",
                    "1"
                ],
                [
                    "ཁཱ",
                    "11"
                ],
                [
                    "ཧི",
                    "376"
                ],
                [
                    "ཧི་ཁཱ",
                    "126"
                ],
                [
                    "ཁཱ་ཧི་ཁཱ",
                    "124"
                ],
                [
                    "ཧི་ཁཱ་ཧི",
                    "87"
                ],
                [
                    "ཁཱ་ཧི་ཁཱ་ཧི",
                    "86"
                ],
                [
                    "ཁཱ་ཧི་ཁཱ་ཧི།_",
                    "82"
                ],
                [
                    "ཁ་ཁཱ་ཧི་ཁཱ་ཧི",
                    "43"
                ],
                [
                    "ཁ་ཁཱ་ཧི་ཁཱ་ཧི།_",
                    "40"
                ]
            ],
            "སྡེ་": [
                [
                    "ཁ",
                    "195"
                ],
                [
                    "ཁ་ཁཱ",
                    "70"
                ]
            ],
            "སྣར་": [
                [
                    "",
                    "1"
                ],
                [
                    "ཁཱ",
                    "11"
                ],
                [
                    "ཧི",
                    "376"
                ],
                [
                    "ཧི་ཁཱ",
                    "126"
                ],
                [
                    "ཁཱ་ཧི་ཁཱ",
                    "124"
                ],
                [
                    "ཧི་ཁཱ་ཧི",
                    "87"
                ],
                [
                    "ཁཱ་ཧི་ཁཱ་ཧི",
                    "86"
                ],
                [
                    "ཁཱ་ཧི་ཁཱ་ཧི།_",
                    "82"
                ],
                [
                    "ཁ་ཁཱ་ཧི་ཁཱ་ཧི",
                    "43"
                ],
                [
                    "ཁ་ཁཱ་ཧི་ཁཱ་ཧི།_",
                    "40"
                ]
            ]
        },
        "19": {
            "པེ་": [],
            "སྡེ་": [
                [
                    "ར་མ་ར",
                    "51"
                ],
                [
                    "མ་ར་མ་ར",
                    "50"
                ],
                [
                    "ར་མ་ར།_",
                    "51"
                ],
                [
                    "མ་ར་མ་ར།_",
                    "50"
                ],
                [
                    "།_མ་ར་མ་ར།_",
                    "49"
                ]
            ],
            "སྣར་": []
        },
        "2": {
            "པེ་": [
                [
                    "འགྲེང་བ",
                    "175"
                ]
            ],
            "སྡེ་": [],
            "སྣར་": [
                [
                    "འགྲེང་བ",
                    "175"
                ]
            ]
        },
        "20": {
            "པེ་": [
                [
                    "མ་རཱ",
                    "142"
                ]
            ],
            "སྡེ་": [
                [
                    "མཱ་ར",
                    "538"
                ],
                [
                    "།_མཱ་ར",
                    "138"
                ],
                [
                    "མཱ་ར་ཡ",
                    "70"
                ],
                [
                    "།_མཱ་ར་ཡ",
                    "70"
                ]
            ],
            "སྣར་": [
                [
                    "མ་རཱ",
                    "142"
                ]
            ]
        },
        "21": {
            "པེ་": [],
            "སྡེ་": [],
            "སྣར་": []
        },
        "22": {
            "པེ་": [
                [
                    "ཙོ",
                    "4"
                ]
            ],
            "སྡེ་": [
                [
                    "ཙ",
                    "240"
                ],
                [
                    "ཙ་ན",
                    "168"
                ]
            ],
            "སྣར་": [
                [
                    "ཙོ",
                    "4"
                ]
            ]
        },
        "23": {
            "པེ་": [
                [
                    "ལིཾ",
                    "19"
                ],
                [
                    "བ་ལིཾ",
                    "47"
                ]
            ],
            "སྡེ་": [
                [
                    "ལ",
                    "33965"
                ],
                [
                    "བ་ལ",
                    "1108"
                ]
            ],
            "སྣར་": [
                [
                    "ལིཾ",
                    "19"
                ],
                [
                    "བ་ལིཾ",
                    "47"
                ]
            ]
        },
        "24": {
            "པེ་": [
                [
                    "སྒྲུབ",
                    "176"
                ],
                [
                    "ལས་སྒྲུབ",
                    "69"
                ]
            ],
            "སྡེ་": [
                [
                    "བསྒྲལ",
                    "117"
                ],
                [
                    "ལས་བསྒྲལ",
                    "123"
                ]
            ],
            "སྣར་": [
                [
                    "སྒྲུབ",
                    "176"
                ],
                [
                    "ལས་སྒྲུབ",
                    "69"
                ]
            ]
        },
        "25": {
            "པེ་": [
                [
                    "",
                    "1"
                ],
                [
                    "ཚེ",
                    "9083"
                ],
                [
                    "རྣམས",
                    "5469"
                ]
            ],
            "སྡེ་": [
                [
                    "མ",
                    "4286"
                ],
                [
                    "ཚེ་མ",
                    "159"
                ],
                [
                    "མ་རྣམས",
                    "134"
                ]
            ],
            "སྣར་": [
                [
                    "",
                    "1"
                ],
                [
                    "ཚེ",
                    "9083"
                ],
                [
                    "རྣམས",
                    "5469"
                ]
            ]
        },
        "26": {
            "པེ་": [
                [
                    "བསྐུལ",
                    "158"
                ],
                [
                    "དུ་བསྐུལ",
                    "53"
                ],
                [
                    "བསྐུལ་ནས",
                    "152"
                ]
            ],
            "སྡེ་": [
                [
                    "བསྐུས",
                    "22"
                ],
                [
                    "བསྐུས་ནས",
                    "95"
                ]
            ],
            "སྣར་": [
                [
                    "བསྐུལ",
                    "158"
                ],
                [
                    "དུ་བསྐུལ",
                    "53"
                ],
                [
                    "བསྐུལ་ནས",
                    "152"
                ]
            ]
        },
        "27": {
            "པེ་": [
                [
                    "རྟོག་པར",
                    "4019"
                ]
            ],
            "སྡེ་": [
                [
                    "རྟོགས་པར",
                    "3096"
                ],
                [
                    "རྟོགས་པར་བྱ",
                    "53"
                ]
            ],
            "སྣར་": [
                [
                    "རྟོག་པར",
                    "4019"
                ]
            ]
        },
        "28": {
            "པེ་": [
                [
                    "བསྒྲུབ",
                    "271"
                ]
            ],
            "སྡེ་": [
                [
                    "སྒྲུབ",
                    "176"
                ],
                [
                    "སྒྲུབ་ཐབས",
                    "284"
                ]
            ],
            "སྣར་": [
                [
                    "བསྒྲུབ",
                    "271"
                ]
            ]
        },
        "29": {
            "པེ་": [
                [
                    "",
                    "1"
                ],
                [
                    "སྒྲུབ",
                    "176"
                ],
                [
                    "སྒྲུབ་ཐབས",
                    "284"
                ]
            ],
            "སྡེ་": [
                [
                    "",
                    "1"
                ],
                [
                    "སྒྲུབ",
                    "176"
                ],
                [
                    "སྒྲུབ་ཐབས",
                    "284"
                ]
            ],
            "སྣར་": [
                [
                    "",
                    "1"
                ],
                [
                    "སྒྲུབ",
                    "176"
                ],
                [
                    "སྒྲུབ་ཐབས",
                    "284"
                ]
            ]
        },
        "3": {
            "པེ་": [],
            "སྡེ་": [],
            "སྣར་": []
        },
        "4": {
            "པེ་": [
                [
                    "འཛག་པར",
                    "96"
                ]
            ],
            "སྡེ་": [],
            "སྣར་": [
                [
                    "འཛག་པར",
                    "96"
                ]
            ]
        },
        "5": {
            "པེ་": [],
            "སྡེ་": [
                [
                    "འདི་ལྟ་སྟེ",
                    "4539"
                ],
                [
                    "འདི་ལྟ་སྟེ།_",
                    "11206"
                ],
                [
                    "ནི་འདི་ལྟ་སྟེ",
                    "91"
                ],
                [
                    "ནི་འདི་ལྟ་སྟེ།_",
                    "1258"
                ]
            ],
            "སྣར་": [
                [
                    "འདི་ལྟ་སྟེ",
                    "4539"
                ],
                [
                    "འདི་ལྟ་སྟེ།_",
                    "11206"
                ],
                [
                    "ནི་འདི་ལྟ་སྟེ",
                    "91"
                ],
                [
                    "ནི་འདི་ལྟ་སྟེ།_",
                    "1258"
                ]
            ]
        },
        "6": {
            "པེ་": [
                [
                    "",
                    "1"
                ],
                [
                    "ཁྲག",
                    "60"
                ]
            ],
            "སྡེ་": [
                [
                    "དང",
                    "18517"
                ],
                [
                    "ཁྲག་དང",
                    "659"
                ]
            ],
            "སྣར་": [
                [
                    "",
                    "1"
                ],
                [
                    "ཁྲག",
                    "60"
                ]
            ]
        },
        "7": {
            "པེ་": [
                [
                    "ལྔས",
                    "40"
                ]
            ],
            "སྡེ་": [
                [
                    "ལྔ",
                    "497"
                ],
                [
                    "རྩི་ལྔ",
                    "225"
                ]
            ],
            "སྣར་": [
                [
                    "ལྔས",
                    "40"
                ]
            ]
        },
        "8": {
            "པེ་": [
                [
                    "ཤ",
                    "333"
                ],
                [
                    "ཡ་ཤ",
                    "47"
                ],
                [
                    "ཤ་ས",
                    "43"
                ]
            ],
            "སྡེ་": [
                [
                    "ཤཱ",
                    "9"
                ],
                [
                    "ཤཱ་ས",
                    "89"
                ]
            ],
            "སྣར་": [
                [
                    "ཤ",
                    "333"
                ],
                [
                    "ཡ་ཤ",
                    "47"
                ],
                [
                    "ཤ་ས",
                    "43"
                ]
            ]
        },
        "9": {
            "པེ་": [
                [
                    "རཱ",
                    "178"
                ],
                [
                    "ཀ་རཱ",
                    "71"
                ]
            ],
            "སྡེ་": [
                [
                    "ར",
                    "2609"
                ],
                [
                    "ཀ་ར",
                    "225"
                ]
            ],
            "སྣར་": [
                [
                    "རཱ",
                    "178"
                ],
                [
                    "ཀ་རཱ",
                    "71"
                ]
            ]
        }
    },
    "non_standard_notes": [],
    "profile": {
        "1": [
            "པེ་=སྣར་ སྡེ་",
            "89.66%"
        ],
        "10": [
            "པེ་ སྡེ་ སྣར་",
            "3.45%"
        ],
        "11": [
            "པེ་=སྣར་ སྡེ་",
            "89.66%"
        ],
        "12": [
            "པེ་=སྣར་ སྡེ་",
            "89.66%"
        ],
        "13": [
            "པེ་=སྣར་ སྡེ་",
            "89.66%"
        ],
        "14": [
            "པེ་=སྣར་ སྡེ་",
            "89.66%"
        ],
        "15": [
            "པེ་=སྣར་ སྡེ་",
            "89.66%"
        ],
        "16": [
            "པེ་=སྣར་ སྡེ་",
            "89.66%"
        ],
        "17": [
            "པེ་=སྣར་ སྡེ་",
            "89.66%"
        ],
        "18": [
            "པེ་=སྣར་ སྡེ་",
            "89.66%"
        ],
        "19": [
            "པེ་=སྣར་ སྡེ་",
            "89.66%"
        ],
        "2": [
            "པེ་=སྣར་ སྡེ་",
            "89.66%"
        ],
        "20": [
            "པེ་=སྣར་ སྡེ་",
            "89.66%"
        ],
        "21": [
            "པེ་=སྣར་ སྡེ་",
            "89.66%"
        ],
        "22": [
            "པེ་=སྣར་ སྡེ་",
            "89.66%"
        ],
        "23": [
            "པེ་=སྣར་ སྡེ་",
            "89.66%"
        ],
        "24": [
            "པེ་=སྣར་ སྡེ་",
            "89.66%"
        ],
        "25": [
            "པེ་=སྣར་ སྡེ་",
            "89.66%"
        ],
        "26": [
            "པེ་=སྣར་ སྡེ་",
            "89.66%"
        ],
        "27": [
            "པེ་=སྣར་ སྡེ་",
            "89.66%"
        ],
        "28": [
            "པེ་=སྣར་ སྡེ་",
            "89.66%"
        ],
        "29": [
            "པེ་=སྡེ་=སྣར་",
            "3.45%"
        ],
        "3": [
            "པེ་=སྣར་ སྡེ་",
            "89.66%"
        ],
        "4": [
            "པེ་=སྣར་ སྡེ་",
            "89.66%"
        ],
        "5": [
            "པེ་ སྡེ་=སྣར་",
            "3.45%"
        ],
        "6": [
            "པེ་=སྣར་ སྡེ་",
            "89.66%"
        ],
        "7": [
            "པེ་=སྣར་ སྡེ་",
            "89.66%"
        ],
        "8": [
            "པེ་=སྣར་ སྡེ་",
            "89.66%"
        ],
        "9": [
            "པེ་=སྣར་ སྡེ་",
            "89.66%"
        ]
    }
}