﻿{
    "Stats": {
        "Categorised": "20 notes (57.14%)",
        "Notes’ total": 35,
        "Profiles": [
            "པེ་=སྣར་ སྡེ་: 70.59% (24 notes)",
            "པེ་=སྡེ་=སྣར་: 2.94% (1 notes)",
            "པེ་=སྡེ་ སྣར་: 20.59% (7 notes)",
            "པེ་ སྡེ་ སྣར་: 5.88% (2 notes)"
        ],
        "automatic_categorisation": {
            "min_mod": {
                "min_mod_groups": 1,
                "particle_groups": 1
            },
            "particle_issues": {
                "agreement_issue": 1,
                "po-bo-pa-ba": 1
            },
            "spelling_mistake": {
                "missing_vowel": 1,
                "non_word": {
                    "well_formed": 6
                }
            },
            "verb_difference": {
                "diff_tense": 2,
                "diff_verb": 4,
                "not_sure": 2
            }
        },
        "dunno": {
            "long_diff": 1,
            "no_diff": 13,
            "short_diff": 1
        },
        "empty_notes": 1,
        "manual_categorisation": {
            "long_difference": {},
            "manual_evaluation": {
                "meaning_difference": {}
            }
        },
        "ngram_freq": {},
        "profile": {}
    },
    "automatic_categorisation": {
        "min_mod": {
            "min_mod_groups": [
                {
                    "4": [
                        [
                            [
                                "ལས",
                                "ལ"
                            ]
                        ],
                        {
                            "པེ་": [
                                " །_ དང་པོ ར་ #སྦྲང་ རྩི་",
                                "ལས་",
                                "སྦྱར་ ཏེ་ གཏང་  །_ དེ འི་"
                            ],
                            "སྡེ་": [
                                " །_ དང་པོ ར་ #སྦྲང་ རྩི་",
                                "ལ་",
                                "སྦྱར་ ཏེ་ གཏང་  །_ དེ འི་"
                            ],
                            "སྣར་": [
                                " །_ དང་པོ ར་ #སྦྲང་ རྩི་",
                                "ལས་",
                                "སྦྱར་ ཏེ་ གཏང་  །_ དེ འི་"
                            ]
                        }
                    ]
                }
            ],
            "particle_groups": [
                {
                    "17": [
                        [
                            "jedra"
                        ],
                        {
                            "པེ་": [
                                "བ་ ཕྱེ་ མ་ མ ར་",
                                "ལྡན་པ",
                                "།_། རུས་པ་ ཆག་ ལ་ ནུབ་"
                            ],
                            "སྡེ་": [
                                "བ་ ཕྱེ་ མ་ མ ར་",
                                "ལྡན་པ ས",
                                "།_། རུས་པ་ ཆག་ ལ་ ནུབ་"
                            ],
                            "སྣར་": [
                                "བ་ ཕྱེ་ མ་ མ ར་",
                                "ལྡན་པ",
                                "།_། རུས་པ་ ཆག་ ལ་ ནུབ་"
                            ]
                        }
                    ]
                }
            ]
        },
        "particle_issues": {
            "added_particle": [],
            "agreement_issue": [
                {
                    "31": [
                        "lhakce",
                        {
                            "པེ་": [
                                "རྩི་ #པི་ #པི་ #ལིང་ དེ་",
                                "བཞིན",
                                "།_། མ ར་ དང་ འོ་ མ ར་"
                            ],
                            "སྡེ་": [
                                "རྩི་ #པི་ #པི་ #ལིང་ དེ་",
                                "བཞིན",
                                "།_། མ ར་ དང་ འོ་ མ ར་"
                            ],
                            "སྣར་": [
                                "རྩི་ #པི་ #པི་ #ལིང་ དེ་",
                                "བཞིན་ ཏེ",
                                "།_། མ ར་ དང་ འོ་ མ ར་"
                            ]
                        }
                    ]
                }
            ],
            "different_particles": [],
            "other": [],
            "po-bo-pa-ba": [
                {
                    "19": [
                        "dagdra_pa",
                        {
                            "པེ་": [
                                "བར་ འགྱུར །_།",
                                "ཨ་བ་",
                                "#ཚབ་ གསུམ་ དེ་ བཞིན །_།"
                            ],
                            "སྡེ་": [
                                "བར་ འགྱུར །_།",
                                "ཨ་བ་",
                                "#ཚབ་ གསུམ་ དེ་ བཞིན །_།"
                            ],
                            "སྣར་": [
                                "བར་ འགྱུར །_།",
                                "ཨ་",
                                "#ཚབ་ གསུམ་ དེ་ བཞིན །_།"
                            ]
                        }
                    ]
                }
            ]
        },
        "spelling_mistake": {
            "missing_vowel": [
                {
                    "24": [
                        {
                            "སྡེ་": [
                                "ི",
                                [
                                    "ཟ",
                                    "ན"
                                ]
                            ]
                        },
                        {
                            "པེ་": [
                                " །_། འཐུངས་ ནས་ #འུ་ ཤ་",
                                "གསུམ་ དང་ བཟའ",
                                "།_། གྱེན་ དུ་ ཟ་བ འི་"
                            ],
                            "སྡེ་": [
                                " །_། འཐུངས་ ནས་ #འུ་ ཤ་",
                                "ཟས་ དང་ #ཟན",
                                "།_། གྱེན་ དུ་ ཟ་བ འི་"
                            ],
                            "སྣར་": [
                                " །_། འཐུངས་ ནས་ #འུ་ ཤ་",
                                "གསུམ་ དང་ བཟའ",
                                "།_། གྱེན་ དུ་ ཟ་བ འི་"
                            ]
                        }
                    ]
                }
            ],
            "nga_da": [],
            "non_word": {
                "ill_formed": [],
                "well_formed": [
                    {
                        "1": [
                            {
                                "པེ་": [
                                    "དྲེག་ ནད་ དང་  །_ ད་",
                                    "#རྒན་",
                                    "དང་  །_ རོ་ སྨད་"
                                ],
                                "སྡེ་": [
                                    "དྲེག་ ནད་ དང་  །_ ད་",
                                    "#སྒལ་",
                                    "དང་  །_ རོ་ སྨད་"
                                ],
                                "སྣར་": [
                                    "དྲེག་ ནད་ དང་  །_ ད་",
                                    "#རྒན་",
                                    "དང་  །_ རོ་ སྨད་"
                                ]
                            }
                        ]
                    },
                    {
                        "8": [
                            {
                                "པེ་": [
                                    "གཡོགས་པ་ དང་  །_",
                                    "ལྡོངས་པ་",
                                    "དང་  །_ མིག་"
                                ],
                                "སྡེ་": [
                                    "གཡོགས་པ་ དང་  །_",
                                    "#མདོངས་པ་",
                                    "དང་  །_ མིག་"
                                ],
                                "སྣར་": [
                                    "གཡོགས་པ་ དང་  །_",
                                    "ལྡོངས་པ་",
                                    "དང་  །_ མིག་"
                                ]
                            }
                        ]
                    },
                    {
                        "14": [
                            {
                                "པེ་": [
                                    "ཙམ་ བཏང་ ན །_",
                                    "ལྡོངས་པ་",
                                    "ཡང་ མིག་ གིས་ མཐོང་"
                                ],
                                "སྡེ་": [
                                    "ཙམ་ བཏང་ ན །_",
                                    "#མདོངས་པ་",
                                    "ཡང་ མིག་ གིས་ མཐོང་"
                                ],
                                "སྣར་": [
                                    "ཙམ་ བཏང་ ན །_",
                                    "ལྡོངས་པ་",
                                    "ཡང་ མིག་ གིས་ མཐོང་"
                                ]
                            }
                        ]
                    },
                    {
                        "20": [
                            {
                                "པེ་": [
                                    "དེ་ བཞིན །_། #ཚ་ ནག་",
                                    "ཉེ་",
                                    "ཤིང་ རྩ་བ་ ཡིས །_། "
                                ],
                                "སྡེ་": [
                                    "དེ་ བཞིན །_། #ཚ་ ནག་",
                                    "#ཉེའུ་",
                                    "ཤིང་ རྩ་བ་ ཡིས །_། "
                                ],
                                "སྣར་": [
                                    "དེ་ བཞིན །_། #ཚ་ ནག་",
                                    "ཉེ་",
                                    "ཤིང་ རྩ་བ་ ཡིས །_། "
                                ]
                            }
                        ]
                    },
                    {
                        "23": [
                            {
                                "པེ་": [
                                    "བ་ བཞི་ ཆ་ གཅིག _།",
                                    "#ཟན་",
                                    "ཟོས་ འོག་ ཏུ་ ནུབ་ གསུམ་"
                                ],
                                "སྡེ་": [
                                    "བ་ བཞི་ ཆ་ གཅིག _།",
                                    "#ཟན་",
                                    "ཟོས་ འོག་ ཏུ་ ནུབ་ གསུམ་"
                                ],
                                "སྣར་": [
                                    "བ་ བཞི་ ཆ་ གཅིག _།",
                                    "ཟས་",
                                    "ཟོས་ འོག་ ཏུ་ ནུབ་ གསུམ་"
                                ]
                            }
                        ]
                    },
                    {
                        "30": [
                            {
                                "པེ་": [
                                    " །_། ཨ་བ་ དང་ ནི་",
                                    "ཉེ་",
                                    "ཤིང་ དང་  །_། སོ་ མ་"
                                ],
                                "སྡེ་": [
                                    " །_། ཨ་བ་ དང་ ནི་",
                                    "#ཉེའུ་",
                                    "ཤིང་ དང་  །_། སོ་ མ་"
                                ],
                                "སྣར་": [
                                    " །_། ཨ་བ་ དང་ ནི་",
                                    "ཉེ་",
                                    "ཤིང་ དང་  །_། སོ་ མ་"
                                ]
                            }
                        ]
                    }
                ]
            }
        },
        "sskrt": [],
        "verb_difference": {
            "diff_tense": [
                {
                    "3": [
                        [
                            "《གཏང》ཞེས་པ།【〈གཏོང〉གི་ མ་འོངས་པ།】【〈གཏོང〉གི་ མ་འོངས་པ། ཐ་དད་པ།】",
                            "《བཏང》ཞེས་པ།【〈གཏོང〉གི་ འདས་པ།】【〈གཏོང〉གི་ འདས་པ། ཐ་དད་པ།】"
                        ],
                        {
                            "པེ་": [
                                "མ་ ལ་ བཟང་ སྟེ་ སྨན་",
                                "བཏང་",
                                "ངོ །_། སྨན་ གཏང་བ འི་"
                            ],
                            "སྡེ་": [
                                "མ་ ལ་ བཟང་ སྟེ་ སྨན་",
                                "གཏང་",
                                "ངོ །_། སྨན་ གཏང་བ འི་"
                            ],
                            "སྣར་": [
                                "མ་ ལ་ བཟང་ སྟེ་ སྨན་",
                                "བཏང་",
                                "ངོ །_། སྨན་ གཏང་བ འི་"
                            ]
                        }
                    ]
                },
                {
                    "33": [
                        [
                            "《སྤང》ཞེས་པ།【〈སྤོང〉གི་ མ་འོངས་པ། ཐ་དད་པ།】",
                            "《སྤངས》ཞེས་པ།【〈སྤོང〉གི་ འདས་པ། ཐ་དད་པ།】"
                        ],
                        {
                            "པེ་": [
                                " །_། འདོད་ཆགས་ རྣམ་པར་",
                                "སྤངས་",
                                "བྱས་ ཏེ །_། ཞག་ བདུན་"
                            ],
                            "སྡེ་": [
                                " །_། འདོད་ཆགས་ རྣམ་པར་",
                                "སྤང་",
                                "བྱས་ ཏེ །_། ཞག་ བདུན་"
                            ],
                            "སྣར་": [
                                " །_། འདོད་ཆགས་ རྣམ་པར་",
                                "སྤངས་",
                                "བྱས་ ཏེ །_། ཞག་ བདུན་"
                            ]
                        }
                    ]
                }
            ],
            "diff_verb": [
                {
                    "2": [
                        [
                            "《སྦྱོར》ཞེས་པ།【〈སྦྱར〉གི་ ད་ལྟ་བ། ཐ་དད་པ།】【〈སྦྱར〉གི་ སྐུལ་ཚིག ཐ་དད་པ།】【〈སྦྱོར〉གི་ ད་ལྟ་བ།】【〈སྦྱོར〉གི་ ད་ལྟ་བ། ཐ་དད་པ།】【〈སྦྱོར〉གི་ སྐུལ་ཚིག】【〈སྦྱོར〉གི་ སྐུལ་ཚིག ཐ་དད་པ།】",
                            "《འབྱོར》ཞེས་པ།【〈འབྱར〉གི་ སྐུལ་ཚིག】【〈འབྱོར〉གི་ ད་ལྟ་བ།】【〈འབྱོར〉གི་ མ་འོངས་པ།】"
                        ],
                        {
                            "པེ་": [
                                "སྟེ །_ བདུད་ རྩི་ དང་",
                                "འབྱོར་བ འི་",
                                "སྐར་མ་ ལ་ བཟང་"
                            ],
                            "སྡེ་": [
                                "སྟེ །_ བདུད་ རྩི་ དང་",
                                "སྦྱོར་བ འི་",
                                "སྐར་མ་ ལ་ བཟང་"
                            ],
                            "སྣར་": [
                                "སྟེ །_ བདུད་ རྩི་ དང་",
                                "འབྱོར་བ འི་",
                                "སྐར་མ་ ལ་ བཟང་"
                            ]
                        }
                    ]
                },
                {
                    "6": [
                        [
                            "《གྲུམས》ཞེས་པ།【〈གྲུམ〉གི་ འདས་པ། ཐ་མི་དད་པ།】",
                            "《གྲུགས》ཞེས་པ།【〈གྲུག〉གི་ འདས་པ།】【〈གྲུག〉གི་ འདས་པ། ཐ་མི་དད་པ།】"
                        ],
                        {
                            "པེ་": [
                                "དང་  །_ རྐང་ ལག་ ཆག་",
                                "གྲུམས་",
                                "བྱུང་ ངོ་ #ཅོག་ དང་  ། "
                            ],
                            "སྡེ་": [
                                "དང་  །_ རྐང་ ལག་ ཆག་",
                                "གྲུགས་",
                                "བྱུང་ ངོ་ #ཅོག་ དང་  ། "
                            ],
                            "སྣར་": [
                                "དང་  །_ རྐང་ ལག་ ཆག་",
                                "གྲུམས་",
                                "བྱུང་ ངོ་ #ཅོག་ དང་  ། "
                            ]
                        }
                    ]
                },
                {
                    "10": [
                        [
                            "《བསྐོལ》ཞེས་པ།【〈བསྐོལ〉གི་ མ་འོངས་པ། ཐ་དད་པ།】【〈བསྐོལ〉གི་ འདས་པ། ཐ་དད་པ།】【〈སྐོལ〉གི་ མ་འོངས་པ། ཐ་དད་པ།】【〈སྐོལ〉གི་ འདས་པ། ཐ་དད་པ།】【〈སྐོལ〉གི་ སྐུལ་ཚིག ཐ་དད་པ།】",
                            "《བསྒྲལ》ཞེས་པ།【〈བསྒྲལ〉གི་ མ་འོངས་པ། ཐ་དད་པ།】【〈བསྒྲལ〉གི་ འདས་པ། ཐ་དད་པ།】【〈སྒྲོལ〉གི་ མ་འོངས་པ།】【〈སྒྲོལ〉གི་ མ་འོངས་པ། ཐ་དད་པ།】【〈སྒྲོལ〉གི་ འདས་པ།】【〈སྒྲོལ〉གི་ འདས་པ། ཐ་དད་པ།】"
                        ],
                        {
                            "པེ་": [
                                "ཅན་ རྩེ་ གསུམ་ ལས་",
                                "བསྒྲལ་",
                                "ཏེ །_ གང་ ལུས་པ་"
                            ],
                            "སྡེ་": [
                                "ཅན་ རྩེ་ གསུམ་ ལས་",
                                "བསྐོལ་",
                                "ཏེ །_ གང་ ལུས་པ་"
                            ],
                            "སྣར་": [
                                "ཅན་ རྩེ་ གསུམ་ ལས་",
                                "བསྒྲལ་",
                                "ཏེ །_ གང་ ལུས་པ་"
                            ]
                        }
                    ]
                },
                {
                    "26": [
                        [
                            "《སྐོལ》ཞེས་པ།【〈བསྐོལ〉གི་ ད་ལྟ་བ། ཐ་དད་པ།】【〈བསྐོལ〉གི་ སྐུལ་ཚིག ཐ་དད་པ།】【〈སྐོལ〉གི་ ད་ལྟ་བ། ཐ་དད་པ།】",
                            "《བསྐོལ》ཞེས་པ།【〈བསྐོལ〉གི་ མ་འོངས་པ། ཐ་དད་པ།】【〈བསྐོལ〉གི་ འདས་པ། ཐ་དད་པ།】【〈སྐོལ〉གི་ མ་འོངས་པ། ཐ་དད་པ།】【〈སྐོལ〉གི་ འདས་པ། ཐ་དད་པ།】【〈སྐོལ〉གི་ སྐུལ་ཚིག ཐ་དད་པ།】"
                        ],
                        {
                            "པེ་": [
                                " །_། ར་ ཡི་ འོ་ མ ར་",
                                "སྐོལ་",
                                "ཏེ་ བཏུང་  །_། འཐུངས་ ན་"
                            ],
                            "སྡེ་": [
                                " །_། ར་ ཡི་ འོ་ མ ར་",
                                "བསྐོལ་",
                                "ཏེ་ བཏུང་  །_། འཐུངས་ ན་"
                            ],
                            "སྣར་": [
                                " །_། ར་ ཡི་ འོ་ མ ར་",
                                "སྐོལ་",
                                "ཏེ་ བཏུང་  །_། འཐུངས་ ན་"
                            ]
                        }
                    ]
                }
            ],
            "not_sure": [
                {
                    "5": [
                        [
                            "《འཕུལ》ཞེས་པ།【ཐ་དད་པ།】",
                            "《ཕུལ》ཞེས་པ།【〈ཕུལ〉གི་ འདས་པ། ཐ་དད་པ།】【〈ཕུལ〉གི་ སྐུལ་ཚིག ཐ་དད་པ།】【〈འབུལ〉གི་ འདས་པ། ཐ་དད་པ།】"
                        ],
                        {
                            "པེ་": [
                                "ཞག་ བདུན་ བདུན་ སྦྱར་ ཞིང་",
                                "འཕུལ་",
                                "ཏེ་ འཚལ་ ལོ །_། ཕན་"
                            ],
                            "སྡེ་": [
                                "ཞག་ བདུན་ བདུན་ སྦྱར་ ཞིང་",
                                "ཕུལ་",
                                "ཏེ་ འཚལ་ ལོ །_། ཕན་"
                            ],
                            "སྣར་": [
                                "ཞག་ བདུན་ བདུན་ སྦྱར་ ཞིང་",
                                "འཕུལ་",
                                "ཏེ་ འཚལ་ ལོ །_། ཕན་"
                            ]
                        }
                    ]
                },
                {
                    "28": [
                        [
                            "《སྐེམ》ཞེས་པ།【〈སྐེམ〉གི་ ད་ལྟ་བ། ཐ་དད་པ།】【〈སྐེམ〉གི་ ད་ལྟ་བ། ཐ་མི་དད་པ།】",
                            "《སྐོམ》ཞེས་པ།【】"
                        ],
                        {
                            "པེ་": [
                                "པ་ ཆག་པ་ དང་  །_།",
                                "སྐེམ་",
                                "དང་ སྙིང་ ནད་ མགོ་ འཁོར་"
                            ],
                            "སྡེ་": [
                                "པ་ ཆག་པ་ དང་  །_།",
                                "སྐོམ་",
                                "དང་ སྙིང་ ནད་ མགོ་ འཁོར་"
                            ],
                            "སྣར་": [
                                "པ་ ཆག་པ་ དང་  །_།",
                                "སྐེམ་",
                                "དང་ སྙིང་ ནད་ མགོ་ འཁོར་"
                            ]
                        }
                    ]
                }
            ]
        }
    },
    "dunno": {
        "long_diff": [
            {
                "9": [
                    {
                        "པེ་": [
                            " །_",
                            "",
                            "རྣ་བ་ མི་ གསང་བ་"
                        ],
                        "སྡེ་": [
                            " །_",
                            "རྣ་ ནད་ དང་  །",
                            "རྣ་བ་ མི་ གསང་བ་"
                        ],
                        "སྣར་": [
                            " །_",
                            "",
                            "རྣ་བ་ མི་ གསང་བ་"
                        ]
                    }
                ]
            }
        ],
        "no_diff": [
            {
                "7": [
                    {
                        "པེ་": [
                            "ངོ །_། དྲེག་ ནད་ དང་  །_",
                            "གྲང་",
                            "ནད་ དང་  །_ #ཚ་ གྲང་ འདྲེས་པ་ ལས་"
                        ],
                        "སྡེ་": [
                            "ངོ །_། དྲེག་ ནད་ དང་  །_",
                            "",
                            "ནད་ དང་  །_ #ཚ་ གྲང་ འདྲེས་པ་ ལས་"
                        ],
                        "སྣར་": [
                            "ངོ །_། དྲེག་ ནད་ དང་  །_",
                            "གྲང་",
                            "ནད་ དང་  །_ #ཚ་ གྲང་ འདྲེས་པ་ ལས་"
                        ]
                    }
                ]
            },
            {
                "11": [
                    {
                        "པེ་": [
                            "གང་ ལུས་པ་ དང་",
                            "བཙགས་ ལ་",
                            "ཆུ་ དྲོན་ འཇམ་ ཙམ་ གྱི་"
                        ],
                        "སྡེ་": [
                            "གང་ ལུས་པ་ དང་",
                            "བཙགས་ ལ་",
                            "ཆུ་ དྲོན་ འཇམ་ ཙམ་ གྱི་"
                        ],
                        "སྣར་": [
                            "གང་ ལུས་པ་ དང་",
                            "བཙགས་པ་",
                            "ཆུ་ དྲོན་ འཇམ་ ཙམ་ གྱི་"
                        ]
                    }
                ]
            },
            {
                "12": [
                    {
                        "པེ་": [
                            "ཙམ་ ལ་ ནུབ་ མོ་ ཉལ་",
                            "ག ར་",
                            "འཚལ་ ལོ །_། དགོངས་ འཚལ་"
                        ],
                        "སྡེ་": [
                            "ཙམ་ ལ་ ནུབ་ མོ་ ཉལ་",
                            "ཀ ར་",
                            "འཚལ་ ལོ །_། དགོངས་ འཚལ་"
                        ],
                        "སྣར་": [
                            "ཙམ་ ལ་ ནུབ་ མོ་ ཉལ་",
                            "ག ར་",
                            "འཚལ་ ལོ །_། དགོངས་ འཚལ་"
                        ]
                    }
                ]
            },
            {
                "13": [
                    {
                        "པེ་": [
                            "འཚལ་ ལོ །_། དགོངས་ འཚལ་",
                            "",
                            "མི་ འཚལ་ ན །_ དྲོ་"
                        ],
                        "སྡེ་": [
                            "འཚལ་ ལོ །_། དགོངས་ འཚལ་",
                            "མ་",
                            "མི་ འཚལ་ ན །_ དྲོ་"
                        ],
                        "སྣར་": [
                            "འཚལ་ ལོ །_། དགོངས་ འཚལ་",
                            "",
                            "མི་ འཚལ་ ན །_ དྲོ་"
                        ]
                    }
                ]
            },
            {
                "15": [
                    {
                        "པེ་": [
                            "ཕྱེ་ #ཞོ་ གསུམ །_",
                            "བར་",
                            "མ ར་ #སྲང་ གཉིས །_"
                        ],
                        "སྡེ་": [
                            "ཕྱེ་ #ཞོ་ གསུམ །_",
                            "བ་",
                            "མ ར་ #སྲང་ གཉིས །_"
                        ],
                        "སྣར་": [
                            "ཕྱེ་ #ཞོ་ གསུམ །_",
                            "བུ་",
                            "མ ར་ #སྲང་ གཉིས །_"
                        ]
                    }
                ]
            },
            {
                "16": [
                    {
                        "པེ་": [
                            "གསུམ་ བཏབ་ ལ་ ཉལ་",
                            "ག ར་",
                            "འཚལ་ ལོ །_། དགོངས་ འཚལ་"
                        ],
                        "སྡེ་": [
                            "གསུམ་ བཏབ་ ལ་ ཉལ་",
                            "ཁ ར་",
                            "འཚལ་ ལོ །_། དགོངས་ འཚལ་"
                        ],
                        "སྣར་": [
                            "གསུམ་ བཏབ་ ལ་ ཉལ་",
                            "ག ར་",
                            "འཚལ་ ལོ །_། དགོངས་ འཚལ་"
                        ]
                    }
                ]
            },
            {
                "18": [
                    {
                        "པེ་": [
                            "ལྡན་པ ས །_། རུས་པ་",
                            "ཆག་པ ས་",
                            "ནུབ་ གསུམ་ དུ །_། འཐུངས་"
                        ],
                        "སྡེ་": [
                            "ལྡན་པ ས །_། རུས་པ་",
                            "ཆག་ ལ་",
                            "ནུབ་ གསུམ་ དུ །_། འཐུངས་"
                        ],
                        "སྣར་": [
                            "ལྡན་པ ས །_། རུས་པ་",
                            "ཆགས་པ ས་",
                            "ནུབ་ གསུམ་ དུ །_། འཐུངས་"
                        ]
                    }
                ]
            },
            {
                "21": [
                    {
                        "པེ་": [
                            "ཤིང་ རྩ་བ་ ཡིས །_།",
                            "དྲུག་",
                            "#སྐམ་ རུས་པ་ ན་བ་"
                        ],
                        "སྡེ་": [
                            "ཤིང་ རྩ་བ་ ཡིས །_།",
                            "དུག་",
                            "#སྐམ་ རུས་པ་ ན་བ་"
                        ],
                        "སྣར་": [
                            "ཤིང་ རྩ་བ་ ཡིས །_།",
                            "དྲུག་",
                            "#སྐམ་ རུས་པ་ ན་བ་"
                        ]
                    }
                ]
            },
            {
                "22": [
                    {
                        "པེ་": [
                            " །_། དེ་ བཞིན་ ཨ་བ་",
                            "བཞི་",
                            "ཆ་ གཅིག _། #ཟན་ ཟོས་"
                        ],
                        "སྡེ་": [
                            " །_། དེ་ བཞིན་ ཨ་བ་",
                            "བཞི་",
                            "ཆ་ གཅིག _། #ཟན་ ཟོས་"
                        ],
                        "སྣར་": [
                            " །_། དེ་ བཞིན་ ཨ་བ་",
                            "བཞིན་",
                            "ཆ་ གཅིག _། #ཟན་ ཟོས་"
                        ]
                    }
                ]
            },
            {
                "25": [
                    {
                        "པེ་": [
                            " །_། ཚད་ རྙིང་ #གཡན་པ་",
                            "ཚོར་",
                            "བཅས་ དང་  །_། མིག་ གི་"
                        ],
                        "སྡེ་": [
                            " །_། ཚད་ རྙིང་ #གཡན་པ་",
                            "ཚོར་",
                            "བཅས་ དང་  །_། མིག་ གི་"
                        ],
                        "སྣར་": [
                            " །_། ཚད་ རྙིང་ #གཡན་པ་",
                            "མཚོ ར་",
                            "བཅས་ དང་  །_། མིག་ གི་"
                        ]
                    }
                ]
            },
            {
                "27": [
                    {
                        "པེ་": [
                            "འགྱུར་ ཏེ །_། ཤ་ ཆོད་",
                            "རུལ་པ་",
                            "ཆག་པ་ དང་  །_། "
                        ],
                        "སྡེ་": [
                            "འགྱུར་ ཏེ །_། ཤ་ ཆོད་",
                            "རུས་པ་",
                            "ཆག་པ་ དང་  །_། "
                        ],
                        "སྣར་": [
                            "འགྱུར་ ཏེ །_། ཤ་ ཆོད་",
                            "རུལ་པ་",
                            "ཆག་པ་ དང་  །_། "
                        ]
                    }
                ]
            },
            {
                "29": [
                    {
                        "པེ་": [
                            "པ་ དང་  །_། གལ་ཏེ་",
                            "རུས་པ་",
                            "ན ར་ གྱུར་ ཅིང་  །_། "
                        ],
                        "སྡེ་": [
                            "པ་ དང་  །_། གལ་ཏེ་",
                            "རུས་པ་",
                            "ན ར་ གྱུར་ ཅིང་  །_། "
                        ],
                        "སྣར་": [
                            "པ་ དང་  །_། གལ་ཏེ་",
                            "སུ་པ་",
                            "ན ར་ གྱུར་ ཅིང་  །_། "
                        ]
                    }
                ]
            },
            {
                "32": [
                    {
                        "པེ་": [
                            " །_། ཞག་ བདུན་ བར་ དུ་",
                            "སྦྱང་ བར་",
                            "བྱ །_། འདོད་ཆགས་"
                        ],
                        "སྡེ་": [
                            " །_། ཞག་ བདུན་ བར་ དུ་",
                            "སྦྱར་བ ར་",
                            "བྱ །_། འདོད་ཆགས་"
                        ],
                        "སྣར་": [
                            " །_། ཞག་ བདུན་ བར་ དུ་",
                            "སྦྱང་ བར་",
                            "བྱ །_། འདོད་ཆགས་"
                        ]
                    }
                ]
            }
        ],
        "short_diff": [
            {
                "19": [
                    {
                        "པེ་": [
                            "བར་ འགྱུར །_།",
                            "ཨ་བ་",
                            "#ཚབ་ གསུམ་ དེ་ བཞིན །_།"
                        ],
                        "སྡེ་": [
                            "བར་ འགྱུར །_།",
                            "ཨ་བ་",
                            "#ཚབ་ གསུམ་ དེ་ བཞིན །_།"
                        ],
                        "སྣར་": [
                            "བར་ འགྱུར །_།",
                            "ཨ་",
                            "#ཚབ་ གསུམ་ དེ་ བཞིན །_།"
                        ]
                    }
                ]
            }
        ]
    },
    "empty_notes": [
        {
            "34": [
                {
                    "པེ་": [
                        "ག་ རྫོགས་ སོ །། ",
                        "",
                        "#ཆོ་ ག་ རྫོགས་ སོ །། "
                    ],
                    "སྡེ་": [
                        "ག་ རྫོགས་ སོ །། ",
                        "",
                        "#ཆོ་ ག་ རྫོགས་ སོ །། "
                    ],
                    "སྣར་": [
                        "ག་ རྫོགས་ སོ །། ",
                        "",
                        "#ཆོ་ ག་ རྫོགས་ སོ །། "
                    ]
                }
            ]
        }
    ],
    "manual_categorisation": {
        "long_difference": {
            "differing_formulation": [],
            "major_modification": []
        },
        "manual_evaluation": {
            "derge_correct": [],
            "meaning_difference": {
                "great_diff": [],
                "medium_diff": [],
                "small_diff": []
            }
        }
    },
    "ngram_freq": {
        "1": {
            "པེ་": [
                [
                    "རྒན",
                    "7"
                ]
            ],
            "སྡེ་": [
                [
                    "སྒལ",
                    "71"
                ]
            ],
            "སྣར་": [
                [
                    "རྒན",
                    "7"
                ]
            ]
        },
        "10": {
            "པེ་": [
                [
                    "བསྒྲལ",
                    "117"
                ],
                [
                    "ལས་བསྒྲལ",
                    "123"
                ]
            ],
            "སྡེ་": [
                [
                    "བསྐོལ",
                    "10"
                ]
            ],
            "སྣར་": [
                [
                    "བསྒྲལ",
                    "117"
                ],
                [
                    "ལས་བསྒྲལ",
                    "123"
                ]
            ]
        },
        "11": {
            "པེ་": [],
            "སྡེ་": [],
            "སྣར་": []
        },
        "12": {
            "པེ་": [
                [
                    "གར",
                    "56"
                ]
            ],
            "སྡེ་": [
                [
                    "ཀར",
                    "14"
                ]
            ],
            "སྣར་": [
                [
                    "གར",
                    "56"
                ]
            ]
        },
        "13": {
            "པེ་": [
                [
                    "",
                    "1"
                ],
                [
                    "མི",
                    "406"
                ],
                [
                    "འཚལ",
                    "1146"
                ]
            ],
            "སྡེ་": [
                [
                    "མ",
                    "4286"
                ],
                [
                    "མ་མི",
                    "429"
                ],
                [
                    "འཚལ་མ",
                    "87"
                ]
            ],
            "སྣར་": [
                [
                    "",
                    "1"
                ],
                [
                    "མི",
                    "406"
                ],
                [
                    "འཚལ",
                    "1146"
                ]
            ]
        },
        "14": {
            "པེ་": [],
            "སྡེ་": [],
            "སྣར་": []
        },
        "15": {
            "པེ་": [
                [
                    "བར",
                    "1385"
                ],
                [
                    "།_བར",
                    "949"
                ],
                [
                    "བར་མ",
                    "2970"
                ],
                [
                    "།_བར་མ",
                    "207"
                ]
            ],
            "སྡེ་": [
                [
                    "བ",
                    "22879"
                ],
                [
                    "བ་མ",
                    "10108"
                ],
                [
                    "།_བ",
                    "2569"
                ]
            ],
            "སྣར་": [
                [
                    "བུ",
                    "3638"
                ],
                [
                    "བུ་མ",
                    "1330"
                ],
                [
                    "།_བུ",
                    "2912"
                ]
            ]
        },
        "16": {
            "པེ་": [
                [
                    "གར",
                    "56"
                ]
            ],
            "སྡེ་": [
                [
                    "ཁར",
                    "23"
                ]
            ],
            "སྣར་": [
                [
                    "གར",
                    "56"
                ]
            ]
        },
        "17": {
            "པེ་": [
                [
                    "ལྡན་པ",
                    "4520"
                ],
                [
                    "ལྡན་པ།_།",
                    "794"
                ]
            ],
            "སྡེ་": [
                [
                    "ལྡན་པས",
                    "685"
                ],
                [
                    "ལྡན་པས།_།",
                    "396"
                ]
            ],
            "སྣར་": [
                [
                    "ལྡན་པ",
                    "4520"
                ],
                [
                    "ལྡན་པ།_།",
                    "794"
                ]
            ]
        },
        "18": {
            "པེ་": [],
            "སྡེ་": [],
            "སྣར་": [
                [
                    "ཆགས་པས",
                    "48"
                ]
            ]
        },
        "19": {
            "པེ་": [
                [
                    "ཨ་བ",
                    "1053"
                ],
                [
                    "།_།ཨ་བ",
                    "49"
                ]
            ],
            "སྡེ་": [
                [
                    "ཨ་བ",
                    "1053"
                ],
                [
                    "།_།ཨ་བ",
                    "49"
                ]
            ],
            "སྣར་": [
                [
                    "ཨ",
                    "188"
                ],
                [
                    "།_།ཨ",
                    "1040"
                ]
            ]
        },
        "2": {
            "པེ་": [],
            "སྡེ་": [
                [
                    "སྦྱོར་བའི",
                    "123"
                ]
            ],
            "སྣར་": []
        },
        "20": {
            "པེ་": [
                [
                    "ཉེ",
                    "33"
                ]
            ],
            "སྡེ་": [
                [
                    "ཉེའུ",
                    "24"
                ]
            ],
            "སྣར་": [
                [
                    "ཉེ",
                    "33"
                ]
            ]
        },
        "21": {
            "པེ་": [
                [
                    "དྲུག",
                    "327"
                ],
                [
                    "།_།དྲུག",
                    "825"
                ]
            ],
            "སྡེ་": [
                [
                    "དུག",
                    "45"
                ],
                [
                    "།_།དུག",
                    "625"
                ]
            ],
            "སྣར་": [
                [
                    "དྲུག",
                    "327"
                ],
                [
                    "།_།དྲུག",
                    "825"
                ]
            ]
        },
        "22": {
            "པེ་": [
                [
                    "བཞི",
                    "541"
                ],
                [
                    "བཞི་ཆ",
                    "57"
                ]
            ],
            "སྡེ་": [
                [
                    "བཞི",
                    "541"
                ],
                [
                    "བཞི་ཆ",
                    "57"
                ]
            ],
            "སྣར་": [
                [
                    "བཞིན",
                    "3439"
                ]
            ]
        },
        "23": {
            "པེ་": [
                [
                    "ཟན",
                    "2"
                ],
                [
                    "ཟན་ཟོས",
                    "105"
                ]
            ],
            "སྡེ་": [
                [
                    "ཟན",
                    "2"
                ],
                [
                    "ཟན་ཟོས",
                    "105"
                ]
            ],
            "སྣར་": [
                [
                    "ཟས",
                    "86"
                ],
                [
                    "ཟས་ཟོས",
                    "107"
                ]
            ]
        },
        "24": {
            "པེ་": [],
            "སྡེ་": [],
            "སྣར་": []
        },
        "25": {
            "པེ་": [
                [
                    "ཚོར",
                    "35"
                ]
            ],
            "སྡེ་": [
                [
                    "ཚོར",
                    "35"
                ]
            ],
            "སྣར་": [
                [
                    "མཚོར",
                    "6"
                ]
            ]
        },
        "26": {
            "པེ་": [
                [
                    "སྐོལ",
                    "68"
                ]
            ],
            "སྡེ་": [
                [
                    "བསྐོལ",
                    "10"
                ]
            ],
            "སྣར་": [
                [
                    "སྐོལ",
                    "68"
                ]
            ]
        },
        "27": {
            "པེ་": [
                [
                    "རུལ་པ",
                    "80"
                ]
            ],
            "སྡེ་": [
                [
                    "རུས་པ",
                    "949"
                ]
            ],
            "སྣར་": [
                [
                    "རུལ་པ",
                    "80"
                ]
            ]
        },
        "28": {
            "པེ་": [
                [
                    "སྐེམ",
                    "6"
                ]
            ],
            "སྡེ་": [
                [
                    "སྐོམ",
                    "52"
                ],
                [
                    "སྐོམ་དང",
                    "158"
                ],
                [
                    "།_།སྐོམ",
                    "80"
                ]
            ],
            "སྣར་": [
                [
                    "སྐེམ",
                    "6"
                ]
            ]
        },
        "29": {
            "པེ་": [
                [
                    "རུས་པ",
                    "949"
                ]
            ],
            "སྡེ་": [
                [
                    "རུས་པ",
                    "949"
                ]
            ],
            "སྣར་": []
        },
        "3": {
            "པེ་": [
                [
                    "བཏང",
                    "4"
                ],
                [
                    "བཏང་ངོ",
                    "695"
                ]
            ],
            "སྡེ་": [
                [
                    "གཏང",
                    "4"
                ],
                [
                    "གཏང་ངོ",
                    "74"
                ]
            ],
            "སྣར་": [
                [
                    "བཏང",
                    "4"
                ],
                [
                    "བཏང་ངོ",
                    "695"
                ]
            ]
        },
        "30": {
            "པེ་": [
                [
                    "ཉེ",
                    "33"
                ],
                [
                    "ནི་ཉེ",
                    "492"
                ]
            ],
            "སྡེ་": [
                [
                    "ཉེའུ",
                    "24"
                ]
            ],
            "སྣར་": [
                [
                    "ཉེ",
                    "33"
                ],
                [
                    "ནི་ཉེ",
                    "492"
                ]
            ]
        },
        "31": {
            "པེ་": [
                [
                    "བཞིན",
                    "3439"
                ],
                [
                    "བཞིན།_།",
                    "2984"
                ],
                [
                    "དེ་བཞིན",
                    "629"
                ],
                [
                    "དེ་བཞིན།_།",
                    "325"
                ]
            ],
            "སྡེ་": [
                [
                    "བཞིན",
                    "3439"
                ],
                [
                    "བཞིན།_།",
                    "2984"
                ],
                [
                    "དེ་བཞིན",
                    "629"
                ],
                [
                    "དེ་བཞིན།_།",
                    "325"
                ]
            ],
            "སྣར་": [
                [
                    "བཞིན་ཏེ",
                    "136"
                ],
                [
                    "དེ་བཞིན་ཏེ",
                    "61"
                ],
                [
                    "བཞིན་ཏེ།_།",
                    "951"
                ],
                [
                    "དེ་བཞིན་ཏེ།_།",
                    "641"
                ]
            ]
        },
        "32": {
            "པེ་": [
                [
                    "སྦྱང་བར",
                    "513"
                ],
                [
                    "སྦྱང་བར་བྱ",
                    "80"
                ]
            ],
            "སྡེ་": [
                [
                    "སྦྱར་བར",
                    "1414"
                ],
                [
                    "སྦྱར་བར་བྱ",
                    "141"
                ],
                [
                    "དུ་སྦྱར་བར",
                    "151"
                ]
            ],
            "སྣར་": [
                [
                    "སྦྱང་བར",
                    "513"
                ],
                [
                    "སྦྱང་བར་བྱ",
                    "80"
                ]
            ]
        },
        "33": {
            "པེ་": [
                [
                    "སྤངས",
                    "803"
                ],
                [
                    "རྣམ་པར་སྤངས",
                    "329"
                ]
            ],
            "སྡེ་": [
                [
                    "སྤང",
                    "5"
                ],
                [
                    "རྣམ་པར་སྤང",
                    "131"
                ]
            ],
            "སྣར་": [
                [
                    "སྤངས",
                    "803"
                ],
                [
                    "རྣམ་པར་སྤངས",
                    "329"
                ]
            ]
        },
        "34": {
            "པེ་": [
                [
                    "",
                    "1"
                ],
                [
                    "ཆོ",
                    "2"
                ],
                [
                    "ཆོ་ག",
                    "5784"
                ]
            ],
            "སྡེ་": [
                [
                    "",
                    "1"
                ],
                [
                    "ཆོ",
                    "2"
                ],
                [
                    "ཆོ་ག",
                    "5784"
                ]
            ],
            "སྣར་": [
                [
                    "",
                    "1"
                ],
                [
                    "ཆོ",
                    "2"
                ],
                [
                    "ཆོ་ག",
                    "5784"
                ]
            ]
        },
        "4": {
            "པེ་": [
                [
                    "ལས",
                    "5885"
                ]
            ],
            "སྡེ་": [
                [
                    "ལ",
                    "33965"
                ],
                [
                    "རྩི་ལ",
                    "76"
                ],
                [
                    "ལ་སྦྱར",
                    "47"
                ]
            ],
            "སྣར་": [
                [
                    "ལས",
                    "5885"
                ]
            ]
        },
        "5": {
            "པེ་": [
                [
                    "འཕུལ",
                    "11"
                ]
            ],
            "སྡེ་": [
                [
                    "ཕུལ",
                    "201"
                ],
                [
                    "ཕུལ་ཏེ",
                    "145"
                ]
            ],
            "སྣར་": [
                [
                    "འཕུལ",
                    "11"
                ]
            ]
        },
        "6": {
            "པེ་": [],
            "སྡེ་": [
                [
                    "གྲུགས",
                    "2"
                ]
            ],
            "སྣར་": []
        },
        "7": {
            "པེ་": [
                [
                    "གྲང",
                    "22"
                ],
                [
                    "།_གྲང",
                    "145"
                ]
            ],
            "སྡེ་": [
                [
                    "",
                    "1"
                ],
                [
                    "།_",
                    "47"
                ],
                [
                    "ནད",
                    "36"
                ],
                [
                    "།_ནད",
                    "1446"
                ],
                [
                    "།_ནད་དང",
                    "136"
                ],
                [
                    "དང་།_ནད་དང",
                    "114"
                ],
                [
                    "དང་།_ནད་དང་།_",
                    "80"
                ]
            ],
            "སྣར་": [
                [
                    "གྲང",
                    "22"
                ],
                [
                    "།_གྲང",
                    "145"
                ]
            ]
        },
        "8": {
            "པེ་": [],
            "སྡེ་": [],
            "སྣར་": []
        },
        "9": {
            "པེ་": [
                [
                    "",
                    "1"
                ],
                [
                    "།_",
                    "47"
                ],
                [
                    "རྣ་བ",
                    "2774"
                ],
                [
                    "།_རྣ་བ",
                    "954"
                ]
            ],
            "སྡེ་": [],
            "སྣར་": [
                [
                    "",
                    "1"
                ],
                [
                    "།_",
                    "47"
                ],
                [
                    "རྣ་བ",
                    "2774"
                ],
                [
                    "།_རྣ་བ",
                    "954"
                ]
            ]
        }
    },
    "non_standard_notes": [],
    "profile": {
        "1": [
            "པེ་=སྣར་ སྡེ་",
            "70.59%"
        ],
        "10": [
            "པེ་=སྣར་ སྡེ་",
            "70.59%"
        ],
        "11": [
            "པེ་=སྡེ་ སྣར་",
            "20.59%"
        ],
        "12": [
            "པེ་=སྣར་ སྡེ་",
            "70.59%"
        ],
        "13": [
            "པེ་=སྣར་ སྡེ་",
            "70.59%"
        ],
        "14": [
            "པེ་=སྣར་ སྡེ་",
            "70.59%"
        ],
        "15": [
            "པེ་ སྡེ་ སྣར་",
            "5.88%"
        ],
        "16": [
            "པེ་=སྣར་ སྡེ་",
            "70.59%"
        ],
        "17": [
            "པེ་=སྣར་ སྡེ་",
            "70.59%"
        ],
        "18": [
            "པེ་ སྡེ་ སྣར་",
            "5.88%"
        ],
        "19": [
            "པེ་=སྡེ་ སྣར་",
            "20.59%"
        ],
        "2": [
            "པེ་=སྣར་ སྡེ་",
            "70.59%"
        ],
        "20": [
            "པེ་=སྣར་ སྡེ་",
            "70.59%"
        ],
        "21": [
            "པེ་=སྣར་ སྡེ་",
            "70.59%"
        ],
        "22": [
            "པེ་=སྡེ་ སྣར་",
            "20.59%"
        ],
        "23": [
            "པེ་=སྡེ་ སྣར་",
            "20.59%"
        ],
        "24": [
            "པེ་=སྣར་ སྡེ་",
            "70.59%"
        ],
        "25": [
            "པེ་=སྡེ་ སྣར་",
            "20.59%"
        ],
        "26": [
            "པེ་=སྣར་ སྡེ་",
            "70.59%"
        ],
        "27": [
            "པེ་=སྣར་ སྡེ་",
            "70.59%"
        ],
        "28": [
            "པེ་=སྣར་ སྡེ་",
            "70.59%"
        ],
        "29": [
            "པེ་=སྡེ་ སྣར་",
            "20.59%"
        ],
        "3": [
            "པེ་=སྣར་ སྡེ་",
            "70.59%"
        ],
        "30": [
            "པེ་=སྣར་ སྡེ་",
            "70.59%"
        ],
        "31": [
            "པེ་=སྡེ་ སྣར་",
            "20.59%"
        ],
        "32": [
            "པེ་=སྣར་ སྡེ་",
            "70.59%"
        ],
        "33": [
            "པེ་=སྣར་ སྡེ་",
            "70.59%"
        ],
        "34": [
            "པེ་=སྡེ་=སྣར་",
            "2.94%"
        ],
        "4": [
            "པེ་=སྣར་ སྡེ་",
            "70.59%"
        ],
        "5": [
            "པེ་=སྣར་ སྡེ་",
            "70.59%"
        ],
        "6": [
            "པེ་=སྣར་ སྡེ་",
            "70.59%"
        ],
        "7": [
            "པེ་=སྣར་ སྡེ་",
            "70.59%"
        ],
        "8": [
            "པེ་=སྣར་ སྡེ་",
            "70.59%"
        ],
        "9": [
            "པེ་=སྣར་ སྡེ་",
            "70.59%"
        ]
    }
}