﻿{
    "Stats": {
        "Categorised": "3 notes (60.00%)",
        "Notes’ total": 5,
        "Profiles": [
            "པེ་=སྣར་ སྡེ་: 60.00% (3 notes)",
            "པེ་=སྡེ་=སྣར་: 20.00% (1 notes)",
            "པེ་=སྡེ་ སྣར་: 20.00% (1 notes)"
        ],
        "automatic_categorisation": {
            "min_mod": {},
            "particle_issues": {},
            "spelling_mistake": {
                "non_word": {}
            },
            "verb_difference": {
                "diff_tense": 1,
                "diff_verb": 1
            }
        },
        "dunno": {
            "no_diff": 2
        },
        "empty_notes": 1,
        "manual_categorisation": {
            "long_difference": {},
            "manual_evaluation": {
                "meaning_difference": {}
            }
        },
        "ngram_freq": {},
        "profile": {}
    },
    "automatic_categorisation": {
        "min_mod": {
            "min_mod_groups": [],
            "particle_groups": []
        },
        "particle_issues": {
            "added_particle": [],
            "agreement_issue": [],
            "different_particles": [],
            "other": [],
            "po-bo-pa-ba": []
        },
        "spelling_mistake": {
            "missing_vowel": [],
            "nga_da": [],
            "non_word": {
                "ill_formed": [],
                "well_formed": []
            }
        },
        "sskrt": [],
        "verb_difference": {
            "diff_tense": [
                {
                    "3": [
                        [
                            "《འགྱུར》ཞེས་པ།【གཟུགས་མི་འགྱུར་བ།】【〈འགྱུར〉གི་ ད་ལྟ་བ། ཐ་མི་དད་པ།】【〈འགྱུར〉གི་ མ་འོངས་པ། ཐ་མི་དད་པ།】",
                            "《གྱུར》ཞེས་པ།【〈འགྱུར〉གི་ འདས་པ། ཐ་མི་དད་པ།】"
                        ],
                        {
                            "པེ་": [
                                "ཡང་ བརྩེ་བ་ མི་ མངའ་",
                                "འགྱུར",
                                "།_། འཇིག་རྟེན་ དམན་ ལ་"
                            ],
                            "སྡེ་": [
                                "ཡང་ བརྩེ་བ་ མི་ མངའ་",
                                "གྱུར",
                                "།_། འཇིག་རྟེན་ དམན་ ལ་"
                            ],
                            "སྣར་": [
                                "ཡང་ བརྩེ་བ་ མི་ མངའ་",
                                "འགྱུར",
                                "།_། འཇིག་རྟེན་ དམན་ ལ་"
                            ]
                        }
                    ]
                }
            ],
            "diff_verb": [
                {
                    "1": [
                        [
                            "《བསྟན》ཞེས་པ།【〈སྟོན〉གི་ མ་འོངས་པ། ཐ་དད་པ།】【〈སྟོན〉གི་ འདས་པ། ཐ་དད་པ།】",
                            "《བརྟན》ཞེས་པ།【〈བརྟན〉གི་ མ་འོངས་པ། ཐ་དད་པ།】【〈བརྟན〉གི་ འདས་པ། ཐ་དད་པ།】【〈རྟོན〉གི་ མ་འོངས་པ། ཐ་དད་པ།】【〈རྟོན〉གི་ འདས་པ། ཐ་དད་པ།】"
                        ],
                        {
                            "པེ་": [
                                " །_། དཔལ་ ལྡན་ རབ་ཏུ་",
                                "བརྟན་པ འི་",
                                "སྐུ་ མངའ་བ །_། "
                            ],
                            "སྡེ་": [
                                " །_། དཔལ་ ལྡན་ རབ་ཏུ་",
                                "བརྟན་པ འི་",
                                "སྐུ་ མངའ་བ །_། "
                            ],
                            "སྣར་": [
                                " །_། དཔལ་ ལྡན་ རབ་ཏུ་",
                                "བསྟན་པ འི་",
                                "སྐུ་ མངའ་བ །_། "
                            ]
                        }
                    ]
                }
            ],
            "not_sure": []
        }
    },
    "dunno": {
        "long_diff": [],
        "no_diff": [
            {
                "2": [
                    {
                        "པེ་": [
                            "གི་ པདྨ་ རིང་ དུ་ རྟག་",
                            "ཏུ་ སྐྱོང་",
                            " །_། སྐལ་ ཉེས་པ་ ཡི་"
                        ],
                        "སྡེ་": [
                            "གི་ པདྨ་ རིང་ དུ་ རྟག་",
                            "རྐྱོང་ ཡང་",
                            " །_། སྐལ་ ཉེས་པ་ ཡི་"
                        ],
                        "སྣར་": [
                            "གི་ པདྨ་ རིང་ དུ་ རྟག་",
                            "ཏུ་ སྐྱོང་",
                            " །_། སྐལ་ ཉེས་པ་ ཡི་"
                        ]
                    }
                ]
            },
            {
                "4": [
                    {
                        "པེ་": [
                            "ཆེན་པོ་ ནི །_། གང་",
                            "ཚེ་",
                            "ཁྱེད་ ཀྱང་ བདག་ ལ་ སྤོང་"
                        ],
                        "སྡེ་": [
                            "ཆེན་པོ་ ནི །_། གང་",
                            "དེ་",
                            "ཁྱེད་ ཀྱང་ བདག་ ལ་ སྤོང་"
                        ],
                        "སྣར་": [
                            "ཆེན་པོ་ ནི །_། གང་",
                            "ཚེ་",
                            "ཁྱེད་ ཀྱང་ བདག་ ལ་ སྤོང་"
                        ]
                    }
                ]
            }
        ],
        "short_diff": []
    },
    "empty_notes": [
        {
            "5": [
                {
                    "པེ་": [
                        "མཛད་པ་ རྫོགས་ སོ །།_།། ",
                        "",
                        "མཛད་པ་ རྫོགས་ སོ །།_།། "
                    ],
                    "སྡེ་": [
                        "མཛད་པ་ རྫོགས་ སོ །།_།། ",
                        "",
                        "མཛད་པ་ རྫོགས་ སོ །།_།། "
                    ],
                    "སྣར་": [
                        "མཛད་པ་ རྫོགས་ སོ །།_།། ",
                        "",
                        "མཛད་པ་ རྫོགས་ སོ །།_།། "
                    ]
                }
            ]
        }
    ],
    "manual_categorisation": {
        "long_difference": {
            "differing_formulation": [],
            "major_modification": []
        },
        "manual_evaluation": {
            "derge_correct": [],
            "meaning_difference": {
                "great_diff": [],
                "medium_diff": [],
                "small_diff": []
            }
        }
    },
    "ngram_freq": {
        "1": {
            "པེ་": [
                [
                    "བརྟན་པའི",
                    "756"
                ]
            ],
            "སྡེ་": [
                [
                    "བརྟན་པའི",
                    "756"
                ]
            ],
            "སྣར་": [
                [
                    "བསྟན་པའི",
                    "3139"
                ],
                [
                    "རབ་ཏུ་བསྟན་པའི",
                    "60"
                ]
            ]
        },
        "2": {
            "པེ་": [],
            "སྡེ་": [],
            "སྣར་": []
        },
        "3": {
            "པེ་": [
                [
                    "འགྱུར",
                    "31151"
                ],
                [
                    "འགྱུར།_།",
                    "18273"
                ]
            ],
            "སྡེ་": [
                [
                    "གྱུར",
                    "4361"
                ],
                [
                    "གྱུར།_།",
                    "2615"
                ]
            ],
            "སྣར་": [
                [
                    "འགྱུར",
                    "31151"
                ],
                [
                    "འགྱུར།_།",
                    "18273"
                ]
            ]
        },
        "4": {
            "པེ་": [
                [
                    "ཚེ",
                    "9083"
                ],
                [
                    "གང་ཚེ",
                    "642"
                ],
                [
                    "ཚེ་ཁྱེད",
                    "48"
                ]
            ],
            "སྡེ་": [
                [
                    "དེ",
                    "1"
                ],
                [
                    "གང་དེ",
                    "2044"
                ],
                [
                    "དེ་ཁྱེད",
                    "62"
                ]
            ],
            "སྣར་": [
                [
                    "ཚེ",
                    "9083"
                ],
                [
                    "གང་ཚེ",
                    "642"
                ],
                [
                    "ཚེ་ཁྱེད",
                    "48"
                ]
            ]
        },
        "5": {
            "པེ་": [
                [
                    "",
                    "1"
                ],
                [
                    "མཛད་པ",
                    "1162"
                ]
            ],
            "སྡེ་": [
                [
                    "",
                    "1"
                ],
                [
                    "མཛད་པ",
                    "1162"
                ]
            ],
            "སྣར་": [
                [
                    "",
                    "1"
                ],
                [
                    "མཛད་པ",
                    "1162"
                ]
            ]
        }
    },
    "non_standard_notes": [],
    "profile": {
        "1": [
            "པེ་=སྡེ་ སྣར་",
            "20.00%"
        ],
        "2": [
            "པེ་=སྣར་ སྡེ་",
            "60.00%"
        ],
        "3": [
            "པེ་=སྣར་ སྡེ་",
            "60.00%"
        ],
        "4": [
            "པེ་=སྣར་ སྡེ་",
            "60.00%"
        ],
        "5": [
            "པེ་=སྡེ་=སྣར་",
            "20.00%"
        ]
    }
}