﻿{
    "Stats": {
        "Categorised": "15 notes (62.50%)",
        "Notes’ total": 24,
        "Profiles": [
            "པེ་=སྣར་ སྡེ་: 86.36% (19 notes)",
            "པེ་=སྡེ་=སྣར་: 4.55% (1 notes)",
            "པེ་ སྡེ་=སྣར་: 9.09% (2 notes)"
        ],
        "automatic_categorisation": {
            "min_mod": {
                "particle_groups": 2
            },
            "particle_issues": {
                "po-bo-pa-ba": 2
            },
            "spelling_mistake": {
                "non_word": {
                    "well_formed": 4
                }
            },
            "sskrt": 1,
            "verb_difference": {
                "diff_tense": 2,
                "diff_verb": 2,
                "not_sure": 1
            }
        },
        "dunno": {
            "no_diff": 7,
            "short_diff": 2
        },
        "empty_notes": 1,
        "manual_categorisation": {
            "long_difference": {},
            "manual_evaluation": {
                "meaning_difference": {}
            }
        },
        "ngram_freq": {},
        "profile": {}
    },
    "automatic_categorisation": {
        "min_mod": {
            "min_mod_groups": [],
            "particle_groups": [
                {
                    "15": [
                        [
                            "dreldra",
                            "jedra"
                        ],
                        {
                            "པེ་": [
                                "བྱུང་བ འང་ ལགས །_། གཞན་",
                                "གྱིས་",
                                "དབང་ ལས་ ཀུན་རྫོབ་ སྟེ"
                            ],
                            "སྡེ་": [
                                "བྱུང་བ འང་ ལགས །_། གཞན་",
                                "གྱི་",
                                "དབང་ ལས་ ཀུན་རྫོབ་ སྟེ"
                            ],
                            "སྣར་": [
                                "བྱུང་བ འང་ ལགས །_། གཞན་",
                                "གྱིས་",
                                "དབང་ ལས་ ཀུན་རྫོབ་ སྟེ"
                            ]
                        }
                    ]
                },
                {
                    "18": [
                        [
                            "dreldra",
                            "jedra"
                        ],
                        {
                            "པེ་": [
                                "པོ འི་ གདོན་ གྱིས་ ཟིན་ རྣམས་",
                                "ཀྱི",
                                "།_། གསོ་བ་ དེ་ ནི་"
                            ],
                            "སྡེ་": [
                                "པོ འི་ གདོན་ གྱིས་ ཟིན་ རྣམས་",
                                "ཀྱིས",
                                "།_། གསོ་བ་ དེ་ ནི་"
                            ],
                            "སྣར་": [
                                "པོ འི་ གདོན་ གྱིས་ ཟིན་ རྣམས་",
                                "ཀྱི",
                                "།_། གསོ་བ་ དེ་ ནི་"
                            ]
                        }
                    ]
                }
            ]
        },
        "particle_issues": {
            "added_particle": [],
            "agreement_issue": [],
            "different_particles": [],
            "other": [],
            "po-bo-pa-ba": [
                {
                    "8": [
                        "dagdra_pa",
                        {
                            "པེ་": [
                                "ལས་ བྱུང་ དང་  །_།",
                                "ཟླ་བ་",
                                "གཉིས་ ལ་སོགས་ མཐོང་བ་"
                            ],
                            "སྡེ་": [
                                "ལས་ བྱུང་ དང་  །_།",
                                "ཟླ་",
                                "གཉིས་ ལ་སོགས་ མཐོང་བ་"
                            ],
                            "སྣར་": [
                                "ལས་ བྱུང་ དང་  །_།",
                                "ཟླ་བ་",
                                "གཉིས་ ལ་སོགས་ མཐོང་བ་"
                            ]
                        }
                    ]
                },
                {
                    "9": [
                        "dagdra_pa",
                        {
                            "པེ་": [
                                "གཉིས་ ལ་སོགས་",
                                "མཐོང་",
                                "བཞིན །_། འགྲོ་བ་ འབྱུང་"
                            ],
                            "སྡེ་": [
                                "གཉིས་ ལ་སོགས་",
                                "མཐོང་བ་",
                                "བཞིན །_། འགྲོ་བ་ འབྱུང་"
                            ],
                            "སྣར་": [
                                "གཉིས་ ལ་སོགས་",
                                "མཐོང་",
                                "བཞིན །_། འགྲོ་བ་ འབྱུང་"
                            ]
                        }
                    ]
                }
            ]
        },
        "spelling_mistake": {
            "missing_vowel": [],
            "nga_da": [],
            "non_word": {
                "ill_formed": [],
                "well_formed": [
                    {
                        "3": [
                            {
                                "པེ་": [
                                    "ཉིད་ ཡོད །_། དེ་དག་",
                                    "#བལྟོས་པ་",
                                    "ཅན་ དུ་ གྲུབ །_། "
                                ],
                                "སྡེ་": [
                                    "ཉིད་ ཡོད །_། དེ་དག་",
                                    "ལྟོས་པ་",
                                    "ཅན་ དུ་ གྲུབ །_། "
                                ],
                                "སྣར་": [
                                    "ཉིད་ ཡོད །_། དེ་དག་",
                                    "#བལྟོས་པ་",
                                    "ཅན་ དུ་ གྲུབ །_། "
                                ]
                            }
                        ]
                    },
                    {
                        "4": [
                            {
                                "པེ་": [
                                    "གང་ ཚེ་ ཅི་ ལ འང་ མི་",
                                    "#བལྟོས་པ",
                                    "།_། དེ་ ཚེ་ གང་"
                                ],
                                "སྡེ་": [
                                    "གང་ ཚེ་ ཅི་ ལ འང་ མི་",
                                    "ལྟོས་པ",
                                    "།_། དེ་ ཚེ་ གང་"
                                ],
                                "སྣར་": [
                                    "གང་ ཚེ་ ཅི་ ལ འང་ མི་",
                                    "#བལྟོས་པ",
                                    "།_། དེ་ ཚེ་ གང་"
                                ]
                            }
                        ]
                    },
                    {
                        "5": [
                            {
                                "པེ་": [
                                    "གང་ ཚེ་ རིང་ ལ་ མི་",
                                    "#བལྟོས་པ",
                                    "།_། དེ་ ཚེ་ ཐུང་"
                                ],
                                "སྡེ་": [
                                    "གང་ ཚེ་ རིང་ ལ་ མི་",
                                    "ལྟོས་པ",
                                    "།_། དེ་ ཚེ་ ཐུང་"
                                ],
                                "སྣར་": [
                                    "གང་ ཚེ་ རིང་ ལ་ མི་",
                                    "#བལྟོས་པ",
                                    "།_། དེ་ ཚེ་ ཐུང་"
                                ]
                            }
                        ]
                    },
                    {
                        "6": [
                            {
                                "པེ་": [
                                    " །_། ཡོད་ ཅེས་པ་ ནི་",
                                    "#ལྟག་པ ར་",
                                    "ལྟ །_། མེད་"
                                ],
                                "སྡེ་": [
                                    " །_། ཡོད་ ཅེས་པ་ ནི་",
                                    "རྟག་པ ར་",
                                    "ལྟ །_། མེད་"
                                ],
                                "སྣར་": [
                                    " །_། ཡོད་ ཅེས་པ་ ནི་",
                                    "རྟག་པ ར་",
                                    "ལྟ །_། མེད་"
                                ]
                            }
                        ]
                    }
                ]
            }
        },
        "sskrt": [
            {
                "1": [
                    {
                        "པེ་": [
                            "དུ །_ ཨ་ #ཙིནྟ་",
                            "#སྟ་བ",
                            "_། བོད་ སྐད་ དུ ། "
                        ],
                        "སྡེ་": [
                            "དུ །_ ཨ་ #ཙིནྟ་",
                            "#སྟ་ #བཾ",
                            "_། བོད་ སྐད་ དུ ། "
                        ],
                        "སྣར་": [
                            "དུ །_ ཨ་ #ཙིནྟ་",
                            "#སྟ་བ",
                            "_། བོད་ སྐད་ དུ ། "
                        ]
                    }
                ]
            }
        ],
        "verb_difference": {
            "diff_tense": [
                {
                    "14": [
                        [
                            "《སླུ》ཞེས་པ།【〈སླུ〉གི་ ད་ལྟ་བ། ཐ་དད་པ།】",
                            "《བསླུ》ཞེས་པ།【〈སླུ〉གི་ མ་འོངས་པ། ཐ་དད་པ།】"
                        ],
                        {
                            "པེ་": [
                                "དེ་ ནི་ ཡང་དག་ མི་",
                                "བསླུ་བ",
                                "།_། དེ་ རྫོགས་པ ས་"
                            ],
                            "སྡེ་": [
                                "དེ་ ནི་ ཡང་དག་ མི་",
                                "སླུ་བ",
                                "།_། དེ་ རྫོགས་པ ས་"
                            ],
                            "སྣར་": [
                                "དེ་ ནི་ ཡང་དག་ མི་",
                                "བསླུ་བ",
                                "།_། དེ་ རྫོགས་པ ས་"
                            ]
                        }
                    ]
                },
                {
                    "19": [
                        [
                            "《བརྡུང》ཞེས་པ།【〈རྡུང〉གི་ མ་འོངས་པ།】【〈རྡུང〉གི་ མ་འོངས་པ། ཐ་དད་པ།】",
                            "《བརྡུངས》ཞེས་པ།【〈རྡུང〉གི་ འདས་པ།】【〈རྡུང〉གི་ འདས་པ། ཐ་དད་པ།】"
                        ],
                        {
                            "པེ་": [
                                " །_། ཆོས་ ཀྱི་ རྔ་ ཆེན་",
                                "བརྡུང་པ་",
                                "ལགས །_། ངོ་བོ་"
                            ],
                            "སྡེ་": [
                                " །_། ཆོས་ ཀྱི་ རྔ་ ཆེན་",
                                "བརྡུངས་པ་",
                                "ལགས །_། ངོ་བོ་"
                            ],
                            "སྣར་": [
                                " །_། ཆོས་ ཀྱི་ རྔ་ ཆེན་",
                                "བརྡུང་པ་",
                                "ལགས །_། ངོ་བོ་"
                            ]
                        }
                    ]
                }
            ],
            "diff_verb": [
                {
                    "11": [
                        [
                            "《གསུང》ཞེས་པ།【〈གསུངས〉གི་ ད་ལྟ་བ། ཐ་དད་པ།】【〈གསུངས〉གི་ མ་འོངས་པ། ཐ་དད་པ།】【〈གསུང〉གི་ ད་ལྟ་བ། ཐ་དད་པ།】【〈གསུང〉གི་ མ་འོངས་པ། ཐ་དད་པ།】",
                            "《གསང》ཞེས་པ།【〈གསང〉གི་ ད་ལྟ་བ། ཐ་དད་པ།】【〈གསང〉གི་ མ་འོངས་པ། ཐ་དད་པ།】【〈གསང〉གི་ འདས་པ། ཐ་དད་པ།】"
                        ],
                        {
                            "པེ་": [
                                "ཙམ་ ཞེས །_། ཁྱོད་ ཀྱིས་",
                                "གསུང་",
                                "ནི་ བསྟོད་ དེ་ གསུངས །_། "
                            ],
                            "སྡེ་": [
                                "ཙམ་ ཞེས །_། ཁྱོད་ ཀྱིས་",
                                "གསང་",
                                "ནི་ བསྟོད་ དེ་ གསུངས །_། "
                            ],
                            "སྣར་": [
                                "ཙམ་ ཞེས །_། ཁྱོད་ ཀྱིས་",
                                "གསུང་",
                                "ནི་ བསྟོད་ དེ་ གསུངས །_། "
                            ]
                        }
                    ]
                },
                {
                    "16": [
                        [
                            "《བརྟགས》ཞེས་པ།【〈རྟོག〉གི་ འདས་པ། ཐ་དད་པ།】",
                            "《བཏགས》ཞེས་པ།【〈བཏག〉གི་ འདས་པ། ཐ་དད་པ།】【〈འཐག〉གི་ འདས་པ།】【〈འཐག〉གི་ འདས་པ། ཐ་དད་པ།】【〈འདོགས〉གི་ འདས་པ།】【〈འདོགས〉གི་ འདས་པ། ཐ་དད་པ།】"
                        ],
                        {
                            "པེ་": [
                                "ནི་ ཡོད་ མ་ ལགས །_།",
                                "བཏགས་པ འི་",
                                "དངོས་པོ་ ཡོད་ ཅེས་"
                            ],
                            "སྡེ་": [
                                "ནི་ ཡོད་ མ་ ལགས །_།",
                                "བརྟགས་པ འི་",
                                "དངོས་པོ་ ཡོད་ ཅེས་"
                            ],
                            "སྣར་": [
                                "ནི་ ཡོད་ མ་ ལགས །_།",
                                "བཏགས་པ འི་",
                                "དངོས་པོ་ ཡོད་ ཅེས་"
                            ]
                        }
                    ]
                }
            ],
            "not_sure": [
                {
                    "17": [
                        [
                            "《འཇིག》ཞེས་པ།【〈འཇིག〉གི་ ད་ལྟ་བ། ཐ་དད་པ།】【〈འཇིག〉གི་ ད་ལྟ་བ། ཐ་མི་དད་པ།】【〈འཇིག〉གི་ མ་འོངས་པ། ཐ་མི་དད་པ།】",
                            "《འཇིགས》ཞེས་པ།【】"
                        ],
                        {
                            "པེ་": [
                                " །_། དེ་ ལ་ ཆད་ སོགས་",
                                "འཇིགས་པ་",
                                "འབྱུང་  །_། དེ་ ལ་"
                            ],
                            "སྡེ་": [
                                " །_། དེ་ ལ་ ཆད་ སོགས་",
                                "འཇིག་པ་",
                                "འབྱུང་  །_། དེ་ ལ་"
                            ],
                            "སྣར་": [
                                " །_། དེ་ ལ་ ཆད་ སོགས་",
                                "འཇིགས་པ་",
                                "འབྱུང་  །_། དེ་ ལ་"
                            ]
                        }
                    ]
                }
            ]
        }
    },
    "dunno": {
        "long_diff": [],
        "no_diff": [
            {
                "2": [
                    {
                        "པེ་": [
                            "པོ་ ཁྱོད་ ཀྱིས་ དེ་ལྟར་",
                            "གཟུངས",
                            "_།། བྱིས་པ་ གང་དག་"
                        ],
                        "སྡེ་": [
                            "པོ་ ཁྱོད་ ཀྱིས་ དེ་ལྟར་",
                            "གསུངས",
                            "_།། བྱིས་པ་ གང་དག་"
                        ],
                        "སྣར་": [
                            "པོ་ ཁྱོད་ ཀྱིས་ དེ་ལྟར་",
                            "གསུངས",
                            "_།། བྱིས་པ་ གང་དག་"
                        ]
                    }
                ]
            },
            {
                "7": [
                    {
                        "པེ་": [
                            "ལགས །_། རྣམ་",
                            "ཤེས་བྱ་ འམ་",
                            "མ་ ལགས་ ལ །_། རྨི་"
                        ],
                        "སྡེ་": [
                            "ལགས །_། རྣམ་",
                            "ཤེས་བྱ་བ འང་",
                            "མ་ ལགས་ ལ །_། རྨི་"
                        ],
                        "སྣར་": [
                            "ལགས །_། རྣམ་",
                            "ཤེས་བྱ་ འམ་",
                            "མ་ ལགས་ ལ །_། རྨི་"
                        ]
                    }
                ]
            },
            {
                "10": [
                    {
                        "པེ་": [
                            "བ ས་ ན །_། དོན་ དུ་",
                            "བཟོད་",
                            "ནས་ ཞི་བ་ ཉིད །_། "
                        ],
                        "སྡེ་": [
                            "བ ས་ ན །_། དོན་ དུ་",
                            "གཟོད་",
                            "ནས་ ཞི་བ་ ཉིད །_། "
                        ],
                        "སྣར་": [
                            "བ ས་ ན །_། དོན་ དུ་",
                            "བཟོད་",
                            "ནས་ ཞི་བ་ ཉིད །_། "
                        ]
                    }
                ]
            },
            {
                "12": [
                    {
                        "པེ་": [
                            " །_། གཉིས་ཀ་ མ་ ཡིན་",
                            "གཅིག་ ཀྱང་",
                            "མེད །_། གཞི་ མེད་པ་"
                        ],
                        "སྡེ་": [
                            " །_། གཉིས་ཀ་ མ་ ཡིན་",
                            "ཅི་ཡང་",
                            "མེད །_། གཞི་ མེད་པ་"
                        ],
                        "སྣར་": [
                            " །_། གཉིས་ཀ་ མ་ ཡིན་",
                            "གཅིག་ ཀྱང་",
                            "མེད །_། གཞི་ མེད་པ་"
                        ]
                    }
                ]
            },
            {
                "13": [
                    {
                        "པེ་": [
                            "མ་ ཡིན་ ཅི་ཡང་ མེད །_།",
                            "བཞི་",
                            "མེད་པ་ དང་ མི་ གསལ་"
                        ],
                        "སྡེ་": [
                            "མ་ ཡིན་ ཅི་ཡང་ མེད །_།",
                            "གཞི་",
                            "མེད་པ་ དང་ མི་ གསལ་"
                        ],
                        "སྣར་": [
                            "མ་ ཡིན་ ཅི་ཡང་ མེད །_།",
                            "བཞི་",
                            "མེད་པ་ དང་ མི་ གསལ་"
                        ]
                    }
                ]
            },
            {
                "20": [
                    {
                        "པེ་": [
                            " །_། ངོ་བོ་ཉིད་ མེད་",
                            "དགྲ་བོ་",
                            "ཆེ འི །_། ཆོས་ ཀྱི་"
                        ],
                        "སྡེ་": [
                            " །_། ངོ་བོ་ཉིད་ མེད་",
                            "སྒྲ་བོ་",
                            "ཆེ འི །_། ཆོས་ ཀྱི་"
                        ],
                        "སྣར་": [
                            " །_། ངོ་བོ་ཉིད་ མེད་",
                            "དགྲ་བོ་",
                            "ཆེ འི །_། ཆོས་ ཀྱི་"
                        ]
                    }
                ]
            },
            {
                "21": [
                    {
                        "པེ་": [
                            "པ་ ལགས །_། ཆོས་ རྣམས་",
                            "ཀྱི་ ནི་",
                            "ངོ་བོ་ ཉིད །_། ངེས་"
                        ],
                        "སྡེ་": [
                            "པ་ ལགས །_། ཆོས་ རྣམས་",
                            "ཀུན་ གྱི་",
                            "ངོ་བོ་ ཉིད །_། ངེས་"
                        ],
                        "སྣར་": [
                            "པ་ ལགས །_། ཆོས་ རྣམས་",
                            "ཀྱི་ ནི་",
                            "ངོ་བོ་ ཉིད །_། ངེས་"
                        ]
                    }
                ]
            }
        ],
        "short_diff": [
            {
                "8": [
                    {
                        "པེ་": [
                            "ལས་ བྱུང་ དང་  །_།",
                            "ཟླ་བ་",
                            "གཉིས་ ལ་སོགས་ མཐོང་བ་"
                        ],
                        "སྡེ་": [
                            "ལས་ བྱུང་ དང་  །_།",
                            "ཟླ་",
                            "གཉིས་ ལ་སོགས་ མཐོང་བ་"
                        ],
                        "སྣར་": [
                            "ལས་ བྱུང་ དང་  །_།",
                            "ཟླ་བ་",
                            "གཉིས་ ལ་སོགས་ མཐོང་བ་"
                        ]
                    }
                ]
            },
            {
                "9": [
                    {
                        "པེ་": [
                            "གཉིས་ ལ་སོགས་",
                            "མཐོང་",
                            "བཞིན །_། འགྲོ་བ་ འབྱུང་"
                        ],
                        "སྡེ་": [
                            "གཉིས་ ལ་སོགས་",
                            "མཐོང་བ་",
                            "བཞིན །_། འགྲོ་བ་ འབྱུང་"
                        ],
                        "སྣར་": [
                            "གཉིས་ ལ་སོགས་",
                            "མཐོང་",
                            "བཞིན །_། འགྲོ་བ་ འབྱུང་"
                        ]
                    }
                ]
            }
        ]
    },
    "empty_notes": [
        {
            "22": [
                {
                    "པེ་": [
                        "མཛད་པ་ རྫོགས་ སོ །།_།། ",
                        "",
                        "མཛད་པ་ རྫོགས་ སོ །།_།། "
                    ],
                    "སྡེ་": [
                        "མཛད་པ་ རྫོགས་ སོ །།_།། ",
                        "",
                        "མཛད་པ་ རྫོགས་ སོ །།_།། "
                    ],
                    "སྣར་": [
                        "མཛད་པ་ རྫོགས་ སོ །།_།། ",
                        "",
                        "མཛད་པ་ རྫོགས་ སོ །།_།། "
                    ]
                }
            ]
        }
    ],
    "manual_categorisation": {
        "long_difference": {
            "differing_formulation": [],
            "major_modification": []
        },
        "manual_evaluation": {
            "derge_correct": [],
            "meaning_difference": {
                "great_diff": [],
                "medium_diff": [],
                "small_diff": []
            }
        }
    },
    "ngram_freq": {
        "1": {
            "པེ་": [],
            "སྡེ་": [],
            "སྣར་": []
        },
        "10": {
            "པེ་": [
                [
                    "བཟོད",
                    "147"
                ],
                [
                    "དུ་བཟོད",
                    "93"
                ]
            ],
            "སྡེ་": [
                [
                    "གཟོད",
                    "1"
                ],
                [
                    "གཟོད་ནས",
                    "43"
                ]
            ],
            "སྣར་": [
                [
                    "བཟོད",
                    "147"
                ],
                [
                    "དུ་བཟོད",
                    "93"
                ]
            ]
        },
        "11": {
            "པེ་": [
                [
                    "གསུང",
                    "16"
                ],
                [
                    "གསུང་ནི",
                    "194"
                ],
                [
                    "ཀྱིས་གསུང",
                    "53"
                ]
            ],
            "སྡེ་": [
                [
                    "གསང",
                    "82"
                ],
                [
                    "ཀྱིས་གསང",
                    "164"
                ]
            ],
            "སྣར་": [
                [
                    "གསུང",
                    "16"
                ],
                [
                    "གསུང་ནི",
                    "194"
                ],
                [
                    "ཀྱིས་གསུང",
                    "53"
                ]
            ]
        },
        "12": {
            "པེ་": [
                [
                    "གཅིག་ཀྱང",
                    "629"
                ]
            ],
            "སྡེ་": [
                [
                    "ཅི་ཡང",
                    "2122"
                ],
                [
                    "ཅི་ཡང་མེད",
                    "141"
                ]
            ],
            "སྣར་": [
                [
                    "གཅིག་ཀྱང",
                    "629"
                ]
            ]
        },
        "13": {
            "པེ་": [
                [
                    "བཞི",
                    "541"
                ],
                [
                    "།_།བཞི",
                    "1297"
                ]
            ],
            "སྡེ་": [
                [
                    "གཞི",
                    "306"
                ],
                [
                    "།_།གཞི",
                    "207"
                ],
                [
                    "གཞི་མེད་པ",
                    "82"
                ]
            ],
            "སྣར་": [
                [
                    "བཞི",
                    "541"
                ],
                [
                    "།_།བཞི",
                    "1297"
                ]
            ]
        },
        "14": {
            "པེ་": [],
            "སྡེ་": [
                [
                    "སླུ་བ",
                    "235"
                ],
                [
                    "མི་སླུ་བ",
                    "56"
                ]
            ],
            "སྣར་": []
        },
        "15": {
            "པེ་": [
                [
                    "གྱིས",
                    "7492"
                ],
                [
                    "གྱིས་དབང",
                    "153"
                ],
                [
                    "གཞན་གྱིས",
                    "1902"
                ]
            ],
            "སྡེ་": [
                [
                    "གྱི",
                    "3024"
                ],
                [
                    "གྱི་དབང",
                    "2076"
                ],
                [
                    "གཞན་གྱི",
                    "3364"
                ],
                [
                    "གཞན་གྱི་དབང",
                    "188"
                ],
                [
                    "།_།གཞན་གྱི་དབང",
                    "44"
                ]
            ],
            "སྣར་": [
                [
                    "གྱིས",
                    "7492"
                ],
                [
                    "གྱིས་དབང",
                    "153"
                ],
                [
                    "གཞན་གྱིས",
                    "1902"
                ]
            ]
        },
        "16": {
            "པེ་": [
                [
                    "བཏགས་པའི",
                    "453"
                ]
            ],
            "སྡེ་": [
                [
                    "བརྟགས་པའི",
                    "641"
                ]
            ],
            "སྣར་": [
                [
                    "བཏགས་པའི",
                    "453"
                ]
            ]
        },
        "17": {
            "པེ་": [
                [
                    "འཇིགས་པ",
                    "133"
                ],
                [
                    "འཇིགས་པ་འབྱུང",
                    "99"
                ]
            ],
            "སྡེ་": [
                [
                    "འཇིག་པ",
                    "54"
                ]
            ],
            "སྣར་": [
                [
                    "འཇིགས་པ",
                    "133"
                ],
                [
                    "འཇིགས་པ་འབྱུང",
                    "99"
                ]
            ]
        },
        "18": {
            "པེ་": [
                [
                    "ཀྱི",
                    "5256"
                ],
                [
                    "ཀྱི།_།",
                    "2371"
                ],
                [
                    "རྣམས་ཀྱི",
                    "571"
                ],
                [
                    "རྣམས་ཀྱི།_།",
                    "509"
                ]
            ],
            "སྡེ་": [
                [
                    "ཀྱིས",
                    "6156"
                ],
                [
                    "ཀྱིས།_།",
                    "3361"
                ],
                [
                    "རྣམས་ཀྱིས",
                    "952"
                ],
                [
                    "རྣམས་ཀྱིས།_།",
                    "763"
                ]
            ],
            "སྣར་": [
                [
                    "ཀྱི",
                    "5256"
                ],
                [
                    "ཀྱི།_།",
                    "2371"
                ],
                [
                    "རྣམས་ཀྱི",
                    "571"
                ],
                [
                    "རྣམས་ཀྱི།_།",
                    "509"
                ]
            ]
        },
        "19": {
            "པེ་": [],
            "སྡེ་": [
                [
                    "བརྡུངས་པ",
                    "106"
                ]
            ],
            "སྣར་": []
        },
        "2": {
            "པེ་": [
                [
                    "གཟུངས",
                    "261"
                ]
            ],
            "སྡེ་": [
                [
                    "གསུངས",
                    "2338"
                ]
            ],
            "སྣར་": [
                [
                    "གསུངས",
                    "2338"
                ]
            ]
        },
        "20": {
            "པེ་": [
                [
                    "དགྲ་བོ",
                    "267"
                ]
            ],
            "སྡེ་": [],
            "སྣར་": [
                [
                    "དགྲ་བོ",
                    "267"
                ]
            ]
        },
        "21": {
            "པེ་": [
                [
                    "ཀྱི་ནི",
                    "1448"
                ],
                [
                    "རྣམས་ཀྱི་ནི",
                    "59"
                ]
            ],
            "སྡེ་": [
                [
                    "ཀུན་གྱི",
                    "88"
                ],
                [
                    "རྣམས་ཀུན་གྱི",
                    "362"
                ]
            ],
            "སྣར་": [
                [
                    "ཀྱི་ནི",
                    "1448"
                ],
                [
                    "རྣམས་ཀྱི་ནི",
                    "59"
                ]
            ]
        },
        "22": {
            "པེ་": [
                [
                    "",
                    "1"
                ],
                [
                    "མཛད་པ",
                    "1162"
                ]
            ],
            "སྡེ་": [
                [
                    "",
                    "1"
                ],
                [
                    "མཛད་པ",
                    "1162"
                ]
            ],
            "སྣར་": [
                [
                    "",
                    "1"
                ],
                [
                    "མཛད་པ",
                    "1162"
                ]
            ]
        },
        "3": {
            "པེ་": [],
            "སྡེ་": [
                [
                    "ལྟོས་པ",
                    "162"
                ]
            ],
            "སྣར་": []
        },
        "4": {
            "པེ་": [],
            "སྡེ་": [
                [
                    "ལྟོས་པ",
                    "162"
                ]
            ],
            "སྣར་": []
        },
        "5": {
            "པེ་": [],
            "སྡེ་": [
                [
                    "ལྟོས་པ",
                    "162"
                ]
            ],
            "སྣར་": []
        },
        "6": {
            "པེ་": [],
            "སྡེ་": [
                [
                    "རྟག་པར",
                    "2614"
                ],
                [
                    "ནི་རྟག་པར",
                    "160"
                ],
                [
                    "རྟག་པར་ལྟ",
                    "122"
                ]
            ],
            "སྣར་": [
                [
                    "རྟག་པར",
                    "2614"
                ],
                [
                    "ནི་རྟག་པར",
                    "160"
                ],
                [
                    "རྟག་པར་ལྟ",
                    "122"
                ]
            ]
        },
        "7": {
            "པེ་": [],
            "སྡེ་": [],
            "སྣར་": []
        },
        "8": {
            "པེ་": [
                [
                    "ཟླ་བ",
                    "7608"
                ],
                [
                    "།_།ཟླ་བ",
                    "1217"
                ],
                [
                    "ཟླ་བ་གཉིས",
                    "126"
                ]
            ],
            "སྡེ་": [
                [
                    "ཟླ",
                    "17"
                ],
                [
                    "།_།ཟླ",
                    "2095"
                ]
            ],
            "སྣར་": [
                [
                    "ཟླ་བ",
                    "7608"
                ],
                [
                    "།_།ཟླ་བ",
                    "1217"
                ],
                [
                    "ཟླ་བ་གཉིས",
                    "126"
                ]
            ]
        },
        "9": {
            "པེ་": [
                [
                    "མཐོང",
                    "98"
                ],
                [
                    "མཐོང་བཞིན",
                    "49"
                ]
            ],
            "སྡེ་": [
                [
                    "མཐོང་བ",
                    "337"
                ],
                [
                    "མཐོང་བ་བཞིན",
                    "56"
                ]
            ],
            "སྣར་": [
                [
                    "མཐོང",
                    "98"
                ],
                [
                    "མཐོང་བཞིན",
                    "49"
                ]
            ]
        }
    },
    "non_standard_notes": [],
    "profile": {
        "1": [
            "པེ་=སྣར་ སྡེ་",
            "86.36%"
        ],
        "10": [
            "པེ་=སྣར་ སྡེ་",
            "86.36%"
        ],
        "11": [
            "པེ་=སྣར་ སྡེ་",
            "86.36%"
        ],
        "12": [
            "པེ་=སྣར་ སྡེ་",
            "86.36%"
        ],
        "13": [
            "པེ་=སྣར་ སྡེ་",
            "86.36%"
        ],
        "14": [
            "པེ་=སྣར་ སྡེ་",
            "86.36%"
        ],
        "15": [
            "པེ་=སྣར་ སྡེ་",
            "86.36%"
        ],
        "16": [
            "པེ་=སྣར་ སྡེ་",
            "86.36%"
        ],
        "17": [
            "པེ་=སྣར་ སྡེ་",
            "86.36%"
        ],
        "18": [
            "པེ་=སྣར་ སྡེ་",
            "86.36%"
        ],
        "19": [
            "པེ་=སྣར་ སྡེ་",
            "86.36%"
        ],
        "2": [
            "པེ་ སྡེ་=སྣར་",
            "9.09%"
        ],
        "20": [
            "པེ་=སྣར་ སྡེ་",
            "86.36%"
        ],
        "21": [
            "པེ་=སྣར་ སྡེ་",
            "86.36%"
        ],
        "22": [
            "པེ་=སྡེ་=སྣར་",
            "4.55%"
        ],
        "3": [
            "པེ་=སྣར་ སྡེ་",
            "86.36%"
        ],
        "4": [
            "པེ་=སྣར་ སྡེ་",
            "86.36%"
        ],
        "5": [
            "པེ་=སྣར་ སྡེ་",
            "86.36%"
        ],
        "6": [
            "པེ་ སྡེ་=སྣར་",
            "9.09%"
        ],
        "7": [
            "པེ་=སྣར་ སྡེ་",
            "86.36%"
        ],
        "8": [
            "པེ་=སྣར་ སྡེ་",
            "86.36%"
        ],
        "9": [
            "པེ་=སྣར་ སྡེ་",
            "86.36%"
        ]
    }
}