﻿{
    "Stats": {
        "Categorised": "27 notes (71.05%)",
        "Notes’ total": 38,
        "Profiles": [
            "པེ་=སྣར་ སྡེ་: 81.58% (31 notes)",
            "པེ་=སྡེ་=སྣར་: 2.63% (1 notes)",
            "པེ་=སྡེ་ སྣར་: 5.26% (2 notes)",
            "པེ་ སྡེ་ སྣར་: 7.89% (3 notes)",
            "པེ་ སྡེ་=སྣར་: 2.63% (1 notes)"
        ],
        "automatic_categorisation": {
            "min_mod": {
                "particle_groups": 1
            },
            "particle_issues": {
                "different_particles": 1
            },
            "spelling_mistake": {
                "non_word": {
                    "ill_formed": 1,
                    "well_formed": 3
                }
            },
            "sskrt": 15,
            "verb_difference": {
                "diff_tense": 2,
                "diff_verb": 3
            }
        },
        "dunno": {
            "long_diff": 1,
            "no_diff": 7,
            "short_diff": 3
        },
        "empty_notes": 1,
        "manual_categorisation": {
            "long_difference": {},
            "manual_evaluation": {
                "meaning_difference": {}
            }
        },
        "ngram_freq": {},
        "profile": {}
    },
    "automatic_categorisation": {
        "min_mod": {
            "min_mod_groups": [],
            "particle_groups": [
                {
                    "21": [
                        [
                            "dreldra",
                            "jedra"
                        ],
                        {
                            "པེ་": [
                                "རྗེ་ ཆེན་པོ འི་ རང་བཞིན་",
                                "གྱིས་",
                                "#པཾ་ ལས་ པདྨ་ འདབ་མ་"
                            ],
                            "སྡེ་": [
                                "རྗེ་ ཆེན་པོ འི་ རང་བཞིན་",
                                "གྱི་",
                                "#པཾ་ ལས་ པདྨ་ འདབ་མ་"
                            ],
                            "སྣར་": [
                                "རྗེ་ ཆེན་པོ འི་ རང་བཞིན་",
                                "གྱིས་",
                                "#པཾ་ ལས་ པདྨ་ འདབ་མ་"
                            ]
                        }
                    ]
                }
            ]
        },
        "particle_issues": {
            "added_particle": [],
            "agreement_issue": [],
            "different_particles": [
                {
                    "9": [
                        "dagdra_po",
                        {
                            "པེ་": [
                                "ཐོགས་པ འི་ ལྷ་ མོ་",
                                "སེར་པོ་",
                                "དཔག་ ཏུ་ མེད་པ་ དང་"
                            ],
                            "སྡེ་": [
                                "ཐོགས་པ འི་ ལྷ་ མོ་",
                                "སེར་ མོ་",
                                "དཔག་ ཏུ་ མེད་པ་ དང་"
                            ],
                            "སྣར་": [
                                "ཐོགས་པ འི་ ལྷ་ མོ་",
                                "སེར་པོ་",
                                "དཔག་ ཏུ་ མེད་པ་ དང་"
                            ]
                        }
                    ]
                }
            ],
            "other": [],
            "po-bo-pa-ba": []
        },
        "spelling_mistake": {
            "missing_vowel": [],
            "nga_da": [],
            "non_word": {
                "ill_formed": [
                    {
                        "28": [
                            {
                                "པེ་": [
                                    "ཁ་དོག་ ལྟ་བུ་",
                                    "ཨུཏྤལ",
                                    "།_། གཡོན་ དུ་ སྤྱན་ ར ས་ གཟིགས་"
                                ],
                                "སྡེ་": [
                                    "ཁ་དོག་ ལྟ་བུ་",
                                    "ཨུཏྤལ་ བསྣམས་པ འོ",
                                    "།_། གཡོན་ དུ་ སྤྱན་ ར ས་ གཟིགས་"
                                ],
                                "སྣར་": [
                                    "ཁ་དོག་ ལྟ་བུ་",
                                    "ཨུཏྤལ",
                                    "།_། གཡོན་ དུ་ སྤྱན་ ར ས་ གཟིགས་"
                                ]
                            }
                        ]
                    }
                ],
                "well_formed": [
                    {
                        "11": [
                            {
                                "པེ་": [
                                    "ལ །_ ཨོཾ་ #སརྦ་ #བི་",
                                    "#ཤྭ་",
                                    "#དྷ་ #པཱུ་ #ཛ་ མེ་ #གྷ་"
                                ],
                                "སྡེ་": [
                                    "ལ །_ ཨོཾ་ #སརྦ་ #བི་",
                                    "ཤོ་",
                                    "#དྷ་ #པཱུ་ #ཛ་ མེ་ #གྷ་"
                                ],
                                "སྣར་": [
                                    "ལ །_ ཨོཾ་ #སརྦ་ #བི་",
                                    "#ཤྭ་",
                                    "#དྷ་ #པཱུ་ #ཛ་ མེ་ #གྷ་"
                                ]
                            }
                        ]
                    },
                    {
                        "26": [
                            {
                                "པེ་": [
                                    "པོ་ ཀླུ་ ཤིང་ གི་ གོ་",
                                    "#ལྕོགས་",
                                    "མེ་ཏོག་ དང་ བཅས་པ་"
                                ],
                                "སྡེ་": [
                                    "པོ་ ཀླུ་ ཤིང་ གི་ གོ་",
                                    "#ལྕོག་",
                                    "མེ་ཏོག་ དང་ བཅས་པ་"
                                ],
                                "སྣར་": [
                                    "པོ་ ཀླུ་ ཤིང་ གི་ གོ་",
                                    "#ལྕོགས་",
                                    "མེ་ཏོག་ དང་ བཅས་པ་"
                                ]
                            }
                        ]
                    },
                    {
                        "32": [
                            {
                                "པེ་": [
                                    "དམར་ མོ་ གཉིས་ ཀྱི་ འོ་",
                                    "མ་ #མགོད་པ་",
                                    "དང་  །_ #གདུགས་ བརྒྱ་ རྩ་"
                                ],
                                "སྡེ་": [
                                    "དམར་ མོ་ གཉིས་ ཀྱི་ འོ་",
                                    "མ ས་ དགང་བ་",
                                    "དང་  །_ #གདུགས་ བརྒྱ་ རྩ་"
                                ],
                                "སྣར་": [
                                    "དམར་ མོ་ གཉིས་ ཀྱི་ འོ་",
                                    "མ་ #མགོད་པ་",
                                    "དང་  །_ #གདུགས་ བརྒྱ་ རྩ་"
                                ]
                            }
                        ]
                    }
                ]
            }
        },
        "sskrt": [
            {
                "1": [
                    {
                        "པེ་": [
                            "རྒྱ་གར་ སྐད་ དུ །_",
                            "ན་",
                            "#གེ་ #ཤྭ་ #རཱ་ #རཱ་"
                        ],
                        "སྡེ་": [
                            "རྒྱ་གར་ སྐད་ དུ །_",
                            "#ནཱ་",
                            "#གེ་ #ཤྭ་ #རཱ་ #རཱ་"
                        ],
                        "སྣར་": [
                            "རྒྱ་གར་ སྐད་ དུ །_",
                            "ན་",
                            "#གེ་ #ཤྭ་ #རཱ་ #རཱ་"
                        ]
                    }
                ]
            },
            {
                "2": [
                    {
                        "པེ་": [
                            "དུ །_ #ནཱ་ #གེ་ #ཤྭ་",
                            "ར་",
                            "#རཱ་ #ཛ་ #སཱ་ #དྷ་"
                        ],
                        "སྡེ་": [
                            "དུ །_ #ནཱ་ #གེ་ #ཤྭ་",
                            "#རཱ་",
                            "#རཱ་ #ཛ་ #སཱ་ #དྷ་"
                        ],
                        "སྣར་": [
                            "དུ །_ #ནཱ་ #གེ་ #ཤྭ་",
                            "ར་",
                            "#རཱ་ #ཛ་ #སཱ་ #དྷ་"
                        ]
                    }
                ]
            },
            {
                "3": [
                    {
                        "པེ་": [
                            "#དྷརྨ་ #ཎཱཾ་ #ཨཱདྱ་ #ནུཏྤནྣ་",
                            "#ཏྭད་",
                            "ཨོཾ་ #ཨཱཿཧཱུཾ་ #ཕཊ་ #སྭཱ་"
                        ],
                        "སྡེ་": [
                            "#དྷརྨ་ #ཎཱཾ་ #ཨཱདྱ་ #ནུཏྤནྣ་",
                            "#ཏྭཱཏ་",
                            "ཨོཾ་ #ཨཱཿཧཱུཾ་ #ཕཊ་ #སྭཱ་"
                        ],
                        "སྣར་": [
                            "#དྷརྨ་ #ཎཱཾ་ #ཨཱདྱ་ #ནུཏྤནྣ་",
                            "#ཏྭད་",
                            "ཨོཾ་ #ཨཱཿཧཱུཾ་ #ཕཊ་ #སྭཱ་"
                        ]
                    }
                ]
            },
            {
                "4": [
                    {
                        "པེ་": [
                            "།_ ཞེས་ བརྗོད་ ལ་ ཨོཾ་",
                            "#ཨཱཿབིགྷྣན་ #ཏ་ #ཀྲྀད་",
                            "#ཧཱུཾ་ #ཕཊ་ ཅེས་ བརྗོད་པ ས་"
                        ],
                        "སྡེ་": [
                            "།_ ཞེས་ བརྗོད་ ལ་ ཨོཾ་",
                            "#ཨཱཿབིགྷྣཱནྟ་ #ཀྲིཏ་",
                            "#ཧཱུཾ་ #ཕཊ་ ཅེས་ བརྗོད་པ ས་"
                        ],
                        "སྣར་": [
                            "།_ ཞེས་ བརྗོད་ ལ་ ཨོཾ་",
                            "#ཨཱཿབིགྷྣན་ #ཏ་ #ཀྲིད་",
                            "#ཧཱུཾ་ #ཕཊ་ ཅེས་ བརྗོད་པ ས་"
                        ]
                    }
                ]
            },
            {
                "7": [
                    {
                        "པེ་": [
                            "དང་  །_ ཨོཾ་ #བཛྲ་ #དཱི་",
                            "#པཱཾ་ #ཨཱ་ #ཧཱུཾ་",
                            "ཞེས་ བརྗོད་པ ས་ མ ར་"
                        ],
                        "སྡེ་": [
                            "དང་  །_ ཨོཾ་ #བཛྲ་ #དཱི་",
                            "#པེ་ #ཨཱཿཧཱུཾ་",
                            "ཞེས་ བརྗོད་པ ས་ མ ར་"
                        ],
                        "སྣར་": [
                            "དང་  །_ ཨོཾ་ #བཛྲ་ #དཱི་",
                            "#པཱཾ་ #ཨཱ་ #ཧཱུཾ་",
                            "ཞེས་ བརྗོད་པ ས་ མ ར་"
                        ]
                    }
                ]
            },
            {
                "8": [
                    {
                        "པེ་": [
                            "དང་  །_ ཨོཾ་ #བཛྲ་ #གནྡྷེ་",
                            "#ཨཱ་ #ཧཱུཾ་",
                            "ཞེས་ བརྗོད་པ ས་ དྲི་"
                        ],
                        "སྡེ་": [
                            "དང་  །_ ཨོཾ་ #བཛྲ་ #གནྡྷེ་",
                            "#ཨཱཿཧཱུཾ་",
                            "ཞེས་ བརྗོད་པ ས་ དྲི་"
                        ],
                        "སྣར་": [
                            "དང་  །_ ཨོཾ་ #བཛྲ་ #གནྡྷེ་",
                            "#ཨཱ་ #ཧཱུཾ་",
                            "ཞེས་ བརྗོད་པ ས་ དྲི་"
                        ]
                    }
                ]
            },
            {
                "10": [
                    {
                        "པེ་": [
                            " །_ ཨོཾ་ #བཛྲ་ ན་ #བི་",
                            "#ཏྱ་ #ཨཱ་ #ཧཱུཾ་",
                            "ཞེས་ བརྗོད་པ ས་ ཞལ་"
                        ],
                        "སྡེ་": [
                            " །_ ཨོཾ་ #བཛྲ་ ན་ #བི་",
                            "#དྱེ་ #ཨཱཿཧཱུཾ་",
                            "ཞེས་ བརྗོད་པ ས་ ཞལ་"
                        ],
                        "སྣར་": [
                            " །_ ཨོཾ་ #བཛྲ་ ན་ #བི་",
                            "#ཏྱ་ #ཨཱ་ #ཧཱུཾ་",
                            "ཞེས་ བརྗོད་པ ས་ ཞལ་"
                        ]
                    }
                ]
            },
            {
                "12": [
                    {
                        "པེ་": [
                            "ཤོ་ #དྷ་ #པཱུ་ #ཛ་ མེ་",
                            "#བྷ་བ་",
                            "#སྥ་ ར་ #ཎ་ ས་ མུ་"
                        ],
                        "སྡེ་": [
                            "ཤོ་ #དྷ་ #པཱུ་ #ཛ་ མེ་",
                            "#གྷ་",
                            "#སྥ་ ར་ #ཎ་ ས་ མུ་"
                        ],
                        "སྣར་": [
                            "ཤོ་ #དྷ་ #པཱུ་ #ཛ་ མེ་",
                            "#བྷ་བ་",
                            "#སྥ་ ར་ #ཎ་ ས་ མུ་"
                        ]
                    }
                ]
            },
            {
                "13": [
                    {
                        "པེ་": [
                            "#ཛ་ མེ་ #གྷ་ #སྥ་ ར་",
                            "ན་",
                            "ས་ མུ་ #དྲེ་"
                        ],
                        "སྡེ་": [
                            "#ཛ་ མེ་ #གྷ་ #སྥ་ ར་",
                            "#ཎ་",
                            "ས་ མུ་ #དྲེ་"
                        ],
                        "སྣར་": [
                            "#ཛ་ མེ་ #གྷ་ #སྥ་ ར་",
                            "ན་",
                            "ས་ མུ་ #དྲེ་"
                        ]
                    }
                ]
            },
            {
                "14": [
                    {
                        "པེ་": [
                            "ར་ #ཎ་ ས་ མུ་",
                            "#ཏྲེ་ #ཧཱུཾ་",
                            "ཞེས་པ འི་ སྔགས་ བརྗོད་"
                        ],
                        "སྡེ་": [
                            "ར་ #ཎ་ ས་ མུ་",
                            "#དྲེ་ #ཨཱཿཧཱུཾ་",
                            "ཞེས་པ འི་ སྔགས་ བརྗོད་"
                        ],
                        "སྣར་": [
                            "ར་ #ཎ་ ས་ མུ་",
                            "#ཏེེ་ #ཧཱུཾ་",
                            "ཞེས་པ འི་ སྔགས་ བརྗོད་"
                        ]
                    }
                ]
            },
            {
                "17": [
                    {
                        "པེ་": [
                            "འདི་ བརྗོད་པ ར་ བྱ འོ །_། ཨོཾ་ #སྭ་",
                            "#བྷ་བ་ #ཤུདྡྷ་ #སརྦ་ #དྷརྨ་ #སྭ་",
                            "#བྷཱ་ #ཝ་"
                        ],
                        "སྡེ་": [
                            "འདི་ བརྗོད་པ ར་ བྱ འོ །_། ཨོཾ་ #སྭ་",
                            "#བྷཱ་ #ཝ་ #ཤུདྡྷཿསརྦ་ #དྷརྨཱཿསྭ་",
                            "#བྷཱ་ #ཝ་"
                        ],
                        "སྣར་": [
                            "འདི་ བརྗོད་པ ར་ བྱ འོ །_། ཨོཾ་ #སྭ་",
                            "#རྦྷ་བ་ #ཤུདྡྷ་ #སརྦ་ #དྷརྨ་ #སྭ་",
                            "#བྷཱ་ #ཝ་"
                        ]
                    }
                ]
            },
            {
                "18": [
                    {
                        "པེ་": [
                            " །_། ཨོཾ་ #སྭ་ #བྷཱ་ #ཝ་ #ཤུདྡྷཿསརྦ་ #དྷརྨཱཿསྭ་ #བྷཱ་ #ཝ་",
                            "#ཤུདྡྷོཧཾ་",
                            "ཞེས་ བརྗོད་པ ས ། "
                        ],
                        "སྡེ་": [
                            " །_། ཨོཾ་ #སྭ་ #བྷཱ་ #ཝ་ #ཤུདྡྷཿསརྦ་ #དྷརྨཱཿསྭ་ #བྷཱ་ #ཝ་",
                            "#ཤུདྡྷོ྅ཧཾ་",
                            "ཞེས་ བརྗོད་པ ས ། "
                        ],
                        "སྣར་": [
                            " །_། ཨོཾ་ #སྭ་ #བྷཱ་ #ཝ་ #ཤུདྡྷཿསརྦ་ #དྷརྨཱཿསྭ་ #བྷཱ་ #ཝ་",
                            "#ཤུདྡྷོ྅ཧཾ་",
                            "ཞེས་ བརྗོད་པ ས ། "
                        ]
                    }
                ]
            },
            {
                "31": [
                    {
                        "པེ་": [
                            "#ཛེ་ #ཤྭ་ ར་ ཨ་",
                            "#དྷིཥྛ་",
                            "ན་ ཨ་ #དྷིཥྛི་ ཏེ་"
                        ],
                        "སྡེ་": [
                            "#ཛེ་ #ཤྭ་ ར་ ཨ་",
                            "#དྷཥྛཱ་",
                            "ན་ ཨ་ #དྷིཥྛི་ ཏེ་"
                        ],
                        "སྣར་": [
                            "#ཛེ་ #ཤྭ་ ར་ ཨ་",
                            "#དྷིཥྛ་",
                            "ན་ ཨ་ #དྷིཥྛི་ ཏེ་"
                        ]
                    }
                ]
            },
            {
                "35": [
                    {
                        "པེ་": [
                            "གྱི་ མཁན་པོ་ #དཱི་ #པཾ་",
                            "ཀ་",
                            "ར་ #ཤྲཱི་ #ཛྙཱ་ ན་ དང་"
                        ],
                        "སྡེ་": [
                            "གྱི་ མཁན་པོ་ #དཱི་ #པཾ་",
                            "#ཀཱ་",
                            "ར་ #ཤྲཱི་ #ཛྙཱ་ ན་ དང་"
                        ],
                        "སྣར་": [
                            "གྱི་ མཁན་པོ་ #དཱི་ #པཾ་",
                            "ཀ་",
                            "ར་ #ཤྲཱི་ #ཛྙཱ་ ན་ དང་"
                        ]
                    }
                ]
            },
            {
                "36": [
                    {
                        "པེ་": [
                            "དང་  །_ བོད་ ཀྱི་",
                            "#ལོཙྪ་བ་",
                            "དགེ་སློང་ རིན་ཆེན་"
                        ],
                        "སྡེ་": [
                            "དང་  །_ བོད་ ཀྱི་",
                            "ལོ་ཙཱ་བ་",
                            "དགེ་སློང་ རིན་ཆེན་"
                        ],
                        "སྣར་": [
                            "དང་  །_ བོད་ ཀྱི་",
                            "#ལོཙྪ་བ་",
                            "དགེ་སློང་ རིན་ཆེན་"
                        ]
                    }
                ]
            }
        ],
        "verb_difference": {
            "diff_tense": [
                {
                    "20": [
                        [
                            "《བསམས》ཞེས་པ།【〈སེམས〉གི་ འདས་པ། ཐ་དད་པ།】",
                            "《བསམ》ཞེས་པ།【〈སེམས〉གི་ མ་འོངས་པ། ཐ་དད་པ།】"
                        ],
                        {
                            "པེ་": [
                                "པ་ དང་ བྲལ་བ ར་",
                                "བསམ",
                                "།_ དེ་ནས་ སྟོང་པ་"
                            ],
                            "སྡེ་": [
                                "པ་ དང་ བྲལ་བ ར་",
                                "བསམས",
                                "།_ དེ་ནས་ སྟོང་པ་"
                            ],
                            "སྣར་": [
                                "པ་ དང་ བྲལ་བ ར་",
                                "བསམ",
                                "།_ དེ་ནས་ སྟོང་པ་"
                            ]
                        }
                    ]
                },
                {
                    "30": [
                        [
                            "《ལྟ》ཞེས་པ།【〈ལྟ〉གི་ ད་ལྟ་བ།】【〈ལྟ〉གི་ ད་ལྟ་བ། ཐ་དད་པ།】",
                            "《བལྟ》ཞེས་པ།【〈ལྟ〉གི་ མ་འོངས་པ།】【〈ལྟ〉གི་ མ་འོངས་པ། ཐ་དད་པ།】"
                        ],
                        {
                            "པེ་": [
                                " །_ བཅོམ་ལྡན་འདས་ ལ་",
                                "ལྟ་བ འོ",
                                "།_། གཡས་ ཕྱོགས་ སུ་"
                            ],
                            "སྡེ་": [
                                " །_ བཅོམ་ལྡན་འདས་ ལ་",
                                "བལྟ་བ འོ",
                                "།_། གཡས་ ཕྱོགས་ སུ་"
                            ],
                            "སྣར་": [
                                " །_ བཅོམ་ལྡན་འདས་ ལ་",
                                "ལྟ་བ འོ",
                                "།_། གཡས་ ཕྱོགས་ སུ་"
                            ]
                        }
                    ]
                }
            ],
            "diff_verb": [
                {
                    "15": [
                        [
                            "《བསྒྱུར》ཞེས་པ།【〈བསྒྱུར〉གི་ མ་འོངས་པ། ཐ་དད་པ།】【〈བསྒྱུར〉གི་ འདས་པ། ཐ་དད་པ།】【〈སྒྱུར〉གི་ མ་འོངས་པ།】【〈སྒྱུར〉གི་ མ་འོངས་པ། ཐ་དད་པ།】【〈སྒྱུར〉གི་ འདས་པ།】【〈སྒྱུར〉གི་ འདས་པ། ཐ་དད་པ།】",
                            "《སྒྱུར》ཞེས་པ།【〈བསྒྱུར〉གི་ ད་ལྟ་བ། ཐ་དད་པ།】【〈བསྒྱུར〉གི་ སྐུལ་ཚིག ཐ་དད་པ།】【〈སྒྱུར〉གི་ ད་ལྟ་བ།】【〈སྒྱུར〉གི་ ད་ལྟ་བ། ཐ་དད་པ།】【〈སྒྱུར〉གི་ སྐུལ་ཚིག】【〈སྒྱུར〉གི་ སྐུལ་ཚིག ཐ་དད་པ།】"
                        ],
                        {
                            "པེ་": [
                                "པ་ དང་  །_ འཁོར་ལོ ས་",
                                "བསྒྱུར་བ འི་",
                                "རིན་པོ་ཆེ་ སྣ་"
                            ],
                            "སྡེ་": [
                                "པ་ དང་  །_ འཁོར་ལོ ས་",
                                "སྒྱུར་བ འི་",
                                "རིན་པོ་ཆེ་ སྣ་"
                            ],
                            "སྣར་": [
                                "པ་ དང་  །_ འཁོར་ལོ ས་",
                                "བསྒྱུར་བ འི་",
                                "རིན་པོ་ཆེ་ སྣ་"
                            ]
                        }
                    ]
                },
                {
                    "16": [
                        [
                            "《བསྟན》ཞེས་པ།【〈སྟོན〉གི་ མ་འོངས་པ། ཐ་དད་པ།】【〈སྟོན〉གི་ འདས་པ། ཐ་དད་པ།】",
                            "《བརྟན》ཞེས་པ།【〈བརྟན〉གི་ མ་འོངས་པ། ཐ་དད་པ།】【〈བརྟན〉གི་ འདས་པ། ཐ་དད་པ།】【〈རྟོན〉གི་ མ་འོངས་པ། ཐ་དད་པ།】【〈རྟོན〉གི་ འདས་པ། ཐ་དད་པ།】"
                        ],
                        {
                            "པེ་": [
                                "བསྐྱེད་པ་ དང་  །_ ལམ་",
                                "བརྟན་པ་",
                                "རྣམས་ བྱ འོ །_། དེ་"
                            ],
                            "སྡེ་": [
                                "བསྐྱེད་པ་ དང་  །_ ལམ་",
                                "བསྟན་པ་",
                                "རྣམས་ བྱ འོ །_། དེ་"
                            ],
                            "སྣར་": [
                                "བསྐྱེད་པ་ དང་  །_ ལམ་",
                                "བརྟན་པ་",
                                "རྣམས་ བྱ འོ །_། དེ་"
                            ]
                        }
                    ]
                },
                {
                    "24": [
                        [
                            "《དཔོགས》ཞེས་པ།【〈དཔགས〉གི་ སྐུལ་ཚིག ཐ་དད་པ།】【〈དཔོག〉གི་ སྐུལ་ཚིག ཐ་དད་པ།】",
                            "《དཔོག》ཞེས་པ།【〈དཔགས〉གི་ ད་ལྟ་བ། ཐ་དད་པ།】【〈དཔོག〉གི་ ད་ལྟ་བ། ཐ་དད་པ།】"
                        ],
                        {
                            "པེ་": [
                                "དེ་ཡང་ སྐུ་ མདོག་ མི་",
                                "དཔོགས་",
                                "རིན་པོ་ཆེ འི་ མདོག་ ལྟ་"
                            ],
                            "སྡེ་": [
                                "དེ་ཡང་ སྐུ་ མདོག་ མི་",
                                "དཔོག་",
                                "རིན་པོ་ཆེ འི་ མདོག་ ལྟ་"
                            ],
                            "སྣར་": [
                                "དེ་ཡང་ སྐུ་ མདོག་ མི་",
                                "དཔོགས་",
                                "རིན་པོ་ཆེ འི་ མདོག་ ལྟ་"
                            ]
                        }
                    ]
                }
            ],
            "not_sure": []
        }
    },
    "dunno": {
        "long_diff": [
            {
                "37": [
                    {
                        "པེ་": [
                            "གཏན་ ལ་ ཕབ་པ འོ །_།",
                            "དགེ་ ལེགས་ འཕེལ་ གྱུར་ ཅིག",
                            "།_། "
                        ],
                        "སྡེ་": [
                            "གཏན་ ལ་ ཕབ་པ འོ །_།",
                            "",
                            "།_། "
                        ],
                        "སྣར་": [
                            "གཏན་ ལ་ ཕབ་པ འོ །_།",
                            "དགེ་ ལེགས་ འཕེལ་ གྱུར་ ཅིག",
                            "།_། "
                        ]
                    }
                ]
            }
        ],
        "no_diff": [
            {
                "6": [
                    {
                        "པེ་": [
                            "བསལ་ བར་ བྱ འོ །_།",
                            "དེ ས་ ན་",
                            "བྱམས་པ་ དང་  །_ སྙིང་"
                        ],
                        "སྡེ་": [
                            "བསལ་ བར་ བྱ འོ །_།",
                            "དེ་ནས་",
                            "བྱམས་པ་ དང་  །_ སྙིང་"
                        ],
                        "སྣར་": [
                            "བསལ་ བར་ བྱ འོ །_།",
                            "དེ ས་ ན་",
                            "བྱམས་པ་ དང་  །_ སྙིང་"
                        ]
                    }
                ]
            },
            {
                "23": [
                    {
                        "པེ་": [
                            "ཉོན་མོངས་པ འི་ སྡིག་པ་",
                            "",
                            "སྒྲིབ་པ་ ཐམས་ཅད་ དག་"
                        ],
                        "སྡེ་": [
                            "ཉོན་མོངས་པ འི་ སྡིག་པ་",
                            "དང་",
                            "སྒྲིབ་པ་ ཐམས་ཅད་ དག་"
                        ],
                        "སྣར་": [
                            "ཉོན་མོངས་པ འི་ སྡིག་པ་",
                            "",
                            "སྒྲིབ་པ་ ཐམས་ཅད་ དག་"
                        ]
                    }
                ]
            },
            {
                "25": [
                    {
                        "པེ་": [
                            " །_ ཆོས་གོས་ ངུར་ #སྨྲིག་",
                            "ཅན་",
                            "གསོལ་པ་ དབུ་ གཙུག་ཏོར་"
                        ],
                        "སྡེ་": [
                            " །_ ཆོས་གོས་ ངུར་ #སྨྲིག་",
                            "",
                            "གསོལ་པ་ དབུ་ གཙུག་ཏོར་"
                        ],
                        "སྣར་": [
                            " །_ ཆོས་གོས་ ངུར་ #སྨྲིག་",
                            "ཅན་",
                            "གསོལ་པ་ དབུ་ གཙུག་ཏོར་"
                        ]
                    }
                ]
            },
            {
                "27": [
                    {
                        "པེ་": [
                            "མདོག་ གསེར་ བཙོ་ མ འི་",
                            "ཁ་ མདོག་",
                            "ལྟ་བུ་ ཨུཏྤལ་ བསྣམས་པ འོ །_། གཡོན་"
                        ],
                        "སྡེ་": [
                            "མདོག་ གསེར་ བཙོ་ མ འི་",
                            "ཁ་དོག་",
                            "ལྟ་བུ་ ཨུཏྤལ་ བསྣམས་པ འོ །_། གཡོན་"
                        ],
                        "སྣར་": [
                            "མདོག་ གསེར་ བཙོ་ མ འི་",
                            "ཁ་ མདོག་",
                            "ལྟ་བུ་ ཨུཏྤལ་ བསྣམས་པ འོ །_། གཡོན་"
                        ]
                    }
                ]
            },
            {
                "29": [
                    {
                        "པེ་": [
                            "ལྟ་བུ་ ཨུཏྤལ་ བསྣམས་པ འོ །_། གཡོན་",
                            "ན་",
                            "སྤྱན་ ར ས་ གཟིགས་ དབང་ཕྱུག་"
                        ],
                        "སྡེ་": [
                            "ལྟ་བུ་ ཨུཏྤལ་ བསྣམས་པ འོ །_། གཡོན་",
                            "དུ་",
                            "སྤྱན་ ར ས་ གཟིགས་ དབང་ཕྱུག་"
                        ],
                        "སྣར་": [
                            "ལྟ་བུ་ ཨུཏྤལ་ བསྣམས་པ འོ །_། གཡོན་",
                            "ན་",
                            "སྤྱན་ ར ས་ གཟིགས་ དབང་ཕྱུག་"
                        ]
                    }
                ]
            },
            {
                "33": [
                    {
                        "པེ་": [
                            " །_། ཐུན་མོང་ གི་ ནོར་",
                            "རྫས་",
                            "ལ་ ལོངས་སྤྱོད་པ ར་ འགྱུར་"
                        ],
                        "སྡེ་": [
                            " །_། ཐུན་མོང་ གི་ ནོར་",
                            "རྫས་",
                            "ལ་ ལོངས་སྤྱོད་པ ར་ འགྱུར་"
                        ],
                        "སྣར་": [
                            " །_། ཐུན་མོང་ གི་ ནོར་",
                            "བརྫས་",
                            "ལ་ ལོངས་སྤྱོད་པ ར་ འགྱུར་"
                        ]
                    }
                ]
            },
            {
                "34": [
                    {
                        "པེ་": [
                            "ལྡན་ འདས་ ལ་ དབུལ་ བར་",
                            "བྱ འོ",
                            "།_། གཉིས་པ་ ནི་ འཇིག་"
                        ],
                        "སྡེ་": [
                            "ལྡན་ འདས་ ལ་ དབུལ་ བར་",
                            "བྱ འོ",
                            "།_། གཉིས་པ་ ནི་ འཇིག་"
                        ],
                        "སྣར་": [
                            "ལྡན་ འདས་ ལ་ དབུལ་ བར་",
                            "བྱ",
                            "།_། གཉིས་པ་ ནི་ འཇིག་"
                        ]
                    }
                ]
            }
        ],
        "short_diff": [
            {
                "5": [
                    {
                        "པེ་": [
                            "ཨོཾ་ #ཨཱཿབིགྷྣཱནྟ་ #ཀྲིཏ་ #ཧཱུཾ་ #ཕཊ་ ཅེས་",
                            "བརྗོད་",
                            "ཕྱོགས་ བཅུ འི་ #བགེགས་ ཐམས་ཅད་"
                        ],
                        "སྡེ་": [
                            "ཨོཾ་ #ཨཱཿབིགྷྣཱནྟ་ #ཀྲིཏ་ #ཧཱུཾ་ #ཕཊ་ ཅེས་",
                            "བརྗོད་པ ས་",
                            "ཕྱོགས་ བཅུ འི་ #བགེགས་ ཐམས་ཅད་"
                        ],
                        "སྣར་": [
                            "ཨོཾ་ #ཨཱཿབིགྷྣཱནྟ་ #ཀྲིཏ་ #ཧཱུཾ་ #ཕཊ་ ཅེས་",
                            "བརྗོད་",
                            "ཕྱོགས་ བཅུ འི་ #བགེགས་ ཐམས་ཅད་"
                        ]
                    }
                ]
            },
            {
                "19": [
                    {
                        "པེ་": [
                            "ཆོས་ ཐམས་ཅད་ སྤྲོས་པ་",
                            "མེད་པ་",
                            "དང་ བྲལ་བ ར་ བསམས ། "
                        ],
                        "སྡེ་": [
                            "ཆོས་ ཐམས་ཅད་ སྤྲོས་པ་",
                            "",
                            "དང་ བྲལ་བ ར་ བསམས ། "
                        ],
                        "སྣར་": [
                            "ཆོས་ ཐམས་ཅད་ སྤྲོས་པ་",
                            "མེད་པ་",
                            "དང་ བྲལ་བ ར་ བསམས ། "
                        ]
                    }
                ]
            },
            {
                "22": [
                    {
                        "པེ་": [
                            "དཀྱིལ་འཁོར་ ཡངས་ ཤིང་ རྒྱ་ ཆེ་ བར་",
                            "གྱུར་པ ར་ བསམས",
                            "།_ དེ འི་ སྟེང་ དུ་ ཡི་"
                        ],
                        "སྡེ་": [
                            "དཀྱིལ་འཁོར་ ཡངས་ ཤིང་ རྒྱ་ ཆེ་ བར་",
                            "བསམ",
                            "།_ དེ འི་ སྟེང་ དུ་ ཡི་"
                        ],
                        "སྣར་": [
                            "དཀྱིལ་འཁོར་ ཡངས་ ཤིང་ རྒྱ་ ཆེ་ བར་",
                            "གྱུར་པ ར་ བསམས",
                            "།_ དེ འི་ སྟེང་ དུ་ ཡི་"
                        ]
                    }
                ]
            }
        ]
    },
    "empty_notes": [
        {
            "38": [
                {
                    "པེ་": [
                        "ལ་ ཕབ་པ འོ །_། ",
                        "",
                        "ལ་ ཕབ་པ འོ །_། "
                    ],
                    "སྡེ་": [
                        "ལ་ ཕབ་པ འོ །_། ",
                        "",
                        "ལ་ ཕབ་པ འོ །_། "
                    ],
                    "སྣར་": [
                        "ལ་ ཕབ་པ འོ །_། ",
                        "",
                        "ལ་ ཕབ་པ འོ །_། "
                    ]
                }
            ]
        }
    ],
    "manual_categorisation": {
        "long_difference": {
            "differing_formulation": [],
            "major_modification": []
        },
        "manual_evaluation": {
            "derge_correct": [],
            "meaning_difference": {
                "great_diff": [],
                "medium_diff": [],
                "small_diff": []
            }
        }
    },
    "ngram_freq": {
        "1": {
            "པེ་": [
                [
                    "ན",
                    "73509"
                ],
                [
                    "།_ན",
                    "3762"
                ]
            ],
            "སྡེ་": [
                [
                    "ནཱ",
                    "62"
                ],
                [
                    "།_ནཱ",
                    "431"
                ]
            ],
            "སྣར་": [
                [
                    "ན",
                    "73509"
                ],
                [
                    "།_ན",
                    "3762"
                ]
            ]
        },
        "10": {
            "པེ་": [],
            "སྡེ་": [],
            "སྣར་": []
        },
        "11": {
            "པེ་": [
                [
                    "ཤྭ",
                    "24"
                ],
                [
                    "བི་ཤྭ",
                    "152"
                ]
            ],
            "སྡེ་": [
                [
                    "ཤོ",
                    "7"
                ],
                [
                    "ཤོ་དྷ",
                    "51"
                ],
                [
                    "བི་ཤོ",
                    "258"
                ]
            ],
            "སྣར་": [
                [
                    "ཤྭ",
                    "24"
                ],
                [
                    "བི་ཤྭ",
                    "152"
                ]
            ]
        },
        "12": {
            "པེ་": [
                [
                    "བྷ་བ",
                    "73"
                ],
                [
                    "མེ་བྷ་བ",
                    "45"
                ]
            ],
            "སྡེ་": [
                [
                    "གྷ",
                    "37"
                ]
            ],
            "སྣར་": [
                [
                    "བྷ་བ",
                    "73"
                ],
                [
                    "མེ་བྷ་བ",
                    "45"
                ]
            ]
        },
        "13": {
            "པེ་": [
                [
                    "ན",
                    "73509"
                ],
                [
                    "ན་ས",
                    "698"
                ],
                [
                    "ར་ན",
                    "173"
                ]
            ],
            "སྡེ་": [
                [
                    "ཎ",
                    "386"
                ],
                [
                    "ར་ཎ",
                    "103"
                ],
                [
                    "ཎ་ས",
                    "96"
                ],
                [
                    "ར་ཎ་ས",
                    "64"
                ],
                [
                    "སྥ་ར་ཎ་ས",
                    "55"
                ]
            ],
            "སྣར་": [
                [
                    "ན",
                    "73509"
                ],
                [
                    "ན་ས",
                    "698"
                ],
                [
                    "ར་ན",
                    "173"
                ]
            ]
        },
        "14": {
            "པེ་": [],
            "སྡེ་": [],
            "སྣར་": []
        },
        "15": {
            "པེ་": [
                [
                    "བསྒྱུར་བའི",
                    "198"
                ]
            ],
            "སྡེ་": [
                [
                    "སྒྱུར་བའི",
                    "1679"
                ]
            ],
            "སྣར་": [
                [
                    "བསྒྱུར་བའི",
                    "198"
                ]
            ]
        },
        "16": {
            "པེ་": [
                [
                    "བརྟན་པ",
                    "206"
                ],
                [
                    "བརྟན་པ་རྣམས",
                    "47"
                ]
            ],
            "སྡེ་": [
                [
                    "བསྟན་པ",
                    "590"
                ],
                [
                    "བསྟན་པ་རྣམས",
                    "84"
                ]
            ],
            "སྣར་": [
                [
                    "བརྟན་པ",
                    "206"
                ],
                [
                    "བརྟན་པ་རྣམས",
                    "47"
                ]
            ]
        },
        "17": {
            "པེ་": [],
            "སྡེ་": [],
            "སྣར་": []
        },
        "18": {
            "པེ་": [],
            "སྡེ་": [
                [
                    "ཤུདྡྷོ྅ཧཾ",
                    "20"
                ]
            ],
            "སྣར་": [
                [
                    "ཤུདྡྷོ྅ཧཾ",
                    "20"
                ]
            ]
        },
        "19": {
            "པེ་": [
                [
                    "མེད་པ",
                    "5438"
                ],
                [
                    "མེད་པ་དང",
                    "332"
                ],
                [
                    "སྤྲོས་པ་མེད་པ",
                    "169"
                ]
            ],
            "སྡེ་": [
                [
                    "",
                    "1"
                ],
                [
                    "དང",
                    "18517"
                ],
                [
                    "སྤྲོས་པ",
                    "973"
                ],
                [
                    "སྤྲོས་པ་དང",
                    "91"
                ]
            ],
            "སྣར་": [
                [
                    "མེད་པ",
                    "5438"
                ],
                [
                    "མེད་པ་དང",
                    "332"
                ],
                [
                    "སྤྲོས་པ་མེད་པ",
                    "169"
                ]
            ]
        },
        "2": {
            "པེ་": [
                [
                    "ར",
                    "2609"
                ],
                [
                    "ཤྭ་ར",
                    "120"
                ]
            ],
            "སྡེ་": [
                [
                    "རཱ",
                    "178"
                ],
                [
                    "ཤྭ་རཱ",
                    "695"
                ]
            ],
            "སྣར་": [
                [
                    "ར",
                    "2609"
                ],
                [
                    "ཤྭ་ར",
                    "120"
                ]
            ]
        },
        "20": {
            "པེ་": [
                [
                    "བསམ",
                    "706"
                ]
            ],
            "སྡེ་": [
                [
                    "བསམས",
                    "54"
                ]
            ],
            "སྣར་": [
                [
                    "བསམ",
                    "706"
                ]
            ]
        },
        "21": {
            "པེ་": [
                [
                    "གྱིས",
                    "7492"
                ],
                [
                    "རང་བཞིན་གྱིས",
                    "157"
                ]
            ],
            "སྡེ་": [
                [
                    "གྱི",
                    "3024"
                ],
                [
                    "རང་བཞིན་གྱི",
                    "818"
                ]
            ],
            "སྣར་": [
                [
                    "གྱིས",
                    "7492"
                ],
                [
                    "རང་བཞིན་གྱིས",
                    "157"
                ]
            ]
        },
        "22": {
            "པེ་": [],
            "སྡེ་": [
                [
                    "བསམ",
                    "706"
                ],
                [
                    "བར་བསམ",
                    "41"
                ]
            ],
            "སྣར་": []
        },
        "23": {
            "པེ་": [
                [
                    "",
                    "1"
                ],
                [
                    "སྡིག་པ",
                    "3668"
                ],
                [
                    "སྒྲིབ་པ",
                    "3214"
                ]
            ],
            "སྡེ་": [
                [
                    "དང",
                    "18517"
                ],
                [
                    "སྡིག་པ་དང",
                    "288"
                ],
                [
                    "དང་སྒྲིབ་པ",
                    "74"
                ],
                [
                    "སྡིག་པ་དང་སྒྲིབ་པ",
                    "41"
                ]
            ],
            "སྣར་": [
                [
                    "",
                    "1"
                ],
                [
                    "སྡིག་པ",
                    "3668"
                ],
                [
                    "སྒྲིབ་པ",
                    "3214"
                ]
            ]
        },
        "24": {
            "པེ་": [
                [
                    "དཔོགས",
                    "6"
                ],
                [
                    "མི་དཔོགས",
                    "78"
                ]
            ],
            "སྡེ་": [
                [
                    "དཔོག",
                    "1"
                ]
            ],
            "སྣར་": [
                [
                    "དཔོགས",
                    "6"
                ],
                [
                    "མི་དཔོགས",
                    "78"
                ]
            ]
        },
        "25": {
            "པེ་": [
                [
                    "ཅན",
                    "5389"
                ]
            ],
            "སྡེ་": [
                [
                    "",
                    "1"
                ],
                [
                    "སྨྲིག",
                    "1"
                ],
                [
                    "གསོལ་པ",
                    "9633"
                ]
            ],
            "སྣར་": [
                [
                    "ཅན",
                    "5389"
                ]
            ]
        },
        "26": {
            "པེ་": [
                [
                    "ལྕོགས",
                    "52"
                ]
            ],
            "སྡེ་": [
                [
                    "ལྕོག",
                    "6"
                ]
            ],
            "སྣར་": [
                [
                    "ལྕོགས",
                    "52"
                ]
            ]
        },
        "27": {
            "པེ་": [],
            "སྡེ་": [
                [
                    "ཁ་དོག",
                    "6397"
                ],
                [
                    "ཁ་དོག་ལྟ་བུ",
                    "186"
                ]
            ],
            "སྣར་": []
        },
        "28": {
            "པེ་": [
                [
                    "ཨུཏྤལ",
                    "6"
                ]
            ],
            "སྡེ་": [],
            "སྣར་": [
                [
                    "ཨུཏྤལ",
                    "6"
                ]
            ]
        },
        "29": {
            "པེ་": [
                [
                    "ན",
                    "73509"
                ],
                [
                    "གཡོན་ན",
                    "187"
                ]
            ],
            "སྡེ་": [
                [
                    "དུ",
                    "11516"
                ],
                [
                    "དུ་སྤྱན",
                    "133"
                ],
                [
                    "གཡོན་དུ",
                    "430"
                ]
            ],
            "སྣར་": [
                [
                    "ན",
                    "73509"
                ],
                [
                    "གཡོན་ན",
                    "187"
                ]
            ]
        },
        "3": {
            "པེ་": [
                [
                    "ཏྭད",
                    "3"
                ]
            ],
            "སྡེ་": [
                [
                    "ཏྭཱཏ",
                    "1"
                ]
            ],
            "སྣར་": [
                [
                    "ཏྭད",
                    "3"
                ]
            ]
        },
        "30": {
            "པེ་": [
                [
                    "ལྟ་བའོ",
                    "124"
                ],
                [
                    "ལྟ་བའོ།_།",
                    "123"
                ]
            ],
            "སྡེ་": [],
            "སྣར་": [
                [
                    "ལྟ་བའོ",
                    "124"
                ],
                [
                    "ལྟ་བའོ།_།",
                    "123"
                ]
            ]
        },
        "31": {
            "པེ་": [
                [
                    "དྷིཥྛ",
                    "13"
                ]
            ],
            "སྡེ་": [],
            "སྣར་": [
                [
                    "དྷིཥྛ",
                    "13"
                ]
            ]
        },
        "32": {
            "པེ་": [],
            "སྡེ་": [],
            "སྣར་": []
        },
        "33": {
            "པེ་": [
                [
                    "རྫས",
                    "94"
                ],
                [
                    "རྫས་ལ",
                    "108"
                ],
                [
                    "ནོར་རྫས",
                    "174"
                ]
            ],
            "སྡེ་": [
                [
                    "རྫས",
                    "94"
                ],
                [
                    "རྫས་ལ",
                    "108"
                ],
                [
                    "ནོར་རྫས",
                    "174"
                ]
            ],
            "སྣར་": [
                [
                    "བརྫས",
                    "1"
                ]
            ]
        },
        "34": {
            "པེ་": [
                [
                    "བྱའོ",
                    "5432"
                ],
                [
                    "བར་བྱའོ",
                    "1384"
                ],
                [
                    "བྱའོ།_།",
                    "51729"
                ],
                [
                    "བར་བྱའོ།_།",
                    "7042"
                ],
                [
                    "དབུལ་བར་བྱའོ།_།",
                    "340"
                ]
            ],
            "སྡེ་": [
                [
                    "བྱའོ",
                    "5432"
                ],
                [
                    "བར་བྱའོ",
                    "1384"
                ],
                [
                    "བྱའོ།_།",
                    "51729"
                ],
                [
                    "བར་བྱའོ།_།",
                    "7042"
                ],
                [
                    "དབུལ་བར་བྱའོ།_།",
                    "340"
                ]
            ],
            "སྣར་": [
                [
                    "བྱ",
                    "28822"
                ],
                [
                    "བར་བྱ",
                    "8301"
                ],
                [
                    "བྱ།_།",
                    "22355"
                ],
                [
                    "བར་བྱ།_།",
                    "4889"
                ],
                [
                    "དབུལ་བར་བྱ།_།",
                    "297"
                ]
            ]
        },
        "35": {
            "པེ་": [
                [
                    "ཀ",
                    "951"
                ],
                [
                    "ཀ་ར",
                    "225"
                ]
            ],
            "སྡེ་": [
                [
                    "ཀཱ",
                    "68"
                ],
                [
                    "ཀཱ་ར",
                    "42"
                ]
            ],
            "སྣར་": [
                [
                    "ཀ",
                    "951"
                ],
                [
                    "ཀ་ར",
                    "225"
                ]
            ]
        },
        "36": {
            "པེ་": [
                [
                    "ལོཙྪ་བ",
                    "236"
                ],
                [
                    "ལོཙྪ་བ་དགེ་སློང",
                    "44"
                ]
            ],
            "སྡེ་": [
                [
                    "ལོ་ཙཱ་བ",
                    "58"
                ]
            ],
            "སྣར་": [
                [
                    "ལོཙྪ་བ",
                    "236"
                ],
                [
                    "ལོཙྪ་བ་དགེ་སློང",
                    "44"
                ]
            ]
        },
        "37": {
            "པེ་": [],
            "སྡེ་": [
                [
                    "",
                    "1"
                ],
                [
                    "།_།",
                    "997103"
                ],
                [
                    "།_།།_།",
                    "1"
                ]
            ],
            "སྣར་": []
        },
        "38": {
            "པེ་": [
                [
                    "",
                    "1"
                ],
                [
                    "ལ",
                    "33965"
                ],
                [
                    "།_།ལ",
                    "1728"
                ],
                [
                    "ལ་ཕབ་པ",
                    "438"
                ]
            ],
            "སྡེ་": [
                [
                    "",
                    "1"
                ],
                [
                    "ལ",
                    "33965"
                ],
                [
                    "།_།ལ",
                    "1728"
                ],
                [
                    "ལ་ཕབ་པ",
                    "438"
                ]
            ],
            "སྣར་": [
                [
                    "",
                    "1"
                ],
                [
                    "ལ",
                    "33965"
                ],
                [
                    "།_།ལ",
                    "1728"
                ],
                [
                    "ལ་ཕབ་པ",
                    "438"
                ]
            ]
        },
        "4": {
            "པེ་": [],
            "སྡེ་": [],
            "སྣར་": []
        },
        "5": {
            "པེ་": [
                [
                    "བརྗོད",
                    "1943"
                ],
                [
                    "ཅེས་བརྗོད",
                    "508"
                ]
            ],
            "སྡེ་": [
                [
                    "བརྗོད་པས",
                    "146"
                ]
            ],
            "སྣར་": [
                [
                    "བརྗོད",
                    "1943"
                ],
                [
                    "ཅེས་བརྗོད",
                    "508"
                ]
            ]
        },
        "6": {
            "པེ་": [
                [
                    "དེས་ན",
                    "2469"
                ],
                [
                    "།_།དེས་ན",
                    "901"
                ]
            ],
            "སྡེ་": [
                [
                    "དེ་ནས",
                    "48227"
                ],
                [
                    "།_།དེ་ནས",
                    "35076"
                ]
            ],
            "སྣར་": [
                [
                    "དེས་ན",
                    "2469"
                ],
                [
                    "།_།དེས་ན",
                    "901"
                ]
            ]
        },
        "7": {
            "པེ་": [],
            "སྡེ་": [],
            "སྣར་": []
        },
        "8": {
            "པེ་": [],
            "སྡེ་": [
                [
                    "ཨཱཿཧཱུཾ",
                    "7"
                ]
            ],
            "སྣར་": []
        },
        "9": {
            "པེ་": [
                [
                    "སེར་པོ",
                    "73"
                ]
            ],
            "སྡེ་": [
                [
                    "སེར་མོ",
                    "89"
                ]
            ],
            "སྣར་": [
                [
                    "སེར་པོ",
                    "73"
                ]
            ]
        }
    },
    "non_standard_notes": [],
    "profile": {
        "1": [
            "པེ་=སྣར་ སྡེ་",
            "81.58%"
        ],
        "10": [
            "པེ་=སྣར་ སྡེ་",
            "81.58%"
        ],
        "11": [
            "པེ་=སྣར་ སྡེ་",
            "81.58%"
        ],
        "12": [
            "པེ་=སྣར་ སྡེ་",
            "81.58%"
        ],
        "13": [
            "པེ་=སྣར་ སྡེ་",
            "81.58%"
        ],
        "14": [
            "པེ་ སྡེ་ སྣར་",
            "7.89%"
        ],
        "15": [
            "པེ་=སྣར་ སྡེ་",
            "81.58%"
        ],
        "16": [
            "པེ་=སྣར་ སྡེ་",
            "81.58%"
        ],
        "17": [
            "པེ་ སྡེ་ སྣར་",
            "7.89%"
        ],
        "18": [
            "པེ་ སྡེ་=སྣར་",
            "2.63%"
        ],
        "19": [
            "པེ་=སྣར་ སྡེ་",
            "81.58%"
        ],
        "2": [
            "པེ་=སྣར་ སྡེ་",
            "81.58%"
        ],
        "20": [
            "པེ་=སྣར་ སྡེ་",
            "81.58%"
        ],
        "21": [
            "པེ་=སྣར་ སྡེ་",
            "81.58%"
        ],
        "22": [
            "པེ་=སྣར་ སྡེ་",
            "81.58%"
        ],
        "23": [
            "པེ་=སྣར་ སྡེ་",
            "81.58%"
        ],
        "24": [
            "པེ་=སྣར་ སྡེ་",
            "81.58%"
        ],
        "25": [
            "པེ་=སྣར་ སྡེ་",
            "81.58%"
        ],
        "26": [
            "པེ་=སྣར་ སྡེ་",
            "81.58%"
        ],
        "27": [
            "པེ་=སྣར་ སྡེ་",
            "81.58%"
        ],
        "28": [
            "པེ་=སྣར་ སྡེ་",
            "81.58%"
        ],
        "29": [
            "པེ་=སྣར་ སྡེ་",
            "81.58%"
        ],
        "3": [
            "པེ་=སྣར་ སྡེ་",
            "81.58%"
        ],
        "30": [
            "པེ་=སྣར་ སྡེ་",
            "81.58%"
        ],
        "31": [
            "པེ་=སྣར་ སྡེ་",
            "81.58%"
        ],
        "32": [
            "པེ་=སྣར་ སྡེ་",
            "81.58%"
        ],
        "33": [
            "པེ་=སྡེ་ སྣར་",
            "5.26%"
        ],
        "34": [
            "པེ་=སྡེ་ སྣར་",
            "5.26%"
        ],
        "35": [
            "པེ་=སྣར་ སྡེ་",
            "81.58%"
        ],
        "36": [
            "པེ་=སྣར་ སྡེ་",
            "81.58%"
        ],
        "37": [
            "པེ་=སྣར་ སྡེ་",
            "81.58%"
        ],
        "38": [
            "པེ་=སྡེ་=སྣར་",
            "2.63%"
        ],
        "4": [
            "པེ་ སྡེ་ སྣར་",
            "7.89%"
        ],
        "5": [
            "པེ་=སྣར་ སྡེ་",
            "81.58%"
        ],
        "6": [
            "པེ་=སྣར་ སྡེ་",
            "81.58%"
        ],
        "7": [
            "པེ་=སྣར་ སྡེ་",
            "81.58%"
        ],
        "8": [
            "པེ་=སྣར་ སྡེ་",
            "81.58%"
        ],
        "9": [
            "པེ་=སྣར་ སྡེ་",
            "81.58%"
        ]
    }
}