﻿{
    "Stats": {
        "Categorised": "10 notes (83.33%)",
        "Notes’ total": 12,
        "Profiles": [
            "པེ་ སྡེ་: 83.33% (10 notes)",
            "པེ་=སྡེ་: 16.67% (2 notes)"
        ],
        "automatic_categorisation": {
            "min_mod": {
                "particle_groups": 1
            },
            "particle_issues": {},
            "spelling_mistake": {
                "non_word": {
                    "well_formed": 1
                }
            },
            "sskrt": 2,
            "verb_difference": {
                "diff_tense": 2,
                "diff_verb": 2
            }
        },
        "dunno": {
            "no_diff": 2
        },
        "empty_notes": 2,
        "manual_categorisation": {
            "long_difference": {},
            "manual_evaluation": {
                "meaning_difference": {}
            }
        },
        "ngram_freq": {},
        "profile": {}
    },
    "automatic_categorisation": {
        "min_mod": {
            "min_mod_groups": [],
            "particle_groups": [
                {
                    "4": [
                        [
                            "dreldra",
                            "jedra"
                        ],
                        {
                            "པེ་": [
                                "བདག་ གཞན་ ཐམས་ཅད་",
                                "ཀྱི་",
                                "དབུལ་ ཞིང་ འཕོངས་པ འི་ སྡུག་"
                            ],
                            "སྡེ་": [
                                "བདག་ གཞན་ ཐམས་ཅད་",
                                "ཀྱིས་",
                                "དབུལ་ ཞིང་ འཕོངས་པ འི་ སྡུག་"
                            ]
                        }
                    ]
                }
            ]
        },
        "particle_issues": {
            "added_particle": [],
            "agreement_issue": [],
            "different_particles": [],
            "other": [],
            "po-bo-pa-ba": []
        },
        "spelling_mistake": {
            "missing_vowel": [],
            "nga_da": [],
            "non_word": {
                "ill_formed": [],
                "well_formed": [
                    {
                        "7": [
                            {
                                "པེ་": [
                                    " ། ལོ་ ཏོག་ རྩ ས་ མ་",
                                    "#སྔ་བ་",
                                    "དང་  ། འབྲུ འི་ ཆ ར་"
                                ],
                                "སྡེ་": [
                                    " ། ལོ་ ཏོག་ རྩ ས་ མ་",
                                    "རྔ་བ་",
                                    "དང་  ། འབྲུ འི་ ཆ ར་"
                                ]
                            }
                        ]
                    }
                ]
            }
        },
        "sskrt": [
            {
                "9": [
                    {
                        "པེ་": [
                            "མཛད་པ་ རྫོགས་ སོ",
                            "།།_ #ཏཾ །།།།",
                            "སློབ་དཔོན་ ཀླུ་ གྲུབ"
                        ],
                        "སྡེ་": [
                            "མཛད་པ་ རྫོགས་ སོ",
                            "།།_།།",
                            "སློབ་དཔོན་ ཀླུ་ གྲུབ"
                        ]
                    }
                ]
            },
            {
                "10": [
                    {
                        "པེ་": [
                            "ཤཱཀྱ་ སེང་གེ ། གོན་ #འགྱོ་",
                            "#བྷུ་ #དྷ་པ་",
                            "ལ ། དེ་ ལ་ བདག་"
                        ],
                        "སྡེ་": [
                            "ཤཱཀྱ་ སེང་གེ ། གོན་ #འགྱོ་",
                            "#བྷུདྷ་ ཕ་",
                            "ལ ། དེ་ ལ་ བདག་"
                        ]
                    }
                ]
            }
        ],
        "verb_difference": {
            "diff_tense": [
                {
                    "2": [
                        [
                            "《གཏང》ཞེས་པ།【〈གཏོང〉གི་ མ་འོངས་པ།】【〈གཏོང〉གི་ མ་འོངས་པ། ཐ་དད་པ།】",
                            "《བཏང》ཞེས་པ།【〈གཏོང〉གི་ འདས་པ།】【〈གཏོང〉གི་ འདས་པ། ཐ་དད་པ།】"
                        ],
                        {
                            "པེ་": [
                                "འཚམས་ སུ་ གཏོར་ མ་",
                                "བཏང་",
                                "ཞིང་ གསོལ་བ་ གདབ་པ་"
                            ],
                            "སྡེ་": [
                                "འཚམས་ སུ་ གཏོར་ མ་",
                                "གཏང་",
                                "ཞིང་ གསོལ་བ་ གདབ་པ་"
                            ]
                        }
                    ]
                },
                {
                    "5": [
                        [
                            "《བསྒོམ》ཞེས་པ།【〈སྒོམ〉གི་ མ་འོངས་པ། ཐ་དད་པ།】",
                            "《བསྒོམས》ཞེས་པ།【〈སྒོམ〉གི་ འདས་པ། ཐ་དད་པ།】"
                        ],
                        {
                            "པེ་": [
                                " ། གནོད་ སྦྱིན་ མ་ གསུམ་",
                                "བསྒོམ་པ་",
                                "ནི ། དབུས་ ཀྱི་"
                            ],
                            "སྡེ་": [
                                " ། གནོད་ སྦྱིན་ མ་ གསུམ་",
                                "བསྒོམས་པ་",
                                "ནི ། དབུས་ ཀྱི་"
                            ]
                        }
                    ]
                }
            ],
            "diff_verb": [
                {
                    "1": [
                        [
                            "《བསྙེན》ཞེས་པ།【〈བསྙེན〉གི་ མ་འོངས་པ། ཐ་དད་པ།】【〈བསྙེན〉གི་ འདས་པ། ཐ་དད་པ།】【〈སྙེན〉གི་ མ་འོངས་པ། ཐ་དད་པ།】【〈སྙེན〉གི་ འདས་པ། ཐ་དད་པ།】",
                            "《སྙེན》ཞེས་པ།【〈བསྙེན〉གི་ ད་ལྟ་བ། ཐ་དད་པ།】【〈བསྙེན〉གི་ སྐུལ་ཚིག ཐ་དད་པ།】【〈སྙེན〉གི་ ད་ལྟ་བ། ཐ་དད་པ།】【〈སྙེན〉གི་ སྐུལ་ཚིག ཐ་དད་པ།】"
                        ],
                        {
                            "པེ་": [
                                "ཅིག ། ལྷ་ སྒོམ་ ཞིང་",
                                "སྙེན་པ་",
                                "བྱེད་པ་ དང་ གཉིས"
                            ],
                            "སྡེ་": [
                                "ཅིག ། ལྷ་ སྒོམ་ ཞིང་",
                                "བསྙེན་པ་",
                                "བྱེད་པ་ དང་ གཉིས"
                            ]
                        }
                    ]
                },
                {
                    "6": [
                        [
                            "《བརྒྱན》ཞེས་པ།【〈བརྒྱན〉གི་ མ་འོངས་པ། ཐ་དད་པ།】【〈བརྒྱན〉གི་ འདས་པ། ཐ་དད་པ།】【〈རྒྱན〉གི་ མ་འོངས་པ། ཐ་དད་པ།】【〈རྒྱན〉གི་ འདས་པ། ཐ་དད་པ།】",
                            "《རྒྱན》ཞེས་པ།【〈བརྒྱན〉གི་ ད་ལྟ་བ། ཐ་དད་པ།】【〈རྒྱན〉གི་ ད་ལྟ་བ། ཐ་དད་པ།】【〈རྒྱན〉གི་ སྐུལ་ཚིག ཐ་དད་པ།】"
                        ],
                        {
                            "པེ་": [
                                "པོ་ ཆེ་ དང་ རུས་པ འི་",
                                "རྒྱན་",
                                "གྱིས་ བརྒྱན་པ འོ །། ཞབས་"
                            ],
                            "སྡེ་": [
                                "པོ་ ཆེ་ དང་ རུས་པ འི་",
                                "བརྒྱན་",
                                "གྱིས་ བརྒྱན་པ འོ །། ཞབས་"
                            ]
                        }
                    ]
                }
            ],
            "not_sure": []
        }
    },
    "dunno": {
        "long_diff": [],
        "no_diff": [
            {
                "3": [
                    {
                        "པེ་": [
                            "དང་ བཅས་པ །",
                            "དབུས་ སྐྲ་",
                            "#ལྕང་ ལོ ར་ འཁྱིལ་བ"
                        ],
                        "སྡེ་": [
                            "དང་ བཅས་པ །",
                            "དབུ་སྐྲ་",
                            "#ལྕང་ ལོ ར་ འཁྱིལ་བ"
                        ]
                    }
                ]
            },
            {
                "11": [
                    {
                        "པེ་": [
                            "ངོ །།།། ཡང་ རིགས་",
                            "ཅིག་",
                            ""
                        ],
                        "སྡེ་": [
                            "ངོ །།།། ཡང་ རིགས་",
                            "གཅིག་",
                            ""
                        ]
                    }
                ]
            }
        ],
        "short_diff": []
    },
    "empty_notes": [
        {
            "8": [
                {
                    "པེ་": [
                        "ལ་ ཆེད་ དུ་ མི་ བལྟ འོ ། དུས་ རྒྱུན་ དུ་ ཡི་",
                        "",
                        "ལ་ ཆེད་ དུ་ མི་ བལྟ འོ ། དུས་ རྒྱུན་ དུ་ ཡི་"
                    ],
                    "སྡེ་": [
                        "ལ་ ཆེད་ དུ་ མི་ བལྟ འོ ། དུས་ རྒྱུན་ དུ་ ཡི་",
                        "",
                        "ལ་ ཆེད་ དུ་ མི་ བལྟ འོ ། དུས་ རྒྱུན་ དུ་ ཡི་"
                    ]
                }
            ]
        },
        {
            "12": [
                {
                    "པེ་": [
                        " །།།། ཡང་ རིགས་ ཅིག་",
                        "",
                        " །།།། ཡང་ རིགས་ ཅིག་"
                    ],
                    "སྡེ་": [
                        " །།།། ཡང་ རིགས་ ཅིག་",
                        "",
                        " །།།། ཡང་ རིགས་ ཅིག་"
                    ]
                }
            ]
        }
    ],
    "manual_categorisation": {
        "long_difference": {
            "differing_formulation": [],
            "major_modification": []
        },
        "manual_evaluation": {
            "derge_correct": [],
            "meaning_difference": {
                "great_diff": [],
                "medium_diff": [],
                "small_diff": []
            }
        }
    },
    "ngram_freq": {
        "1": {
            "པེ་": [],
            "སྡེ་": [
                [
                    "བསྙེན་པ",
                    "559"
                ]
            ]
        },
        "10": {
            "པེ་": [],
            "སྡེ་": []
        },
        "11": {
            "པེ་": [
                [
                    "ཅིག",
                    "11520"
                ]
            ],
            "སྡེ་": [
                [
                    "གཅིག",
                    "620"
                ],
                [
                    "རིགས་གཅིག",
                    "64"
                ]
            ]
        },
        "12": {
            "པེ་": [
                [
                    "",
                    "1"
                ],
                [
                    "ཅིག",
                    "11520"
                ]
            ],
            "སྡེ་": [
                [
                    "",
                    "1"
                ],
                [
                    "ཅིག",
                    "11520"
                ]
            ]
        },
        "2": {
            "པེ་": [
                [
                    "བཏང",
                    "4"
                ],
                [
                    "མ་བཏང",
                    "886"
                ],
                [
                    "བཏང་ཞིང",
                    "67"
                ]
            ],
            "སྡེ་": [
                [
                    "གཏང",
                    "4"
                ],
                [
                    "མ་གཏང",
                    "55"
                ]
            ]
        },
        "3": {
            "པེ་": [],
            "སྡེ་": [
                [
                    "དབུ་སྐྲ",
                    "303"
                ]
            ]
        },
        "4": {
            "པེ་": [
                [
                    "ཀྱི",
                    "5256"
                ],
                [
                    "ཐམས་ཅད་ཀྱི",
                    "721"
                ]
            ],
            "སྡེ་": [
                [
                    "ཀྱིས",
                    "6156"
                ],
                [
                    "ཐམས་ཅད་ཀྱིས",
                    "433"
                ]
            ]
        },
        "5": {
            "པེ་": [
                [
                    "བསྒོམ་པ",
                    "245"
                ],
                [
                    "བསྒོམ་པ་ནི",
                    "284"
                ]
            ],
            "སྡེ་": [
                [
                    "བསྒོམས་པ",
                    "88"
                ]
            ]
        },
        "6": {
            "པེ་": [
                [
                    "རྒྱན",
                    "93"
                ],
                [
                    "རྒྱན་གྱིས",
                    "827"
                ]
            ],
            "སྡེ་": [
                [
                    "བརྒྱན",
                    "1645"
                ]
            ]
        },
        "7": {
            "པེ་": [],
            "སྡེ་": []
        },
        "8": {
            "པེ་": [
                [
                    "",
                    "1"
                ],
                [
                    "ལ",
                    "33965"
                ],
                [
                    "ཡི",
                    "8322"
                ]
            ],
            "སྡེ་": [
                [
                    "",
                    "1"
                ],
                [
                    "ལ",
                    "33965"
                ],
                [
                    "ཡི",
                    "8322"
                ]
            ]
        },
        "9": {
            "པེ་": [],
            "སྡེ་": [
                [
                    "།།_།།",
                    "7586"
                ],
                [
                    "སོ།།_།།",
                    "1472"
                ]
            ]
        }
    },
    "non_standard_notes": [],
    "profile": {
        "1": [
            "པེ་ སྡེ་",
            "83.33%"
        ],
        "10": [
            "པེ་ སྡེ་",
            "83.33%"
        ],
        "11": [
            "པེ་ སྡེ་",
            "83.33%"
        ],
        "12": [
            "པེ་=སྡེ་",
            "16.67%"
        ],
        "2": [
            "པེ་ སྡེ་",
            "83.33%"
        ],
        "3": [
            "པེ་ སྡེ་",
            "83.33%"
        ],
        "4": [
            "པེ་ སྡེ་",
            "83.33%"
        ],
        "5": [
            "པེ་ སྡེ་",
            "83.33%"
        ],
        "6": [
            "པེ་ སྡེ་",
            "83.33%"
        ],
        "7": [
            "པེ་ སྡེ་",
            "83.33%"
        ],
        "8": [
            "པེ་=སྡེ་",
            "16.67%"
        ],
        "9": [
            "པེ་ སྡེ་",
            "83.33%"
        ]
    }
}