﻿{
    "Stats": {
        "Categorised": "16 notes (100.00%)",
        "Notes’ total": 16,
        "Profiles": [
            "པེ་=སྣར་ སྡེ་: 75.00% (12 notes)",
            "པེ་=སྡེ་=སྣར་: 6.25% (1 notes)",
            "པེ་ སྡེ་=སྣར་: 18.75% (3 notes)"
        ],
        "automatic_categorisation": {
            "min_mod": {
                "particle_groups": 5
            },
            "particle_issues": {},
            "spelling_mistake": {
                "non_word": {
                    "well_formed": 1
                }
            },
            "sskrt": 2,
            "verb_difference": {
                "diff_tense": 3,
                "diff_verb": 3,
                "not_sure": 1
            }
        },
        "dunno": {},
        "empty_notes": 1,
        "manual_categorisation": {
            "long_difference": {},
            "manual_evaluation": {
                "meaning_difference": {}
            }
        },
        "ngram_freq": {},
        "profile": {}
    },
    "automatic_categorisation": {
        "min_mod": {
            "min_mod_groups": [],
            "particle_groups": [
                {
                    "2": [
                        [
                            "dreldra",
                            "jedra"
                        ],
                        {
                            "པེ་": [
                                "བྲི་ བར་ བྱ །_། དབང་",
                                "གི་",
                                "སྨིན་ བྱས་ དམ་ ཚིག་ ལྡན"
                            ],
                            "སྡེ་": [
                                "བྲི་ བར་ བྱ །_། དབང་",
                                "གིས་",
                                "སྨིན་ བྱས་ དམ་ ཚིག་ ལྡན"
                            ],
                            "སྣར་": [
                                "བྲི་ བར་ བྱ །_། དབང་",
                                "གི་",
                                "སྨིན་ བྱས་ དམ་ ཚིག་ ལྡན"
                            ]
                        }
                    ]
                },
                {
                    "5": [
                        [
                            "dreldra",
                            "jedra"
                        ],
                        {
                            "པེ་": [
                                "གྱི་ དང་པོ་ ཁྲག་ ཆེན་",
                                "གྱི",
                                "_།། རབ་ཏུ་ གང་བ འི་"
                            ],
                            "སྡེ་": [
                                "གྱི་ དང་པོ་ ཁྲག་ ཆེན་",
                                "གྱིས",
                                "_།། རབ་ཏུ་ གང་བ འི་"
                            ],
                            "སྣར་": [
                                "གྱི་ དང་པོ་ ཁྲག་ ཆེན་",
                                "གྱིས",
                                "_།། རབ་ཏུ་ གང་བ འི་"
                            ]
                        }
                    ]
                },
                {
                    "8": [
                        [
                            "dreldra",
                            "jedra"
                        ],
                        {
                            "པེ་": [
                                "རྒྱས་ དབང་ དང་ མངོན་ སྤྱོད་",
                                "ཀྱིས",
                                "།_། ལས་ རྣམས་ གང་ ཡིན་"
                            ],
                            "སྡེ་": [
                                "རྒྱས་ དབང་ དང་ མངོན་ སྤྱོད་",
                                "ཀྱི",
                                "།_། ལས་ རྣམས་ གང་ ཡིན་"
                            ],
                            "སྣར་": [
                                "རྒྱས་ དབང་ དང་ མངོན་ སྤྱོད་",
                                "ཀྱི",
                                "།_། ལས་ རྣམས་ གང་ ཡིན་"
                            ]
                        }
                    ]
                },
                {
                    "11": [
                        [
                            "dreldra",
                            "jedra"
                        ],
                        {
                            "པེ་": [
                                "རྗེས་ འབྲངས་ ཏེ །_། བདག་",
                                "གི་",
                                "ནག་པོ་ སྒྲུབ་པ འི་ ཐབས"
                            ],
                            "སྡེ་": [
                                "རྗེས་ འབྲངས་ ཏེ །_། བདག་",
                                "གིས་",
                                "ནག་པོ་ སྒྲུབ་པ འི་ ཐབས"
                            ],
                            "སྣར་": [
                                "རྗེས་ འབྲངས་ ཏེ །_། བདག་",
                                "གི་",
                                "ནག་པོ་ སྒྲུབ་པ འི་ ཐབས"
                            ]
                        }
                    ]
                },
                {
                    "14": [
                        [
                            "dreldra",
                            "jedra"
                        ],
                        {
                            "པེ་": [
                                "ཐབས་ འཕགས་པ་ ཀླུ་ སྒྲུབ་",
                                "ཀྱི་",
                                "མཛད་པ་ རྫོགས་ སོ །།_།། "
                            ],
                            "སྡེ་": [
                                "ཐབས་ འཕགས་པ་ ཀླུ་ སྒྲུབ་",
                                "ཀྱིས་",
                                "མཛད་པ་ རྫོགས་ སོ །།_།། "
                            ],
                            "སྣར་": [
                                "ཐབས་ འཕགས་པ་ ཀླུ་ སྒྲུབ་",
                                "ཀྱི་",
                                "མཛད་པ་ རྫོགས་ སོ །།_།། "
                            ]
                        }
                    ]
                }
            ]
        },
        "particle_issues": {
            "added_particle": [],
            "agreement_issue": [],
            "different_particles": [],
            "other": [],
            "po-bo-pa-ba": []
        },
        "spelling_mistake": {
            "missing_vowel": [],
            "nga_da": [],
            "non_word": {
                "ill_formed": [],
                "well_formed": [
                    {
                        "7": [
                            {
                                "པེ་": [
                                    " །_། པདྨ་ ཉི་མ འི་ #གདན་",
                                    "སྟེང་ དུ",
                                    "_།། #ཧཱུཾ་ དང་ #ཨཱཿདང་ ཨོཾ་"
                                ],
                                "སྡེ་": [
                                    " །_། པདྨ་ ཉི་མ འི་ #གདན་",
                                    "#སྟེངས་ སུ",
                                    "_།། #ཧཱུཾ་ དང་ #ཨཱཿདང་ ཨོཾ་"
                                ],
                                "སྣར་": [
                                    " །_། པདྨ་ ཉི་མ འི་ #གདན་",
                                    "སྟེང་ དུ",
                                    "_།། #ཧཱུཾ་ དང་ #ཨཱཿདང་ ཨོཾ་"
                                ]
                            }
                        ]
                    }
                ]
            }
        },
        "sskrt": [
            {
                "1": [
                    {
                        "པེ་": [
                            "#ཀཱ་ ལ་ #སཱ་ #དྷ་",
                            "#ནཱཾ་",
                            "#ནཱ་ མ །_ བོད་ སྐད་"
                        ],
                        "སྡེ་": [
                            "#ཀཱ་ ལ་ #སཱ་ #དྷ་",
                            "#ནཾ་",
                            "#ནཱ་ མ །_ བོད་ སྐད་"
                        ],
                        "སྣར་": [
                            "#ཀཱ་ ལ་ #སཱ་ #དྷ་",
                            "#ནཱཾ་",
                            "#ནཱ་ མ །_ བོད་ སྐད་"
                        ]
                    }
                ]
            },
            {
                "15": [
                    {
                        "པེ་": [
                            "ཀ་ ར་ དང་  །_",
                            "ལོ་ #ཙ་བ་",
                            "#ཙ་ མི་ ཆེན་པོ ས་"
                        ],
                        "སྡེ་": [
                            "ཀ་ ར་ དང་  །_",
                            "ལོ་ཙཱ་བ་",
                            "#ཙ་ མི་ ཆེན་པོ ས་"
                        ],
                        "སྣར་": [
                            "ཀ་ ར་ དང་  །_",
                            "ལོ་ #ཙ་བ་",
                            "#ཙ་ མི་ ཆེན་པོ ས་"
                        ]
                    }
                ]
            }
        ],
        "verb_difference": {
            "diff_tense": [
                {
                    "6": [
                        [
                            "《སྟིམ》ཞེས་པ།【〈སྟིམ〉གི་ ད་ལྟ་བ།】【〈སྟིམ〉གི་ ད་ལྟ་བ། ཐ་དད་པ།】",
                            "《བསྟིམ》ཞེས་པ།【〈སྟིམ〉གི་ མ་འོངས་པ།】【〈སྟིམ〉གི་ མ་འོངས་པ། ཐ་དད་པ།】"
                        ],
                        {
                            "པེ་": [
                                "#ཧོཿཡིས །_། དགུག་ གཞུག་",
                                "སྟིམ་",
                                "དང་ མཉེས་པ ར་ བྱ །_། "
                            ],
                            "སྡེ་": [
                                "#ཧོཿཡིས །_། དགུག་ གཞུག་",
                                "བསྟིམ་",
                                "དང་ མཉེས་པ ར་ བྱ །_། "
                            ],
                            "སྣར་": [
                                "#ཧོཿཡིས །_། དགུག་ གཞུག་",
                                "བསྟིམ་",
                                "དང་ མཉེས་པ ར་ བྱ །_། "
                            ]
                        }
                    ]
                },
                {
                    "12": [
                        [
                            "《བསྒྲུབ》ཞེས་པ།【〈སྒྲུབ〉གི་ མ་འོངས་པ།】【〈སྒྲུབ〉གི་ མ་འོངས་པ། ཐ་དད་པ།】",
                            "《སྒྲུབ》ཞེས་པ།【〈སྒྲུབ〉གི་ ད་ལྟ་བ།】【〈སྒྲུབ〉གི་ ད་ལྟ་བ། ཐ་དད་པ།】"
                        ],
                        {
                            "པེ་": [
                                " །_། བདག་ གིས་ ནག་པོ་",
                                "བསྒྲུབ་པ འི་",
                                "ཐབས །_། བྲི ས་པ འི་"
                            ],
                            "སྡེ་": [
                                " །_། བདག་ གིས་ ནག་པོ་",
                                "སྒྲུབ་པ འི་",
                                "ཐབས །_། བྲི ས་པ འི་"
                            ],
                            "སྣར་": [
                                " །_། བདག་ གིས་ ནག་པོ་",
                                "བསྒྲུབ་པ འི་",
                                "ཐབས །_། བྲི ས་པ འི་"
                            ]
                        }
                    ]
                },
                {
                    "13": [
                        [
                            "《བསྒྲུབ》ཞེས་པ།【〈སྒྲུབ〉གི་ མ་འོངས་པ།】【〈སྒྲུབ〉གི་ མ་འོངས་པ། ཐ་དད་པ།】",
                            "《སྒྲུབ》ཞེས་པ།【〈སྒྲུབ〉གི་ ད་ལྟ་བ།】【〈སྒྲུབ〉གི་ ད་ལྟ་བ། ཐ་དད་པ།】"
                        ],
                        {
                            "པེ་": [
                                "དཔལ་ ནག་པོ་ ཆེན་པོ་",
                                "བསྒྲུབ་པ འི་",
                                "ཐབས་ འཕགས་པ་ ཀླུ་"
                            ],
                            "སྡེ་": [
                                "དཔལ་ ནག་པོ་ ཆེན་པོ་",
                                "སྒྲུབ་པ འི་",
                                "ཐབས་ འཕགས་པ་ ཀླུ་"
                            ],
                            "སྣར་": [
                                "དཔལ་ ནག་པོ་ ཆེན་པོ་",
                                "བསྒྲུབ་པ འི་",
                                "ཐབས་ འཕགས་པ་ ཀླུ་"
                            ]
                        }
                    ]
                }
            ],
            "diff_verb": [
                {
                    "3": [
                        [
                            "《སྨོད》ཞེས་པ།【〈སྨད〉གི་ ད་ལྟ་བ། ཐ་དད་པ།】【〈སྨད〉གི་ སྐུལ་ཚིག ཐ་དད་པ།】【〈སྨོད〉གི་ ད་ལྟ་བ།】【〈སྨོད〉གི་ ད་ལྟ་བ། ཐ་དད་པ།】【〈སྨོད〉གི་ སྐུལ་ཚིག】【〈སྨོད〉གི་ སྐུལ་ཚིག ཐ་དད་པ།】",
                            "《དམོད》ཞེས་པ།【〈དམད〉གི་ ད་ལྟ་བ། ཐ་དད་པ།】【〈དམད〉གི་ སྐུལ་ཚིག ཐ་དད་པ།】【〈དམོད〉གི་ ད་ལྟ་བ།】【〈དམོད〉གི་ སྐུལ་ཚིག】"
                        ],
                        {
                            "པེ་": [
                                "དང་  །_། བླ་མ་ ལ་",
                                "དམོད་",
                                "བསྟན་ ལ་ སྡང་  །_། དེ་"
                            ],
                            "སྡེ་": [
                                "དང་  །_། བླ་མ་ ལ་",
                                "སྨོད་",
                                "བསྟན་ ལ་ སྡང་  །_། དེ་"
                            ],
                            "སྣར་": [
                                "དང་  །_། བླ་མ་ ལ་",
                                "དམོད་",
                                "བསྟན་ ལ་ སྡང་  །_། དེ་"
                            ]
                        }
                    ]
                },
                {
                    "9": [
                        [
                            "《བཅོལ》ཞེས་པ།【〈བཅོལ〉གི་ མ་འོངས་པ། ཐ་དད་པ།】【〈བཅོལ〉གི་ འདས་པ། ཐ་དད་པ།】【〈འཆོལ〉གི་ མ་འོངས་པ།】【〈འཆོལ〉གི་ མ་འོངས་པ། ཐ་དད་པ།】【〈འཆོལ〉གི་ འདས་པ།】【〈འཆོལ〉གི་ འདས་པ། ཐ་དད་པ།】",
                            "《རྩོལ》ཞེས་པ།【〈བརྩལ〉གི་ ད་ལྟ་བ། ཐ་དད་པ།】【〈བརྩལ〉གི་ སྐུལ་ཚིག ཐ་དད་པ།】"
                        ],
                        {
                            "པེ་": [
                                "ལས་ རྣམས་ གང་ ཡིན་ དེ་",
                                "བཅོལ་",
                                "བྱ །_། ཡེ་ཤེས་ གཤེགས་"
                            ],
                            "སྡེ་": [
                                "ལས་ རྣམས་ གང་ ཡིན་ དེ་",
                                "རྩོལ་",
                                "བྱ །_། ཡེ་ཤེས་ གཤེགས་"
                            ],
                            "སྣར་": [
                                "ལས་ རྣམས་ གང་ ཡིན་ དེ་",
                                "བཅོལ་",
                                "བྱ །_། ཡེ་ཤེས་ གཤེགས་"
                            ]
                        }
                    ]
                },
                {
                    "10": [
                        [
                            "《སྦྱོར》ཞེས་པ།【〈སྦྱར〉གི་ ད་ལྟ་བ། ཐ་དད་པ།】【〈སྦྱར〉གི་ སྐུལ་ཚིག ཐ་དད་པ།】【〈སྦྱོར〉གི་ ད་ལྟ་བ།】【〈སྦྱོར〉གི་ ད་ལྟ་བ། ཐ་དད་པ།】【〈སྦྱོར〉གི་ སྐུལ་ཚིག】【〈སྦྱོར〉གི་ སྐུལ་ཚིག ཐ་དད་པ།】",
                            "《སྦྱར》ཞེས་པ།【〈སྦྱར〉གི་ མ་འོངས་པ། ཐ་དད་པ།】【〈སྦྱར〉གི་ འདས་པ། ཐ་དད་པ།】【〈སྦྱོར〉གི་ མ་འོངས་པ།】【〈སྦྱོར〉གི་ མ་འོངས་པ། ཐ་དད་པ།】【〈སྦྱོར〉གི་ འདས་པ།】【〈སྦྱོར〉གི་ འདས་པ། ཐ་དད་པ།】"
                        ],
                        {
                            "པེ་": [
                                "ངག་ བཞིན་ དུ་ ལས་ ལ་",
                                "སྦྱར",
                                "།_། བླ་མ འི་ གསུང་ གི་"
                            ],
                            "སྡེ་": [
                                "ངག་ བཞིན་ དུ་ ལས་ ལ་",
                                "སྦྱོར",
                                "།_། བླ་མ འི་ གསུང་ གི་"
                            ],
                            "སྣར་": [
                                "ངག་ བཞིན་ དུ་ ལས་ ལ་",
                                "སྦྱར",
                                "།_། བླ་མ འི་ གསུང་ གི་"
                            ]
                        }
                    ]
                }
            ],
            "not_sure": [
                {
                    "4": [
                        [
                            "《ཞི》ཞེས་པ།【】",
                            "《བྱི》ཞེས་པ།【〈འབྱི〉གི་ འདས་པ། ཐ་མི་དད་པ།】"
                        ],
                        {
                            "པེ་": [
                                " །_། གདུག་པ་ མ་ ལུས་",
                                "བྱི་",
                                "བྱས་ ཏེ །_། འགྲོ་ ཀུན་"
                            ],
                            "སྡེ་": [
                                " །_། གདུག་པ་ མ་ ལུས་",
                                "ཞི་",
                                "བྱས་ ཏེ །_། འགྲོ་ ཀུན་"
                            ],
                            "སྣར་": [
                                " །_། གདུག་པ་ མ་ ལུས་",
                                "བྱི་",
                                "བྱས་ ཏེ །_། འགྲོ་ ཀུན་"
                            ]
                        }
                    ]
                }
            ]
        }
    },
    "dunno": {
        "long_diff": [],
        "no_diff": [],
        "short_diff": []
    },
    "empty_notes": [
        {
            "16": [
                {
                    "པེ་": [
                        "ཆེན་པོ ས་ བསྒྱུར་བ འོ །། ",
                        "",
                        "ཆེན་པོ ས་ བསྒྱུར་བ འོ །། "
                    ],
                    "སྡེ་": [
                        "ཆེན་པོ ས་ བསྒྱུར་བ འོ །། ",
                        "",
                        "ཆེན་པོ ས་ བསྒྱུར་བ འོ །། "
                    ],
                    "སྣར་": [
                        "ཆེན་པོ ས་ བསྒྱུར་བ འོ །། ",
                        "",
                        "ཆེན་པོ ས་ བསྒྱུར་བ འོ །། "
                    ]
                }
            ]
        }
    ],
    "manual_categorisation": {
        "long_difference": {
            "differing_formulation": [],
            "major_modification": []
        },
        "manual_evaluation": {
            "derge_correct": [],
            "meaning_difference": {
                "great_diff": [],
                "medium_diff": [],
                "small_diff": []
            }
        }
    },
    "ngram_freq": {
        "1": {
            "པེ་": [
                [
                    "ནཱཾ",
                    "187"
                ]
            ],
            "སྡེ་": [
                [
                    "ནཾ",
                    "88"
                ]
            ],
            "སྣར་": [
                [
                    "ནཱཾ",
                    "187"
                ]
            ]
        },
        "10": {
            "པེ་": [
                [
                    "སྦྱར",
                    "985"
                ],
                [
                    "ལ་སྦྱར",
                    "47"
                ],
                [
                    "སྦྱར།_།",
                    "955"
                ],
                [
                    "ལ་སྦྱར།_།",
                    "46"
                ]
            ],
            "སྡེ་": [
                [
                    "སྦྱོར",
                    "529"
                ],
                [
                    "ལ་སྦྱོར",
                    "79"
                ],
                [
                    "སྦྱོར།_།",
                    "404"
                ]
            ],
            "སྣར་": [
                [
                    "སྦྱར",
                    "985"
                ],
                [
                    "ལ་སྦྱར",
                    "47"
                ],
                [
                    "སྦྱར།_།",
                    "955"
                ],
                [
                    "ལ་སྦྱར།_།",
                    "46"
                ]
            ]
        },
        "11": {
            "པེ་": [
                [
                    "གི",
                    "1276"
                ],
                [
                    "བདག་གི",
                    "11456"
                ]
            ],
            "སྡེ་": [
                [
                    "གིས",
                    "2588"
                ],
                [
                    "བདག་གིས",
                    "13868"
                ]
            ],
            "སྣར་": [
                [
                    "གི",
                    "1276"
                ],
                [
                    "བདག་གི",
                    "11456"
                ]
            ]
        },
        "12": {
            "པེ་": [
                [
                    "བསྒྲུབ་པའི",
                    "1015"
                ],
                [
                    "བསྒྲུབ་པའི་ཐབས",
                    "55"
                ]
            ],
            "སྡེ་": [
                [
                    "སྒྲུབ་པའི",
                    "1063"
                ],
                [
                    "སྒྲུབ་པའི་ཐབས",
                    "191"
                ]
            ],
            "སྣར་": [
                [
                    "བསྒྲུབ་པའི",
                    "1015"
                ],
                [
                    "བསྒྲུབ་པའི་ཐབས",
                    "55"
                ]
            ]
        },
        "13": {
            "པེ་": [
                [
                    "བསྒྲུབ་པའི",
                    "1015"
                ],
                [
                    "བསྒྲུབ་པའི་ཐབས",
                    "55"
                ]
            ],
            "སྡེ་": [
                [
                    "སྒྲུབ་པའི",
                    "1063"
                ],
                [
                    "སྒྲུབ་པའི་ཐབས",
                    "191"
                ]
            ],
            "སྣར་": [
                [
                    "བསྒྲུབ་པའི",
                    "1015"
                ],
                [
                    "བསྒྲུབ་པའི་ཐབས",
                    "55"
                ]
            ]
        },
        "14": {
            "པེ་": [
                [
                    "ཀྱི",
                    "5256"
                ],
                [
                    "ཀྱི་མཛད་པ",
                    "378"
                ]
            ],
            "སྡེ་": [
                [
                    "ཀྱིས",
                    "6156"
                ]
            ],
            "སྣར་": [
                [
                    "ཀྱི",
                    "5256"
                ],
                [
                    "ཀྱི་མཛད་པ",
                    "378"
                ]
            ]
        },
        "15": {
            "པེ་": [],
            "སྡེ་": [
                [
                    "ལོ་ཙཱ་བ",
                    "58"
                ]
            ],
            "སྣར་": []
        },
        "16": {
            "པེ་": [
                [
                    "",
                    "1"
                ],
                [
                    "ཆེན་པོ",
                    "1828"
                ],
                [
                    "ཆེན་པོས",
                    "474"
                ]
            ],
            "སྡེ་": [
                [
                    "",
                    "1"
                ],
                [
                    "ཆེན་པོ",
                    "1828"
                ],
                [
                    "ཆེན་པོས",
                    "474"
                ]
            ],
            "སྣར་": [
                [
                    "",
                    "1"
                ],
                [
                    "ཆེན་པོ",
                    "1828"
                ],
                [
                    "ཆེན་པོས",
                    "474"
                ]
            ]
        },
        "2": {
            "པེ་": [
                [
                    "གི",
                    "1276"
                ],
                [
                    "དབང་གི",
                    "549"
                ]
            ],
            "སྡེ་": [
                [
                    "གིས",
                    "2588"
                ],
                [
                    "དབང་གིས",
                    "70"
                ]
            ],
            "སྣར་": [
                [
                    "གི",
                    "1276"
                ],
                [
                    "དབང་གི",
                    "549"
                ]
            ]
        },
        "3": {
            "པེ་": [
                [
                    "དམོད",
                    "4"
                ]
            ],
            "སྡེ་": [
                [
                    "སྨོད",
                    "43"
                ],
                [
                    "ལ་སྨོད",
                    "310"
                ]
            ],
            "སྣར་": [
                [
                    "དམོད",
                    "4"
                ]
            ]
        },
        "4": {
            "པེ་": [
                [
                    "བྱི",
                    "6"
                ]
            ],
            "སྡེ་": [
                [
                    "ཞི",
                    "296"
                ],
                [
                    "ལུས་ཞི",
                    "47"
                ]
            ],
            "སྣར་": [
                [
                    "བྱི",
                    "6"
                ]
            ]
        },
        "5": {
            "པེ་": [
                [
                    "གྱི",
                    "3024"
                ],
                [
                    "ཆེན་གྱི",
                    "88"
                ]
            ],
            "སྡེ་": [
                [
                    "གྱིས",
                    "7492"
                ],
                [
                    "ཆེན་གྱིས",
                    "134"
                ]
            ],
            "སྣར་": [
                [
                    "གྱིས",
                    "7492"
                ],
                [
                    "ཆེན་གྱིས",
                    "134"
                ]
            ]
        },
        "6": {
            "པེ་": [
                [
                    "སྟིམ",
                    "1"
                ]
            ],
            "སྡེ་": [
                [
                    "བསྟིམ",
                    "53"
                ]
            ],
            "སྣར་": [
                [
                    "བསྟིམ",
                    "53"
                ]
            ]
        },
        "7": {
            "པེ་": [
                [
                    "སྟེང་དུ",
                    "3472"
                ]
            ],
            "སྡེ་": [
                [
                    "སྟེངས་སུ",
                    "47"
                ]
            ],
            "སྣར་": [
                [
                    "སྟེང་དུ",
                    "3472"
                ]
            ]
        },
        "8": {
            "པེ་": [
                [
                    "ཀྱིས",
                    "6156"
                ],
                [
                    "ཀྱིས།_།",
                    "3361"
                ],
                [
                    "སྤྱོད་ཀྱིས",
                    "90"
                ]
            ],
            "སྡེ་": [
                [
                    "ཀྱི",
                    "5256"
                ],
                [
                    "ཀྱི།_།",
                    "2371"
                ],
                [
                    "སྤྱོད་ཀྱི",
                    "137"
                ]
            ],
            "སྣར་": [
                [
                    "ཀྱི",
                    "5256"
                ],
                [
                    "ཀྱི།_།",
                    "2371"
                ],
                [
                    "སྤྱོད་ཀྱི",
                    "137"
                ]
            ]
        },
        "9": {
            "པེ་": [
                [
                    "བཅོལ",
                    "14"
                ]
            ],
            "སྡེ་": [
                [
                    "རྩོལ",
                    "10"
                ]
            ],
            "སྣར་": [
                [
                    "བཅོལ",
                    "14"
                ]
            ]
        }
    },
    "non_standard_notes": [],
    "profile": {
        "1": [
            "པེ་=སྣར་ སྡེ་",
            "75.00%"
        ],
        "10": [
            "པེ་=སྣར་ སྡེ་",
            "75.00%"
        ],
        "11": [
            "པེ་=སྣར་ སྡེ་",
            "75.00%"
        ],
        "12": [
            "པེ་=སྣར་ སྡེ་",
            "75.00%"
        ],
        "13": [
            "པེ་=སྣར་ སྡེ་",
            "75.00%"
        ],
        "14": [
            "པེ་=སྣར་ སྡེ་",
            "75.00%"
        ],
        "15": [
            "པེ་=སྣར་ སྡེ་",
            "75.00%"
        ],
        "16": [
            "པེ་=སྡེ་=སྣར་",
            "6.25%"
        ],
        "2": [
            "པེ་=སྣར་ སྡེ་",
            "75.00%"
        ],
        "3": [
            "པེ་=སྣར་ སྡེ་",
            "75.00%"
        ],
        "4": [
            "པེ་=སྣར་ སྡེ་",
            "75.00%"
        ],
        "5": [
            "པེ་ སྡེ་=སྣར་",
            "18.75%"
        ],
        "6": [
            "པེ་ སྡེ་=སྣར་",
            "18.75%"
        ],
        "7": [
            "པེ་=སྣར་ སྡེ་",
            "75.00%"
        ],
        "8": [
            "པེ་ སྡེ་=སྣར་",
            "18.75%"
        ],
        "9": [
            "པེ་=སྣར་ སྡེ་",
            "75.00%"
        ]
    }
}