﻿{
    "Stats": {
        "Categorised": "25 notes (78.12%)",
        "Notes’ total": 32,
        "Profiles": [
            "པེ་=སྣར་ སྡེ་: 37.50% (12 notes)",
            "པེ་=སྡེ་=སྣར་: 3.12% (1 notes)",
            "པེ་=སྡེ་ སྣར་: 15.62% (5 notes)",
            "པེ་ སྡེ་=སྣར་: 43.75% (14 notes)"
        ],
        "automatic_categorisation": {
            "min_mod": {
                "particle_groups": 6
            },
            "particle_issues": {},
            "spelling_mistake": {
                "non_word": {
                    "well_formed": 1
                }
            },
            "sskrt": 9,
            "verb_difference": {
                "diff_tense": 7,
                "diff_verb": 1
            }
        },
        "dunno": {
            "no_diff": 6,
            "short_diff": 1
        },
        "empty_notes": 1,
        "manual_categorisation": {
            "long_difference": {},
            "manual_evaluation": {
                "meaning_difference": {}
            }
        },
        "ngram_freq": {},
        "profile": {}
    },
    "automatic_categorisation": {
        "min_mod": {
            "min_mod_groups": [],
            "particle_groups": [
                {
                    "3": [
                        [
                            "dreldra"
                        ],
                        {
                            "པེ་": [
                                "འཕགས་པ་ འཇིག་རྟེན་ དབང་ཕྱུག་",
                                "",
                                "ཡི་གེ་ དྲུག་པ འི་ སྒྲུབ་"
                            ],
                            "སྡེ་": [
                                "འཕགས་པ་ འཇིག་རྟེན་ དབང་ཕྱུག་",
                                "",
                                "ཡི་གེ་ དྲུག་པ འི་ སྒྲུབ་"
                            ],
                            "སྣར་": [
                                "འཕགས་པ་ འཇིག་རྟེན་ དབང་ཕྱུག་",
                                "གི་",
                                "ཡི་གེ་ དྲུག་པ འི་ སྒྲུབ་"
                            ]
                        }
                    ]
                },
                {
                    "17": [
                        [
                            "ladon"
                        ],
                        {
                            "པེ་": [
                                "དབུ་སྐྲ་ མཐོན་ མཐིང་ #ལྕང་",
                                "ལོ ར་",
                                "འཁྱིལ །_། ཨ་ མི་ #ཏཱ་"
                            ],
                            "སྡེ་": [
                                "དབུ་སྐྲ་ མཐོན་ མཐིང་ #ལྕང་",
                                "ལོ་",
                                "འཁྱིལ །_། ཨ་ མི་ #ཏཱ་"
                            ],
                            "སྣར་": [
                                "དབུ་སྐྲ་ མཐོན་ མཐིང་ #ལྕང་",
                                "ལོ ར་",
                                "འཁྱིལ །_། ཨ་ མི་ #ཏཱ་"
                            ]
                        }
                    ]
                },
                {
                    "21": [
                        [
                            "dreldra",
                            "jedra"
                        ],
                        {
                            "པེ་": [
                                "བཅས་ སྐུ་ ནི་ མེད་པ་",
                                "ཡིས",
                                "།_། ཟུང་ འཇུག་ སྒྱུ་མ་"
                            ],
                            "སྡེ་": [
                                "བཅས་ སྐུ་ ནི་ མེད་པ་",
                                "ཡི",
                                "།_། ཟུང་ འཇུག་ སྒྱུ་མ་"
                            ],
                            "སྣར་": [
                                "བཅས་ སྐུ་ ནི་ མེད་པ་",
                                "ཡི",
                                "།_། ཟུང་ འཇུག་ སྒྱུ་མ་"
                            ]
                        }
                    ]
                },
                {
                    "22": [
                        [
                            "ladon"
                        ],
                        {
                            "པེ་": [
                                "པ་ དང་  །_། དུས་ གསུམ་",
                                "བདེ ར་",
                                "གཤེགས་ ཐམས་ཅད་ ཀྱིས །_། "
                            ],
                            "སྡེ་": [
                                "པ་ དང་  །_། དུས་ གསུམ་",
                                "བདེ་",
                                "གཤེགས་ ཐམས་ཅད་ ཀྱིས །_། "
                            ],
                            "སྣར་": [
                                "པ་ དང་  །_། དུས་ གསུམ་",
                                "བདེ་",
                                "གཤེགས་ ཐམས་ཅད་ ཀྱིས །_། "
                            ]
                        }
                    ]
                },
                {
                    "28": [
                        [
                            "ladon"
                        ],
                        {
                            "པེ་": [
                                "ཐུགས་ རྗེ འི་ དང་ དུ་",
                                "བཟོད་པ ར་",
                                "མཛད་པ ར་ རིགས །_། འདབ་"
                            ],
                            "སྡེ་": [
                                "ཐུགས་ རྗེ འི་ དང་ དུ་",
                                "བཟོད་པ་",
                                "མཛད་པ ར་ རིགས །_། འདབ་"
                            ],
                            "སྣར་": [
                                "ཐུགས་ རྗེ འི་ དང་ དུ་",
                                "བཟོད་པ་",
                                "མཛད་པ ར་ རིགས །_། འདབ་"
                            ]
                        }
                    ]
                },
                {
                    "29": [
                        [
                            "dreldra",
                            "jedra"
                        ],
                        {
                            "པེ་": [
                                "པོ་ འདི་ བསྡུས་ དགེ་བ་",
                                "ཡིས",
                                "།_། མུ་ མཐའ་ ཡས་པ འི་"
                            ],
                            "སྡེ་": [
                                "པོ་ འདི་ བསྡུས་ དགེ་བ་",
                                "ཡིས",
                                "།_། མུ་ མཐའ་ ཡས་པ འི་"
                            ],
                            "སྣར་": [
                                "པོ་ འདི་ བསྡུས་ དགེ་བ་",
                                "ཡི",
                                "།_། མུ་ མཐའ་ ཡས་པ འི་"
                            ]
                        }
                    ]
                }
            ]
        },
        "particle_issues": {
            "added_particle": [],
            "agreement_issue": [],
            "different_particles": [],
            "other": [],
            "po-bo-pa-ba": []
        },
        "spelling_mistake": {
            "missing_vowel": [],
            "nga_da": [],
            "non_word": {
                "ill_formed": [],
                "well_formed": [
                    {
                        "26": [
                            {
                                "པེ་": [
                                    "བསྟོད་ བྱ་ སྟེ །_། ཐུགས་",
                                    "གཉིས་",
                                    "པདྨ འི་ དཀྱིལ་འཁོར་ དུ །_། "
                                ],
                                "སྡེ་": [
                                    "བསྟོད་ བྱ་ སྟེ །_། ཐུགས་",
                                    "#ཉི་",
                                    "པདྨ འི་ དཀྱིལ་འཁོར་ དུ །_། "
                                ],
                                "སྣར་": [
                                    "བསྟོད་ བྱ་ སྟེ །_། ཐུགས་",
                                    "#ཉི་",
                                    "པདྨ འི་ དཀྱིལ་འཁོར་ དུ །_། "
                                ]
                            }
                        ]
                    }
                ]
            }
        },
        "sskrt": [
            {
                "1": [
                    {
                        "པེ་": [
                            "ཏེ་ #ཤྭ་ ར་ #ཥ་",
                            "#ཊཱ་",
                            "#ཀྵ་ ར་ #སཱ་ #དྷ་"
                        ],
                        "སྡེ་": [
                            "ཏེ་ #ཤྭ་ ར་ #ཥ་",
                            "#ཊ་",
                            "#ཀྵ་ ར་ #སཱ་ #དྷ་"
                        ],
                        "སྣར་": [
                            "ཏེ་ #ཤྭ་ ར་ #ཥ་",
                            "#ཊཱ་",
                            "#ཀྵ་ ར་ #སཱ་ #དྷ་"
                        ]
                    }
                ]
            },
            {
                "8": [
                    {
                        "པེ་": [
                            " །_། རང་ཉིད་ སྙིང་ ག ར་",
                            "#ཧྲི་ བལྟས་",
                            "ལ །_། འོད་ ཀྱིས་"
                        ],
                        "སྡེ་": [
                            " །_། རང་ཉིད་ སྙིང་ ག ར་",
                            "#ཧྲཱིཿབལྟས་",
                            "ལ །_། འོད་ ཀྱིས་"
                        ],
                        "སྣར་": [
                            " །_། རང་ཉིད་ སྙིང་ ག ར་",
                            "#ཧྲཱིཿབལྟས་",
                            "ལ །_། འོད་ ཀྱིས་"
                        ]
                    }
                ]
            },
            {
                "11": [
                    {
                        "པེ་": [
                            "བྱ །_། ཨོཾ་ མ་ #ཧཱ་",
                            "#ཤུ་",
                            "#ནྱ་ #ཏཱ་ #ཛྙཱ་ ན་"
                        ],
                        "སྡེ་": [
                            "བྱ །_། ཨོཾ་ མ་ #ཧཱ་",
                            "#ཤཱུ་",
                            "#ནྱ་ #ཏཱ་ #ཛྙཱ་ ན་"
                        ],
                        "སྣར་": [
                            "བྱ །_། ཨོཾ་ མ་ #ཧཱ་",
                            "#ཤཱུ་",
                            "#ནྱ་ #ཏཱ་ #ཛྙཱ་ ན་"
                        ]
                    }
                ]
            },
            {
                "12": [
                    {
                        "པེ་": [
                            "#ཛྙཱ་ ན་ #བཛྲ་ #སྭ་",
                            "#བྷ་བ་ #ཨཱཏྨ་ #ཀོཧཾ",
                            "། "
                        ],
                        "སྡེ་": [
                            "#ཛྙཱ་ ན་ #བཛྲ་ #སྭ་",
                            "#བྷཱ་བ་ #ཨཱཏྨ་ #ཀོ྅ཧཾ",
                            "། "
                        ],
                        "སྣར་": [
                            "#ཛྙཱ་ ན་ #བཛྲ་ #སྭ་",
                            "#བྷཱ་བ་ #ཨཱཏྨ་ #ཀོ྅ཧཾ",
                            "། "
                        ]
                    }
                ]
            },
            {
                "13": [
                    {
                        "པེ་": [
                            "#སྭ་ #བྷཱ་བ་ #ཨཱཏྨ་",
                            "#ཀོཧཾ",
                            "།_ དངོས་ རྣམས་"
                        ],
                        "སྡེ་": [
                            "#སྭ་ #བྷཱ་བ་ #ཨཱཏྨ་",
                            "#ཀོ྅ཧཾ",
                            "།_ དངོས་ རྣམས་"
                        ],
                        "སྣར་": [
                            "#སྭ་ #བྷཱ་བ་ #ཨཱཏྨ་",
                            "#ཀོཧཾ",
                            "།_ དངོས་ རྣམས་"
                        ]
                    }
                ]
            },
            {
                "15": [
                    {
                        "པེ་": [
                            "རྩི་ རི་རབ་ སྟེ །_།",
                            "#བྷྲུཾ་",
                            "ལས་ རིན་ཆེན་ གཞལ་ ཡས་"
                        ],
                        "སྡེ་": [
                            "རྩི་ རི་རབ་ སྟེ །_།",
                            "#བྷཱུཾ་",
                            "ལས་ རིན་ཆེན་ གཞལ་ ཡས་"
                        ],
                        "སྣར་": [
                            "རྩི་ རི་རབ་ སྟེ །_།",
                            "#བྷྲུཾ་",
                            "ལས་ རིན་ཆེན་ གཞལ་ ཡས་"
                        ]
                    }
                ]
            },
            {
                "16": [
                    {
                        "པེ་": [
                            "པདྨ་ ཟླ་བ འི་ སྟེང་  །_།",
                            "#ཧྲཱི་ ལས་",
                            "འོད་ འཕྲོས་ དོན་ བྱས་"
                        ],
                        "སྡེ་": [
                            "པདྨ་ ཟླ་བ འི་ སྟེང་  །_།",
                            "#ཧྲཱིཿལས་",
                            "འོད་ འཕྲོས་ དོན་ བྱས་"
                        ],
                        "སྣར་": [
                            "པདྨ་ ཟླ་བ འི་ སྟེང་  །_།",
                            "#ཧྲཱི་ ལས་",
                            "འོད་ འཕྲོས་ དོན་ བྱས་"
                        ]
                    }
                ]
            },
            {
                "18": [
                    {
                        "པེ་": [
                            "ལོ་ འཁྱིལ །_། ཨ་ མི་",
                            "དེ་བ ས་",
                            "སྤྱི་ #གཙུག་ བརྒྱན །_། མཚན་"
                        ],
                        "སྡེ་": [
                            "ལོ་ འཁྱིལ །_། ཨ་ མི་",
                            "#ཏཱ་ #བྷས་",
                            "སྤྱི་ #གཙུག་ བརྒྱན །_། མཚན་"
                        ],
                        "སྣར་": [
                            "ལོ་ འཁྱིལ །_། ཨ་ མི་",
                            "དེ་བ ས་",
                            "སྤྱི་ #གཙུག་ བརྒྱན །_། མཚན་"
                        ]
                    }
                ]
            },
            {
                "31": [
                    {
                        "པེ་": [
                            "དང་  །_ བོད་ ཀྱི་",
                            "ལོ་ #ཙ་བ་",
                            "བཙུན་པ་ རྒྱལ་བ་"
                        ],
                        "སྡེ་": [
                            "དང་  །_ བོད་ ཀྱི་",
                            "ལོ་ཙཱ་བ་",
                            "བཙུན་པ་ རྒྱལ་བ་"
                        ],
                        "སྣར་": [
                            "དང་  །_ བོད་ ཀྱི་",
                            "ལོ་ #ཙ་བ་",
                            "བཙུན་པ་ རྒྱལ་བ་"
                        ]
                    }
                ]
            }
        ],
        "verb_difference": {
            "diff_tense": [
                {
                    "7": [
                        [
                            "《བཤམ》ཞེས་པ།【〈གཤོམ〉གི་ མ་འོངས་པ།】【〈གཤོམ〉གི་ མ་འོངས་པ། ཐ་དད་པ།】",
                            "《བཤམས》ཞེས་པ།【〈གཤོམ〉གི་ འདས་པ།】【〈གཤོམ〉གི་ འདས་པ། ཐ་དད་པ།】"
                        ],
                        {
                            "པེ་": [
                                "དང་ མཆོད་པ་ རིམ་ བཞིན་",
                                "བཤམ",
                                "_།། དེ་ནས་ འཚེ་ དོགས་"
                            ],
                            "སྡེ་": [
                                "དང་ མཆོད་པ་ རིམ་ བཞིན་",
                                "བཤམས",
                                "_།། དེ་ནས་ འཚེ་ དོགས་"
                            ],
                            "སྣར་": [
                                "དང་ མཆོད་པ་ རིམ་ བཞིན་",
                                "བཤམ",
                                "_།། དེ་ནས་ འཚེ་ དོགས་"
                            ]
                        }
                    ]
                },
                {
                    "9": [
                        [
                            "《དྲངས》ཞེས་པ།【〈འདྲེན〉གི་ འདས་པ།】【〈འདྲེན〉གི་ འདས་པ། ཐ་དད་པ།】",
                            "《དྲང》ཞེས་པ།【〈འདྲེན〉གི་ མ་འོངས་པ།】【〈འདྲེན〉གི་ མ་འོངས་པ། ཐ་དད་པ།】"
                        ],
                        {
                            "པེ་": [
                                "འོད་ ཀྱིས་ འཕགས་པ་ སྤྱན་",
                                "དྲང་",
                                "ཞིང་  །_། ཕྱག་ འཚལ་ མཆོད་"
                            ],
                            "སྡེ་": [
                                "འོད་ ཀྱིས་ འཕགས་པ་ སྤྱན་",
                                "དྲང་",
                                "ཞིང་  །_། ཕྱག་ འཚལ་ མཆོད་"
                            ],
                            "སྣར་": [
                                "འོད་ ཀྱིས་ འཕགས་པ་ སྤྱན་",
                                "དྲངས་",
                                "ཞིང་  །_། ཕྱག་ འཚལ་ མཆོད་"
                            ]
                        }
                    ]
                },
                {
                    "10": [
                        [
                            "《བསགས》ཞེས་པ།【〈གསོག〉གི་ འདས་པ།】【〈གསོག〉གི་ འདས་པ། ཐ་དད་པ།】",
                            "《བསག》ཞེས་པ།【〈གསོག〉གི་ མ་འོངས་པ།】【〈གསོག〉གི་ མ་འོངས་པ། ཐ་དད་པ།】"
                        ],
                        {
                            "པེ་": [
                                " །_། བསོད་ནམས་ ཚོགས་ ནི་",
                                "བསག་པ ར་",
                                "བྱ །_། འགྲོ་ ལ་"
                            ],
                            "སྡེ་": [
                                " །_། བསོད་ནམས་ ཚོགས་ ནི་",
                                "བསགས་པ ར་",
                                "བྱ །_། འགྲོ་ ལ་"
                            ],
                            "སྣར་": [
                                " །_། བསོད་ནམས་ ཚོགས་ ནི་",
                                "བསག་པ ར་",
                                "བྱ །_། འགྲོ་ ལ་"
                            ]
                        }
                    ]
                },
                {
                    "23": [
                        [
                            "《བཞག》ཞེས་པ།【〈འཇོག〉གི་ འདས་པ།】【〈འཇོག〉གི་ འདས་པ། ཐ་དད་པ།】",
                            "《གཞག》ཞེས་པ།【〈འཇོག〉གི་ མ་འོངས་པ།】【〈འཇོག〉གི་ མ་འོངས་པ། ཐ་དད་པ།】"
                        ],
                        {
                            "པེ་": [
                                "བཞིན་ ཉིད་ ཀྱི་ དང་ དུ་",
                                "བཞག",
                                "། དེ་ ལས་ ཅུང་ཟད་"
                            ],
                            "སྡེ་": [
                                "བཞིན་ ཉིད་ ཀྱི་ དང་ དུ་",
                                "གཞག",
                                "། དེ་ ལས་ ཅུང་ཟད་"
                            ],
                            "སྣར་": [
                                "བཞིན་ ཉིད་ ཀྱི་ དང་ དུ་",
                                "གཞག",
                                "། དེ་ ལས་ ཅུང་ཟད་"
                            ]
                        }
                    ]
                },
                {
                    "24": [
                        [
                            "《གྲགས》ཞེས་པ།【〈གྲག〉གི་ འདས་པ། ཐ་མི་དད་པ།】",
                            "《གྲག》ཞེས་པ།【〈གྲག〉གི་ ད་ལྟ་བ། ཐ་མི་དད་པ།】【〈གྲག〉གི་ མ་འོངས་པ། ཐ་མི་དད་པ།】"
                        ],
                        {
                            "པེ་": [
                                "རྒྱུན་ ལྟར་ བསྒོམ །_། སྣང་",
                                "གྲགས་",
                                "སྐུ་ གསུང་ ཐུགས་ སུ་ ཁྱེར"
                            ],
                            "སྡེ་": [
                                "རྒྱུན་ ལྟར་ བསྒོམ །_། སྣང་",
                                "གྲག་",
                                "སྐུ་ གསུང་ ཐུགས་ སུ་ ཁྱེར"
                            ],
                            "སྣར་": [
                                "རྒྱུན་ ལྟར་ བསྒོམ །_། སྣང་",
                                "གྲགས་",
                                "སྐུ་ གསུང་ ཐུགས་ སུ་ ཁྱེར"
                            ]
                        }
                    ]
                },
                {
                    "25": [
                        [
                            "《བསགས》ཞེས་པ།【〈གསོག〉གི་ འདས་པ།】【〈གསོག〉གི་ འདས་པ། ཐ་དད་པ།】",
                            "《བསག》ཞེས་པ།【〈གསོག〉གི་ མ་འོངས་པ།】【〈གསོག〉གི་ མ་འོངས་པ། ཐ་དད་པ།】"
                        ],
                        {
                            "པེ་": [
                                "གཞན་ ཡང་ བསོད་ནམས་ ཚོགས་",
                                "བསག་",
                                "ཕྱིར །_། མདུན་ གྱི་"
                            ],
                            "སྡེ་": [
                                "གཞན་ ཡང་ བསོད་ནམས་ ཚོགས་",
                                "བསགས་",
                                "ཕྱིར །_། མདུན་ གྱི་"
                            ],
                            "སྣར་": [
                                "གཞན་ ཡང་ བསོད་ནམས་ ཚོགས་",
                                "བསགས་",
                                "ཕྱིར །_། མདུན་ གྱི་"
                            ]
                        }
                    ]
                },
                {
                    "27": [
                        [
                            "《གྱུར》ཞེས་པ།【〈འགྱུར〉གི་ འདས་པ། ཐ་མི་དད་པ།】",
                            "《འགྱུར》ཞེས་པ།【གཟུགས་མི་འགྱུར་བ།】【〈འགྱུར〉གི་ ད་ལྟ་བ། ཐ་མི་དད་པ།】【〈འགྱུར〉གི་ མ་འོངས་པ། ཐ་མི་དད་པ།】"
                        ],
                        {
                            "པེ་": [
                                "ཐུབ་པ འི་ བསྟན་པ་ རྒྱས་",
                                "གྱུར་",
                                "ཏེ །_ འཇིག་རྟེན་ དབང་"
                            ],
                            "སྡེ་": [
                                "ཐུབ་པ འི་ བསྟན་པ་ རྒྱས་",
                                "འགྱུར་",
                                "ཏེ །_ འཇིག་རྟེན་ དབང་"
                            ],
                            "སྣར་": [
                                "ཐུབ་པ འི་ བསྟན་པ་ རྒྱས་",
                                "འགྱུར་",
                                "ཏེ །_ འཇིག་རྟེན་ དབང་"
                            ]
                        }
                    ]
                }
            ],
            "diff_verb": [
                {
                    "19": [
                        [
                            "《འཕྱང》ཞེས་པ།【〈འཕྱང〉གི་ ད་ལྟ་བ། ཐ་མི་དད་པ།】【〈འཕྱང〉གི་ མ་འོངས་པ། ཐ་མི་དད་པ།】",
                            "《འཆང》ཞེས་པ།【〈བཅང〉གི་ ད་ལྟ་བ། ཐ་དད་པ།】【〈འཆང〉གི་ ད་ལྟ་བ།】【〈འཆང〉གི་ ད་ལྟ་བ། ཐ་དད་པ།】"
                        ],
                        {
                            "པེ་": [
                                "དར་ གྱི་ ན་ བཟའ་",
                                "འཕྱང་",
                                " །_། འཇིག་རྟེན་ གསུམ་ གྱི་"
                            ],
                            "སྡེ་": [
                                "དར་ གྱི་ ན་ བཟའ་",
                                "འཆང་",
                                " །_། འཇིག་རྟེན་ གསུམ་ གྱི་"
                            ],
                            "སྣར་": [
                                "དར་ གྱི་ ན་ བཟའ་",
                                "འཕྱང་",
                                " །_། འཇིག་རྟེན་ གསུམ་ གྱི་"
                            ]
                        }
                    ]
                }
            ],
            "not_sure": []
        }
    },
    "dunno": {
        "long_diff": [],
        "no_diff": [
            {
                "2": [
                    {
                        "པེ་": [
                            "ར་ #ཥ་ #ཊ་ #ཀྵ་",
                            "",
                            "#སཱ་ #དྷ་ #ནཾ །_ བོད་"
                        ],
                        "སྡེ་": [
                            "ར་ #ཥ་ #ཊ་ #ཀྵ་",
                            "ར་",
                            "#སཱ་ #དྷ་ #ནཾ །_ བོད་"
                        ],
                        "སྣར་": [
                            "ར་ #ཥ་ #ཊ་ #ཀྵ་",
                            "ར་",
                            "#སཱ་ #དྷ་ #ནཾ །_ བོད་"
                        ]
                    }
                ]
            },
            {
                "4": [
                    {
                        "པེ་": [
                            " །_། བླ་མ་ དཀོན་མཆོག་",
                            "ལ་",
                            "གུས་ ཤིང་  །_། སྙིང་རྗེ་"
                        ],
                        "སྡེ་": [
                            " །_། བླ་མ་ དཀོན་མཆོག་",
                            "གསུམ་",
                            "གུས་ ཤིང་  །_། སྙིང་རྗེ་"
                        ],
                        "སྣར་": [
                            " །_། བླ་མ་ དཀོན་མཆོག་",
                            "གསུམ་",
                            "གུས་ ཤིང་  །_། སྙིང་རྗེ་"
                        ]
                    }
                ]
            },
            {
                "5": [
                    {
                        "པེ་": [
                            "འབྱོར་ གྱིས །_། བཀྲ་ཤིས་",
                            "བྱིན་ ཆགས་ ཡིད་ འོང་བ འི",
                            "_།། དབེན་པ འི་ གནས་ སུ་"
                        ],
                        "སྡེ་": [
                            "འབྱོར་ གྱིས །_། བཀྲ་ཤིས་",
                            "ཡིད་ འོང་ བྱིན་ ཆགས་པ འི",
                            "_།། དབེན་པ འི་ གནས་ སུ་"
                        ],
                        "སྣར་": [
                            "འབྱོར་ གྱིས །_། བཀྲ་ཤིས་",
                            "ཡིད་ འོང་ བྱིན་ ཆགས་པ འི",
                            "_།། དབེན་པ འི་ གནས་ སུ་"
                        ]
                    }
                ]
            },
            {
                "6": [
                    {
                        "པེ་": [
                            "སྦྱིན་ ལ་སོགས་ སྔོན་",
                            "སོང་ ནས",
                            "_།། རྟེན་ དང་ མཆོད་པ་"
                        ],
                        "སྡེ་": [
                            "སྦྱིན་ ལ་སོགས་ སྔོན་",
                            "སོང་བ ས",
                            "_།། རྟེན་ དང་ མཆོད་པ་"
                        ],
                        "སྣར་": [
                            "སྦྱིན་ ལ་སོགས་ སྔོན་",
                            "སོང་བ ས",
                            "_།། རྟེན་ དང་ མཆོད་པ་"
                        ]
                    }
                ]
            },
            {
                "14": [
                    {
                        "པེ་": [
                            "ལས །_། རླུང་ དང་ བདུད་",
                            "རྩི་",
                            "རི་རབ་ སྟེ །_།"
                        ],
                        "སྡེ་": [
                            "ལས །_། རླུང་ དང་ བདུད་",
                            "རྩི་",
                            "རི་རབ་ སྟེ །_།"
                        ],
                        "སྣར་": [
                            "ལས །_། རླུང་ དང་ བདུད་",
                            "རྩི འི་",
                            "རི་རབ་ སྟེ །_།"
                        ]
                    }
                ]
            },
            {
                "20": [
                    {
                        "པེ་": [
                            "དེ་ནས་ གནས་ གསུམ་ བྱིན་",
                            "བརླབ་ སྟེ",
                            "།_། སྤྱི་བོ་ མགྲིན་པ་"
                        ],
                        "སྡེ་": [
                            "དེ་ནས་ གནས་ གསུམ་ བྱིན་",
                            "བརླབས་ ཏེ",
                            "།_། སྤྱི་བོ་ མགྲིན་པ་"
                        ],
                        "སྣར་": [
                            "དེ་ནས་ གནས་ གསུམ་ བྱིན་",
                            "བརླབ་ སྟེ",
                            "།_། སྤྱི་བོ་ མགྲིན་པ་"
                        ]
                    }
                ]
            }
        ],
        "short_diff": [
            {
                "30": [
                    {
                        "པེ་": [
                            "པདྨ འི་ ཞལ་ #སྔ་",
                            "ནས་ དང་ ",
                            "།_ བོད་ ཀྱི་ ལོ་"
                        ],
                        "སྡེ་": [
                            "པདྨ འི་ ཞལ་ #སྔ་",
                            "ནས་ དང་ ",
                            "།_ བོད་ ཀྱི་ ལོ་"
                        ],
                        "སྣར་": [
                            "པདྨ འི་ ཞལ་ #སྔ་",
                            "ནས",
                            "།_ བོད་ ཀྱི་ ལོ་"
                        ]
                    }
                ]
            }
        ]
    },
    "empty_notes": [
        {
            "32": [
                {
                    "པེ་": [
                        "དབྱངས་ ཀྱིས་ བསྒྱུར་བ འོ །། ",
                        "",
                        "དབྱངས་ ཀྱིས་ བསྒྱུར་བ འོ །། "
                    ],
                    "སྡེ་": [
                        "དབྱངས་ ཀྱིས་ བསྒྱུར་བ འོ །། ",
                        "",
                        "དབྱངས་ ཀྱིས་ བསྒྱུར་བ འོ །། "
                    ],
                    "སྣར་": [
                        "དབྱངས་ ཀྱིས་ བསྒྱུར་བ འོ །། ",
                        "",
                        "དབྱངས་ ཀྱིས་ བསྒྱུར་བ འོ །། "
                    ]
                }
            ]
        }
    ],
    "manual_categorisation": {
        "long_difference": {
            "differing_formulation": [],
            "major_modification": []
        },
        "manual_evaluation": {
            "derge_correct": [],
            "meaning_difference": {
                "great_diff": [],
                "medium_diff": [],
                "small_diff": []
            }
        }
    },
    "ngram_freq": {
        "1": {
            "པེ་": [
                [
                    "ཊཱ",
                    "37"
                ]
            ],
            "སྡེ་": [
                [
                    "ཊ",
                    "463"
                ],
                [
                    "ཥ་ཊ",
                    "49"
                ]
            ],
            "སྣར་": [
                [
                    "ཊཱ",
                    "37"
                ]
            ]
        },
        "10": {
            "པེ་": [],
            "སྡེ་": [
                [
                    "བསགས་པར",
                    "91"
                ]
            ],
            "སྣར་": []
        },
        "11": {
            "པེ་": [
                [
                    "ཤུ",
                    "31"
                ]
            ],
            "སྡེ་": [
                [
                    "ཤཱུ",
                    "1"
                ]
            ],
            "སྣར་": [
                [
                    "ཤཱུ",
                    "1"
                ]
            ]
        },
        "12": {
            "པེ་": [],
            "སྡེ་": [],
            "སྣར་": []
        },
        "13": {
            "པེ་": [],
            "སྡེ་": [
                [
                    "ཀོ྅ཧཾ",
                    "5"
                ]
            ],
            "སྣར་": []
        },
        "14": {
            "པེ་": [
                [
                    "རྩི",
                    "13"
                ],
                [
                    "བདུད་རྩི",
                    "1977"
                ]
            ],
            "སྡེ་": [
                [
                    "རྩི",
                    "13"
                ],
                [
                    "བདུད་རྩི",
                    "1977"
                ]
            ],
            "སྣར་": [
                [
                    "རྩིའི",
                    "1"
                ],
                [
                    "བདུད་རྩིའི",
                    "732"
                ]
            ]
        },
        "15": {
            "པེ་": [
                [
                    "བྷྲུཾ",
                    "2"
                ]
            ],
            "སྡེ་": [],
            "སྣར་": [
                [
                    "བྷྲུཾ",
                    "2"
                ]
            ]
        },
        "16": {
            "པེ་": [],
            "སྡེ་": [
                [
                    "ཧྲཱིཿལས",
                    "16"
                ]
            ],
            "སྣར་": []
        },
        "17": {
            "པེ་": [
                [
                    "ལོར",
                    "4"
                ]
            ],
            "སྡེ་": [
                [
                    "ལོ",
                    "14961"
                ],
                [
                    "ལྕང་ལོ",
                    "214"
                ]
            ],
            "སྣར་": [
                [
                    "ལོར",
                    "4"
                ]
            ]
        },
        "18": {
            "པེ་": [
                [
                    "དེ་བས",
                    "4541"
                ]
            ],
            "སྡེ་": [],
            "སྣར་": [
                [
                    "དེ་བས",
                    "4541"
                ]
            ]
        },
        "19": {
            "པེ་": [
                [
                    "འཕྱང",
                    "2"
                ]
            ],
            "སྡེ་": [
                [
                    "འཆང",
                    "5"
                ]
            ],
            "སྣར་": [
                [
                    "འཕྱང",
                    "2"
                ]
            ]
        },
        "2": {
            "པེ་": [
                [
                    "",
                    "1"
                ],
                [
                    "ཀྵ",
                    "29"
                ],
                [
                    "སཱ",
                    "17"
                ]
            ],
            "སྡེ་": [
                [
                    "ར",
                    "2609"
                ]
            ],
            "སྣར་": [
                [
                    "ར",
                    "2609"
                ]
            ]
        },
        "20": {
            "པེ་": [],
            "སྡེ་": [
                [
                    "བརླབས་ཏེ",
                    "90"
                ],
                [
                    "བརླབས་ཏེ།_།",
                    "64"
                ],
                [
                    "བྱིན་བརླབས་ཏེ",
                    "65"
                ],
                [
                    "བྱིན་བརླབས་ཏེ།_།",
                    "64"
                ]
            ],
            "སྣར་": []
        },
        "21": {
            "པེ་": [
                [
                    "ཡིས",
                    "7433"
                ],
                [
                    "ཡིས།_།",
                    "7321"
                ],
                [
                    "མེད་པ་ཡིས",
                    "69"
                ],
                [
                    "མེད་པ་ཡིས།_།",
                    "69"
                ]
            ],
            "སྡེ་": [
                [
                    "ཡི",
                    "8322"
                ],
                [
                    "ཡི།_།",
                    "8252"
                ],
                [
                    "མེད་པ་ཡི",
                    "152"
                ],
                [
                    "མེད་པ་ཡི།_།",
                    "233"
                ]
            ],
            "སྣར་": [
                [
                    "ཡི",
                    "8322"
                ],
                [
                    "ཡི།_།",
                    "8252"
                ],
                [
                    "མེད་པ་ཡི",
                    "152"
                ],
                [
                    "མེད་པ་ཡི།_།",
                    "233"
                ]
            ]
        },
        "22": {
            "པེ་": [
                [
                    "བདེར",
                    "455"
                ],
                [
                    "བདེར་གཤེགས",
                    "143"
                ]
            ],
            "སྡེ་": [
                [
                    "བདེ",
                    "366"
                ],
                [
                    "བདེ་གཤེགས",
                    "2106"
                ]
            ],
            "སྣར་": [
                [
                    "བདེ",
                    "366"
                ],
                [
                    "བདེ་གཤེགས",
                    "2106"
                ]
            ]
        },
        "23": {
            "པེ་": [
                [
                    "བཞག",
                    "491"
                ],
                [
                    "དུ་བཞག",
                    "59"
                ]
            ],
            "སྡེ་": [
                [
                    "གཞག",
                    "599"
                ],
                [
                    "དུ་གཞག",
                    "67"
                ]
            ],
            "སྣར་": [
                [
                    "གཞག",
                    "599"
                ],
                [
                    "དུ་གཞག",
                    "67"
                ]
            ]
        },
        "24": {
            "པེ་": [
                [
                    "གྲགས",
                    "882"
                ]
            ],
            "སྡེ་": [
                [
                    "གྲག",
                    "56"
                ]
            ],
            "སྣར་": [
                [
                    "གྲགས",
                    "882"
                ]
            ]
        },
        "25": {
            "པེ་": [
                [
                    "བསག",
                    "5"
                ]
            ],
            "སྡེ་": [
                [
                    "བསགས",
                    "37"
                ],
                [
                    "ཚོགས་བསགས",
                    "154"
                ]
            ],
            "སྣར་": [
                [
                    "བསགས",
                    "37"
                ],
                [
                    "ཚོགས་བསགས",
                    "154"
                ]
            ]
        },
        "26": {
            "པེ་": [
                [
                    "གཉིས",
                    "698"
                ]
            ],
            "སྡེ་": [
                [
                    "ཉི",
                    "9"
                ]
            ],
            "སྣར་": [
                [
                    "ཉི",
                    "9"
                ]
            ]
        },
        "27": {
            "པེ་": [
                [
                    "གྱུར",
                    "4361"
                ],
                [
                    "གྱུར་ཏེ",
                    "1118"
                ],
                [
                    "རྒྱས་གྱུར",
                    "57"
                ]
            ],
            "སྡེ་": [
                [
                    "འགྱུར",
                    "31151"
                ],
                [
                    "འགྱུར་ཏེ",
                    "1517"
                ],
                [
                    "རྒྱས་འགྱུར",
                    "123"
                ]
            ],
            "སྣར་": [
                [
                    "འགྱུར",
                    "31151"
                ],
                [
                    "འགྱུར་ཏེ",
                    "1517"
                ],
                [
                    "རྒྱས་འགྱུར",
                    "123"
                ]
            ]
        },
        "28": {
            "པེ་": [
                [
                    "བཟོད་པར",
                    "732"
                ]
            ],
            "སྡེ་": [
                [
                    "བཟོད་པ",
                    "5424"
                ],
                [
                    "དུ་བཟོད་པ",
                    "51"
                ]
            ],
            "སྣར་": [
                [
                    "བཟོད་པ",
                    "5424"
                ],
                [
                    "དུ་བཟོད་པ",
                    "51"
                ]
            ]
        },
        "29": {
            "པེ་": [
                [
                    "ཡིས",
                    "7433"
                ],
                [
                    "ཡིས།_།",
                    "7321"
                ]
            ],
            "སྡེ་": [
                [
                    "ཡིས",
                    "7433"
                ],
                [
                    "ཡིས།_།",
                    "7321"
                ]
            ],
            "སྣར་": [
                [
                    "ཡི",
                    "8322"
                ],
                [
                    "ཡི།_།",
                    "8252"
                ]
            ]
        },
        "3": {
            "པེ་": [
                [
                    "",
                    "1"
                ],
                [
                    "ཡི་གེ",
                    "6157"
                ],
                [
                    "དབང་ཕྱུག",
                    "139"
                ]
            ],
            "སྡེ་": [
                [
                    "",
                    "1"
                ],
                [
                    "ཡི་གེ",
                    "6157"
                ],
                [
                    "དབང་ཕྱུག",
                    "139"
                ]
            ],
            "སྣར་": [
                [
                    "གི",
                    "1276"
                ],
                [
                    "གི་ཡི་གེ",
                    "118"
                ],
                [
                    "དབང་ཕྱུག་གི",
                    "833"
                ]
            ]
        },
        "30": {
            "པེ་": [
                [
                    "ནས་དང",
                    "278"
                ],
                [
                    "ནས་དང་།_",
                    "72"
                ]
            ],
            "སྡེ་": [
                [
                    "ནས་དང",
                    "278"
                ],
                [
                    "ནས་དང་།_",
                    "72"
                ]
            ],
            "སྣར་": [
                [
                    "ནས",
                    "35333"
                ],
                [
                    "ནས།_",
                    "25825"
                ],
                [
                    "སྔ་ནས",
                    "423"
                ]
            ]
        },
        "31": {
            "པེ་": [],
            "སྡེ་": [
                [
                    "ལོ་ཙཱ་བ",
                    "58"
                ]
            ],
            "སྣར་": []
        },
        "32": {
            "པེ་": [
                [
                    "",
                    "1"
                ],
                [
                    "དབྱངས",
                    "92"
                ],
                [
                    "དབྱངས་ཀྱིས",
                    "554"
                ]
            ],
            "སྡེ་": [
                [
                    "",
                    "1"
                ],
                [
                    "དབྱངས",
                    "92"
                ],
                [
                    "དབྱངས་ཀྱིས",
                    "554"
                ]
            ],
            "སྣར་": [
                [
                    "",
                    "1"
                ],
                [
                    "དབྱངས",
                    "92"
                ],
                [
                    "དབྱངས་ཀྱིས",
                    "554"
                ]
            ]
        },
        "4": {
            "པེ་": [
                [
                    "ལ",
                    "33965"
                ],
                [
                    "ལ་གུས",
                    "743"
                ]
            ],
            "སྡེ་": [
                [
                    "གསུམ",
                    "586"
                ],
                [
                    "དཀོན་མཆོག་གསུམ",
                    "1242"
                ]
            ],
            "སྣར་": [
                [
                    "གསུམ",
                    "586"
                ],
                [
                    "དཀོན་མཆོག་གསུམ",
                    "1242"
                ]
            ]
        },
        "5": {
            "པེ་": [],
            "སྡེ་": [],
            "སྣར་": []
        },
        "6": {
            "པེ་": [
                [
                    "སོང་ནས",
                    "1935"
                ]
            ],
            "སྡེ་": [
                [
                    "སོང་བས",
                    "170"
                ]
            ],
            "སྣར་": [
                [
                    "སོང་བས",
                    "170"
                ]
            ]
        },
        "7": {
            "པེ་": [
                [
                    "བཤམ",
                    "21"
                ]
            ],
            "སྡེ་": [
                [
                    "བཤམས",
                    "39"
                ]
            ],
            "སྣར་": [
                [
                    "བཤམ",
                    "21"
                ]
            ]
        },
        "8": {
            "པེ་": [],
            "སྡེ་": [],
            "སྣར་": []
        },
        "9": {
            "པེ་": [
                [
                    "དྲང",
                    "1"
                ],
                [
                    "དྲང་ཞིང",
                    "68"
                ],
                [
                    "སྤྱན་དྲང",
                    "428"
                ]
            ],
            "སྡེ་": [
                [
                    "དྲང",
                    "1"
                ],
                [
                    "དྲང་ཞིང",
                    "68"
                ],
                [
                    "སྤྱན་དྲང",
                    "428"
                ]
            ],
            "སྣར་": [
                [
                    "དྲངས",
                    "45"
                ],
                [
                    "སྤྱན་དྲངས",
                    "611"
                ]
            ]
        }
    },
    "non_standard_notes": [],
    "profile": {
        "1": [
            "པེ་=སྣར་ སྡེ་",
            "37.50%"
        ],
        "10": [
            "པེ་=སྣར་ སྡེ་",
            "37.50%"
        ],
        "11": [
            "པེ་ སྡེ་=སྣར་",
            "43.75%"
        ],
        "12": [
            "པེ་ སྡེ་=སྣར་",
            "43.75%"
        ],
        "13": [
            "པེ་=སྣར་ སྡེ་",
            "37.50%"
        ],
        "14": [
            "པེ་=སྡེ་ སྣར་",
            "15.62%"
        ],
        "15": [
            "པེ་=སྣར་ སྡེ་",
            "37.50%"
        ],
        "16": [
            "པེ་=སྣར་ སྡེ་",
            "37.50%"
        ],
        "17": [
            "པེ་=སྣར་ སྡེ་",
            "37.50%"
        ],
        "18": [
            "པེ་=སྣར་ སྡེ་",
            "37.50%"
        ],
        "19": [
            "པེ་=སྣར་ སྡེ་",
            "37.50%"
        ],
        "2": [
            "པེ་ སྡེ་=སྣར་",
            "43.75%"
        ],
        "20": [
            "པེ་=སྣར་ སྡེ་",
            "37.50%"
        ],
        "21": [
            "པེ་ སྡེ་=སྣར་",
            "43.75%"
        ],
        "22": [
            "པེ་ སྡེ་=སྣར་",
            "43.75%"
        ],
        "23": [
            "པེ་ སྡེ་=སྣར་",
            "43.75%"
        ],
        "24": [
            "པེ་=སྣར་ སྡེ་",
            "37.50%"
        ],
        "25": [
            "པེ་ སྡེ་=སྣར་",
            "43.75%"
        ],
        "26": [
            "པེ་ སྡེ་=སྣར་",
            "43.75%"
        ],
        "27": [
            "པེ་ སྡེ་=སྣར་",
            "43.75%"
        ],
        "28": [
            "པེ་ སྡེ་=སྣར་",
            "43.75%"
        ],
        "29": [
            "པེ་=སྡེ་ སྣར་",
            "15.62%"
        ],
        "3": [
            "པེ་=སྡེ་ སྣར་",
            "15.62%"
        ],
        "30": [
            "པེ་=སྡེ་ སྣར་",
            "15.62%"
        ],
        "31": [
            "པེ་=སྣར་ སྡེ་",
            "37.50%"
        ],
        "32": [
            "པེ་=སྡེ་=སྣར་",
            "3.12%"
        ],
        "4": [
            "པེ་ སྡེ་=སྣར་",
            "43.75%"
        ],
        "5": [
            "པེ་ སྡེ་=སྣར་",
            "43.75%"
        ],
        "6": [
            "པེ་ སྡེ་=སྣར་",
            "43.75%"
        ],
        "7": [
            "པེ་=སྣར་ སྡེ་",
            "37.50%"
        ],
        "8": [
            "པེ་ སྡེ་=སྣར་",
            "43.75%"
        ],
        "9": [
            "པེ་=སྡེ་ སྣར་",
            "15.62%"
        ]
    }
}