﻿{
    "Stats": {
        "Categorised": "2 notes (40.00%)",
        "Notes’ total": 5,
        "Profiles": [
            "པེ་=སྣར་ སྡེ་: 60.00% (3 notes)",
            "པེ་=སྡེ་=སྣར་: 20.00% (1 notes)",
            "པེ་ སྡེ་=སྣར་: 20.00% (1 notes)"
        ],
        "automatic_categorisation": {
            "min_mod": {
                "particle_groups": 1
            },
            "particle_issues": {},
            "spelling_mistake": {
                "non_word": {}
            },
            "verb_difference": {}
        },
        "dunno": {
            "no_diff": 3
        },
        "empty_notes": 1,
        "manual_categorisation": {
            "long_difference": {},
            "manual_evaluation": {
                "meaning_difference": {}
            }
        },
        "ngram_freq": {},
        "profile": {}
    },
    "automatic_categorisation": {
        "min_mod": {
            "min_mod_groups": [],
            "particle_groups": [
                {
                    "1": [
                        [
                            "dreldra",
                            "jedra"
                        ],
                        {
                            "པེ་": [
                                "མ་ ཇི་ལྟར་ མཁས་པ་",
                                "ཡི",
                                "_།། ལྷ་ ཁང་ འདི་ ནི་"
                            ],
                            "སྡེ་": [
                                "མ་ ཇི་ལྟར་ མཁས་པ་",
                                "ཡིས",
                                "_།། ལྷ་ ཁང་ འདི་ ནི་"
                            ],
                            "སྣར་": [
                                "མ་ ཇི་ལྟར་ མཁས་པ་",
                                "ཡི",
                                "_།། ལྷ་ ཁང་ འདི་ ནི་"
                            ]
                        }
                    ]
                }
            ]
        },
        "particle_issues": {
            "added_particle": [],
            "agreement_issue": [],
            "different_particles": [],
            "other": [],
            "po-bo-pa-ba": []
        },
        "spelling_mistake": {
            "missing_vowel": [],
            "nga_da": [],
            "non_word": {
                "ill_formed": [],
                "well_formed": []
            }
        },
        "sskrt": [],
        "verb_difference": {
            "diff_tense": [],
            "diff_verb": [],
            "not_sure": []
        }
    },
    "dunno": {
        "long_diff": [],
        "no_diff": [
            {
                "2": [
                    {
                        "པེ་": [
                            " །_། འཇིག་པ ར་ འགྱུར་བ་",
                            "མ་",
                            "ཤེས་ ན །_། གང་ གིས་"
                        ],
                        "སྡེ་": [
                            " །_། འཇིག་པ ར་ འགྱུར་བ་",
                            "མི་",
                            "ཤེས་ ན །_། གང་ གིས་"
                        ],
                        "སྣར་": [
                            " །_། འཇིག་པ ར་ འགྱུར་བ་",
                            "མ་",
                            "ཤེས་ ན །_། གང་ གིས་"
                        ]
                    }
                ]
            },
            {
                "3": [
                    {
                        "པེ་": [
                            " །_། འཇིག་པ ར་ འགྱུར་བ་",
                            "མ་",
                            "ཤེས་ སོ །_། གང་ གིས་"
                        ],
                        "སྡེ་": [
                            " །_། འཇིག་པ ར་ འགྱུར་བ་",
                            "མི་",
                            "ཤེས་ སོ །_། གང་ གིས་"
                        ],
                        "སྣར་": [
                            " །_། འཇིག་པ ར་ འགྱུར་བ་",
                            "མ་",
                            "ཤེས་ སོ །_། གང་ གིས་"
                        ]
                    }
                ]
            },
            {
                "4": [
                    {
                        "པེ་": [
                            "བཞིན་ གྲུབ་པ་ མེད་པ འི་",
                            "བཞི འི་",
                            "མན་ངག་ ཅེས་བྱ་བ་"
                        ],
                        "སྡེ་": [
                            "བཞིན་ གྲུབ་པ་ མེད་པ འི་",
                            "གཞི འི་",
                            "མན་ངག་ ཅེས་བྱ་བ་"
                        ],
                        "སྣར་": [
                            "བཞིན་ གྲུབ་པ་ མེད་པ འི་",
                            "གཞི འི་",
                            "མན་ངག་ ཅེས་བྱ་བ་"
                        ]
                    }
                ]
            }
        ],
        "short_diff": []
    },
    "empty_notes": [
        {
            "5": [
                {
                    "པེ་": [
                        "མཛད་པ་ རྫོགས་ སོ །། ",
                        "",
                        "མཛད་པ་ རྫོགས་ སོ །། "
                    ],
                    "སྡེ་": [
                        "མཛད་པ་ རྫོགས་ སོ །། ",
                        "",
                        "མཛད་པ་ རྫོགས་ སོ །། "
                    ],
                    "སྣར་": [
                        "མཛད་པ་ རྫོགས་ སོ །། ",
                        "",
                        "མཛད་པ་ རྫོགས་ སོ །། "
                    ]
                }
            ]
        }
    ],
    "manual_categorisation": {
        "long_difference": {
            "differing_formulation": [],
            "major_modification": []
        },
        "manual_evaluation": {
            "derge_correct": [],
            "meaning_difference": {
                "great_diff": [],
                "medium_diff": [],
                "small_diff": []
            }
        }
    },
    "ngram_freq": {
        "1": {
            "པེ་": [
                [
                    "ཡི",
                    "8322"
                ]
            ],
            "སྡེ་": [
                [
                    "ཡིས",
                    "7433"
                ],
                [
                    "མཁས་པ་ཡིས",
                    "79"
                ]
            ],
            "སྣར་": [
                [
                    "ཡི",
                    "8322"
                ]
            ]
        },
        "2": {
            "པེ་": [
                [
                    "མ",
                    "4286"
                ],
                [
                    "མ་ཤེས",
                    "865"
                ],
                [
                    "འགྱུར་བ་མ",
                    "346"
                ]
            ],
            "སྡེ་": [
                [
                    "མི",
                    "406"
                ],
                [
                    "མི་ཤེས",
                    "270"
                ],
                [
                    "འགྱུར་བ་མི",
                    "125"
                ]
            ],
            "སྣར་": [
                [
                    "མ",
                    "4286"
                ],
                [
                    "མ་ཤེས",
                    "865"
                ],
                [
                    "འགྱུར་བ་མ",
                    "346"
                ]
            ]
        },
        "3": {
            "པེ་": [
                [
                    "མ",
                    "4286"
                ],
                [
                    "མ་ཤེས",
                    "865"
                ],
                [
                    "འགྱུར་བ་མ",
                    "346"
                ]
            ],
            "སྡེ་": [
                [
                    "མི",
                    "406"
                ],
                [
                    "མི་ཤེས",
                    "270"
                ],
                [
                    "འགྱུར་བ་མི",
                    "125"
                ]
            ],
            "སྣར་": [
                [
                    "མ",
                    "4286"
                ],
                [
                    "མ་ཤེས",
                    "865"
                ],
                [
                    "འགྱུར་བ་མ",
                    "346"
                ]
            ]
        },
        "4": {
            "པེ་": [
                [
                    "བཞིའི",
                    "11"
                ]
            ],
            "སྡེ་": [
                [
                    "གཞིའི",
                    "625"
                ]
            ],
            "སྣར་": [
                [
                    "གཞིའི",
                    "625"
                ]
            ]
        },
        "5": {
            "པེ་": [
                [
                    "",
                    "1"
                ],
                [
                    "མཛད་པ",
                    "1162"
                ]
            ],
            "སྡེ་": [
                [
                    "",
                    "1"
                ],
                [
                    "མཛད་པ",
                    "1162"
                ]
            ],
            "སྣར་": [
                [
                    "",
                    "1"
                ],
                [
                    "མཛད་པ",
                    "1162"
                ]
            ]
        }
    },
    "non_standard_notes": [],
    "profile": {
        "1": [
            "པེ་=སྣར་ སྡེ་",
            "60.00%"
        ],
        "2": [
            "པེ་=སྣར་ སྡེ་",
            "60.00%"
        ],
        "3": [
            "པེ་=སྣར་ སྡེ་",
            "60.00%"
        ],
        "4": [
            "པེ་ སྡེ་=སྣར་",
            "20.00%"
        ],
        "5": [
            "པེ་=སྡེ་=སྣར་",
            "20.00%"
        ]
    }
}