﻿{
    "Stats": {
        "Categorised": "14 notes (56.00%)",
        "Notes’ total": 25,
        "Profiles": [
            "པེ་ སྡེ་ སྣར་: 4.00% (1 notes)",
            "པེ་=སྣར་ སྡེ་: 88.00% (22 notes)",
            "པེ་=སྡེ་=སྣར་: 4.00% (1 notes)",
            "པེ་ སྡེ་=སྣར་: 4.00% (1 notes)"
        ],
        "automatic_categorisation": {
            "min_mod": {
                "particle_groups": 3
            },
            "particle_issues": {},
            "spelling_mistake": {
                "non_word": {
                    "ill_formed": 1
                }
            },
            "sskrt": 1,
            "verb_difference": {
                "diff_tense": 4,
                "diff_verb": 4
            }
        },
        "dunno": {
            "long_diff": 1,
            "no_diff": 8,
            "short_diff": 2
        },
        "empty_notes": 1,
        "manual_categorisation": {
            "long_difference": {},
            "manual_evaluation": {
                "meaning_difference": {}
            }
        },
        "ngram_freq": {},
        "profile": {}
    },
    "automatic_categorisation": {
        "min_mod": {
            "min_mod_groups": [],
            "particle_groups": [
                {
                    "2": [
                        [
                            "dreldra",
                            "jedra"
                        ],
                        {
                            "པེ་": [
                                "མངོན་ འདོད་པ །_། དེ་",
                                "ཡིས་",
                                "ང་རྒྱལ་ སྤང་བ འི་ ཕྱིར"
                            ],
                            "སྡེ་": [
                                "མངོན་ འདོད་པ །_། དེ་",
                                "ཡི་",
                                "ང་རྒྱལ་ སྤང་བ འི་ ཕྱིར"
                            ],
                            "སྣར་": [
                                "མངོན་ འདོད་པ །_། དེ་",
                                "ཡིས་",
                                "ང་རྒྱལ་ སྤང་བ འི་ ཕྱིར"
                            ]
                        }
                    ]
                },
                {
                    "12": [
                        [
                            "dreldra"
                        ],
                        {
                            "པེ་": [
                                "ཕྱིར་ རོ །_། གཟི་བརྗིད་",
                                "",
                                "དཔེ་ ཆུ་ ཡང་ མ་ ཡིན་"
                            ],
                            "སྡེ་": [
                                "ཕྱིར་ རོ །_། གཟི་བརྗིད་",
                                "ཀྱི་",
                                "དཔེ་ ཆུ་ ཡང་ མ་ ཡིན་"
                            ],
                            "སྣར་": [
                                "ཕྱིར་ རོ །_། གཟི་བརྗིད་",
                                "",
                                "དཔེ་ ཆུ་ ཡང་ མ་ ཡིན་"
                            ]
                        }
                    ]
                },
                {
                    "15": [
                        [
                            "lardu"
                        ],
                        {
                            "པེ་": [
                                "སྐབས་ ཡིན་པ འི་",
                                "ཕྱིར་ རོ །_།",
                                "བརྡ་ བྱས་པ འི་ མིང་ དག་"
                            ],
                            "སྡེ་": [
                                "སྐབས་ ཡིན་པ འི་",
                                "ཕྱིར །",
                                "བརྡ་ བྱས་པ འི་ མིང་ དག་"
                            ],
                            "སྣར་": [
                                "སྐབས་ ཡིན་པ འི་",
                                "ཕྱིར་ རོ །_།",
                                "བརྡ་ བྱས་པ འི་ མིང་ དག་"
                            ]
                        }
                    ]
                }
            ]
        },
        "particle_issues": {
            "added_particle": [],
            "agreement_issue": [],
            "different_particles": [],
            "other": [],
            "po-bo-pa-ba": []
        },
        "spelling_mistake": {
            "missing_vowel": [],
            "nga_da": [],
            "non_word": {
                "ill_formed": [
                    {
                        "24": [
                            {
                                "པེ་": [
                                    "ཏ་ ཨ་ #ནནྟ་ དང་  །_",
                                    "ལོ་ཙཱ་བ་",
                                    "དགེ་སློང་ གྲགས་ འབྱོར་"
                                ],
                                "སྡེ་": [
                                    "ཏ་ ཨ་ #ནནྟ་ དང་  །_",
                                    "ལོཙྪ་བ་",
                                    "དགེ་སློང་ གྲགས་ འབྱོར་"
                                ],
                                "སྣར་": [
                                    "ཏ་ ཨ་ #ནནྟ་ དང་  །_",
                                    "ལོ་ཙཱ་བ་",
                                    "དགེ་སློང་ གྲགས་ འབྱོར་"
                                ]
                            }
                        ]
                    }
                ],
                "well_formed": []
            }
        },
        "sskrt": [
            {
                "1": [
                    {
                        "པེ་": [
                            "རྒྱ་གར་ སྐད་ དུ །_",
                            "#བེ་ ད་ #ལྱ་",
                            "#སཱུ་ #ཏྲ་ ནཱ་མ ། "
                        ],
                        "སྡེ་": [
                            "རྒྱ་གར་ སྐད་ དུ །_",
                            "#བཻ་ ད་ #ལྱཾ་",
                            "#སཱུ་ #ཏྲ་ ནཱ་མ ། "
                        ],
                        "སྣར་": [
                            "རྒྱ་གར་ སྐད་ དུ །_",
                            "#བེ་ ད་ #ལྱ་",
                            "#སཱུ་ #ཏྲ་ ནཱ་མ ། "
                        ]
                    }
                ]
            }
        ],
        "verb_difference": {
            "diff_tense": [
                {
                    "4": [
                        [
                            "《འཕྲད》ཞེས་པ།【〈འཕྲད〉གི་ ད་ལྟ་བ། ཐ་མི་དད་པ།】【〈འཕྲད〉གི་ མ་འོངས་པ། ཐ་མི་དད་པ།】",
                            "《ཕྲད》ཞེས་པ།【〈འཕྲད〉གི་ འདས་པ། ཐ་མི་དད་པ།】【〈འཕྲད〉གི་ འདས་པ། འབྲི་ཚུལ་གཞན།】"
                        ],
                        {
                            "པེ་": [
                                "མེད་ དེ་ མར་མེ་ ནི་",
                                "ཕྲད་པ འམ་",
                                "མ་ འཕྲད་པ འི་ མུན་"
                            ],
                            "སྡེ་": [
                                "མེད་ དེ་ མར་མེ་ ནི་",
                                "འཕྲད་པ འམ་",
                                "མ་ འཕྲད་པ འི་ མུན་"
                            ],
                            "སྣར་": [
                                "མེད་ དེ་ མར་མེ་ ནི་",
                                "ཕྲད་པ འམ་",
                                "མ་ འཕྲད་པ འི་ མུན་"
                            ]
                        }
                    ]
                },
                {
                    "5": [
                        [
                            "《འཕྲད》ཞེས་པ།【〈འཕྲད〉གི་ ད་ལྟ་བ། ཐ་མི་དད་པ།】【〈འཕྲད〉གི་ མ་འོངས་པ། ཐ་མི་དད་པ།】",
                            "《ཕྲད》ཞེས་པ།【〈འཕྲད〉གི་ འདས་པ། ཐ་མི་དད་པ།】【〈འཕྲད〉གི་ འདས་པ། འབྲི་ཚུལ་གཞན།】"
                        ],
                        {
                            "པེ་": [
                                "མེ་ ནི་ འཕྲད་པ འམ་ མ་",
                                "ཕྲད་པ འི་",
                                "མུན་པ་ གསལ་ བར་"
                            ],
                            "སྡེ་": [
                                "མེ་ ནི་ འཕྲད་པ འམ་ མ་",
                                "འཕྲད་པ འི་",
                                "མུན་པ་ གསལ་ བར་"
                            ],
                            "སྣར་": [
                                "མེ་ ནི་ འཕྲད་པ འམ་ མ་",
                                "ཕྲད་པ འི་",
                                "མུན་པ་ གསལ་ བར་"
                            ]
                        }
                    ]
                },
                {
                    "22": [
                        [
                            "《བཅད》ཞེས་པ།【〈གཅོད〉གི་ འདས་པ།】【〈གཅོད〉གི་ འདས་པ། ཐ་དད་པ།】【〈གཅོད〉གི་ འདས་པ། ཐ་མི་དད་པ།】",
                            "《གཅད》ཞེས་པ།【〈གཅོད〉གི་ མ་འོངས་པ།】【〈གཅོད〉གི་ མ་འོངས་པ། ཐ་དད་པ།】【〈གཅོད〉གི་ མ་འོངས་པ། ཐ་མི་དད་པ།】"
                        ],
                        {
                            "པེ་": [
                                "པ འི་ ཕྱིར་ རོ །_། ཚར་",
                                "བཅད་པ འི་",
                                "གནས་ ཀྱང་ དེ་ བཞིན་"
                            ],
                            "སྡེ་": [
                                "པ འི་ ཕྱིར་ རོ །_། ཚར་",
                                "གཅད་པ འི་",
                                "གནས་ ཀྱང་ དེ་ བཞིན་"
                            ],
                            "སྣར་": [
                                "པ འི་ ཕྱིར་ རོ །_། ཚར་",
                                "བཅད་པ འི་",
                                "གནས་ ཀྱང་ དེ་ བཞིན་"
                            ]
                        }
                    ]
                },
                {
                    "23": [
                        [
                            "《བཅད》ཞེས་པ།【〈གཅོད〉གི་ འདས་པ།】【〈གཅོད〉གི་ འདས་པ། ཐ་དད་པ།】【〈གཅོད〉གི་ འདས་པ། ཐ་མི་དད་པ།】",
                            "《གཅད》ཞེས་པ།【〈གཅོད〉གི་ མ་འོངས་པ།】【〈གཅོད〉གི་ མ་འོངས་པ། ཐ་དད་པ།】【〈གཅོད〉གི་ མ་འོངས་པ། ཐ་མི་དད་པ།】"
                        ],
                        {
                            "པེ་": [
                                "དེ་ བཞིན་ ནོ །_། ཚར་",
                                "བཅད་པ འི་",
                                "གནས་ ལ་ ནི ། "
                            ],
                            "སྡེ་": [
                                "དེ་ བཞིན་ ནོ །_། ཚར་",
                                "གཅད་པ འི་",
                                "གནས་ ལ་ ནི ། "
                            ],
                            "སྣར་": [
                                "དེ་ བཞིན་ ནོ །_། ཚར་",
                                "བཅད་པ འི་",
                                "གནས་ ལ་ ནི ། "
                            ]
                        }
                    ]
                }
            ],
            "diff_verb": [
                {
                    "3": [
                        [
                            "《གྲུབ》ཞེས་པ།【〈འགྲུབ〉གི་ འདས་པ། ཐ་མི་དད་པ།】",
                            "《སྒྲུབ》ཞེས་པ།【〈སྒྲུབ〉གི་ ད་ལྟ་བ།】【〈སྒྲུབ〉གི་ ད་ལྟ་བ། ཐ་དད་པ།】"
                        ],
                        {
                            "པེ་": [
                                "བཞིན །_། རང་ དང་ གཞན་",
                                "གྲུབ་པ ར་",
                                "བྱེད་པ་ ཡིན་ ནོ"
                            ],
                            "སྡེ་": [
                                "བཞིན །_། རང་ དང་ གཞན་",
                                "སྒྲུབ་པ ར་",
                                "བྱེད་པ་ ཡིན་ ནོ"
                            ],
                            "སྣར་": [
                                "བཞིན །_། རང་ དང་ གཞན་",
                                "སྒྲུབ་པ ར་",
                                "བྱེད་པ་ ཡིན་ ནོ"
                            ]
                        }
                    ]
                },
                {
                    "9": [
                        [
                            "《དགག》ཞེས་པ།【〈འགོག〉གི་ མ་འོངས་པ།】【〈འགོག〉གི་ མ་འོངས་པ། ཐ་དད་པ།】",
                            "《འགག》ཞེས་པ།【〈འགག〉གི་ ད་ལྟ་བ།】【〈འགག〉གི་ ད་ལྟ་བ། ཐ་མི་དད་པ།】【〈འགག〉གི་ མ་འོངས་པ།】【〈འགག〉གི་ མ་འོངས་པ། ཐ་མི་དད་པ།】"
                        ],
                        {
                            "པེ་": [
                                "ཚད་མ་ དང་ གཞལ་ བྱ་",
                                "དགག་པ་",
                                "མི་ འཐད་ དོ །_། "
                            ],
                            "སྡེ་": [
                                "ཚད་མ་ དང་ གཞལ་ བྱ་",
                                "འགག་པ་",
                                "མི་ འཐད་ དོ །_། "
                            ],
                            "སྣར་": [
                                "ཚད་མ་ དང་ གཞལ་ བྱ་",
                                "དགག་པ་",
                                "མི་ འཐད་ དོ །_། "
                            ]
                        }
                    ]
                },
                {
                    "16": [
                        [
                            "《བརྗོད》ཞེས་པ།【〈བརྗོད〉གི་ མ་འོངས་པ། ཐ་དད་པ།】【〈བརྗོད〉གི་ འདས་པ། ཐ་དད་པ།】【〈རྗོད〉གི་ མ་འོངས་པ། ཐ་དད་པ།】【〈རྗོད〉གི་ འདས་པ། ཐ་དད་པ།】",
                            "《རྗོད》ཞེས་པ།【〈བརྗོད〉གི་ ད་ལྟ་བ། ཐ་དད་པ།】【〈བརྗོད〉གི་ སྐུལ་ཚིག ཐ་དད་པ།】【〈རྗོད〉གི་ ད་ལྟ་བ། ཐ་དད་པ།】【〈རྗོད〉གི་ སྐུལ་ཚིག ཐ་དད་པ།】"
                        ],
                        {
                            "པེ་": [
                                "པ འི་ མཁས་པ་ དག་ ཀྱང་",
                                "བརྗོད་པ ར་",
                                "བྱེད་པ་ དང་ བརྗོད་"
                            ],
                            "སྡེ་": [
                                "པ འི་ མཁས་པ་ དག་ ཀྱང་",
                                "རྗོད་པ ར་",
                                "བྱེད་པ་ དང་ བརྗོད་"
                            ],
                            "སྣར་": [
                                "པ འི་ མཁས་པ་ དག་ ཀྱང་",
                                "བརྗོད་པ ར་",
                                "བྱེད་པ་ དང་ བརྗོད་"
                            ]
                        }
                    ]
                },
                {
                    "17": [
                        [
                            "《བརྗོད》ཞེས་པ།【〈བརྗོད〉གི་ མ་འོངས་པ། ཐ་དད་པ།】【〈བརྗོད〉གི་ འདས་པ། ཐ་དད་པ།】【〈རྗོད〉གི་ མ་འོངས་པ། ཐ་དད་པ།】【〈རྗོད〉གི་ འདས་པ། ཐ་དད་པ།】",
                            "《རྗོད》ཞེས་པ།【〈བརྗོད〉གི་ ད་ལྟ་བ། ཐ་དད་པ།】【〈བརྗོད〉གི་ སྐུལ་ཚིག ཐ་དད་པ།】【〈རྗོད〉གི་ ད་ལྟ་བ། ཐ་དད་པ།】【〈རྗོད〉གི་ སྐུལ་ཚིག ཐ་དད་པ།】"
                        ],
                        {
                            "པེ་": [
                                "བར་ མཐོང་བ འི་ ཕྱིར །_",
                                "བརྗོད་པ ར་",
                                "བྱེད་པ་ དང་ བརྗོད་"
                            ],
                            "སྡེ་": [
                                "བར་ མཐོང་བ འི་ ཕྱིར །_",
                                "རྗོད་པ ར་",
                                "བྱེད་པ་ དང་ བརྗོད་"
                            ],
                            "སྣར་": [
                                "བར་ མཐོང་བ འི་ ཕྱིར །_",
                                "བརྗོད་པ ར་",
                                "བྱེད་པ་ དང་ བརྗོད་"
                            ]
                        }
                    ]
                }
            ],
            "not_sure": []
        }
    },
    "dunno": {
        "long_diff": [
            {
                "19": [
                    {
                        "པེ་": [
                            "འགྱུར་བ་ ཡིན་ ན",
                            "།_ འདས་པ་ ནི་ འདས་པ་ མེད་ དོ",
                            "། འདས་པ་ ནི་ འདས་པ ར་"
                        ],
                        "སྡེ་": [
                            "འགྱུར་བ་ ཡིན་ ན",
                            "",
                            "། འདས་པ་ ནི་ འདས་པ ར་"
                        ],
                        "སྣར་": [
                            "འགྱུར་བ་ ཡིན་ ན",
                            "།_ འདས་པ་ ནི་ འདས་པ་ མེད་ དོ",
                            "། འདས་པ་ ནི་ འདས་པ ར་"
                        ]
                    }
                ]
            }
        ],
        "no_diff": [
            {
                "6": [
                    {
                        "པེ་": [
                            "མ་ འཕྲད་པ འི་ མུན་པ་",
                            "བསལ་ བར་",
                            "བྱེད་པ་ མ་ ཡིན་"
                        ],
                        "སྡེ་": [
                            "མ་ འཕྲད་པ འི་ མུན་པ་",
                            "གསལ་བ ར་",
                            "བྱེད་པ་ མ་ ཡིན་"
                        ],
                        "སྣར་": [
                            "མ་ འཕྲད་པ འི་ མུན་པ་",
                            "བསལ་ བར་",
                            "བྱེད་པ་ མ་ ཡིན་"
                        ]
                    }
                ]
            },
            {
                "8": [
                    {
                        "པེ་": [
                            "ནི་ རང་ གི་ བདག་ཉིད་",
                            "བསལ་བ་",
                            "མ་ ཡིན་ ཏེ ། "
                        ],
                        "སྡེ་": [
                            "ནི་ རང་ གི་ བདག་ཉིད་",
                            "གསལ་བ་",
                            "མ་ ཡིན་ ཏེ ། "
                        ],
                        "སྣར་": [
                            "ནི་ རང་ གི་ བདག་ཉིད་",
                            "བསལ་བ་",
                            "མ་ ཡིན་ ཏེ ། "
                        ]
                    }
                ]
            },
            {
                "10": [
                    {
                        "པེ་": [
                            "པ་ མི་ འཐད་ དོ །_།",
                            "བདག་པ་ སྒྲུབ་",
                            "ན་ ཚད་མ་ དང་ གཞལ་"
                        ],
                        "སྡེ་": [
                            "པ་ མི་ འཐད་ དོ །_།",
                            "དགག་པ་ གྲུབ་",
                            "ན་ ཚད་མ་ དང་ གཞལ་"
                        ],
                        "སྣར་": [
                            "པ་ མི་ འཐད་ དོ །_།",
                            "དགག་པ་ སྒྲུབ་",
                            "ན་ ཚད་མ་ དང་ གཞལ་"
                        ]
                    }
                ]
            },
            {
                "13": [
                    {
                        "པེ་": [
                            " །_། གལ་ཏེ་ ཐོག་ མ་",
                            "",
                            "གྲུབ་ ན་ དབུས་ དང་ མཐའ་"
                        ],
                        "སྡེ་": [
                            " །_། གལ་ཏེ་ ཐོག་ མ་",
                            "མ་",
                            "གྲུབ་ ན་ དབུས་ དང་ མཐའ་"
                        ],
                        "སྣར་": [
                            " །_། གལ་ཏེ་ ཐོག་ མ་",
                            "",
                            "གྲུབ་ ན་ དབུས་ དང་ མཐའ་"
                        ]
                    }
                ]
            },
            {
                "14": [
                    {
                        "པེ་": [
                            "དོ །_། འོན་ཏེ་",
                            "རྩྭ་ ཕལ་པ་ ཛ་",
                            "བཞིན་ དུ་ འགྲུབ་པ་"
                        ],
                        "སྡེ་": [
                            "དོ །_། འོན་ཏེ་",
                            "རྩ་ བལ་བ་ཛ་",
                            "བཞིན་ དུ་ འགྲུབ་པ་"
                        ],
                        "སྣར་": [
                            "དོ །_། འོན་ཏེ་",
                            "རྩྭ་ ཕལ་པ་ ཛ་",
                            "བཞིན་ དུ་ འགྲུབ་པ་"
                        ]
                    }
                ]
            },
            {
                "18": [
                    {
                        "པེ་": [
                            "འཁྲུལ་པ་ དང་ བཅས་པ་",
                            "མ་",
                            "ཡིན་ ནོ །_། མ་ ཡིན་"
                        ],
                        "སྡེ་": [
                            "འཁྲུལ་པ་ དང་ བཅས་པ་",
                            "",
                            "ཡིན་ ནོ །_། མ་ ཡིན་"
                        ],
                        "སྣར་": [
                            "འཁྲུལ་པ་ དང་ བཅས་པ་",
                            "མ་",
                            "ཡིན་ ནོ །_། མ་ ཡིན་"
                        ]
                    }
                ]
            },
            {
                "20": [
                    {
                        "པེ་": [
                            " །_། ཁྱོད་ ཀྱི་ ཐམས་ཅད་",
                            "ཚིགས་ དོར་",
                            "དུ་ བརྗོད་པ་ ཡིན་ གྱི"
                        ],
                        "སྡེ་": [
                            " །_། ཁྱོད་ ཀྱི་ ཐམས་ཅད་",
                            "ཚིག་ དོན་",
                            "དུ་ བརྗོད་པ་ ཡིན་ གྱི"
                        ],
                        "སྣར་": [
                            " །_། ཁྱོད་ ཀྱི་ ཐམས་ཅད་",
                            "ཚིགས་ དོར་",
                            "དུ་ བརྗོད་པ་ ཡིན་ གྱི"
                        ]
                    }
                ]
            },
            {
                "21": [
                    {
                        "པེ་": [
                            "གཉིས་ཀ་ མེད་པ འི་ ཕྱིར་",
                            "ལྷག་ ཆད་",
                            "ནི་ མེད་ དོ །_། མ་"
                        ],
                        "སྡེ་": [
                            "གཉིས་ཀ་ མེད་པ འི་ ཕྱིར་",
                            "ལྟག་ཆོད་",
                            "ནི་ མེད་ དོ །_། མ་"
                        ],
                        "སྣར་": [
                            "གཉིས་ཀ་ མེད་པ འི་ ཕྱིར་",
                            "ལྷག་ ཆད་",
                            "ནི་ མེད་ དོ །_། མ་"
                        ]
                    }
                ]
            }
        ],
        "short_diff": [
            {
                "7": [
                    {
                        "པེ་": [
                            "བསྟན་བཅོས་ ལས་",
                            "འཇིག་རྟེན་",
                            "སྤྱོད་པ་པོ་ དེ་ཡང་"
                        ],
                        "སྡེ་": [
                            "བསྟན་བཅོས་ ལས་",
                            "འཇིག་རྟེན་པ འི་",
                            "སྤྱོད་པ་པོ་ དེ་ཡང་"
                        ],
                        "སྣར་": [
                            "བསྟན་བཅོས་ ལས་",
                            "འཇིག་རྟེན་",
                            "སྤྱོད་པ་པོ་ དེ་ཡང་"
                        ]
                    }
                ]
            },
            {
                "11": [
                    {
                        "པེ་": [
                            "ཀྱི་ ཕྱིར་ རོ །_།",
                            "ཕྱི་མ་",
                            "འཇུག་པ་ མ་ ཡིན་ ཏེ"
                        ],
                        "སྡེ་": [
                            "ཀྱི་ ཕྱིར་ རོ །_།",
                            "བྱེ་མ་ ལ་",
                            "འཇུག་པ་ མ་ ཡིན་ ཏེ"
                        ],
                        "སྣར་": [
                            "ཀྱི་ ཕྱིར་ རོ །_།",
                            "ཕྱི་མ་",
                            "འཇུག་པ་ མ་ ཡིན་ ཏེ"
                        ]
                    }
                ]
            }
        ]
    },
    "empty_notes": [
        {
            "25": [
                {
                    "པེ་": [
                        "རབ་ ཀྱིས་ བསྒྱུར་བ འོ །། ",
                        "",
                        ""
                    ],
                    "སྡེ་": [
                        "རབ་ ཀྱིས་ བསྒྱུར་བ འོ །། ",
                        "",
                        ""
                    ],
                    "སྣར་": [
                        "རབ་ ཀྱིས་ བསྒྱུར་བ འོ །། ",
                        "",
                        ""
                    ]
                }
            ]
        }
    ],
    "manual_categorisation": {
        "long_difference": {
            "differing_formulation": [],
            "major_modification": []
        },
        "manual_evaluation": {
            "derge_correct": [],
            "meaning_difference": {
                "great_diff": [],
                "medium_diff": [],
                "small_diff": []
            }
        }
    },
    "ngram_freq": {
        "1": {
            "པེ་": [],
            "སྡེ་": [],
            "སྣར་": []
        },
        "10": {
            "པེ་": [],
            "སྡེ་": [],
            "སྣར་": []
        },
        "11": {
            "པེ་": [
                [
                    "ཕྱི་མ",
                    "824"
                ],
                [
                    "།_།ཕྱི་མ",
                    "53"
                ]
            ],
            "སྡེ་": [],
            "སྣར་": [
                [
                    "ཕྱི་མ",
                    "824"
                ],
                [
                    "།_།ཕྱི་མ",
                    "53"
                ]
            ]
        },
        "12": {
            "པེ་": [
                [
                    "",
                    "1"
                ],
                [
                    "དཔེ",
                    "9"
                ],
                [
                    "གཟི་བརྗིད",
                    "3132"
                ]
            ],
            "སྡེ་": [
                [
                    "ཀྱི",
                    "5256"
                ],
                [
                    "ཀྱི་དཔེ",
                    "54"
                ],
                [
                    "གཟི་བརྗིད་ཀྱི",
                    "241"
                ]
            ],
            "སྣར་": [
                [
                    "",
                    "1"
                ],
                [
                    "དཔེ",
                    "9"
                ],
                [
                    "གཟི་བརྗིད",
                    "3132"
                ]
            ]
        },
        "13": {
            "པེ་": [
                [
                    "",
                    "1"
                ],
                [
                    "མ",
                    "4286"
                ],
                [
                    "གྲུབ",
                    "316"
                ],
                [
                    "མ་གྲུབ",
                    "1106"
                ],
                [
                    "མ་གྲུབ་ན",
                    "112"
                ]
            ],
            "སྡེ་": [
                [
                    "མ",
                    "4286"
                ],
                [
                    "མ་མ",
                    "40"
                ],
                [
                    "མ་གྲུབ",
                    "1106"
                ]
            ],
            "སྣར་": [
                [
                    "",
                    "1"
                ],
                [
                    "མ",
                    "4286"
                ],
                [
                    "གྲུབ",
                    "316"
                ],
                [
                    "མ་གྲུབ",
                    "1106"
                ],
                [
                    "མ་གྲུབ་ན",
                    "112"
                ]
            ]
        },
        "14": {
            "པེ་": [],
            "སྡེ་": [],
            "སྣར་": []
        },
        "15": {
            "པེ་": [
                [
                    "ཕྱིར་རོ།_།",
                    "5578"
                ]
            ],
            "སྡེ་": [],
            "སྣར་": [
                [
                    "ཕྱིར་རོ།_།",
                    "5578"
                ]
            ]
        },
        "16": {
            "པེ་": [
                [
                    "བརྗོད་པར",
                    "4164"
                ],
                [
                    "ཀྱང་བརྗོད་པར",
                    "75"
                ]
            ],
            "སྡེ་": [
                [
                    "རྗོད་པར",
                    "841"
                ],
                [
                    "ཀྱང་རྗོད་པར",
                    "40"
                ],
                [
                    "རྗོད་པར་བྱེད་པ",
                    "126"
                ]
            ],
            "སྣར་": [
                [
                    "བརྗོད་པར",
                    "4164"
                ],
                [
                    "ཀྱང་བརྗོད་པར",
                    "75"
                ]
            ]
        },
        "17": {
            "པེ་": [
                [
                    "བརྗོད་པར",
                    "4164"
                ],
                [
                    "།_བརྗོད་པར",
                    "59"
                ]
            ],
            "སྡེ་": [
                [
                    "རྗོད་པར",
                    "841"
                ],
                [
                    "རྗོད་པར་བྱེད་པ",
                    "126"
                ]
            ],
            "སྣར་": [
                [
                    "བརྗོད་པར",
                    "4164"
                ],
                [
                    "།_བརྗོད་པར",
                    "59"
                ]
            ]
        },
        "18": {
            "པེ་": [
                [
                    "མ",
                    "4286"
                ],
                [
                    "མ་ཡིན",
                    "13919"
                ],
                [
                    "བཅས་པ་མ",
                    "101"
                ]
            ],
            "སྡེ་": [
                [
                    "",
                    "1"
                ],
                [
                    "ཡིན",
                    "32960"
                ],
                [
                    "བཅས་པ",
                    "1073"
                ],
                [
                    "བཅས་པ་ཡིན",
                    "167"
                ],
                [
                    "དང་བཅས་པ་ཡིན",
                    "123"
                ]
            ],
            "སྣར་": [
                [
                    "མ",
                    "4286"
                ],
                [
                    "མ་ཡིན",
                    "13919"
                ],
                [
                    "བཅས་པ་མ",
                    "101"
                ]
            ]
        },
        "19": {
            "པེ་": [],
            "སྡེ་": [
                [
                    "",
                    "1"
                ],
                [
                    "ན",
                    "73509"
                ],
                [
                    "།",
                    "46"
                ],
                [
                    "ན།",
                    "974"
                ]
            ],
            "སྣར་": []
        },
        "2": {
            "པེ་": [
                [
                    "ཡིས",
                    "7433"
                ],
                [
                    "དེ་ཡིས",
                    "1499"
                ]
            ],
            "སྡེ་": [
                [
                    "ཡི",
                    "8322"
                ],
                [
                    "དེ་ཡི",
                    "6810"
                ]
            ],
            "སྣར་": [
                [
                    "ཡིས",
                    "7433"
                ],
                [
                    "དེ་ཡིས",
                    "1499"
                ]
            ]
        },
        "20": {
            "པེ་": [],
            "སྡེ་": [
                [
                    "ཚིག་དོན",
                    "50"
                ]
            ],
            "སྣར་": []
        },
        "21": {
            "པེ་": [
                [
                    "ལྷག་ཆད",
                    "82"
                ]
            ],
            "སྡེ་": [],
            "སྣར་": [
                [
                    "ལྷག་ཆད",
                    "82"
                ]
            ]
        },
        "22": {
            "པེ་": [
                [
                    "བཅད་པའི",
                    "497"
                ]
            ],
            "སྡེ་": [
                [
                    "གཅད་པའི",
                    "242"
                ],
                [
                    "ཚར་གཅད་པའི",
                    "59"
                ]
            ],
            "སྣར་": [
                [
                    "བཅད་པའི",
                    "497"
                ]
            ]
        },
        "23": {
            "པེ་": [
                [
                    "བཅད་པའི",
                    "497"
                ]
            ],
            "སྡེ་": [
                [
                    "གཅད་པའི",
                    "242"
                ],
                [
                    "ཚར་གཅད་པའི",
                    "59"
                ]
            ],
            "སྣར་": [
                [
                    "བཅད་པའི",
                    "497"
                ]
            ]
        },
        "24": {
            "པེ་": [
                [
                    "ལོ་ཙཱ་བ",
                    "58"
                ]
            ],
            "སྡེ་": [
                [
                    "ལོཙྪ་བ",
                    "236"
                ],
                [
                    "།_ལོཙྪ་བ",
                    "49"
                ],
                [
                    "ལོཙྪ་བ་དགེ་སློང",
                    "44"
                ]
            ],
            "སྣར་": [
                [
                    "ལོ་ཙཱ་བ",
                    "58"
                ]
            ]
        },
        "25": {
            "པེ་": [
                [
                    "",
                    "1"
                ],
                [
                    "།།",
                    "216"
                ]
            ],
            "སྡེ་": [
                [
                    "",
                    "1"
                ],
                [
                    "།།",
                    "216"
                ]
            ],
            "སྣར་": [
                [
                    "",
                    "1"
                ],
                [
                    "།།",
                    "216"
                ]
            ]
        },
        "3": {
            "པེ་": [
                [
                    "གྲུབ་པར",
                    "1427"
                ]
            ],
            "སྡེ་": [
                [
                    "སྒྲུབ་པར",
                    "1384"
                ],
                [
                    "སྒྲུབ་པར་བྱེད་པ",
                    "53"
                ]
            ],
            "སྣར་": [
                [
                    "སྒྲུབ་པར",
                    "1384"
                ],
                [
                    "སྒྲུབ་པར་བྱེད་པ",
                    "53"
                ]
            ]
        },
        "4": {
            "པེ་": [],
            "སྡེ་": [],
            "སྣར་": []
        },
        "5": {
            "པེ་": [
                [
                    "ཕྲད་པའི",
                    "103"
                ]
            ],
            "སྡེ་": [],
            "སྣར་": [
                [
                    "ཕྲད་པའི",
                    "103"
                ]
            ]
        },
        "6": {
            "པེ་": [
                [
                    "བསལ་བར",
                    "303"
                ]
            ],
            "སྡེ་": [
                [
                    "གསལ་བར",
                    "1959"
                ],
                [
                    "གསལ་བར་བྱེད་པ",
                    "131"
                ]
            ],
            "སྣར་": [
                [
                    "བསལ་བར",
                    "303"
                ]
            ]
        },
        "7": {
            "པེ་": [
                [
                    "འཇིག་རྟེན",
                    "42680"
                ],
                [
                    "ལས་འཇིག་རྟེན",
                    "132"
                ]
            ],
            "སྡེ་": [
                [
                    "འཇིག་རྟེན་པའི",
                    "930"
                ]
            ],
            "སྣར་": [
                [
                    "འཇིག་རྟེན",
                    "42680"
                ],
                [
                    "ལས་འཇིག་རྟེན",
                    "132"
                ]
            ]
        },
        "8": {
            "པེ་": [
                [
                    "བསལ་བ",
                    "261"
                ]
            ],
            "སྡེ་": [
                [
                    "གསལ་བ",
                    "423"
                ]
            ],
            "སྣར་": [
                [
                    "བསལ་བ",
                    "261"
                ]
            ]
        },
        "9": {
            "པེ་": [
                [
                    "དགག་པ",
                    "82"
                ]
            ],
            "སྡེ་": [
                [
                    "འགག་པ",
                    "2290"
                ]
            ],
            "སྣར་": [
                [
                    "དགག་པ",
                    "82"
                ]
            ]
        }
    },
    "non_standard_notes": [],
    "profile": {
        "1": [
            "པེ་=སྣར་ སྡེ་",
            "88.00%"
        ],
        "10": [
            "པེ་ སྡེ་ སྣར་",
            "4.00%"
        ],
        "11": [
            "པེ་=སྣར་ སྡེ་",
            "88.00%"
        ],
        "12": [
            "པེ་=སྣར་ སྡེ་",
            "88.00%"
        ],
        "13": [
            "པེ་=སྣར་ སྡེ་",
            "88.00%"
        ],
        "14": [
            "པེ་=སྣར་ སྡེ་",
            "88.00%"
        ],
        "15": [
            "པེ་=སྣར་ སྡེ་",
            "88.00%"
        ],
        "16": [
            "པེ་=སྣར་ སྡེ་",
            "88.00%"
        ],
        "17": [
            "པེ་=སྣར་ སྡེ་",
            "88.00%"
        ],
        "18": [
            "པེ་=སྣར་ སྡེ་",
            "88.00%"
        ],
        "19": [
            "པེ་=སྣར་ སྡེ་",
            "88.00%"
        ],
        "2": [
            "པེ་=སྣར་ སྡེ་",
            "88.00%"
        ],
        "20": [
            "པེ་=སྣར་ སྡེ་",
            "88.00%"
        ],
        "21": [
            "པེ་=སྣར་ སྡེ་",
            "88.00%"
        ],
        "22": [
            "པེ་=སྣར་ སྡེ་",
            "88.00%"
        ],
        "23": [
            "པེ་=སྣར་ སྡེ་",
            "88.00%"
        ],
        "24": [
            "པེ་=སྣར་ སྡེ་",
            "88.00%"
        ],
        "25": [
            "པེ་=སྡེ་=སྣར་",
            "4.00%"
        ],
        "3": [
            "པེ་ སྡེ་=སྣར་",
            "4.00%"
        ],
        "4": [
            "པེ་=སྣར་ སྡེ་",
            "88.00%"
        ],
        "5": [
            "པེ་=སྣར་ སྡེ་",
            "88.00%"
        ],
        "6": [
            "པེ་=སྣར་ སྡེ་",
            "88.00%"
        ],
        "7": [
            "པེ་=སྣར་ སྡེ་",
            "88.00%"
        ],
        "8": [
            "པེ་=སྣར་ སྡེ་",
            "88.00%"
        ],
        "9": [
            "པེ་=སྣར་ སྡེ་",
            "88.00%"
        ]
    }
}