﻿{
    "Stats": {
        "Categorised": "17 notes (58.62%)",
        "Notes’ total": 29,
        "Profiles": [
            "ཅོ་=པེ་=སྡེ་ སྣར་: 14.29% (4 notes)",
            "ཅོ་=སྡེ་ པེ་ སྣར་: 28.57% (8 notes)",
            "ཅོ་=པེ་=སྡེ་=སྣར་: 3.57% (1 notes)",
            "ཅོ་=སྡེ་ པེ་=སྣར་: 17.86% (5 notes)",
            "ཅོ་=སྡེ་=སྣར་ པེ་: 32.14% (9 notes)",
            "ཅོ་ པེ་=སྡེ་=སྣར་: 3.57% (1 notes)"
        ],
        "automatic_categorisation": {
            "min_mod": {
                "particle_groups": 4
            },
            "particle_issues": {
                "different_particles": 1,
                "po-bo-pa-ba": 1
            },
            "spelling_mistake": {
                "non_word": {}
            },
            "sskrt": 8,
            "verb_difference": {
                "diff_tense": 1,
                "diff_verb": 1
            }
        },
        "dunno": {
            "long_diff": 2,
            "no_diff": 8,
            "short_diff": 2
        },
        "empty_notes": 1,
        "manual_categorisation": {
            "long_difference": {},
            "manual_evaluation": {
                "meaning_difference": {}
            }
        },
        "ngram_freq": {},
        "profile": {}
    },
    "automatic_categorisation": {
        "min_mod": {
            "min_mod_groups": [],
            "particle_groups": [
                {
                    "17": [
                        [
                            "ladon"
                        ],
                        {
                            "ཅོ་": [
                                "ཞལ་ ནས་ ལྷ་ མོ འི་",
                                "ཞལ་ དུ",
                                "།_ ལྷ་ མོ འི་ ཞལ་ ནས་"
                            ],
                            "པེ་": [
                                "ཞལ་ ནས་ ལྷ་ མོ འི་",
                                "ཞལ",
                                "།_ ལྷ་ མོ འི་ ཞལ་ ནས་"
                            ],
                            "སྡེ་": [
                                "ཞལ་ ནས་ ལྷ་ མོ འི་",
                                "ཞལ་ དུ",
                                "།_ ལྷ་ མོ འི་ ཞལ་ ནས་"
                            ],
                            "སྣར་": [
                                "ཞལ་ ནས་ ལྷ་ མོ འི་",
                                "ཞལ་ དུ",
                                "།_ ལྷ་ མོ འི་ ཞལ་ ནས་"
                            ]
                        }
                    ]
                },
                {
                    "21": [
                        [
                            "lardu"
                        ],
                        {
                            "ཅོ་": [
                                "#ཛྙཱ་ མཉམ་པ ར་",
                                "འགྱུར་ རོ",
                                "།_། ལྔ་ ཡིས་ མ་ བསླབས་པ འི་"
                            ],
                            "པེ་": [
                                "#ཛྙཱ་ མཉམ་པ ར་",
                                "འགྱུར་ རོ",
                                "།_། ལྔ་ ཡིས་ མ་ བསླབས་པ འི་"
                            ],
                            "སྡེ་": [
                                "#ཛྙཱ་ མཉམ་པ ར་",
                                "འགྱུར་ རོ",
                                "།_། ལྔ་ ཡིས་ མ་ བསླབས་པ འི་"
                            ],
                            "སྣར་": [
                                "#ཛྙཱ་ མཉམ་པ ར་",
                                "འགྱུར",
                                "།_། ལྔ་ ཡིས་ མ་ བསླབས་པ འི་"
                            ]
                        }
                    ]
                },
                {
                    "22": [
                        [
                            "jedra"
                        ],
                        {
                            "ཅོ་": [
                                "དེ་ སྒྲུབ་པ་པོ ས་",
                                "ཟོས་པ ས",
                                "།_ འཇམ་པ འི་ དབྱངས་ དང་"
                            ],
                            "པེ་": [
                                "དེ་ སྒྲུབ་པ་པོ ས་",
                                "ཟོས་པ",
                                "།_ འཇམ་པ འི་ དབྱངས་ དང་"
                            ],
                            "སྡེ་": [
                                "དེ་ སྒྲུབ་པ་པོ ས་",
                                "ཟོས་པ ས",
                                "།_ འཇམ་པ འི་ དབྱངས་ དང་"
                            ],
                            "སྣར་": [
                                "དེ་ སྒྲུབ་པ་པོ ས་",
                                "ཟོས་པ ས",
                                "།_ འཇམ་པ འི་ དབྱངས་ དང་"
                            ]
                        }
                    ]
                },
                {
                    "23": [
                        [
                            "ladon"
                        ],
                        {
                            "ཅོ་": [
                                "ལོན་པ་ བཅུ་དྲུག་",
                                "ལྟ་བུ་",
                                "འགྱུར །།_།། སྐྲ་ དཀ ར་ བུད་"
                            ],
                            "པེ་": [
                                "ལོན་པ་ བཅུ་དྲུག་",
                                "ལྟ་བུ ར་",
                                "འགྱུར །།_།། སྐྲ་ དཀ ར་ བུད་"
                            ],
                            "སྡེ་": [
                                "ལོན་པ་ བཅུ་དྲུག་",
                                "ལྟ་བུ་",
                                "འགྱུར །།_།། སྐྲ་ དཀ ར་ བུད་"
                            ],
                            "སྣར་": [
                                "ལོན་པ་ བཅུ་དྲུག་",
                                "ལྟ་བུ ར་",
                                "འགྱུར །།_།། སྐྲ་ དཀ ར་ བུད་"
                            ]
                        }
                    ]
                }
            ]
        },
        "particle_issues": {
            "added_particle": [],
            "agreement_issue": [],
            "different_particles": [
                {
                    "6": [
                        "dagdra_po",
                        {
                            "ཅོ་": [
                                "དཀར་པོ་ རྣམས་པ་",
                                "དམར་པོ འི་",
                                "འོ་ མ ས་ སྦྲུས་ ཏེ ། "
                            ],
                            "པེ་": [
                                "དཀར་པོ་ རྣམས་པ་",
                                "དམར་ མོ འི་",
                                "འོ་ མ ས་ སྦྲུས་ ཏེ ། "
                            ],
                            "སྡེ་": [
                                "དཀར་པོ་ རྣམས་པ་",
                                "དམར་པོ འི་",
                                "འོ་ མ ས་ སྦྲུས་ ཏེ ། "
                            ],
                            "སྣར་": [
                                "དཀར་པོ་ རྣམས་པ་",
                                "དམར་ མོ འི་",
                                "འོ་ མ ས་ སྦྲུས་ ཏེ ། "
                            ]
                        }
                    ]
                }
            ],
            "other": [],
            "po-bo-pa-ba": [
                {
                    "2": [
                        "dagdra_pa",
                        {
                            "ཅོ་": [
                                "རྡོ་རྗེ་ བློ་གྲོས་",
                                "འཕེལ་བ་",
                                "ཞེས་བྱ་བ །_ བཅོམ་"
                            ],
                            "པེ་": [
                                "རྡོ་རྗེ་ བློ་གྲོས་",
                                "འཕེལ་",
                                "ཞེས་བྱ་བ །_ བཅོམ་"
                            ],
                            "སྡེ་": [
                                "རྡོ་རྗེ་ བློ་གྲོས་",
                                "འཕེལ་བ་",
                                "ཞེས་བྱ་བ །_ བཅོམ་"
                            ],
                            "སྣར་": [
                                "རྡོ་རྗེ་ བློ་གྲོས་",
                                "འཕེལ་",
                                "ཞེས་བྱ་བ །_ བཅོམ་"
                            ]
                        }
                    ]
                }
            ]
        },
        "spelling_mistake": {
            "missing_vowel": [],
            "nga_da": [],
            "non_word": {
                "ill_formed": [],
                "well_formed": []
            }
        },
        "sskrt": [
            {
                "1": [
                    {
                        "ཅོ་": [
                            "དུ །_ #མཉྫུ་ #ཤྲཱི་ #བཛྲ་ #པྲཛྙཱ་ #བརྡྷ་",
                            "ན་ #ནཱ་",
                            "མ །_ བོད་ སྐད་ དུ"
                        ],
                        "པེ་": [
                            "དུ །_ #མཉྫུ་ #ཤྲཱི་ #བཛྲ་ #པྲཛྙཱ་ #བརྡྷ་",
                            "ནི་ #སྭཱ་ #ཧཱ་ ན་",
                            "མ །_ བོད་ སྐད་ དུ"
                        ],
                        "སྡེ་": [
                            "དུ །_ #མཉྫུ་ #ཤྲཱི་ #བཛྲ་ #པྲཛྙཱ་ #བརྡྷ་",
                            "ན་ #ནཱ་",
                            "མ །_ བོད་ སྐད་ དུ"
                        ],
                        "སྣར་": [
                            "དུ །_ #མཉྫུ་ #ཤྲཱི་ #བཛྲ་ #པྲཛྙཱ་ #བརྡྷ་",
                            "ན་ #ནཱ་",
                            "མ །_ བོད་ སྐད་ དུ"
                        ]
                    }
                ]
            },
            {
                "8": [
                    {
                        "ཅོ་": [
                            "ཀ་ #ལི་ ཅིག་ བཞུགས་པ ར་ བྱ འོ །_། དེ་ནས་ ཨོཾ་",
                            "#སྭ་ #བྷཱ་བ་ #བི་ #ཤུདྡྡྷཿསརྦ་ #དྷ་ #རྨཱཿསྭ་ #བྷཱ་བ་ #བི་ #ཤུདྡྷོ྅ཧཾ་",
                            "གི་ སྔགས་ ཀྱིས་ ཆོས་"
                        ],
                        "པེ་": [
                            "ཀ་ #ལི་ ཅིག་ བཞུགས་པ ར་ བྱ འོ །_། དེ་ནས་ ཨོཾ་",
                            "#སྭཱ་ #བྷཱ་བ་ #བི་ ཤུད་ #དྷ་ #སརྦ་ #དྷརྨཱ་ #སྭཱ་ #བྷ་བ་ #བི་ ཤུད་ #དྷོ་ #ཧཾ་",
                            "གི་ སྔགས་ ཀྱིས་ ཆོས་"
                        ],
                        "སྡེ་": [
                            "ཀ་ #ལི་ ཅིག་ བཞུགས་པ ར་ བྱ འོ །_། དེ་ནས་ ཨོཾ་",
                            "#སྭ་ #བྷཱ་བ་ #བི་ #ཤུདྡྡྷཿསརྦ་ #དྷ་ #རྨཱཿསྭ་ #བྷཱ་བ་ #བི་ #ཤུདྡྷོ྅ཧཾ་",
                            "གི་ སྔགས་ ཀྱིས་ ཆོས་"
                        ],
                        "སྣར་": [
                            "ཀ་ #ལི་ ཅིག་ བཞུགས་པ ར་ བྱ འོ །_། དེ་ནས་ ཨོཾ་",
                            "#སྭཱ་ #བྷཱ་བ་ #བི་ #ཤུདྡྷཿསརྦ་ #དྷརྨཱཿསྭ་ #བྷཱ་བ་ #བི་ #ཤུདྡྷོ྅ཧཾ་",
                            "གི་ སྔགས་ ཀྱིས་ ཆོས་"
                        ]
                    }
                ]
            },
            {
                "10": [
                    {
                        "ཅོ་": [
                            "དཀྱིལ་འཁོར་ གྱི་ སྟེང་ དུ་",
                            "#དྷཱིཿསེར་པོ་",
                            "#གུར་ གུམ་ གྱི་"
                        ],
                        "པེ་": [
                            "དཀྱིལ་འཁོར་ གྱི་ སྟེང་ དུ་",
                            "#དྷི་ སེར་པོ་",
                            "#གུར་ གུམ་ གྱི་"
                        ],
                        "སྡེ་": [
                            "དཀྱིལ་འཁོར་ གྱི་ སྟེང་ དུ་",
                            "#དྷཱིཿསེར་པོ་",
                            "#གུར་ གུམ་ གྱི་"
                        ],
                        "སྣར་": [
                            "དཀྱིལ་འཁོར་ གྱི་ སྟེང་ དུ་",
                            "#དྷིཿསེར་པོ་",
                            "#གུར་ གུམ་ གྱི་"
                        ]
                    }
                ]
            },
            {
                "12": [
                    {
                        "ཅོ་": [
                            "ལྷུང་བཟེད་ ཀྱི་ ནང་ དུ་",
                            "#ཧྲཱིཿདཀར་པོ་",
                            "ཡོངས་སུ་ གྱུར་"
                        ],
                        "པེ་": [
                            "ལྷུང་བཟེད་ ཀྱི་ ནང་ དུ་",
                            "#ཧྲི་ དཀར་པོ་",
                            "ཡོངས་སུ་ གྱུར་"
                        ],
                        "སྡེ་": [
                            "ལྷུང་བཟེད་ ཀྱི་ ནང་ དུ་",
                            "#ཧྲཱིཿདཀར་པོ་",
                            "ཡོངས་སུ་ གྱུར་"
                        ],
                        "སྣར་": [
                            "ལྷུང་བཟེད་ ཀྱི་ ནང་ དུ་",
                            "#ཧྲཱིཿདཀར་པོ་",
                            "ཡོངས་སུ་ གྱུར་"
                        ]
                    }
                ]
            },
            {
                "15": [
                    {
                        "ཅོ་": [
                            " །_ ན་ མོ་ #མཉྫུ་",
                            "#ཤྲཱི་ #བཱ་ #གཱི་ #ཤྭ་ རི་ #མུཾ །_ #བཱ་ #གཱི་ #ཤྭ་ རི་ #ཧོཿ",
                            "།_ #ཨུ་པ་ དེ་ ཤ་"
                        ],
                        "པེ་": [
                            " །_ ན་ མོ་ #མཉྫུ་",
                            "#ཤྲཱི་བ་ གི་ #ཤྭ་ རི་ མུ །_ བ་ གི་ #ཤྭ་ རི་ #ཧོ",
                            "།_ #ཨུ་པ་ དེ་ ཤ་"
                        ],
                        "སྡེ་": [
                            " །_ ན་ མོ་ #མཉྫུ་",
                            "#ཤྲཱི་ #བཱ་ #གཱི་ #ཤྭ་ རི་ #མུཾ །_ #བཱ་ #གཱི་ #ཤྭ་ རི་ #ཧོཿ",
                            "།_ #ཨུ་པ་ དེ་ ཤ་"
                        ],
                        "སྣར་": [
                            " །_ ན་ མོ་ #མཉྫུ་",
                            "#ཤྲཱི་ #བཱ་ #གཱི་ #ཤྭ་ རི་ #མུཾ །_ #བཱ་ གི་ ཤ་ རི་ #ཧོ",
                            "།_ #ཨུ་པ་ དེ་ ཤ་"
                        ]
                    }
                ]
            },
            {
                "16": [
                    {
                        "ཅོ་": [
                            "ད་ #ཏ་ #དྷ་བ་ ནི་",
                            "#ཧྲཱིཿསྭཱ་",
                            "#ཧཱ །_ སྔགས་ ཀྱི་"
                        ],
                        "པེ་": [
                            "ད་ #ཏ་ #དྷ་བ་ ནི་",
                            "#ཧྲི་ #སྭཱ་",
                            "#ཧཱ །_ སྔགས་ ཀྱི་"
                        ],
                        "སྡེ་": [
                            "ད་ #ཏ་ #དྷ་བ་ ནི་",
                            "#ཧྲཱིཿསྭཱ་",
                            "#ཧཱ །_ སྔགས་ ཀྱི་"
                        ],
                        "སྣར་": [
                            "ད་ #ཏ་ #དྷ་བ་ ནི་",
                            "#ཧྲཱིཿསྭཱ་",
                            "#ཧཱ །_ སྔགས་ ཀྱི་"
                        ]
                    }
                ]
            },
            {
                "20": [
                    {
                        "ཅོ་": [
                            "ཡིས་ སངས་རྒྱས་ དང་",
                            "#པྲཛྙཱ་",
                            "མཉམ་པ ར་ འགྱུར་ རོ །_། ལྔ་"
                        ],
                        "པེ་": [
                            "ཡིས་ སངས་རྒྱས་ དང་",
                            "#པྲཱཛྙཱ་",
                            "མཉམ་པ ར་ འགྱུར་ རོ །_། ལྔ་"
                        ],
                        "སྡེ་": [
                            "ཡིས་ སངས་རྒྱས་ དང་",
                            "#པྲཛྙཱ་",
                            "མཉམ་པ ར་ འགྱུར་ རོ །_། ལྔ་"
                        ],
                        "སྣར་": [
                            "ཡིས་ སངས་རྒྱས་ དང་",
                            "#པྲཛྙཱ་",
                            "མཉམ་པ ར་ འགྱུར་ རོ །_། ལྔ་"
                        ]
                    }
                ]
            },
            {
                "27": [
                    {
                        "ཅོ་": [
                            "ཞབས་ ཀྱིས་ མཛད་པ་ རྫོགས་",
                            "སོ",
                            "།། "
                        ],
                        "པེ་": [
                            "ཞབས་ ཀྱིས་ མཛད་པ་ རྫོགས་",
                            "#སྷོ",
                            "།། "
                        ],
                        "སྡེ་": [
                            "ཞབས་ ཀྱིས་ མཛད་པ་ རྫོགས་",
                            "སོ",
                            "།། "
                        ],
                        "སྣར་": [
                            "ཞབས་ ཀྱིས་ མཛད་པ་ རྫོགས་",
                            "སོ",
                            "།། "
                        ]
                    }
                ]
            }
        ],
        "verb_difference": {
            "diff_tense": [
                {
                    "18": [
                        [
                            "《བསྒྲུབས》ཞེས་པ།【〈སྒྲུབ〉གི་ འདས་པ།】【〈སྒྲུབ〉གི་ འདས་པ། ཐ་དད་པ།】",
                            "《སྒྲུབ》ཞེས་པ།【〈སྒྲུབ〉གི་ ད་ལྟ་བ།】【〈སྒྲུབ〉གི་ ད་ལྟ་བ། ཐ་དད་པ།】",
                            "《སྒྲུབས》ཞེས་པ།【〈སྒྲུབ〉གི་ སྐུལ་ཚིག】【〈སྒྲུབ〉གི་ སྐུལ་ཚིག ཐ་དད་པ།】"
                        ],
                        {
                            "ཅོ་": [
                                "རོ །_། ཉི་མ་ གཉིས་",
                                "བསྒྲུབས་",
                                "ན་ བསྟན་བཅོས་ ཐམས་ཅད་"
                            ],
                            "པེ་": [
                                "རོ །_། ཉི་མ་ གཉིས་",
                                "སྒྲུབ་",
                                "ན་ བསྟན་བཅོས་ ཐམས་ཅད་"
                            ],
                            "སྡེ་": [
                                "རོ །_། ཉི་མ་ གཉིས་",
                                "བསྒྲུབས་",
                                "ན་ བསྟན་བཅོས་ ཐམས་ཅད་"
                            ],
                            "སྣར་": [
                                "རོ །_། ཉི་མ་ གཉིས་",
                                "སྒྲུབས་",
                                "ན་ བསྟན་བཅོས་ ཐམས་ཅད་"
                            ]
                        }
                    ]
                }
            ],
            "diff_verb": [
                {
                    "25": [
                        [
                            "《སྐྱེད》ཞེས་པ།【〈བསྐྱེད〉གི་ ད་ལྟ་བ། ཐ་དད་པ།】【〈བསྐྱེད〉གི་ སྐུལ་ཚིག ཐ་དད་པ།】【〈སྐྱེད〉གི་ ད་ལྟ་བ།】【〈སྐྱེད〉གི་ ད་ལྟ་བ། ཐ་དད་པ།】【〈སྐྱེད〉གི་ སྐུལ་ཚིག】【〈སྐྱེད〉གི་ སྐུལ་ཚིག ཐ་དད་པ།】",
                            "《བསྐྱེད》ཞེས་པ།【〈བསྐྱེད〉གི་ མ་འོངས་པ། ཐ་དད་པ།】【〈བསྐྱེད〉གི་ འདས་པ། ཐ་དད་པ།】【〈སྐྱེད〉གི་ མ་འོངས་པ།】【〈སྐྱེད〉གི་ མ་འོངས་པ། ཐ་དད་པ།】【〈སྐྱེད〉གི་ འདས་པ།】【〈སྐྱེད〉གི་ འདས་པ། ཐ་དད་པ།】"
                        ],
                        {
                            "ཅོ་": [
                                "སེམས་ དང་ ལྡན །_། སེམས་",
                                "བསྐྱེད་",
                                "དེ་ དང་ ལྡན་པ་ ཡི"
                            ],
                            "པེ་": [
                                "སེམས་ དང་ ལྡན །_། སེམས་",
                                "སྐྱེད་",
                                "དེ་ དང་ ལྡན་པ་ ཡི"
                            ],
                            "སྡེ་": [
                                "སེམས་ དང་ ལྡན །_། སེམས་",
                                "བསྐྱེད་",
                                "དེ་ དང་ ལྡན་པ་ ཡི"
                            ],
                            "སྣར་": [
                                "སེམས་ དང་ ལྡན །_། སེམས་",
                                "སྐྱེད་",
                                "དེ་ དང་ ལྡན་པ་ ཡི"
                            ]
                        }
                    ]
                }
            ],
            "not_sure": []
        }
    },
    "dunno": {
        "long_diff": [
            {
                "19": [
                    {
                        "ཅོ་": [
                            "མཁས་པ ར་ འགྱུར་ རོ །_། ཉི་མ་",
                            "གསུམ་ བསྒྲུབས་ ན་ སྐྱེ་བ་ དྲན་པ ར་",
                            "འགྱུར་ རོ །_། ཉི་མ་ བཞི་ ཡིས་ སངས་"
                        ],
                        "པེ་": [
                            "མཁས་པ ར་ འགྱུར་ རོ །_། ཉི་མ་",
                            "",
                            "འགྱུར་ རོ །_། ཉི་མ་ བཞི་ ཡིས་ སངས་"
                        ],
                        "སྡེ་": [
                            "མཁས་པ ར་ འགྱུར་ རོ །_། ཉི་མ་",
                            "གསུམ་ བསྒྲུབས་ ན་ སྐྱེ་བ་ དྲན་པ ར་",
                            "འགྱུར་ རོ །_། ཉི་མ་ བཞི་ ཡིས་ སངས་"
                        ],
                        "སྣར་": [
                            "མཁས་པ ར་ འགྱུར་ རོ །_། ཉི་མ་",
                            "གསུམ་ བསྒྲུབས་ ན་ སྐྱེ་བ་ དྲན་པ ར་",
                            "འགྱུར་ རོ །_། ཉི་མ་ བཞི་ ཡིས་ སངས་"
                        ]
                    }
                ]
            },
            {
                "26": [
                    {
                        "ཅོ་": [
                            "",
                            "འཕེལ་བ་ ཞེས་བྱ་བ་",
                            "ཀུན་ གྱི་ ཐུན་མོང་ མ་"
                        ],
                        "པེ་": [
                            "",
                            "འཕེལ་",
                            "ཀུན་ གྱི་ ཐུན་མོང་ མ་"
                        ],
                        "སྡེ་": [
                            "",
                            "འཕེལ་བ་ ཞེས་བྱ་བ་",
                            "ཀུན་ གྱི་ ཐུན་མོང་ མ་"
                        ],
                        "སྣར་": [
                            "",
                            "འཕེལ་བ་ ཞེས་བྱ་བ་",
                            "ཀུན་ གྱི་ ཐུན་མོང་ མ་"
                        ]
                    }
                ]
            }
        ],
        "no_diff": [
            {
                "3": [
                    {
                        "ཅོ་": [
                            " །_ བཅོམ་ལྡན་འདས་",
                            "འཇམ་པ འི་",
                            "མགོན་ ལ་ ཕྱག་ འཚལ་ ལོ"
                        ],
                        "པེ་": [
                            " །_ བཅོམ་ལྡན་འདས་",
                            "འཇམ་པ འི་",
                            "མགོན་ ལ་ ཕྱག་ འཚལ་ ལོ"
                        ],
                        "སྡེ་": [
                            " །_ བཅོམ་ལྡན་འདས་",
                            "འཇམ་པ འི་",
                            "མགོན་ ལ་ ཕྱག་ འཚལ་ ལོ"
                        ],
                        "སྣར་": [
                            " །_ བཅོམ་ལྡན་འདས་",
                            "འཇམ་དཔལ་",
                            "མགོན་ ལ་ ཕྱག་ འཚལ་ ལོ"
                        ]
                    }
                ]
            },
            {
                "4": [
                    {
                        "ཅོ་": [
                            "ལ །_ #མཎྜལ་ ཁྲུ་",
                            "གང་བ་ ཅིག་",
                            "བྱས་ ཏེ །_ དེ འི་ དབུས་"
                        ],
                        "པེ་": [
                            "ལ །_ #མཎྜལ་ ཁྲུ་",
                            "གང་པ་ གཅིག་",
                            "བྱས་ ཏེ །_ དེ འི་ དབུས་"
                        ],
                        "སྡེ་": [
                            "ལ །_ #མཎྜལ་ ཁྲུ་",
                            "གང་བ་ ཅིག་",
                            "བྱས་ ཏེ །_ དེ འི་ དབུས་"
                        ],
                        "སྣར་": [
                            "ལ །_ #མཎྜལ་ ཁྲུ་",
                            "གང་པ་ ཞིག་",
                            "བྱས་ ཏེ །_ དེ འི་ དབུས་"
                        ]
                    }
                ]
            },
            {
                "5": [
                    {
                        "ཅོ་": [
                            "རྫས །_ དབང་པོ་",
                            "ལག་པ",
                            "_། གླ་ རྩི །_ གི་"
                        ],
                        "པེ་": [
                            "རྫས །_ དབང་པོ་",
                            "ལག་པ",
                            "_། གླ་ རྩི །_ གི་"
                        ],
                        "སྡེ་": [
                            "རྫས །_ དབང་པོ་",
                            "ལག་པ",
                            "_། གླ་ རྩི །_ གི་"
                        ],
                        "སྣར་": [
                            "རྫས །_ དབང་པོ་",
                            "ལག་ ན",
                            "_། གླ་ རྩི །_ གི་"
                        ]
                    }
                ]
            },
            {
                "7": [
                    {
                        "ཅོ་": [
                            "སྦྱོར་ གྱི་ #ཙ་ ཀ་ #ལི་",
                            "ཅིག་",
                            "བཞུགས་པ ར་ བྱ འོ །_། དེ་ནས་ ཨོཾ་ #སྭ་ #བྷཱ་བ་ #བི་ #ཤུདྡྡྷཿསརྦ་ #དྷ་ #རྨཱཿསྭ་ #བྷཱ་བ་ #བི་ #ཤུདྡྷོཉ྄ཧཾ་ གི་ སྔགས་"
                        ],
                        "པེ་": [
                            "སྦྱོར་ གྱི་ #ཙ་ ཀ་ #ལི་",
                            "གཅིག་",
                            "བཞུགས་པ ར་ བྱ འོ །_། དེ་ནས་ ཨོཾ་ #སྭ་ #བྷཱ་བ་ #བི་ #ཤུདྡྡྷཿསརྦ་ #དྷ་ #རྨཱཿསྭ་ #བྷཱ་བ་ #བི་ #ཤུདྡྷོཉ྄ཧཾ་ གི་ སྔགས་"
                        ],
                        "སྡེ་": [
                            "སྦྱོར་ གྱི་ #ཙ་ ཀ་ #ལི་",
                            "ཅིག་",
                            "བཞུགས་པ ར་ བྱ འོ །_། དེ་ནས་ ཨོཾ་ #སྭ་ #བྷཱ་བ་ #བི་ #ཤུདྡྡྷཿསརྦ་ #དྷ་ #རྨཱཿསྭ་ #བྷཱ་བ་ #བི་ #ཤུདྡྷོཉ྄ཧཾ་ གི་ སྔགས་"
                        ],
                        "སྣར་": [
                            "སྦྱོར་ གྱི་ #ཙ་ ཀ་ #ལི་",
                            "གཅིག་",
                            "བཞུགས་པ ར་ བྱ འོ །_། དེ་ནས་ ཨོཾ་ #སྭ་ #བྷཱ་བ་ #བི་ #ཤུདྡྡྷཿསརྦ་ #དྷ་ #རྨཱཿསྭ་ #བྷཱ་བ་ #བི་ #ཤུདྡྷོཉ྄ཧཾ་ གི་ སྔགས་"
                        ]
                    }
                ]
            },
            {
                "9": [
                    {
                        "ཅོ་": [
                            "པོ་ འདབ་མ་ བརྒྱད་པ་",
                            "ཅིག་",
                            "བསམ །_ དེ འི་ སྟེང་ དུ་"
                        ],
                        "པེ་": [
                            "པོ་ འདབ་མ་ བརྒྱད་པ་",
                            "གཅིག་",
                            "བསམ །_ དེ འི་ སྟེང་ དུ་"
                        ],
                        "སྡེ་": [
                            "པོ་ འདབ་མ་ བརྒྱད་པ་",
                            "ཅིག་",
                            "བསམ །_ དེ འི་ སྟེང་ དུ་"
                        ],
                        "སྣར་": [
                            "པོ་ འདབ་མ་ བརྒྱད་པ་",
                            "ཞིག་",
                            "བསམ །_ དེ འི་ སྟེང་ དུ་"
                        ]
                    }
                ]
            },
            {
                "11": [
                    {
                        "ཅོ་": [
                            "གུམ་ གྱི་ མདོག་ ཅན་",
                            "ཅིག་",
                            "བསམ །_ དེ་ ཡོངས་སུ་"
                        ],
                        "པེ་": [
                            "གུམ་ གྱི་ མདོག་ ཅན་",
                            "གཅིག་",
                            "བསམ །_ དེ་ ཡོངས་སུ་"
                        ],
                        "སྡེ་": [
                            "གུམ་ གྱི་ མདོག་ ཅན་",
                            "ཅིག་",
                            "བསམ །_ དེ་ ཡོངས་སུ་"
                        ],
                        "སྣར་": [
                            "གུམ་ གྱི་ མདོག་ ཅན་",
                            "ཞིག་",
                            "བསམ །_ དེ་ ཡོངས་སུ་"
                        ]
                    }
                ]
            },
            {
                "13": [
                    {
                        "ཅོ་": [
                            "སྟེང་ དུ །_ དབྱངས་ ཅན་",
                            "",
                            "དཀ ར་ མོ་ གཡས་ ན་ རལ་"
                        ],
                        "པེ་": [
                            "སྟེང་ དུ །_ དབྱངས་ ཅན་",
                            "མ་",
                            "དཀ ར་ མོ་ གཡས་ ན་ རལ་"
                        ],
                        "སྡེ་": [
                            "སྟེང་ དུ །_ དབྱངས་ ཅན་",
                            "མ་",
                            "དཀ ར་ མོ་ གཡས་ ན་ རལ་"
                        ],
                        "སྣར་": [
                            "སྟེང་ དུ །_ དབྱངས་ ཅན་",
                            "མ་",
                            "དཀ ར་ མོ་ གཡས་ ན་ རལ་"
                        ]
                    }
                ]
            },
            {
                "24": [
                    {
                        "ཅོ་": [
                            "འགྱུར །_། ཉམས་ སྟོབས་ ལུས་",
                            "ཟུངས་",
                            "འཕེལ་བ ར་ འགྱུར །_། ལྷ་"
                        ],
                        "པེ་": [
                            "འགྱུར །_། ཉམས་ སྟོབས་ ལུས་",
                            "གཟུངས་",
                            "འཕེལ་བ ར་ འགྱུར །_། ལྷ་"
                        ],
                        "སྡེ་": [
                            "འགྱུར །_། ཉམས་ སྟོབས་ ལུས་",
                            "ཟུངས་",
                            "འཕེལ་བ ར་ འགྱུར །_། ལྷ་"
                        ],
                        "སྣར་": [
                            "འགྱུར །_། ཉམས་ སྟོབས་ ལུས་",
                            "ཟུང་",
                            "འཕེལ་བ ར་ འགྱུར །_། ལྷ་"
                        ]
                    }
                ]
            }
        ],
        "short_diff": [
            {
                "2": [
                    {
                        "ཅོ་": [
                            "རྡོ་རྗེ་ བློ་གྲོས་",
                            "འཕེལ་བ་",
                            "ཞེས་བྱ་བ །_ བཅོམ་"
                        ],
                        "པེ་": [
                            "རྡོ་རྗེ་ བློ་གྲོས་",
                            "འཕེལ་",
                            "ཞེས་བྱ་བ །_ བཅོམ་"
                        ],
                        "སྡེ་": [
                            "རྡོ་རྗེ་ བློ་གྲོས་",
                            "འཕེལ་བ་",
                            "ཞེས་བྱ་བ །_ བཅོམ་"
                        ],
                        "སྣར་": [
                            "རྡོ་རྗེ་ བློ་གྲོས་",
                            "འཕེལ་",
                            "ཞེས་བྱ་བ །_ བཅོམ་"
                        ]
                    }
                ]
            },
            {
                "14": [
                    {
                        "ཅོ་": [
                            "སོ་སོ ར་ བསྟིམ་ མོ །_།",
                            "ཡང་",
                            "འོད་ ཟེར་ འཕྲོས་པ ས་ སངས་"
                        ],
                        "པེ་": [
                            "སོ་སོ ར་ བསྟིམ་ མོ །_།",
                            "ཡང་",
                            "འོད་ ཟེར་ འཕྲོས་པ ས་ སངས་"
                        ],
                        "སྡེ་": [
                            "སོ་སོ ར་ བསྟིམ་ མོ །_།",
                            "ཡང་",
                            "འོད་ ཟེར་ འཕྲོས་པ ས་ སངས་"
                        ],
                        "སྣར་": [
                            "སོ་སོ ར་ བསྟིམ་ མོ །_།",
                            "ཡང་ན་",
                            "འོད་ ཟེར་ འཕྲོས་པ ས་ སངས་"
                        ]
                    }
                ]
            }
        ]
    },
    "empty_notes": [
        {
            "28": [
                {
                    "ཅོ་": [
                        "ཀྱིས་ མཛད་པ་ རྫོགས་ སོ །། ",
                        "",
                        "ཀྱིས་ མཛད་པ་ རྫོགས་ སོ །། "
                    ],
                    "པེ་": [
                        "ཀྱིས་ མཛད་པ་ རྫོགས་ སོ །། ",
                        "",
                        "ཀྱིས་ མཛད་པ་ རྫོགས་ སོ །། "
                    ],
                    "སྡེ་": [
                        "ཀྱིས་ མཛད་པ་ རྫོགས་ སོ །། ",
                        "",
                        "ཀྱིས་ མཛད་པ་ རྫོགས་ སོ །། "
                    ],
                    "སྣར་": [
                        "ཀྱིས་ མཛད་པ་ རྫོགས་ སོ །། ",
                        "",
                        "ཀྱིས་ མཛད་པ་ རྫོགས་ སོ །། "
                    ]
                }
            ]
        }
    ],
    "manual_categorisation": {
        "long_difference": {
            "differing_formulation": [],
            "major_modification": []
        },
        "manual_evaluation": {
            "derge_correct": [],
            "meaning_difference": {
                "great_diff": [],
                "medium_diff": [],
                "small_diff": []
            }
        }
    },
    "ngram_freq": {
        "1": {
            "ཅོ་": [
                [
                    "ན་ནཱ",
                    "50"
                ]
            ],
            "པེ་": [],
            "སྡེ་": [
                [
                    "ན་ནཱ",
                    "50"
                ]
            ],
            "སྣར་": [
                [
                    "ན་ནཱ",
                    "50"
                ]
            ]
        },
        "10": {
            "ཅོ་": [],
            "པེ་": [],
            "སྡེ་": [],
            "སྣར་": []
        },
        "11": {
            "ཅོ་": [
                [
                    "ཅིག",
                    "11520"
                ]
            ],
            "པེ་": [
                [
                    "གཅིག",
                    "620"
                ],
                [
                    "ཅན་གཅིག",
                    "367"
                ]
            ],
            "སྡེ་": [
                [
                    "ཅིག",
                    "11520"
                ]
            ],
            "སྣར་": [
                [
                    "ཞིག",
                    "798"
                ],
                [
                    "ཅན་ཞིག",
                    "224"
                ]
            ]
        },
        "12": {
            "ཅོ་": [],
            "པེ་": [],
            "སྡེ་": [],
            "སྣར་": []
        },
        "13": {
            "ཅོ་": [
                [
                    "",
                    "1"
                ],
                [
                    "དཀ",
                    "2"
                ],
                [
                    "ཅན",
                    "5389"
                ]
            ],
            "པེ་": [
                [
                    "མ",
                    "4286"
                ],
                [
                    "ཅན་མ",
                    "127"
                ]
            ],
            "སྡེ་": [
                [
                    "མ",
                    "4286"
                ],
                [
                    "ཅན་མ",
                    "127"
                ]
            ],
            "སྣར་": [
                [
                    "མ",
                    "4286"
                ],
                [
                    "ཅན་མ",
                    "127"
                ]
            ]
        },
        "14": {
            "ཅོ་": [
                [
                    "ཡང",
                    "82"
                ],
                [
                    "།_།ཡང",
                    "8517"
                ],
                [
                    "ཡང་འོད",
                    "106"
                ]
            ],
            "པེ་": [
                [
                    "ཡང",
                    "82"
                ],
                [
                    "།_།ཡང",
                    "8517"
                ],
                [
                    "ཡང་འོད",
                    "106"
                ]
            ],
            "སྡེ་": [
                [
                    "ཡང",
                    "82"
                ],
                [
                    "།_།ཡང",
                    "8517"
                ],
                [
                    "ཡང་འོད",
                    "106"
                ]
            ],
            "སྣར་": [
                [
                    "ཡང་ན",
                    "2863"
                ],
                [
                    "།_།ཡང་ན",
                    "1727"
                ]
            ]
        },
        "15": {
            "ཅོ་": [],
            "པེ་": [],
            "སྡེ་": [],
            "སྣར་": []
        },
        "16": {
            "ཅོ་": [
                [
                    "ཧྲཱིཿསྭཱ",
                    "24"
                ]
            ],
            "པེ་": [],
            "སྡེ་": [
                [
                    "ཧྲཱིཿསྭཱ",
                    "24"
                ]
            ],
            "སྣར་": [
                [
                    "ཧྲཱིཿསྭཱ",
                    "24"
                ]
            ]
        },
        "17": {
            "ཅོ་": [
                [
                    "ཞལ་དུ",
                    "273"
                ]
            ],
            "པེ་": [
                [
                    "ཞལ",
                    "228"
                ]
            ],
            "སྡེ་": [
                [
                    "ཞལ་དུ",
                    "273"
                ]
            ],
            "སྣར་": [
                [
                    "ཞལ་དུ",
                    "273"
                ]
            ]
        },
        "18": {
            "ཅོ་": [
                [
                    "བསྒྲུབས",
                    "107"
                ],
                [
                    "བསྒྲུབས་ན",
                    "170"
                ]
            ],
            "པེ་": [
                [
                    "སྒྲུབ",
                    "176"
                ]
            ],
            "སྡེ་": [
                [
                    "བསྒྲུབས",
                    "107"
                ],
                [
                    "བསྒྲུབས་ན",
                    "170"
                ]
            ],
            "སྣར་": [
                [
                    "སྒྲུབས",
                    "15"
                ]
            ]
        },
        "19": {
            "ཅོ་": [],
            "པེ་": [
                [
                    "",
                    "1"
                ],
                [
                    "ཉི་མ",
                    "6125"
                ],
                [
                    "འགྱུར",
                    "31151"
                ]
            ],
            "སྡེ་": [],
            "སྣར་": []
        },
        "2": {
            "ཅོ་": [
                [
                    "འཕེལ་བ",
                    "1664"
                ]
            ],
            "པེ་": [
                [
                    "འཕེལ",
                    "262"
                ]
            ],
            "སྡེ་": [
                [
                    "འཕེལ་བ",
                    "1664"
                ]
            ],
            "སྣར་": [
                [
                    "འཕེལ",
                    "262"
                ]
            ]
        },
        "20": {
            "ཅོ་": [
                [
                    "པྲཛྙཱ",
                    "7"
                ]
            ],
            "པེ་": [],
            "སྡེ་": [
                [
                    "པྲཛྙཱ",
                    "7"
                ]
            ],
            "སྣར་": [
                [
                    "པྲཛྙཱ",
                    "7"
                ]
            ]
        },
        "21": {
            "ཅོ་": [
                [
                    "འགྱུར་རོ",
                    "2600"
                ],
                [
                    "འགྱུར་རོ།_།",
                    "48576"
                ]
            ],
            "པེ་": [
                [
                    "འགྱུར་རོ",
                    "2600"
                ],
                [
                    "འགྱུར་རོ།_།",
                    "48576"
                ]
            ],
            "སྡེ་": [
                [
                    "འགྱུར་རོ",
                    "2600"
                ],
                [
                    "འགྱུར་རོ།_།",
                    "48576"
                ]
            ],
            "སྣར་": [
                [
                    "འགྱུར",
                    "31151"
                ],
                [
                    "འགྱུར།_།",
                    "18273"
                ],
                [
                    "མཉམ་པར་འགྱུར།_།",
                    "52"
                ]
            ]
        },
        "22": {
            "ཅོ་": [
                [
                    "ཟོས་པས",
                    "94"
                ]
            ],
            "པེ་": [
                [
                    "ཟོས་པ",
                    "429"
                ]
            ],
            "སྡེ་": [
                [
                    "ཟོས་པས",
                    "94"
                ]
            ],
            "སྣར་": [
                [
                    "ཟོས་པས",
                    "94"
                ]
            ]
        },
        "23": {
            "ཅོ་": [
                [
                    "ལྟ་བུ",
                    "1179"
                ]
            ],
            "པེ་": [
                [
                    "ལྟ་བུར",
                    "191"
                ],
                [
                    "ལྟ་བུར་འགྱུར",
                    "58"
                ]
            ],
            "སྡེ་": [
                [
                    "ལྟ་བུ",
                    "1179"
                ]
            ],
            "སྣར་": [
                [
                    "ལྟ་བུར",
                    "191"
                ],
                [
                    "ལྟ་བུར་འགྱུར",
                    "58"
                ]
            ]
        },
        "24": {
            "ཅོ་": [
                [
                    "ཟུངས",
                    "62"
                ]
            ],
            "པེ་": [
                [
                    "གཟུངས",
                    "261"
                ]
            ],
            "སྡེ་": [
                [
                    "ཟུངས",
                    "62"
                ]
            ],
            "སྣར་": [
                [
                    "ཟུང",
                    "1"
                ]
            ]
        },
        "25": {
            "ཅོ་": [
                [
                    "བསྐྱེད",
                    "673"
                ],
                [
                    "བསྐྱེད་དེ",
                    "671"
                ],
                [
                    "སེམས་བསྐྱེད",
                    "64"
                ],
                [
                    "སེམས་བསྐྱེད་དེ",
                    "73"
                ]
            ],
            "པེ་": [
                [
                    "སྐྱེད",
                    "412"
                ],
                [
                    "སྐྱེད་དེ",
                    "198"
                ],
                [
                    "སེམས་སྐྱེད",
                    "380"
                ]
            ],
            "སྡེ་": [
                [
                    "བསྐྱེད",
                    "673"
                ],
                [
                    "བསྐྱེད་དེ",
                    "671"
                ],
                [
                    "སེམས་བསྐྱེད",
                    "64"
                ],
                [
                    "སེམས་བསྐྱེད་དེ",
                    "73"
                ]
            ],
            "སྣར་": [
                [
                    "སྐྱེད",
                    "412"
                ],
                [
                    "སྐྱེད་དེ",
                    "198"
                ],
                [
                    "སེམས་སྐྱེད",
                    "380"
                ]
            ]
        },
        "26": {
            "ཅོ་": [],
            "པེ་": [
                [
                    "འཕེལ",
                    "262"
                ]
            ],
            "སྡེ་": [],
            "སྣར་": []
        },
        "27": {
            "ཅོ་": [
                [
                    "སོ",
                    "40406"
                ],
                [
                    "རྫོགས་སོ",
                    "120"
                ]
            ],
            "པེ་": [
                [
                    "སྷོ",
                    "712"
                ],
                [
                    "རྫོགས་སྷོ",
                    "710"
                ]
            ],
            "སྡེ་": [
                [
                    "སོ",
                    "40406"
                ],
                [
                    "རྫོགས་སོ",
                    "120"
                ]
            ],
            "སྣར་": [
                [
                    "སོ",
                    "40406"
                ],
                [
                    "རྫོགས་སོ",
                    "120"
                ]
            ]
        },
        "28": {
            "ཅོ་": [
                [
                    "",
                    "1"
                ],
                [
                    "ཀྱིས",
                    "6156"
                ]
            ],
            "པེ་": [
                [
                    "",
                    "1"
                ],
                [
                    "ཀྱིས",
                    "6156"
                ]
            ],
            "སྡེ་": [
                [
                    "",
                    "1"
                ],
                [
                    "ཀྱིས",
                    "6156"
                ]
            ],
            "སྣར་": [
                [
                    "",
                    "1"
                ],
                [
                    "ཀྱིས",
                    "6156"
                ]
            ]
        },
        "3": {
            "ཅོ་": [
                [
                    "འཇམ་པའི",
                    "358"
                ]
            ],
            "པེ་": [
                [
                    "འཇམ་པའི",
                    "358"
                ]
            ],
            "སྡེ་": [
                [
                    "འཇམ་པའི",
                    "358"
                ]
            ],
            "སྣར་": [
                [
                    "འཇམ་དཔལ",
                    "8184"
                ],
                [
                    "བཅོམ་ལྡན་འདས་འཇམ་དཔལ",
                    "82"
                ]
            ]
        },
        "4": {
            "ཅོ་": [],
            "པེ་": [],
            "སྡེ་": [],
            "སྣར་": []
        },
        "5": {
            "ཅོ་": [
                [
                    "ལག་པ",
                    "4490"
                ]
            ],
            "པེ་": [
                [
                    "ལག་པ",
                    "4490"
                ]
            ],
            "སྡེ་": [
                [
                    "ལག་པ",
                    "4490"
                ]
            ],
            "སྣར་": [
                [
                    "ལག་ན",
                    "4066"
                ]
            ]
        },
        "6": {
            "ཅོ་": [
                [
                    "དམར་པོའི",
                    "425"
                ]
            ],
            "པེ་": [],
            "སྡེ་": [
                [
                    "དམར་པོའི",
                    "425"
                ]
            ],
            "སྣར་": []
        },
        "7": {
            "ཅོ་": [
                [
                    "ཅིག",
                    "11520"
                ],
                [
                    "ཅིག་བཞུགས་པ",
                    "70"
                ]
            ],
            "པེ་": [
                [
                    "གཅིག",
                    "620"
                ]
            ],
            "སྡེ་": [
                [
                    "ཅིག",
                    "11520"
                ],
                [
                    "ཅིག་བཞུགས་པ",
                    "70"
                ]
            ],
            "སྣར་": [
                [
                    "གཅིག",
                    "620"
                ]
            ]
        },
        "8": {
            "ཅོ་": [],
            "པེ་": [],
            "སྡེ་": [],
            "སྣར་": []
        },
        "9": {
            "ཅོ་": [
                [
                    "ཅིག",
                    "11520"
                ]
            ],
            "པེ་": [
                [
                    "གཅིག",
                    "620"
                ]
            ],
            "སྡེ་": [
                [
                    "ཅིག",
                    "11520"
                ]
            ],
            "སྣར་": [
                [
                    "ཞིག",
                    "798"
                ]
            ]
        }
    },
    "non_standard_notes": [],
    "profile": {
        "1": [
            "ཅོ་=སྡེ་=སྣར་ པེ་",
            "32.14%"
        ],
        "10": [
            "ཅོ་=སྡེ་ པེ་ སྣར་",
            "28.57%"
        ],
        "11": [
            "ཅོ་=སྡེ་ པེ་ སྣར་",
            "28.57%"
        ],
        "12": [
            "ཅོ་=སྡེ་=སྣར་ པེ་",
            "32.14%"
        ],
        "13": [
            "ཅོ་ པེ་=སྡེ་=སྣར་",
            "3.57%"
        ],
        "14": [
            "ཅོ་=པེ་=སྡེ་ སྣར་",
            "14.29%"
        ],
        "15": [
            "ཅོ་=སྡེ་ པེ་ སྣར་",
            "28.57%"
        ],
        "16": [
            "ཅོ་=སྡེ་=སྣར་ པེ་",
            "32.14%"
        ],
        "17": [
            "ཅོ་=སྡེ་=སྣར་ པེ་",
            "32.14%"
        ],
        "18": [
            "ཅོ་=སྡེ་ པེ་ སྣར་",
            "28.57%"
        ],
        "19": [
            "ཅོ་=སྡེ་=སྣར་ པེ་",
            "32.14%"
        ],
        "2": [
            "ཅོ་=སྡེ་ པེ་=སྣར་",
            "17.86%"
        ],
        "20": [
            "ཅོ་=སྡེ་=སྣར་ པེ་",
            "32.14%"
        ],
        "21": [
            "ཅོ་=པེ་=སྡེ་ སྣར་",
            "14.29%"
        ],
        "22": [
            "ཅོ་=སྡེ་=སྣར་ པེ་",
            "32.14%"
        ],
        "23": [
            "ཅོ་=སྡེ་ པེ་=སྣར་",
            "17.86%"
        ],
        "24": [
            "ཅོ་=སྡེ་ པེ་ སྣར་",
            "28.57%"
        ],
        "25": [
            "ཅོ་=སྡེ་ པེ་=སྣར་",
            "17.86%"
        ],
        "26": [
            "ཅོ་=སྡེ་=སྣར་ པེ་",
            "32.14%"
        ],
        "27": [
            "ཅོ་=སྡེ་=སྣར་ པེ་",
            "32.14%"
        ],
        "28": [
            "ཅོ་=པེ་=སྡེ་=སྣར་",
            "3.57%"
        ],
        "3": [
            "ཅོ་=པེ་=སྡེ་ སྣར་",
            "14.29%"
        ],
        "4": [
            "ཅོ་=སྡེ་ པེ་ སྣར་",
            "28.57%"
        ],
        "5": [
            "ཅོ་=པེ་=སྡེ་ སྣར་",
            "14.29%"
        ],
        "6": [
            "ཅོ་=སྡེ་ པེ་=སྣར་",
            "17.86%"
        ],
        "7": [
            "ཅོ་=སྡེ་ པེ་=སྣར་",
            "17.86%"
        ],
        "8": [
            "ཅོ་=སྡེ་ པེ་ སྣར་",
            "28.57%"
        ],
        "9": [
            "ཅོ་=སྡེ་ པེ་ སྣར་",
            "28.57%"
        ]
    }
}