﻿{
    "Stats": {
        "Categorised": "18 notes (72.00%)",
        "Notes’ total": 25,
        "Profiles": [
            "ཅོ་=པེ་=སྡེ་ སྣར་: 28.00% (7 notes)",
            "ཅོ་=སྡེ་ པེ་ སྣར་: 16.00% (4 notes)",
            "ཅོ་=པེ་ སྡེ་=སྣར་: 4.00% (1 notes)",
            "ཅོ་=པེ་=སྡེ་=སྣར་: 4.00% (1 notes)",
            "ཅོ་=སྡེ་ པེ་=སྣར་: 12.00% (3 notes)",
            "ཅོ་=སྡེ་=སྣར་ པེ་: 36.00% (9 notes)"
        ],
        "automatic_categorisation": {
            "min_mod": {
                "min_mod_groups": 1,
                "particle_groups": 3
            },
            "particle_issues": {},
            "spelling_mistake": {
                "non_word": {
                    "well_formed": 4
                }
            },
            "sskrt": 2,
            "verb_difference": {
                "diff_tense": 4,
                "diff_verb": 2
            }
        },
        "dunno": {
            "long_diff": 1,
            "no_diff": 5,
            "short_diff": 1
        },
        "empty_notes": 2,
        "manual_categorisation": {
            "long_difference": {},
            "manual_evaluation": {
                "meaning_difference": {}
            }
        },
        "ngram_freq": {},
        "profile": {}
    },
    "automatic_categorisation": {
        "min_mod": {
            "min_mod_groups": [
                {
                    "11": [
                        [
                            [
                                "ལས",
                                "ལ"
                            ]
                        ],
                        {
                            "ཅོ་": [
                                "གསུང་ ཐུགས་ དང་ ཡོན་ཏན་",
                                "ལ",
                                "།_། སྙིང་པོ་ ཐམས་ཅད་"
                            ],
                            "པེ་": [
                                "གསུང་ ཐུགས་ དང་ ཡོན་ཏན་",
                                "ལས",
                                "།_། སྙིང་པོ་ ཐམས་ཅད་"
                            ],
                            "སྡེ་": [
                                "གསུང་ ཐུགས་ དང་ ཡོན་ཏན་",
                                "ལ",
                                "།_། སྙིང་པོ་ ཐམས་ཅད་"
                            ],
                            "སྣར་": [
                                "གསུང་ ཐུགས་ དང་ ཡོན་ཏན་",
                                "ལས",
                                "།_། སྙིང་པོ་ ཐམས་ཅད་"
                            ]
                        }
                    ]
                }
            ],
            "particle_groups": [
                {
                    "3": [
                        [
                            "dreldra",
                            "jedra"
                        ],
                        {
                            "ཅོ་": [
                                "འབྱོར་ བརྩོན་འགྲུས་ དྲག་པོ་",
                                "ཡིས",
                                "_།། དབང་ དང་ གདམས་ངག་"
                            ],
                            "པེ་": [
                                "འབྱོར་ བརྩོན་འགྲུས་ དྲག་པོ་",
                                "ཡིས",
                                "_།། དབང་ དང་ གདམས་ངག་"
                            ],
                            "སྡེ་": [
                                "འབྱོར་ བརྩོན་འགྲུས་ དྲག་པོ་",
                                "ཡིས",
                                "_།། དབང་ དང་ གདམས་ངག་"
                            ],
                            "སྣར་": [
                                "འབྱོར་ བརྩོན་འགྲུས་ དྲག་པོ་",
                                "ཡི",
                                "_།། དབང་ དང་ གདམས་ངག་"
                            ]
                        }
                    ]
                },
                {
                    "5": [
                        [
                            "jedra"
                        ],
                        {
                            "ཅོ་": [
                                "འབྱོར་ དམ་ ཚིག་ ལ་",
                                "གནས་པ",
                                "_།། བླ་མ འི་ མན་ངག་"
                            ],
                            "པེ་": [
                                "འབྱོར་ དམ་ ཚིག་ ལ་",
                                "གནས་པ ས",
                                "_།། བླ་མ འི་ མན་ངག་"
                            ],
                            "སྡེ་": [
                                "འབྱོར་ དམ་ ཚིག་ ལ་",
                                "གནས་པ",
                                "_།། བླ་མ འི་ མན་ངག་"
                            ],
                            "སྣར་": [
                                "འབྱོར་ དམ་ ཚིག་ ལ་",
                                "གནས་པ",
                                "_།། བླ་མ འི་ མན་ངག་"
                            ]
                        }
                    ]
                },
                {
                    "9": [
                        [
                            "ladon"
                        ],
                        {
                            "ཅོ་": [
                                "བཟོ་བོ་ ཡིས །_། #བཻཌཱུཪྱ་",
                                "འདྲ་",
                                "ལེགས་པར་ བྱུག _། བུམ་"
                            ],
                            "པེ་": [
                                "བཟོ་བོ་ ཡིས །_། #བཻཌཱུཪྱ་",
                                "འདྲ ར་",
                                "ལེགས་པར་ བྱུག _། བུམ་"
                            ],
                            "སྡེ་": [
                                "བཟོ་བོ་ ཡིས །_། #བཻཌཱུཪྱ་",
                                "འདྲ་",
                                "ལེགས་པར་ བྱུག _། བུམ་"
                            ],
                            "སྣར་": [
                                "བཟོ་བོ་ ཡིས །_། #བཻཌཱུཪྱ་",
                                "འདྲ་",
                                "ལེགས་པར་ བྱུག _། བུམ་"
                            ]
                        }
                    ]
                }
            ]
        },
        "particle_issues": {
            "added_particle": [],
            "agreement_issue": [],
            "different_particles": [],
            "other": [],
            "po-bo-pa-ba": []
        },
        "spelling_mistake": {
            "missing_vowel": [],
            "nga_da": [],
            "non_word": {
                "ill_formed": [],
                "well_formed": [
                    {
                        "1": [
                            {
                                "ཅོ་": [
                                    "#ལཱམྦ་ ར་ #དྷ་",
                                    "ར་ #ཨུ་པ་",
                                    "#སིདྡྷི་ #ནཱ་ མ །_ བོད་"
                                ],
                                "པེ་": [
                                    "#ལཱམྦ་ ར་ #དྷ་",
                                    "ར་ #ཨུ་པ་",
                                    "#སིདྡྷི་ #ནཱ་ མ །_ བོད་"
                                ],
                                "སྡེ་": [
                                    "#ལཱམྦ་ ར་ #དྷ་",
                                    "ར་ #ཨུ་པ་",
                                    "#སིདྡྷི་ #ནཱ་ མ །_ བོད་"
                                ],
                                "སྣར་": [
                                    "#ལཱམྦ་ ར་ #དྷ་",
                                    "རོ་བ་",
                                    "#སིདྡྷི་ #ནཱ་ མ །_ བོད་"
                                ]
                            }
                        ]
                    },
                    {
                        "7": [
                            {
                                "ཅོ་": [
                                    "ཡང་ རུང་  །_། #རྭ་ ཤིང་",
                                    "འདག་པ་",
                                    "ལ་སོགས་པ །_། "
                                ],
                                "པེ་": [
                                    "ཡང་ རུང་  །_། #རྭ་ ཤིང་",
                                    "#མདག་པ་",
                                    "ལ་སོགས་པ །_། "
                                ],
                                "སྡེ་": [
                                    "ཡང་ རུང་  །_། #རྭ་ ཤིང་",
                                    "འདག་པ་",
                                    "ལ་སོགས་པ །_། "
                                ],
                                "སྣར་": [
                                    "ཡང་ རུང་  །_། #རྭ་ ཤིང་",
                                    "#འདགས་པ་",
                                    "ལ་སོགས་པ །_། "
                                ]
                            }
                        ]
                    },
                    {
                        "12": [
                            {
                                "ཅོ་": [
                                    " །_། མིང་ དང་ གསང་ མཚན་",
                                    "གཞུག་པ་",
                                    "ནི །_། སྐུ་ གདུང་ བྱིན་ རླབས་"
                                ],
                                "པེ་": [
                                    " །_། མིང་ དང་ གསང་ མཚན་",
                                    "#བཞུག་པ་",
                                    "ནི །_། སྐུ་ གདུང་ བྱིན་ རླབས་"
                                ],
                                "སྡེ་": [
                                    " །_། མིང་ དང་ གསང་ མཚན་",
                                    "གཞུག་པ་",
                                    "ནི །_། སྐུ་ གདུང་ བྱིན་ རླབས་"
                                ],
                                "སྣར་": [
                                    " །_། མིང་ དང་ གསང་ མཚན་",
                                    "གཞུག་པ་",
                                    "ནི །_། སྐུ་ གདུང་ བྱིན་ རླབས་"
                                ]
                            }
                        ]
                    },
                    {
                        "14": [
                            {
                                "ཅོ་": [
                                    " །_། སྐུ་ གདུང་ བྱིན་ རླབས་ སྙིང་པོ་",
                                    "གཞུག",
                                    "། སྲོག་ ཤིང་ ལ་སོགས་"
                                ],
                                "པེ་": [
                                    " །_། སྐུ་ གདུང་ བྱིན་ རླབས་ སྙིང་པོ་",
                                    "#བཞུག",
                                    "། སྲོག་ ཤིང་ ལ་སོགས་"
                                ],
                                "སྡེ་": [
                                    " །_། སྐུ་ གདུང་ བྱིན་ རླབས་ སྙིང་པོ་",
                                    "གཞུག",
                                    "། སྲོག་ ཤིང་ ལ་སོགས་"
                                ],
                                "སྣར་": [
                                    " །_། སྐུ་ གདུང་ བྱིན་ རླབས་ སྙིང་པོ་",
                                    "གཞུག",
                                    "། སྲོག་ ཤིང་ ལ་སོགས་"
                                ]
                            }
                        ]
                    }
                ]
            }
        },
        "sskrt": [
            {
                "15": [
                    {
                        "ཅོ་": [
                            "སྟེ །_། དེ་ ལས་",
                            "ས་བོན་ #ཀཱ་",
                            "#ཡ་ ལྔ །_། དེ་ཉིད་"
                        ],
                        "པེ་": [
                            "སྟེ །_། དེ་ ལས་",
                            "#སཾ་ #བྷོ་ ཀ་",
                            "#ཡ་ ལྔ །_། དེ་ཉིད་"
                        ],
                        "སྡེ་": [
                            "སྟེ །_། དེ་ ལས་",
                            "ས་བོན་ #ཀཱ་",
                            "#ཡ་ ལྔ །_། དེ་ཉིད་"
                        ],
                        "སྣར་": [
                            "སྟེ །_། དེ་ ལས་",
                            "#སཾ་ #བྷྱོ་ ཀ་",
                            "#ཡ་ ལྔ །_། དེ་ཉིད་"
                        ]
                    }
                ]
            },
            {
                "24": [
                    {
                        "ཅོ་": [
                            "དང་  །_ བོད་ ཀྱི་",
                            "ལོ་ཙཱ་བ་",
                            "རྒྱ་ བརྩོན་འགྲུས་ སེང་"
                        ],
                        "པེ་": [
                            "དང་  །_ བོད་ ཀྱི་",
                            "#ལོཙྪ་བ་",
                            "རྒྱ་ བརྩོན་འགྲུས་ སེང་"
                        ],
                        "སྡེ་": [
                            "དང་  །_ བོད་ ཀྱི་",
                            "ལོ་ཙཱ་བ་",
                            "རྒྱ་ བརྩོན་འགྲུས་ སེང་"
                        ],
                        "སྣར་": [
                            "དང་  །_ བོད་ ཀྱི་",
                            "ལོ་ #ཙ་བ་",
                            "རྒྱ་ བརྩོན་འགྲུས་ སེང་"
                        ]
                    }
                ]
            }
        ],
        "verb_difference": {
            "diff_tense": [
                {
                    "4": [
                        [
                            "《བྱ》ཞེས་པ།【〈བྱེད〉གི་ མ་འོངས་པ། ཐ་དད་པ།】",
                            "《བྱེད》ཞེས་པ།【〈བྱེད〉གི་ ད་ལྟ་བ། ཐ་དད་པ།】"
                        ],
                        {
                            "ཅོ་": [
                                "ཉེ་བ འི་ ཕྱིར །_། ཉེ་",
                                "བྱེད་",
                                "སྐུ་ གདུང་ མཆོད་ རྟེན་ བསྒྲུབ"
                            ],
                            "པེ་": [
                                "ཉེ་བ འི་ ཕྱིར །_། ཉེ་",
                                "བྱེད་",
                                "སྐུ་ གདུང་ མཆོད་ རྟེན་ བསྒྲུབ"
                            ],
                            "སྡེ་": [
                                "ཉེ་བ འི་ ཕྱིར །_། ཉེ་",
                                "བྱེད་",
                                "སྐུ་ གདུང་ མཆོད་ རྟེན་ བསྒྲུབ"
                            ],
                            "སྣར་": [
                                "ཉེ་བ འི་ ཕྱིར །_། ཉེ་",
                                "བྱ་",
                                "སྐུ་ གདུང་ མཆོད་ རྟེན་ བསྒྲུབ"
                            ]
                        }
                    ]
                },
                {
                    "6": [
                        [
                            "《བརླབས》ཞེས་པ།【〈རློབ〉གི་ འདས་པ། ཐ་དད་པ།】",
                            "《བརླབ》ཞེས་པ།【〈རློབ〉གི་ མ་འོངས་པ། ཐ་དད་པ།】"
                        ],
                        {
                            "ཅོ་": [
                                " །_། རྒྱུ་ དང་ བྱིན་ གྱིས་",
                                "བརླབ་པ་",
                                "དང་  །_། དབང་ བསྐུར་"
                            ],
                            "པེ་": [
                                " །_། རྒྱུ་ དང་ བྱིན་ གྱིས་",
                                "བརླབ་པ་",
                                "དང་  །_། དབང་ བསྐུར་"
                            ],
                            "སྡེ་": [
                                " །_། རྒྱུ་ དང་ བྱིན་ གྱིས་",
                                "བརླབ་པ་",
                                "དང་  །_། དབང་ བསྐུར་"
                            ],
                            "སྣར་": [
                                " །_། རྒྱུ་ དང་ བྱིན་ གྱིས་",
                                "བརླབས་པ་",
                                "དང་  །_། དབང་ བསྐུར་"
                            ]
                        }
                    ]
                },
                {
                    "16": [
                        [
                            "《བསྲེགས》ཞེས་པ།【〈སྲེག〉གི་ འདས་པ།】【〈སྲེག〉གི་ འདས་པ། ཐ་དད་པ།】",
                            "《སྲེགས》ཞེས་པ།【〈སྲེག〉གི་ སྐུལ་ཚིག】【〈སྲེག〉གི་ སྐུལ་ཚིག ཐ་དད་པ།】"
                        ],
                        {
                            "ཅོ་": [
                                "འཕྲོས །_། མཐའ་ ཡས་ སྒྲིབ་",
                                "བསྲེགས་",
                                "དག་པ ར་ སྤྲུལ །_། སླ ར་"
                            ],
                            "པེ་": [
                                "འཕྲོས །_། མཐའ་ ཡས་ སྒྲིབ་",
                                "སྲེགས་",
                                "དག་པ ར་ སྤྲུལ །_། སླ ར་"
                            ],
                            "སྡེ་": [
                                "འཕྲོས །_། མཐའ་ ཡས་ སྒྲིབ་",
                                "བསྲེགས་",
                                "དག་པ ར་ སྤྲུལ །_། སླ ར་"
                            ],
                            "སྣར་": [
                                "འཕྲོས །_། མཐའ་ ཡས་ སྒྲིབ་",
                                "བསྲེགས་",
                                "དག་པ ར་ སྤྲུལ །_། སླ ར་"
                            ]
                        }
                    ]
                },
                {
                    "17": [
                        [
                            "《བསྲེགས》ཞེས་པ།【〈སྲེག〉གི་ འདས་པ།】【〈སྲེག〉གི་ འདས་པ། ཐ་དད་པ།】",
                            "《བསྲེག》ཞེས་པ།【〈སྲེག〉གི་ མ་འོངས་པ།】【〈སྲེག〉གི་ མ་འོངས་པ། ཐ་དད་པ།】"
                        ],
                        {
                            "ཅོ་": [
                                "མཆོད །_། ཐོག་ མེད་ སྒྲིབ་",
                                "བསྲེགས་",
                                "དངོས་ གྲུབ་ ཉེ །_། ཁྱད་"
                            ],
                            "པེ་": [
                                "མཆོད །_། ཐོག་ མེད་ སྒྲིབ་",
                                "བསྲེགས་",
                                "དངོས་ གྲུབ་ ཉེ །_། ཁྱད་"
                            ],
                            "སྡེ་": [
                                "མཆོད །_། ཐོག་ མེད་ སྒྲིབ་",
                                "བསྲེག་",
                                "དངོས་ གྲུབ་ ཉེ །_། ཁྱད་"
                            ],
                            "སྣར་": [
                                "མཆོད །_། ཐོག་ མེད་ སྒྲིབ་",
                                "བསྲེག་",
                                "དངོས་ གྲུབ་ ཉེ །_། ཁྱད་"
                            ]
                        }
                    ]
                }
            ],
            "diff_verb": [
                {
                    "8": [
                        [
                            "《བཟོ》ཞེས་པ།【〈བཟོས〉གི་ ད་ལྟ་བ། ཐ་དད་པ།】【〈བཟོས〉གི་ མ་འོངས་པ། ཐ་དད་པ།】【〈བཟོ〉གི་ ད་ལྟ་བ། ཐ་དད་པ།】【〈བཟོ〉གི་ མ་འོངས་པ། ཐ་དད་པ།】",
                            "《གཟོ》ཞེས་པ།【〈གཟོས〉གི་ ད་ལྟ་བ། ཐ་དད་པ།】【〈གཟོས〉གི་ མ་འོངས་པ། ཐ་དད་པ།】【〈གཟོ〉གི་ ད་ལྟ་བ། ཐ་དད་པ།】【〈གཟོ〉གི་ མ་འོངས་པ། ཐ་དད་པ།】"
                        ],
                        {
                            "ཅོ་": [
                                " །_། དབང་ བསྐུར་ ཆས་ བསྒྱུར་",
                                "བཟོ་བོ་",
                                "ཡིས །_། #བཻཌཱུཪྱ་ འདྲ་"
                            ],
                            "པེ་": [
                                " །_། དབང་ བསྐུར་ ཆས་ བསྒྱུར་",
                                "གཟོ་བོ་",
                                "ཡིས །_། #བཻཌཱུཪྱ་ འདྲ་"
                            ],
                            "སྡེ་": [
                                " །_། དབང་ བསྐུར་ ཆས་ བསྒྱུར་",
                                "བཟོ་བོ་",
                                "ཡིས །_། #བཻཌཱུཪྱ་ འདྲ་"
                            ],
                            "སྣར་": [
                                " །_། དབང་ བསྐུར་ ཆས་ བསྒྱུར་",
                                "བཟོ་བོ་",
                                "ཡིས །_། #བཻཌཱུཪྱ་ འདྲ་"
                            ]
                        }
                    ]
                },
                {
                    "13": [
                        [
                            "《གསུང》ཞེས་པ།【〈གསུངས〉གི་ ད་ལྟ་བ། ཐ་དད་པ།】【〈གསུངས〉གི་ མ་འོངས་པ། ཐ་དད་པ།】【〈གསུང〉གི་ ད་ལྟ་བ། ཐ་དད་པ།】【〈གསུང〉གི་ མ་འོངས་པ། ཐ་དད་པ།】",
                            "《གདུང》ཞེས་པ།【〈གདུང〉གི་ ད་ལྟ་བ།】【〈གདུང〉གི་ ད་ལྟ་བ། ཐ་མི་དད་པ།】【〈གདུང〉གི་ མ་འོངས་པ།】【〈གདུང〉གི་ མ་འོངས་པ། ཐ་མི་དད་པ།】"
                        ],
                        {
                            "ཅོ་": [
                                "གཞུག་པ་ ནི །_། སྐུ་",
                                "གདུང་",
                                "བྱིན་ རླབས་ སྙིང་པོ་ གཞུག ། སྲོག་"
                            ],
                            "པེ་": [
                                "གཞུག་པ་ ནི །_། སྐུ་",
                                "གསུང་",
                                "བྱིན་ རླབས་ སྙིང་པོ་ གཞུག ། སྲོག་"
                            ],
                            "སྡེ་": [
                                "གཞུག་པ་ ནི །_། སྐུ་",
                                "གདུང་",
                                "བྱིན་ རླབས་ སྙིང་པོ་ གཞུག ། སྲོག་"
                            ],
                            "སྣར་": [
                                "གཞུག་པ་ ནི །_། སྐུ་",
                                "གདུང་",
                                "བྱིན་ རླབས་ སྙིང་པོ་ གཞུག ། སྲོག་"
                            ]
                        }
                    ]
                }
            ],
            "not_sure": []
        }
    },
    "dunno": {
        "long_diff": [
            {
                "18": [
                    {
                        "ཅོ་": [
                            "གི་ སྡིག་པ་ འདག _།",
                            "བླ་མ་ ལྷ ར་ བསམ་ ཡིད་ སྡིག་ དག",
                            "_། དག་པ ས་ འདོད་པ་ ཕྱོགས་"
                        ],
                        "པེ་": [
                            "གི་ སྡིག་པ་ འདག _།",
                            "",
                            "_། དག་པ ས་ འདོད་པ་ ཕྱོགས་"
                        ],
                        "སྡེ་": [
                            "གི་ སྡིག་པ་ འདག _།",
                            "བླ་མ་ ལྷ ར་ བསམ་ ཡིད་ སྡིག་ དག",
                            "_། དག་པ ས་ འདོད་པ་ ཕྱོགས་"
                        ],
                        "སྣར་": [
                            "གི་ སྡིག་པ་ འདག _།",
                            "",
                            "_། དག་པ ས་ འདོད་པ་ ཕྱོགས་"
                        ]
                    }
                ]
            }
        ],
        "no_diff": [
            {
                "2": [
                    {
                        "ཅོ་": [
                            "རྡོ་རྗེ་ འཛིན །_། ཐུགས་",
                            "རྗེ འི་",
                            "ཆུ་ རྒྱུན་ བདག་པོ་ ལ"
                        ],
                        "པེ་": [
                            "རྡོ་རྗེ་ འཛིན །_། ཐུགས་",
                            "རྗེ་",
                            "ཆུ་ རྒྱུན་ བདག་པོ་ ལ"
                        ],
                        "སྡེ་": [
                            "རྡོ་རྗེ་ འཛིན །_། ཐུགས་",
                            "རྗེ འི་",
                            "ཆུ་ རྒྱུན་ བདག་པོ་ ལ"
                        ],
                        "སྣར་": [
                            "རྡོ་རྗེ་ འཛིན །_། ཐུགས་",
                            "རྗེ་",
                            "ཆུ་ རྒྱུན་ བདག་པོ་ ལ"
                        ]
                    }
                ]
            },
            {
                "19": [
                    {
                        "ཅོ་": [
                            "འགྲུབ །_། རང་ སེམས་ ཆོས་",
                            "སྐུ་",
                            "ལྷ ར་ ལྡན་ ན །_། མཆོག་"
                        ],
                        "པེ་": [
                            "འགྲུབ །_། རང་ སེམས་ ཆོས་",
                            "སྐུར་",
                            "ལྷ ར་ ལྡན་ ན །_། མཆོག་"
                        ],
                        "སྡེ་": [
                            "འགྲུབ །_། རང་ སེམས་ ཆོས་",
                            "སྐུ་",
                            "ལྷ ར་ ལྡན་ ན །_། མཆོག་"
                        ],
                        "སྣར་": [
                            "འགྲུབ །_། རང་ སེམས་ ཆོས་",
                            "སྐུ་",
                            "ལྷ ར་ ལྡན་ ན །_། མཆོག་"
                        ]
                    }
                ]
            },
            {
                "20": [
                    {
                        "ཅོ་": [
                            "སེམས་ ཆོས་ སྐུ་ ལྷ ར་",
                            "ལྡན་ ན",
                            "།_། མཆོག་ དང་ ཐུན་མོང་"
                        ],
                        "པེ་": [
                            "སེམས་ ཆོས་ སྐུ་ ལྷ ར་",
                            "ལྡན་ ན",
                            "།_། མཆོག་ དང་ ཐུན་མོང་"
                        ],
                        "སྡེ་": [
                            "སེམས་ ཆོས་ སྐུ་ ལྷ ར་",
                            "ལྡན་ ན",
                            "།_། མཆོག་ དང་ ཐུན་མོང་"
                        ],
                        "སྣར་": [
                            "སེམས་ ཆོས་ སྐུ་ ལྷ ར་",
                            "ལྡན་པ",
                            "།_། མཆོག་ དང་ ཐུན་མོང་"
                        ]
                    }
                ]
            },
            {
                "21": [
                    {
                        "ཅོ་": [
                            " །_། ལེགས་ ཉེས་ རིན་ཆེན་",
                            "དུག་",
                            "དང་ མཚུངས །_། དེ་བ ས་ གསང་"
                        ],
                        "པེ་": [
                            " །_། ལེགས་ ཉེས་ རིན་ཆེན་",
                            "དུག་",
                            "དང་ མཚུངས །_། དེ་བ ས་ གསང་"
                        ],
                        "སྡེ་": [
                            " །_། ལེགས་ ཉེས་ རིན་ཆེན་",
                            "དུག་",
                            "དང་ མཚུངས །_། དེ་བ ས་ གསང་"
                        ],
                        "སྣར་": [
                            " །_། ལེགས་ ཉེས་ རིན་ཆེན་",
                            "བདུག་",
                            "དང་ མཚུངས །_། དེ་བ ས་ གསང་"
                        ]
                    }
                ]
            },
            {
                "22": [
                    {
                        "ཅོ་": [
                            "ཆེན་ དུག་ དང་ མཚུངས །_།",
                            "དེ་བ ས་",
                            "གསང་ སྔགས་ ལེགས་པར་ སྦ"
                        ],
                        "པེ་": [
                            "ཆེན་ དུག་ དང་ མཚུངས །_།",
                            "དེ ས་ ན་",
                            "གསང་ སྔགས་ ལེགས་པར་ སྦ"
                        ],
                        "སྡེ་": [
                            "ཆེན་ དུག་ དང་ མཚུངས །_།",
                            "དེ་བ ས་",
                            "གསང་ སྔགས་ ལེགས་པར་ སྦ"
                        ],
                        "སྣར་": [
                            "ཆེན་ དུག་ དང་ མཚུངས །_།",
                            "དེ་ནས་",
                            "གསང་ སྔགས་ ལེགས་པར་ སྦ"
                        ]
                    }
                ]
            }
        ],
        "short_diff": [
            {
                "10": [
                    {
                        "ཅོ་": [
                            "པ འི་ ནང་ དུ་ རྒྱ་",
                            "ཤོག་ ལ",
                            "།_། སྐུ་ གསུང་ ཐུགས་ དང་"
                        ],
                        "པེ་": [
                            "པ འི་ ནང་ དུ་ རྒྱ་",
                            "ཤོག་ ལ",
                            "།_། སྐུ་ གསུང་ ཐུགས་ དང་"
                        ],
                        "སྡེ་": [
                            "པ འི་ ནང་ དུ་ རྒྱ་",
                            "ཤོག་ ལ",
                            "།_། སྐུ་ གསུང་ ཐུགས་ དང་"
                        ],
                        "སྣར་": [
                            "པ འི་ ནང་ དུ་ རྒྱ་",
                            "ཤོག",
                            "།_། སྐུ་ གསུང་ ཐུགས་ དང་"
                        ]
                    }
                ]
            }
        ]
    },
    "empty_notes": [
        {
            "23": [
                {
                    "ཅོ་": [
                        "རྣམས་ ཀྱིས་ འགྲུབ་པ ར་ ཤོག",
                        "_།",
                        "སློབ་དཔོན་ ཀླུ་ སྒྲུབ་ ཀྱིས་"
                    ],
                    "པེ་": [
                        "རྣམས་ ཀྱིས་ འགྲུབ་པ ར་ ཤོག",
                        "།།_།།",
                        "སློབ་དཔོན་ ཀླུ་ སྒྲུབ་ ཀྱིས་"
                    ],
                    "སྡེ་": [
                        "རྣམས་ ཀྱིས་ འགྲུབ་པ ར་ ཤོག",
                        "_།",
                        "སློབ་དཔོན་ ཀླུ་ སྒྲུབ་ ཀྱིས་"
                    ],
                    "སྣར་": [
                        "རྣམས་ ཀྱིས་ འགྲུབ་པ ར་ ཤོག",
                        "_།",
                        "སློབ་དཔོན་ ཀླུ་ སྒྲུབ་ ཀྱིས་"
                    ]
                }
            ]
        },
        {
            "25": [
                {
                    "ཅོ་": [
                        "གཏན་ ལ་ ཕབ་པ འོ །།_།། ",
                        "",
                        "གཏན་ ལ་ ཕབ་པ འོ །།_།། "
                    ],
                    "པེ་": [
                        "གཏན་ ལ་ ཕབ་པ འོ །།_།། ",
                        "",
                        "གཏན་ ལ་ ཕབ་པ འོ །།_།། "
                    ],
                    "སྡེ་": [
                        "གཏན་ ལ་ ཕབ་པ འོ །།_།། ",
                        "",
                        "གཏན་ ལ་ ཕབ་པ འོ །།_།། "
                    ],
                    "སྣར་": [
                        "གཏན་ ལ་ ཕབ་པ འོ །།_།། ",
                        "",
                        "གཏན་ ལ་ ཕབ་པ འོ །།_།། "
                    ]
                }
            ]
        }
    ],
    "manual_categorisation": {
        "long_difference": {
            "differing_formulation": [],
            "major_modification": []
        },
        "manual_evaluation": {
            "derge_correct": [],
            "meaning_difference": {
                "great_diff": [],
                "medium_diff": [],
                "small_diff": []
            }
        }
    },
    "ngram_freq": {
        "1": {
            "ཅོ་": [],
            "པེ་": [],
            "སྡེ་": [],
            "སྣར་": [
                [
                    "རོ་བ",
                    "141"
                ]
            ]
        },
        "10": {
            "ཅོ་": [],
            "པེ་": [],
            "སྡེ་": [],
            "སྣར་": [
                [
                    "ཤོག",
                    "1165"
                ]
            ]
        },
        "11": {
            "ཅོ་": [
                [
                    "ལ",
                    "33965"
                ],
                [
                    "ལ།_།",
                    "14361"
                ],
                [
                    "ཡོན་ཏན་ལ",
                    "163"
                ]
            ],
            "པེ་": [
                [
                    "ལས",
                    "5885"
                ],
                [
                    "ལས།_།",
                    "3638"
                ]
            ],
            "སྡེ་": [
                [
                    "ལ",
                    "33965"
                ],
                [
                    "ལ།_།",
                    "14361"
                ],
                [
                    "ཡོན་ཏན་ལ",
                    "163"
                ]
            ],
            "སྣར་": [
                [
                    "ལས",
                    "5885"
                ],
                [
                    "ལས།_།",
                    "3638"
                ]
            ]
        },
        "12": {
            "ཅོ་": [
                [
                    "གཞུག་པ",
                    "462"
                ]
            ],
            "པེ་": [],
            "སྡེ་": [
                [
                    "གཞུག་པ",
                    "462"
                ]
            ],
            "སྣར་": [
                [
                    "གཞུག་པ",
                    "462"
                ]
            ]
        },
        "13": {
            "ཅོ་": [
                [
                    "གདུང",
                    "3765"
                ],
                [
                    "སྐུ་གདུང",
                    "1654"
                ]
            ],
            "པེ་": [
                [
                    "གསུང",
                    "16"
                ],
                [
                    "སྐུ་གསུང",
                    "1130"
                ]
            ],
            "སྡེ་": [
                [
                    "གདུང",
                    "3765"
                ],
                [
                    "སྐུ་གདུང",
                    "1654"
                ]
            ],
            "སྣར་": [
                [
                    "གདུང",
                    "3765"
                ],
                [
                    "སྐུ་གདུང",
                    "1654"
                ]
            ]
        },
        "14": {
            "ཅོ་": [
                [
                    "གཞུག",
                    "392"
                ]
            ],
            "པེ་": [
                [
                    "བཞུག",
                    "2"
                ]
            ],
            "སྡེ་": [
                [
                    "གཞུག",
                    "392"
                ]
            ],
            "སྣར་": [
                [
                    "གཞུག",
                    "392"
                ]
            ]
        },
        "15": {
            "ཅོ་": [],
            "པེ་": [],
            "སྡེ་": [],
            "སྣར་": []
        },
        "16": {
            "ཅོ་": [
                [
                    "བསྲེགས",
                    "78"
                ]
            ],
            "པེ་": [
                [
                    "སྲེགས",
                    "33"
                ]
            ],
            "སྡེ་": [
                [
                    "བསྲེགས",
                    "78"
                ]
            ],
            "སྣར་": [
                [
                    "བསྲེགས",
                    "78"
                ]
            ]
        },
        "17": {
            "ཅོ་": [
                [
                    "བསྲེགས",
                    "78"
                ]
            ],
            "པེ་": [
                [
                    "བསྲེགས",
                    "78"
                ]
            ],
            "སྡེ་": [
                [
                    "བསྲེག",
                    "120"
                ]
            ],
            "སྣར་": [
                [
                    "བསྲེག",
                    "120"
                ]
            ]
        },
        "18": {
            "ཅོ་": [],
            "པེ་": [
                [
                    "",
                    "1"
                ],
                [
                    "_།",
                    "50430"
                ],
                [
                    "_།_།",
                    "20"
                ]
            ],
            "སྡེ་": [],
            "སྣར་": [
                [
                    "",
                    "1"
                ],
                [
                    "_།",
                    "50430"
                ],
                [
                    "_།_།",
                    "20"
                ]
            ]
        },
        "19": {
            "ཅོ་": [
                [
                    "སྐུ",
                    "812"
                ],
                [
                    "ཆོས་སྐུ",
                    "169"
                ]
            ],
            "པེ་": [
                [
                    "སྐུར",
                    "20"
                ]
            ],
            "སྡེ་": [
                [
                    "སྐུ",
                    "812"
                ],
                [
                    "ཆོས་སྐུ",
                    "169"
                ]
            ],
            "སྣར་": [
                [
                    "སྐུ",
                    "812"
                ],
                [
                    "ཆོས་སྐུ",
                    "169"
                ]
            ]
        },
        "2": {
            "ཅོ་": [
                [
                    "རྗེའི",
                    "9"
                ],
                [
                    "ཐུགས་རྗེའི",
                    "286"
                ]
            ],
            "པེ་": [
                [
                    "རྗེ",
                    "272"
                ],
                [
                    "རྗེ་ཆུ",
                    "72"
                ],
                [
                    "ཐུགས་རྗེ",
                    "1735"
                ]
            ],
            "སྡེ་": [
                [
                    "རྗེའི",
                    "9"
                ],
                [
                    "ཐུགས་རྗེའི",
                    "286"
                ]
            ],
            "སྣར་": [
                [
                    "རྗེ",
                    "272"
                ],
                [
                    "རྗེ་ཆུ",
                    "72"
                ],
                [
                    "ཐུགས་རྗེ",
                    "1735"
                ]
            ]
        },
        "20": {
            "ཅོ་": [
                [
                    "ལྡན་ན",
                    "1408"
                ],
                [
                    "ལྡན་ན།_།",
                    "67"
                ]
            ],
            "པེ་": [
                [
                    "ལྡན་ན",
                    "1408"
                ],
                [
                    "ལྡན་ན།_།",
                    "67"
                ]
            ],
            "སྡེ་": [
                [
                    "ལྡན་ན",
                    "1408"
                ],
                [
                    "ལྡན་ན།_།",
                    "67"
                ]
            ],
            "སྣར་": [
                [
                    "ལྡན་པ",
                    "4520"
                ],
                [
                    "ལྡན་པ།_།",
                    "794"
                ]
            ]
        },
        "21": {
            "ཅོ་": [
                [
                    "དུག",
                    "45"
                ],
                [
                    "དུག་དང",
                    "664"
                ]
            ],
            "པེ་": [
                [
                    "དུག",
                    "45"
                ],
                [
                    "དུག་དང",
                    "664"
                ]
            ],
            "སྡེ་": [
                [
                    "དུག",
                    "45"
                ],
                [
                    "དུག་དང",
                    "664"
                ]
            ],
            "སྣར་": [
                [
                    "བདུག",
                    "54"
                ]
            ]
        },
        "22": {
            "ཅོ་": [
                [
                    "དེ་བས",
                    "4541"
                ],
                [
                    "།_།དེ་བས",
                    "1801"
                ]
            ],
            "པེ་": [
                [
                    "དེས་ན",
                    "2469"
                ],
                [
                    "།_།དེས་ན",
                    "901"
                ]
            ],
            "སྡེ་": [
                [
                    "དེ་བས",
                    "4541"
                ],
                [
                    "།_།དེ་བས",
                    "1801"
                ]
            ],
            "སྣར་": [
                [
                    "དེ་ནས",
                    "48227"
                ],
                [
                    "།_།དེ་ནས",
                    "35076"
                ],
                [
                    "དེ་ནས་གསང",
                    "259"
                ],
                [
                    "།_།དེ་ནས་གསང",
                    "179"
                ]
            ]
        },
        "23": {
            "ཅོ་": [
                [
                    "_།",
                    "50430"
                ],
                [
                    "ཤོག_།",
                    "1450"
                ]
            ],
            "པེ་": [
                [
                    "།།_།།",
                    "7586"
                ]
            ],
            "སྡེ་": [
                [
                    "_།",
                    "50430"
                ],
                [
                    "ཤོག_།",
                    "1450"
                ]
            ],
            "སྣར་": [
                [
                    "_།",
                    "50430"
                ],
                [
                    "ཤོག_།",
                    "1450"
                ]
            ]
        },
        "24": {
            "ཅོ་": [
                [
                    "ལོ་ཙཱ་བ",
                    "58"
                ]
            ],
            "པེ་": [
                [
                    "ལོཙྪ་བ",
                    "236"
                ]
            ],
            "སྡེ་": [
                [
                    "ལོ་ཙཱ་བ",
                    "58"
                ]
            ],
            "སྣར་": []
        },
        "25": {
            "ཅོ་": [
                [
                    "",
                    "1"
                ],
                [
                    "གཏན",
                    "12"
                ],
                [
                    "གཏན་ལ",
                    "1245"
                ]
            ],
            "པེ་": [
                [
                    "",
                    "1"
                ],
                [
                    "གཏན",
                    "12"
                ],
                [
                    "གཏན་ལ",
                    "1245"
                ]
            ],
            "སྡེ་": [
                [
                    "",
                    "1"
                ],
                [
                    "གཏན",
                    "12"
                ],
                [
                    "གཏན་ལ",
                    "1245"
                ]
            ],
            "སྣར་": [
                [
                    "",
                    "1"
                ],
                [
                    "གཏན",
                    "12"
                ],
                [
                    "གཏན་ལ",
                    "1245"
                ]
            ]
        },
        "3": {
            "ཅོ་": [
                [
                    "ཡིས",
                    "7433"
                ]
            ],
            "པེ་": [
                [
                    "ཡིས",
                    "7433"
                ]
            ],
            "སྡེ་": [
                [
                    "ཡིས",
                    "7433"
                ]
            ],
            "སྣར་": [
                [
                    "ཡི",
                    "8322"
                ]
            ]
        },
        "4": {
            "ཅོ་": [
                [
                    "བྱེད",
                    "19318"
                ]
            ],
            "པེ་": [
                [
                    "བྱེད",
                    "19318"
                ]
            ],
            "སྡེ་": [
                [
                    "བྱེད",
                    "19318"
                ]
            ],
            "སྣར་": [
                [
                    "བྱ",
                    "28822"
                ]
            ]
        },
        "5": {
            "ཅོ་": [
                [
                    "གནས་པ",
                    "1940"
                ],
                [
                    "ལ་གནས་པ",
                    "695"
                ]
            ],
            "པེ་": [
                [
                    "གནས་པས",
                    "321"
                ],
                [
                    "ལ་གནས་པས",
                    "116"
                ]
            ],
            "སྡེ་": [
                [
                    "གནས་པ",
                    "1940"
                ],
                [
                    "ལ་གནས་པ",
                    "695"
                ]
            ],
            "སྣར་": [
                [
                    "གནས་པ",
                    "1940"
                ],
                [
                    "ལ་གནས་པ",
                    "695"
                ]
            ]
        },
        "6": {
            "ཅོ་": [
                [
                    "བརླབ་པ",
                    "299"
                ],
                [
                    "བརླབ་པ་དང",
                    "154"
                ],
                [
                    "གྱིས་བརླབ་པ",
                    "289"
                ],
                [
                    "གྱིས་བརླབ་པ་དང",
                    "152"
                ],
                [
                    "བྱིན་གྱིས་བརླབ་པ་དང",
                    "152"
                ]
            ],
            "པེ་": [
                [
                    "བརླབ་པ",
                    "299"
                ],
                [
                    "བརླབ་པ་དང",
                    "154"
                ],
                [
                    "གྱིས་བརླབ་པ",
                    "289"
                ],
                [
                    "གྱིས་བརླབ་པ་དང",
                    "152"
                ],
                [
                    "བྱིན་གྱིས་བརླབ་པ་དང",
                    "152"
                ]
            ],
            "སྡེ་": [
                [
                    "བརླབ་པ",
                    "299"
                ],
                [
                    "བརླབ་པ་དང",
                    "154"
                ],
                [
                    "གྱིས་བརླབ་པ",
                    "289"
                ],
                [
                    "གྱིས་བརླབ་པ་དང",
                    "152"
                ],
                [
                    "བྱིན་གྱིས་བརླབ་པ་དང",
                    "152"
                ]
            ],
            "སྣར་": [
                [
                    "བརླབས་པ",
                    "132"
                ],
                [
                    "བརླབས་པ་དང",
                    "73"
                ],
                [
                    "གྱིས་བརླབས་པ",
                    "88"
                ],
                [
                    "གྱིས་བརླབས་པ་དང",
                    "69"
                ],
                [
                    "བྱིན་གྱིས་བརླབས་པ་དང",
                    "69"
                ]
            ]
        },
        "7": {
            "ཅོ་": [],
            "པེ་": [],
            "སྡེ་": [],
            "སྣར་": []
        },
        "8": {
            "ཅོ་": [
                [
                    "བཟོ་བོ",
                    "46"
                ]
            ],
            "པེ་": [],
            "སྡེ་": [
                [
                    "བཟོ་བོ",
                    "46"
                ]
            ],
            "སྣར་": [
                [
                    "བཟོ་བོ",
                    "46"
                ]
            ]
        },
        "9": {
            "ཅོ་": [
                [
                    "འདྲ",
                    "1240"
                ]
            ],
            "པེ་": [
                [
                    "འདྲར",
                    "8"
                ]
            ],
            "སྡེ་": [
                [
                    "འདྲ",
                    "1240"
                ]
            ],
            "སྣར་": [
                [
                    "འདྲ",
                    "1240"
                ]
            ]
        }
    },
    "non_standard_notes": [],
    "profile": {
        "1": [
            "ཅོ་=པེ་=སྡེ་ སྣར་",
            "28.00%"
        ],
        "10": [
            "ཅོ་=པེ་=སྡེ་ སྣར་",
            "28.00%"
        ],
        "11": [
            "ཅོ་=སྡེ་ པེ་=སྣར་",
            "12.00%"
        ],
        "12": [
            "ཅོ་=སྡེ་=སྣར་ པེ་",
            "36.00%"
        ],
        "13": [
            "ཅོ་=སྡེ་=སྣར་ པེ་",
            "36.00%"
        ],
        "14": [
            "ཅོ་=སྡེ་=སྣར་ པེ་",
            "36.00%"
        ],
        "15": [
            "ཅོ་=སྡེ་ པེ་ སྣར་",
            "16.00%"
        ],
        "16": [
            "ཅོ་=སྡེ་=སྣར་ པེ་",
            "36.00%"
        ],
        "17": [
            "ཅོ་=པེ་ སྡེ་=སྣར་",
            "4.00%"
        ],
        "18": [
            "ཅོ་=སྡེ་ པེ་=སྣར་",
            "12.00%"
        ],
        "19": [
            "ཅོ་=སྡེ་=སྣར་ པེ་",
            "36.00%"
        ],
        "2": [
            "ཅོ་=སྡེ་ པེ་=སྣར་",
            "12.00%"
        ],
        "20": [
            "ཅོ་=པེ་=སྡེ་ སྣར་",
            "28.00%"
        ],
        "21": [
            "ཅོ་=པེ་=སྡེ་ སྣར་",
            "28.00%"
        ],
        "22": [
            "ཅོ་=སྡེ་ པེ་ སྣར་",
            "16.00%"
        ],
        "23": [
            "ཅོ་=སྡེ་=སྣར་ པེ་",
            "36.00%"
        ],
        "24": [
            "ཅོ་=སྡེ་ པེ་ སྣར་",
            "16.00%"
        ],
        "25": [
            "ཅོ་=པེ་=སྡེ་=སྣར་",
            "4.00%"
        ],
        "3": [
            "ཅོ་=པེ་=སྡེ་ སྣར་",
            "28.00%"
        ],
        "4": [
            "ཅོ་=པེ་=སྡེ་ སྣར་",
            "28.00%"
        ],
        "5": [
            "ཅོ་=སྡེ་=སྣར་ པེ་",
            "36.00%"
        ],
        "6": [
            "ཅོ་=པེ་=སྡེ་ སྣར་",
            "28.00%"
        ],
        "7": [
            "ཅོ་=སྡེ་ པེ་ སྣར་",
            "16.00%"
        ],
        "8": [
            "ཅོ་=སྡེ་=སྣར་ པེ་",
            "36.00%"
        ],
        "9": [
            "ཅོ་=སྡེ་=སྣར་ པེ་",
            "36.00%"
        ]
    }
}