﻿{
    "Stats": {
        "Categorised": "30 notes (73.17%)",
        "Notes’ total": 41,
        "Profiles": [
            "པེ་=སྣར་ སྡེ་: 90.24% (37 notes)",
            "པེ་=སྡེ་=སྣར་: 4.88% (2 notes)",
            "པེ་=སྡེ་ སྣར་: 2.44% (1 notes)",
            "པེ་ སྡེ་=སྣར་: 2.44% (1 notes)"
        ],
        "automatic_categorisation": {
            "min_mod": {
                "particle_groups": 6
            },
            "particle_issues": {},
            "spelling_mistake": {
                "non_word": {
                    "well_formed": 2
                }
            },
            "sskrt": 13,
            "verb_difference": {
                "diff_tense": 4,
                "diff_verb": 3
            }
        },
        "dunno": {
            "no_diff": 10,
            "short_diff": 1
        },
        "empty_notes": 2,
        "manual_categorisation": {
            "long_difference": {},
            "manual_evaluation": {
                "meaning_difference": {}
            }
        },
        "ngram_freq": {},
        "profile": {}
    },
    "automatic_categorisation": {
        "min_mod": {
            "min_mod_groups": [],
            "particle_groups": [
                {
                    "2": [
                        [
                            "dreldra",
                            "jedra"
                        ],
                        {
                            "པེ་": [
                                "གསུམ་ བརྗོད་པ ས་ སྣང་ སྲིད་",
                                "ཀྱིས",
                                "_།། དངོས་ རྣམས་ ཐམས་ཅད་"
                            ],
                            "སྡེ་": [
                                "གསུམ་ བརྗོད་པ ས་ སྣང་ སྲིད་",
                                "ཀྱི",
                                "_།། དངོས་ རྣམས་ ཐམས་ཅད་"
                            ],
                            "སྣར་": [
                                "གསུམ་ བརྗོད་པ ས་ སྣང་ སྲིད་",
                                "ཀྱིས",
                                "_།། དངོས་ རྣམས་ ཐམས་ཅད་"
                            ]
                        }
                    ]
                },
                {
                    "16": [
                        [
                            "jedra"
                        ],
                        {
                            "པེ་": [
                                "ཕུབ །_། རིན་ཆེན་",
                                "དུ་མ ས་",
                                "འཕྱང་བ འོ །_། ཡང་ན་"
                            ],
                            "སྡེ་": [
                                "ཕུབ །_། རིན་ཆེན་",
                                "དུ་མ་",
                                "འཕྱང་བ འོ །_། ཡང་ན་"
                            ],
                            "སྣར་": [
                                "ཕུབ །_། རིན་ཆེན་",
                                "དུ་མ ས་",
                                "འཕྱང་བ འོ །_། ཡང་ན་"
                            ]
                        }
                    ]
                },
                {
                    "22": [
                        [
                            "jedra"
                        ],
                        {
                            "པེ་": [
                                "།_། གཡས་ ཀྱི་",
                                "གཉིས་པ་",
                                "གསེར་ #ཞགས་ བསྣམས །_། གཡས་"
                            ],
                            "སྡེ་": [
                                "།_། གཡས་ ཀྱི་",
                                "གཉིས་པ ས་",
                                "གསེར་ #ཞགས་ བསྣམས །_། གཡས་"
                            ],
                            "སྣར་": [
                                "།_། གཡས་ ཀྱི་",
                                "གཉིས་པ་",
                                "གསེར་ #ཞགས་ བསྣམས །_། གཡས་"
                            ]
                        }
                    ]
                },
                {
                    "23": [
                        [
                            "jedra"
                        ],
                        {
                            "པེ་": [
                                "དབྱུག _། གཡོན་ གྱི་",
                                "གཉིས་པ་",
                                "རལ་ #གྲི་ འཛིན །_། གཡོན་"
                            ],
                            "སྡེ་": [
                                "དབྱུག _། གཡོན་ གྱི་",
                                "གཉིས་པ ས་",
                                "རལ་ #གྲི་ འཛིན །_། གཡོན་"
                            ],
                            "སྣར་": [
                                "དབྱུག _། གཡོན་ གྱི་",
                                "གཉིས་པ་",
                                "རལ་ #གྲི་ འཛིན །_། གཡོན་"
                            ]
                        }
                    ]
                },
                {
                    "30": [
                        [
                            "jedra"
                        ],
                        {
                            "པེ་": [
                                "སྡེ་ ཚན་ ལྔ་པ འི་",
                                "ལྔ་པ་",
                                "བརྒྱན །_། དེ་ཉིད་ ཀྱིས་"
                            ],
                            "སྡེ་": [
                                "སྡེ་ ཚན་ ལྔ་པ འི་",
                                "ལྔ་པ ས་",
                                "བརྒྱན །_། དེ་ཉིད་ ཀྱིས་"
                            ],
                            "སྣར་": [
                                "སྡེ་ ཚན་ ལྔ་པ འི་",
                                "ལྔ་པ་",
                                "བརྒྱན །_། དེ་ཉིད་ ཀྱིས་"
                            ]
                        }
                    ]
                },
                {
                    "32": [
                        [
                            "jedra"
                        ],
                        {
                            "པེ་": [
                                "སྡེ་ ཚན་ དང་པོ འི་",
                                "གསུམ་པ་",
                                "བརྒྱན །_། མཐ ར་ གནས་ བཞི་"
                            ],
                            "སྡེ་": [
                                "སྡེ་ ཚན་ དང་པོ འི་",
                                "གསུམ་པ ས་",
                                "བརྒྱན །_། མཐ ར་ གནས་ བཞི་"
                            ],
                            "སྣར་": [
                                "སྡེ་ ཚན་ དང་པོ འི་",
                                "གསུམ་པ་",
                                "བརྒྱན །_། མཐ ར་ གནས་ བཞི་"
                            ]
                        }
                    ]
                }
            ]
        },
        "particle_issues": {
            "added_particle": [],
            "agreement_issue": [],
            "different_particles": [],
            "other": [],
            "po-bo-pa-ba": []
        },
        "spelling_mistake": {
            "missing_vowel": [],
            "nga_da": [],
            "non_word": {
                "ill_formed": [],
                "well_formed": [
                    {
                        "21": [
                            {
                                "པེ་": [
                                    "བརྒྱན །_། #སྟག་ གི་ #ཤམ་",
                                    "ཐབས་",
                                    "གླང་ #ལྤགས་ གྱོན །_། ཕྱག་"
                                ],
                                "སྡེ་": [
                                    "བརྒྱན །_། #སྟག་ གི་ #ཤམ་",
                                    "ཐབས་",
                                    "གླང་ #ལྤགས་ གྱོན །_། ཕྱག་"
                                ],
                                "སྣར་": [
                                    "བརྒྱན །_། #སྟག་ གི་ #ཤམ་",
                                    "#ཐབ་",
                                    "གླང་ #ལྤགས་ གྱོན །_། ཕྱག་"
                                ]
                            }
                        ]
                    },
                    {
                        "26": [
                            {
                                "པེ་": [
                                    "བུ འི་ འོད་ འཕྲོས་པ ས །_།",
                                    "དེ་ནས་",
                                    "གྲུབ་པ འི་ རྟ་ མགྲིན་"
                                ],
                                "སྡེ་": [
                                    "བུ འི་ འོད་ འཕྲོས་པ ས །_།",
                                    "#ཡེ་ ནས་",
                                    "གྲུབ་པ འི་ རྟ་ མགྲིན་"
                                ],
                                "སྣར་": [
                                    "བུ འི་ འོད་ འཕྲོས་པ ས །_།",
                                    "དེ་ནས་",
                                    "གྲུབ་པ འི་ རྟ་ མགྲིན་"
                                ]
                            }
                        ]
                    }
                ]
            }
        },
        "sskrt": [
            {
                "1": [
                    {
                        "པེ་": [
                            "#ཤུདྡྷཿསརྦ་ #དྷརྨཱ་ #སྭ་ #བྷཱ་",
                            "#བི་ #ཤུདྡྷོ་ #ཧཾ",
                            "_། ལན་ གསུམ་ བརྗོད་པ ས་"
                        ],
                        "སྡེ་": [
                            "#ཤུདྡྷཿསརྦ་ #དྷརྨཱ་ #སྭ་ #བྷཱ་",
                            "#ཝ་ #བི་ #ཤུདྡྷོ྅ཧཱུྃ",
                            "_། ལན་ གསུམ་ བརྗོད་པ ས་"
                        ],
                        "སྣར་": [
                            "#ཤུདྡྷཿསརྦ་ #དྷརྨཱ་ #སྭ་ #བྷཱ་",
                            "#བི་ #ཤུདྡྷོ་ #ཧཾ",
                            "_། ལན་ གསུམ་ བརྗོད་པ ས་"
                        ]
                    }
                ]
            },
            {
                "3": [
                    {
                        "པེ་": [
                            "འཕྲོས་པ ས །_། #ཉི་ དཀྱིལ་",
                            "#སྟེངས་ སུ་ #ཧྲཱི་ དམར་པོ",
                            "།_། དེ་ ལས་"
                        ],
                        "སྡེ་": [
                            "འཕྲོས་པ ས །_། #ཉི་ དཀྱིལ་",
                            "སྟེང་ དུ་ #ཧྲཱིཿདམར་པོ",
                            "།_། དེ་ ལས་"
                        ],
                        "སྣར་": [
                            "འཕྲོས་པ ས །_། #ཉི་ དཀྱིལ་",
                            "#སྟེངས་ སུ་ #ཧྲཱི་ དམར་པོ",
                            "།_། དེ་ ལས་"
                        ]
                    }
                ]
            },
            {
                "4": [
                    {
                        "པེ་": [
                            "དྲངས་ རང་ སྙིང་བ །_།",
                            "#ཧྲི་ ལས་",
                            "མཆོད་པ འི་ ལྷ་ མོ་"
                        ],
                        "སྡེ་": [
                            "དྲངས་ རང་ སྙིང་བ །_།",
                            "#ཧྲཱིཿལས་",
                            "མཆོད་པ འི་ ལྷ་ མོ་"
                        ],
                        "སྣར་": [
                            "དྲངས་ རང་ སྙིང་བ །_།",
                            "#ཧྲི་ ལས་",
                            "མཆོད་པ འི་ ལྷ་ མོ་"
                        ]
                    }
                ]
            },
            {
                "7": [
                    {
                        "པེ་": [
                            " །_ ཨོཾ་ #བཛྲ་ #ནཻ་ #བི་",
                            "#དྱཱ་",
                            "#ཨཱཿཧཱུྃ་ #སྭཱ་ #ཧཱ །_ གང་"
                        ],
                        "སྡེ་": [
                            " །_ ཨོཾ་ #བཛྲ་ #ནཻ་ #བི་",
                            "#དྱེ་",
                            "#ཨཱཿཧཱུྃ་ #སྭཱ་ #ཧཱ །_ གང་"
                        ],
                        "སྣར་": [
                            " །_ ཨོཾ་ #བཛྲ་ #ནཻ་ #བི་",
                            "#དྱཱ་",
                            "#ཨཱཿཧཱུྃ་ #སྭཱ་ #ཧཱ །_ གང་"
                        ]
                    }
                ]
            },
            {
                "11": [
                    {
                        "པེ་": [
                            "#སྭ་ #བྷཱ་བ་ #ཨཱཏྨ་",
                            "#ཀོཧཾ",
                            "།_ ལན་ གསུམ་ བརྗོད་"
                        ],
                        "སྡེ་": [
                            "#སྭ་ #བྷཱ་བ་ #ཨཱཏྨ་",
                            "#ཀོ྅ཧཾ",
                            "།_ ལན་ གསུམ་ བརྗོད་"
                        ],
                        "སྣར་": [
                            "#སྭ་ #བྷཱ་བ་ #ཨཱཏྨ་",
                            "#ཀོཧཾ",
                            "།_ ལན་ གསུམ་ བརྗོད་"
                        ]
                    }
                ]
            },
            {
                "13": [
                    {
                        "པེ་": [
                            " །_། དེ་ སྟེང་ ཡི་གེ་",
                            "#བྲུཾ་",
                            "དཀ ར་ བསམ །_། དེ་ ལས་"
                        ],
                        "སྡེ་": [
                            " །_། དེ་ སྟེང་ ཡི་གེ་",
                            "#བྷྲཱུཾ་",
                            "དཀ ར་ བསམ །_། དེ་ ལས་"
                        ],
                        "སྣར་": [
                            " །_། དེ་ སྟེང་ ཡི་གེ་",
                            "#བྲུཾ་",
                            "དཀ ར་ བསམ །_། དེ་ ལས་"
                        ]
                    }
                ]
            },
            {
                "25": [
                    {
                        "པེ་": [
                            " །_། ཨོཾ་ དང་ #ཧཱུཾ་ དང་",
                            "#ཏྲཾ་ #ཧྲི་ ཨ",
                            "།_། སྤྱི་བོ་"
                        ],
                        "སྡེ་": [
                            " །_། ཨོཾ་ དང་ #ཧཱུཾ་ དང་",
                            "#ཏྲཱཾ་ #ཧྲཱིཿཨ",
                            "།_། སྤྱི་བོ་"
                        ],
                        "སྣར་": [
                            " །_། ཨོཾ་ དང་ #ཧཱུཾ་ དང་",
                            "#ཏྲཾ་ #ཧྲི་ ཨ",
                            "།_། སྤྱི་བོ་"
                        ]
                    }
                ]
            },
            {
                "28": [
                    {
                        "པེ་": [
                            "#ཧོཿརབ་ ཏུ་ གསལ །_།",
                            "#ཛ་ ལས་",
                            "རྟ་ མགྲིན་ སྤྱན་ དྲང་"
                        ],
                        "སྡེ་": [
                            "#ཧོཿརབ་ ཏུ་ གསལ །_།",
                            "#ཛཿལས་",
                            "རྟ་ མགྲིན་ སྤྱན་ དྲང་"
                        ],
                        "སྣར་": [
                            "#ཧོཿརབ་ ཏུ་ གསལ །_།",
                            "#ཛ་ ལས་",
                            "རྟ་ མགྲིན་ སྤྱན་ དྲང་"
                        ]
                    }
                ]
            },
            {
                "34": [
                    {
                        "པེ་": [
                            "མ འི་ དཀྱིལ་འཁོར་ དུ །_།",
                            "#ཧྲི་ དམར་པོ་",
                            "ལས་ ཕྱོགས་ བཅུ་"
                        ],
                        "སྡེ་": [
                            "མ འི་ དཀྱིལ་འཁོར་ དུ །_།",
                            "#ཧྲཱིཿདམར་པོ་",
                            "ལས་ ཕྱོགས་ བཅུ་"
                        ],
                        "སྣར་": [
                            "མ འི་ དཀྱིལ་འཁོར་ དུ །_།",
                            "#ཧྲི་ དམར་པོ་",
                            "ལས་ ཕྱོགས་ བཅུ་"
                        ]
                    }
                ]
            },
            {
                "35": [
                    {
                        "པེ་": [
                            "དཔའ་ ལ །_། དེ་ ནི་",
                            "#ཧྲི་ ལ་",
                            "རབ་ཏུ་ བསྡུ །_། "
                        ],
                        "སྡེ་": [
                            "དཔའ་ ལ །_། དེ་ ནི་",
                            "#ཧྲཱིཿལ་",
                            "རབ་ཏུ་ བསྡུ །_། "
                        ],
                        "སྣར་": [
                            "དཔའ་ ལ །_། དེ་ ནི་",
                            "#ཧྲི་ ལ་",
                            "རབ་ཏུ་ བསྡུ །_། "
                        ]
                    }
                ]
            },
            {
                "36": [
                    {
                        "པེ་": [
                            "རུ་ གནས །_། སྙིང་ ག ར་",
                            "#ཧྲི་ དམར་",
                            "ཕྱོགས་ བཅུ་ ཡི །_། "
                        ],
                        "སྡེ་": [
                            "རུ་ གནས །_། སྙིང་ ག ར་",
                            "#ཧྲཱིཿདམར་",
                            "ཕྱོགས་ བཅུ་ ཡི །_། "
                        ],
                        "སྣར་": [
                            "རུ་ གནས །_། སྙིང་ ག ར་",
                            "#ཧྲི་ དམར་",
                            "ཕྱོགས་ བཅུ་ ཡི །_། "
                        ]
                    }
                ]
            },
            {
                "38": [
                    {
                        "པེ་": [
                            "བ འི་ ཕྱིར །_། ན་ #མཿསརྦ་ #ཏ་",
                            "ཐ་",
                            "ག་ #ཏ་ ཨ་བ་ ལོ་"
                        ],
                        "སྡེ་": [
                            "བ འི་ ཕྱིར །_། ན་ #མཿསརྦ་ #ཏ་",
                            "#ཐཱ་",
                            "ག་ #ཏ་ ཨ་བ་ ལོ་"
                        ],
                        "སྣར་": [
                            "བ འི་ ཕྱིར །_། ན་ #མཿསརྦ་ #ཏ་",
                            "#ཐཱ་",
                            "ག་ #ཏ་ ཨ་བ་ ལོ་"
                        ]
                    }
                ]
            },
            {
                "40": [
                    {
                        "པེ་": [
                            " །_ སློབ་དཔོན་ #ནཱ་",
                            "#གརྫུ་",
                            "ནས་ མཛད་པ་ རྫོགས་ སོ"
                        ],
                        "སྡེ་": [
                            " །_ སློབ་དཔོན་ #ནཱ་",
                            "#གཱརྫུ་",
                            "ནས་ མཛད་པ་ རྫོགས་ སོ"
                        ],
                        "སྣར་": [
                            " །_ སློབ་དཔོན་ #ནཱ་",
                            "#གརྫུ་",
                            "ནས་ མཛད་པ་ རྫོགས་ སོ"
                        ]
                    }
                ]
            }
        ],
        "verb_difference": {
            "diff_tense": [
                {
                    "9": [
                        [
                            "《བཟུང》ཞེས་པ།【〈འཛིན〉གི་ འདས་པ།】【〈འཛིན〉གི་ འདས་པ། ཐ་དད་པ།】",
                            "《གཟུང》ཞེས་པ།【〈འཛིན〉གི་ མ་འོངས་པ།】【〈འཛིན〉གི་ མ་འོངས་པ། ཐ་དད་པ།】"
                        ],
                        {
                            "པེ་": [
                                "རྒྱས་ བྱང་ཆུབ་ ཡིད་ ཀྱིས་",
                                "བཟུང་",
                                " །_། ཐམས་ཅད་ བྱང་ཆུབ་"
                            ],
                            "སྡེ་": [
                                "རྒྱས་ བྱང་ཆུབ་ ཡིད་ ཀྱིས་",
                                "གཟུང་",
                                " །_། ཐམས་ཅད་ བྱང་ཆུབ་"
                            ],
                            "སྣར་": [
                                "རྒྱས་ བྱང་ཆུབ་ ཡིད་ ཀྱིས་",
                                "བཟུང་",
                                " །_། ཐམས་ཅད་ བྱང་ཆུབ་"
                            ]
                        }
                    ]
                },
                {
                    "10": [
                        [
                            "《བསྒོམ》ཞེས་པ།【〈སྒོམ〉གི་ མ་འོངས་པ། ཐ་དད་པ།】",
                            "《བསྒོམས》ཞེས་པ།【〈སྒོམ〉གི་ འདས་པ། ཐ་དད་པ།】"
                        ],
                        {
                            "པེ་": [
                                "རྗེས་ ཚངས་པ འི་ གནས་ བཞི་",
                                "བསྒོམས",
                                "།_། ཨོཾ་ #ཤཱུ་ #ནྱ་"
                            ],
                            "སྡེ་": [
                                "རྗེས་ ཚངས་པ འི་ གནས་ བཞི་",
                                "བསྒོམ",
                                "།_། ཨོཾ་ #ཤཱུ་ #ནྱ་"
                            ],
                            "སྣར་": [
                                "རྗེས་ ཚངས་པ འི་ གནས་ བཞི་",
                                "བསྒོམས",
                                "།_། ཨོཾ་ #ཤཱུ་ #ནྱ་"
                            ]
                        }
                    ]
                },
                {
                    "19": [
                        [
                            "《བསྒོམ》ཞེས་པ།【〈སྒོམ〉གི་ མ་འོངས་པ། ཐ་དད་པ།】",
                            "《བསྒོམས》ཞེས་པ།【〈སྒོམ〉གི་ འདས་པ། ཐ་དད་པ།】"
                        ],
                        {
                            "པེ་": [
                                "ནི་ #རཾ་ སེར་ གཅིག་ ཏུ་",
                                "བསྒོམས",
                                "།_། #རཾ་ ལས་ འོད་ ཟེར་"
                            ],
                            "སྡེ་": [
                                "ནི་ #རཾ་ སེར་ གཅིག་ ཏུ་",
                                "བསྒོམ",
                                "།_། #རཾ་ ལས་ འོད་ ཟེར་"
                            ],
                            "སྣར་": [
                                "ནི་ #རཾ་ སེར་ གཅིག་ ཏུ་",
                                "བསྒོམས",
                                "།_། #རཾ་ ལས་ འོད་ ཟེར་"
                            ]
                        }
                    ]
                },
                {
                    "31": [
                        [
                            "《བཟུང》ཞེས་པ།【〈འཛིན〉གི་ འདས་པ།】【〈འཛིན〉གི་ འདས་པ། ཐ་དད་པ།】",
                            "《གཟུང》ཞེས་པ།【〈འཛིན〉གི་ མ་འོངས་པ།】【〈འཛིན〉གི་ མ་འོངས་པ། ཐ་དད་པ།】"
                        ],
                        {
                            "པེ་": [
                                "གནས་པ་ ཡི་ དང་པོ་",
                                "གཟུང་",
                                " །_། སྡེ་ ཚན་ གཉིས་པ འི་"
                            ],
                            "སྡེ་": [
                                "གནས་པ་ ཡི་ དང་པོ་",
                                "བཟུང་",
                                " །_། སྡེ་ ཚན་ གཉིས་པ འི་"
                            ],
                            "སྣར་": [
                                "གནས་པ་ ཡི་ དང་པོ་",
                                "གཟུང་",
                                " །_། སྡེ་ ཚན་ གཉིས་པ འི་"
                            ]
                        }
                    ]
                }
            ],
            "diff_verb": [
                {
                    "18": [
                        [
                            "《ཞུ》ཞེས་པ།【〈བཞུ〉གི་ སྐུལ་ཚིག འབྲི་ཚུལ་གཞན།】【〈ཞུས〉གི་ ད་ལྟ་བ། ཐ་དད་པ།】【〈ཞུས〉གི་ མ་འོངས་པ། ཐ་དད་པ།】【〈ཞུ〉གི་ ད་ལྟ་བ། ཐ་དད་པ།】【〈ཞུ〉གི་ མ་འོངས་པ། ཐ་དད་པ།】【〈འཇུ〉གི་ འདས་པ། ཐ་མི་དད་པ།】",
                            "《གཞུ》ཞེས་པ།【〈གཞུས〉གི་ ད་ལྟ་བ། ཐ་དད་པ།】【〈གཞུས〉གི་ མ་འོངས་པ། ཐ་དད་པ།】【〈གཞུ〉གི་ ད་ལྟ་བ། ཐ་དད་པ།】【〈གཞུ〉གི་ མ་འོངས་པ། ཐ་དད་པ།】"
                        ],
                        {
                            "པེ་": [
                                "ཐོད་པ་ བརྒྱད་ ཀྱིས་ ཀ་",
                                "གཞུ་",
                                "བརྒྱན །_། ཕྱི་ དང་ ནང་"
                            ],
                            "སྡེ་": [
                                "ཐོད་པ་ བརྒྱད་ ཀྱིས་ ཀ་",
                                "ཞུ་",
                                "བརྒྱན །_། ཕྱི་ དང་ ནང་"
                            ],
                            "སྣར་": [
                                "ཐོད་པ་ བརྒྱད་ ཀྱིས་ ཀ་",
                                "གཞུ་",
                                "བརྒྱན །_། ཕྱི་ དང་ ནང་"
                            ]
                        }
                    ]
                },
                {
                    "24": [
                        [
                            "《འཁྲུག》ཞེས་པ།【〈འཁྲུགས〉གི་ ད་ལྟ་བ། ཐ་དད་པ།】【〈འཁྲུགས〉གི་ མ་འོངས་པ། ཐ་དད་པ།】【〈འཁྲུག〉གི་ ད་ལྟ་བ།】【〈འཁྲུག〉གི་ ད་ལྟ་བ། ཐ་དད་པ།】【〈འཁྲུག〉གི་ ད་ལྟ་བ། ཐ་མི་དད་པ།】【〈འཁྲུག〉གི་ མ་འོངས་པ།】【〈འཁྲུག〉གི་ མ་འོངས་པ། ཐ་དད་པ།】【〈འཁྲུག〉གི་ མ་འོངས་པ། ཐ་མི་དད་པ།】",
                            "《འཁྲུགས》ཞེས་པ།【〈འཁྲུགས〉གི་ འདས་པ། ཐ་དད་པ།】【〈འཁྲུགས〉གི་ སྐུལ་ཚིག ཐ་དད་པ།】【〈འཁྲུག〉གི་ འདས་པ།】【〈འཁྲུག〉གི་ འདས་པ། ཐ་དད་པ།】【〈འཁྲུག〉གི་ འདས་པ། ཐ་མི་དད་པ།】【〈འཁྲུག〉གི་ སྐུལ་ཚིག ཐ་དད་པ།】"
                        ],
                        {
                            "པེ་": [
                                "པ ས །_། རྣམ་ སྣང་ མི་",
                                "འཁྲུག་",
                                "#རིན་ འབྱུང་ དང་  །_། ཚེ་"
                            ],
                            "སྡེ་": [
                                "པ ས །_། རྣམ་ སྣང་ མི་",
                                "འཁྲུགས་",
                                "#རིན་ འབྱུང་ དང་  །_། ཚེ་"
                            ],
                            "སྣར་": [
                                "པ ས །_། རྣམ་ སྣང་ མི་",
                                "འཁྲུག་",
                                "#རིན་ འབྱུང་ དང་  །_། ཚེ་"
                            ]
                        }
                    ]
                },
                {
                    "27": [
                        [
                            "《དབུལ》ཞེས་པ།【〈ཕུལ〉གི་ མ་འོངས་པ། ཐ་དད་པ།】【〈འབུལ〉གི་ མ་འོངས་པ། ཐ་དད་པ།】",
                            "《འབུལ》ཞེས་པ།【〈ཕུལ〉གི་ ད་ལྟ་བ། ཐ་དད་པ།】【〈འབུལ〉གི་ ད་ལྟ་བ། ཐ་དད་པ།】"
                        ],
                        {
                            "པེ་": [
                                "མོ་ ལྔ ས་ ནི་ མཆོད་པ་",
                                "དབུལ",
                                "།_། རྒྱ་ #གྲམ་ དེ་ ཡི་"
                            ],
                            "སྡེ་": [
                                "མོ་ ལྔ ས་ ནི་ མཆོད་པ་",
                                "འབུལ",
                                "།_། རྒྱ་ #གྲམ་ དེ་ ཡི་"
                            ],
                            "སྣར་": [
                                "མོ་ ལྔ ས་ ནི་ མཆོད་པ་",
                                "དབུལ",
                                "།_། རྒྱ་ #གྲམ་ དེ་ ཡི་"
                            ]
                        }
                    ]
                }
            ],
            "not_sure": []
        }
    },
    "dunno": {
        "long_diff": [],
        "no_diff": [
            {
                "5": [
                    {
                        "པེ་": [
                            "#གུ་ སྟེ །_།",
                            "ལག་པ་",
                            "གསེར་ གྱི་ བུམ་ འཛིན་ མ"
                        ],
                        "སྡེ་": [
                            "#གུ་ སྟེ །_།",
                            "ལག་ ན་",
                            "གསེར་ གྱི་ བུམ་ འཛིན་ མ"
                        ],
                        "སྣར་": [
                            "#གུ་ སྟེ །_།",
                            "ལག་པ་",
                            "གསེར་ གྱི་ བུམ་ འཛིན་ མ"
                        ]
                    }
                ]
            },
            {
                "6": [
                    {
                        "པེ་": [
                            "སྐུ་ མདོག་ དཀ ར །_།",
                            "ལག་པ་",
                            "གསེར་ #གཞོང་ བདུད་ རྩིས་ གང་"
                        ],
                        "སྡེ་": [
                            "སྐུ་ མདོག་ དཀ ར །_།",
                            "ལག་ ན་",
                            "གསེར་ #གཞོང་ བདུད་ རྩིས་ གང་"
                        ],
                        "སྣར་": [
                            "སྐུ་ མདོག་ དཀ ར །_།",
                            "ལག་པ་",
                            "གསེར་ #གཞོང་ བདུད་ རྩིས་ གང་"
                        ]
                    }
                ]
            },
            {
                "8": [
                    {
                        "པེ་": [
                            "འདྲ ར་ འཆགས་ བགྱིད་ ཅིང་  །_",
                            "དེ་ནས་",
                            "བརྩམས་ ཏེ་ འབྱུང་ མི་"
                        ],
                        "སྡེ་": [
                            "འདྲ ར་ འཆགས་ བགྱིད་ ཅིང་  །_",
                            "དེང་ ནས་",
                            "བརྩམས་ ཏེ་ འབྱུང་ མི་"
                        ],
                        "སྣར་": [
                            "འདྲ ར་ འཆགས་ བགྱིད་ ཅིང་  །_",
                            "དེ་ནས་",
                            "བརྩམས་ ཏེ་ འབྱུང་ མི་"
                        ]
                    }
                ]
            },
            {
                "12": [
                    {
                        "པེ་": [
                            "#ཀོ྅ཧཾ །_ ལན་",
                            "བདུན་",
                            "བརྗོད་ བྱ་ ཏིང་འཛིན་ གྱིས"
                        ],
                        "སྡེ་": [
                            "#ཀོ྅ཧཾ །_ ལན་",
                            "གསུམ་",
                            "བརྗོད་ བྱ་ ཏིང་འཛིན་ གྱིས"
                        ],
                        "སྣར་": [
                            "#ཀོ྅ཧཾ །_ ལན་",
                            "བདུན་",
                            "བརྗོད་ བྱ་ ཏིང་འཛིན་ གྱིས"
                        ]
                    }
                ]
            },
            {
                "14": [
                    {
                        "པེ་": [
                            "དཀ ར་ བསམ །_།",
                            "དེ་བ ས་",
                            "འོད་ ཟེར་ བྱུང་བ ས་ ནི"
                        ],
                        "སྡེ་": [
                            "དཀ ར་ བསམ །_།",
                            "དེ་ ལས་",
                            "འོད་ ཟེར་ བྱུང་བ ས་ ནི"
                        ],
                        "སྣར་": [
                            "དཀ ར་ བསམ །_།",
                            "དེ་བ ས་",
                            "འོད་ ཟེར་ བྱུང་བ ས་ ནི"
                        ]
                    }
                ]
            },
            {
                "15": [
                    {
                        "པེ་": [
                            "།_། གསེར་ ལས་",
                            "གྲུབ་པ་",
                            "རིམ་པ་ བཞིན །_། གྲུ་"
                        ],
                        "སྡེ་": [
                            "།_། གསེར་ ལས་",
                            "གྲུབ་པ འི་",
                            "རིམ་པ་ བཞིན །_། གྲུ་"
                        ],
                        "སྣར་": [
                            "།_། གསེར་ ལས་",
                            "གྲུབ་པ་",
                            "རིམ་པ་ བཞིན །_། གྲུ་"
                        ]
                    }
                ]
            },
            {
                "17": [
                    {
                        "པེ་": [
                            "ཙམ །_། སྟེང་ ནི་ ཞིང་",
                            "ཆེན་",
                            "རབ་ཏུ་ བཀབ །_། གྲུ་"
                        ],
                        "སྡེ་": [
                            "ཙམ །_། སྟེང་ ནི་ ཞིང་",
                            "གིས་",
                            "རབ་ཏུ་ བཀབ །_། གྲུ་"
                        ],
                        "སྣར་": [
                            "ཙམ །_། སྟེང་ ནི་ ཞིང་",
                            "ཆེན་",
                            "རབ་ཏུ་ བཀབ །_། གྲུ་"
                        ]
                    }
                ]
            },
            {
                "29": [
                    {
                        "པེ་": [
                            "ལ །_། སྡེ་ ཚན་",
                            "དང་པོ་",
                            "བཅུ་གཉིས་པ །_། སྡེ་"
                        ],
                        "སྡེ་": [
                            "ལ །_། སྡེ་ ཚན་",
                            "དང་པོ འི་",
                            "བཅུ་གཉིས་པ །_། སྡེ་"
                        ],
                        "སྣར་": [
                            "ལ །_། སྡེ་ ཚན་",
                            "དང་པོ་",
                            "བཅུ་གཉིས་པ །_། སྡེ་"
                        ]
                    }
                ]
            },
            {
                "33": [
                    {
                        "པེ་": [
                            "བརྒྱན །_། མཐ ར་ གནས་",
                            "བཞི་པ་ བཟུང་ བར་",
                            "བྱ །_། དྲོད་ ཀྱི་"
                        ],
                        "སྡེ་": [
                            "བརྒྱན །_། མཐ ར་ གནས་",
                            "བཞི་པོ་ གཟུང་བ ར་",
                            "བྱ །_། དྲོད་ ཀྱི་"
                        ],
                        "སྣར་": [
                            "བརྒྱན །_། མཐ ར་ གནས་",
                            "བཞི་པ་ བཟུང་ བར་",
                            "བྱ །_། དྲོད་ ཀྱི་"
                        ]
                    }
                ]
            },
            {
                "37": [
                    {
                        "པེ་": [
                            "གཏོར་ མ་ རྣམ་པར་ དག་",
                            "བྱ་",
                            "ཕྱིར །_། #སརྦ་ ཀ་ རི་"
                        ],
                        "སྡེ་": [
                            "གཏོར་ མ་ རྣམ་པར་ དག་",
                            "བྱ འི་",
                            "ཕྱིར །_། #སརྦ་ ཀ་ རི་"
                        ],
                        "སྣར་": [
                            "གཏོར་ མ་ རྣམ་པར་ དག་",
                            "བྱ་",
                            "ཕྱིར །_། #སརྦ་ ཀ་ རི་"
                        ]
                    }
                ]
            }
        ],
        "short_diff": [
            {
                "39": [
                    {
                        "པེ་": [
                            "དང་ འཇིག་རྟེན་ ལས་",
                            "འདས་",
                            "དཔལ་ རྟ་ མགྲིན་ གྱི་ སྒྲུབ་"
                        ],
                        "སྡེ་": [
                            "དང་ འཇིག་རྟེན་ ལས་",
                            "འདས་པ འི་",
                            "དཔལ་ རྟ་ མགྲིན་ གྱི་ སྒྲུབ་"
                        ],
                        "སྣར་": [
                            "དང་ འཇིག་རྟེན་ ལས་",
                            "འདས་",
                            "དཔལ་ རྟ་ མགྲིན་ གྱི་ སྒྲུབ་"
                        ]
                    }
                ]
            }
        ]
    },
    "empty_notes": [
        {
            "20": [
                {
                    "པེ་": [
                        "པ ས ། #ཉི་ དཀྱིལ་ སྟེང་ དུ་ #ཧྲཱིཿདམར་པོ །_། དེ་",
                        "",
                        "པ ས ། #ཉི་ དཀྱིལ་ སྟེང་ དུ་ #ཧྲཱིཿདམར་པོ །_། དེ་"
                    ],
                    "སྡེ་": [
                        "པ ས ། #ཉི་ དཀྱིལ་ སྟེང་ དུ་ #ཧྲཱིཿདམར་པོ །_། དེ་",
                        "",
                        "པ ས ། #ཉི་ དཀྱིལ་ སྟེང་ དུ་ #ཧྲཱིཿདམར་པོ །_། དེ་"
                    ],
                    "སྣར་": [
                        "པ ས ། #ཉི་ དཀྱིལ་ སྟེང་ དུ་ #ཧྲཱིཿདམར་པོ །_། དེ་",
                        "",
                        "པ ས ། #ཉི་ དཀྱིལ་ སྟེང་ དུ་ #ཧྲཱིཿདམར་པོ །_། དེ་"
                    ]
                }
            ]
        },
        {
            "41": [
                {
                    "པེ་": [
                        "བ་ རིས་ བསྒྱུར་བ འོ །_། ",
                        "",
                        "བ་ རིས་ བསྒྱུར་བ འོ །_། "
                    ],
                    "སྡེ་": [
                        "བ་ རིས་ བསྒྱུར་བ འོ །_། ",
                        "",
                        "བ་ རིས་ བསྒྱུར་བ འོ །_། "
                    ],
                    "སྣར་": [
                        "བ་ རིས་ བསྒྱུར་བ འོ །_། ",
                        "",
                        "བ་ རིས་ བསྒྱུར་བ འོ །_། "
                    ]
                }
            ]
        }
    ],
    "manual_categorisation": {
        "long_difference": {
            "differing_formulation": [],
            "major_modification": []
        },
        "manual_evaluation": {
            "derge_correct": [],
            "meaning_difference": {
                "great_diff": [],
                "medium_diff": [],
                "small_diff": []
            }
        }
    },
    "ngram_freq": {
        "1": {
            "པེ་": [],
            "སྡེ་": [],
            "སྣར་": []
        },
        "10": {
            "པེ་": [
                [
                    "བསྒོམས",
                    "121"
                ],
                [
                    "བསྒོམས།_།",
                    "77"
                ]
            ],
            "སྡེ་": [
                [
                    "བསྒོམ",
                    "1273"
                ],
                [
                    "བསྒོམ།_།",
                    "1248"
                ],
                [
                    "བཞི་བསྒོམ",
                    "67"
                ]
            ],
            "སྣར་": [
                [
                    "བསྒོམས",
                    "121"
                ],
                [
                    "བསྒོམས།_།",
                    "77"
                ]
            ]
        },
        "11": {
            "པེ་": [],
            "སྡེ་": [
                [
                    "ཀོ྅ཧཾ",
                    "5"
                ]
            ],
            "སྣར་": []
        },
        "12": {
            "པེ་": [
                [
                    "བདུན",
                    "151"
                ],
                [
                    "ལན་བདུན",
                    "1315"
                ],
                [
                    "བདུན་བརྗོད",
                    "62"
                ],
                [
                    "ལན་བདུན་བརྗོད",
                    "54"
                ]
            ],
            "སྡེ་": [
                [
                    "གསུམ",
                    "586"
                ],
                [
                    "ལན་གསུམ",
                    "2081"
                ],
                [
                    "གསུམ་བརྗོད",
                    "96"
                ],
                [
                    "ལན་གསུམ་བརྗོད",
                    "68"
                ]
            ],
            "སྣར་": [
                [
                    "བདུན",
                    "151"
                ],
                [
                    "ལན་བདུན",
                    "1315"
                ],
                [
                    "བདུན་བརྗོད",
                    "62"
                ],
                [
                    "ལན་བདུན་བརྗོད",
                    "54"
                ]
            ]
        },
        "13": {
            "པེ་": [
                [
                    "བྲུཾ",
                    "1"
                ]
            ],
            "སྡེ་": [],
            "སྣར་": [
                [
                    "བྲུཾ",
                    "1"
                ]
            ]
        },
        "14": {
            "པེ་": [
                [
                    "དེ་བས",
                    "4541"
                ],
                [
                    "།_།དེ་བས",
                    "1801"
                ]
            ],
            "སྡེ་": [
                [
                    "དེ་ལས",
                    "5447"
                ],
                [
                    "།_།དེ་ལས",
                    "1218"
                ]
            ],
            "སྣར་": [
                [
                    "དེ་བས",
                    "4541"
                ],
                [
                    "།_།དེ་བས",
                    "1801"
                ]
            ]
        },
        "15": {
            "པེ་": [
                [
                    "གྲུབ་པ",
                    "330"
                ],
                [
                    "ལས་གྲུབ་པ",
                    "59"
                ]
            ],
            "སྡེ་": [
                [
                    "གྲུབ་པའི",
                    "1206"
                ],
                [
                    "ལས་གྲུབ་པའི",
                    "69"
                ]
            ],
            "སྣར་": [
                [
                    "གྲུབ་པ",
                    "330"
                ],
                [
                    "ལས་གྲུབ་པ",
                    "59"
                ]
            ]
        },
        "16": {
            "པེ་": [
                [
                    "དུ་མས",
                    "1125"
                ]
            ],
            "སྡེ་": [
                [
                    "དུ་མ",
                    "72"
                ]
            ],
            "སྣར་": [
                [
                    "དུ་མས",
                    "1125"
                ]
            ]
        },
        "17": {
            "པེ་": [
                [
                    "ཆེན",
                    "29"
                ],
                [
                    "ཞིང་ཆེན",
                    "145"
                ],
                [
                    "ཆེན་རབ་ཏུ",
                    "68"
                ]
            ],
            "སྡེ་": [
                [
                    "གིས",
                    "2588"
                ],
                [
                    "གིས་རབ་ཏུ",
                    "323"
                ]
            ],
            "སྣར་": [
                [
                    "ཆེན",
                    "29"
                ],
                [
                    "ཞིང་ཆེན",
                    "145"
                ],
                [
                    "ཆེན་རབ་ཏུ",
                    "68"
                ]
            ]
        },
        "18": {
            "པེ་": [
                [
                    "གཞུ",
                    "23"
                ]
            ],
            "སྡེ་": [
                [
                    "ཞུ",
                    "130"
                ]
            ],
            "སྣར་": [
                [
                    "གཞུ",
                    "23"
                ]
            ]
        },
        "19": {
            "པེ་": [
                [
                    "བསྒོམས",
                    "121"
                ],
                [
                    "བསྒོམས།_།",
                    "77"
                ],
                [
                    "ཏུ་བསྒོམས",
                    "285"
                ]
            ],
            "སྡེ་": [
                [
                    "བསྒོམ",
                    "1273"
                ],
                [
                    "ཏུ་བསྒོམ",
                    "122"
                ],
                [
                    "བསྒོམ།_།",
                    "1248"
                ],
                [
                    "ཏུ་བསྒོམ།_།",
                    "121"
                ]
            ],
            "སྣར་": [
                [
                    "བསྒོམས",
                    "121"
                ],
                [
                    "བསྒོམས།_།",
                    "77"
                ],
                [
                    "ཏུ་བསྒོམས",
                    "285"
                ]
            ]
        },
        "2": {
            "པེ་": [
                [
                    "ཀྱིས",
                    "6156"
                ],
                [
                    "སྲིད་ཀྱིས",
                    "74"
                ]
            ],
            "སྡེ་": [
                [
                    "ཀྱི",
                    "5256"
                ],
                [
                    "སྲིད་ཀྱི",
                    "93"
                ]
            ],
            "སྣར་": [
                [
                    "ཀྱིས",
                    "6156"
                ],
                [
                    "སྲིད་ཀྱིས",
                    "74"
                ]
            ]
        },
        "20": {
            "པེ་": [
                [
                    "",
                    "1"
                ],
                [
                    "པ",
                    "1"
                ],
                [
                    "དེ",
                    "1"
                ]
            ],
            "སྡེ་": [
                [
                    "",
                    "1"
                ],
                [
                    "པ",
                    "1"
                ],
                [
                    "དེ",
                    "1"
                ]
            ],
            "སྣར་": [
                [
                    "",
                    "1"
                ],
                [
                    "པ",
                    "1"
                ],
                [
                    "དེ",
                    "1"
                ]
            ]
        },
        "21": {
            "པེ་": [
                [
                    "ཐབས",
                    "135"
                ],
                [
                    "ཤམ་ཐབས",
                    "596"
                ]
            ],
            "སྡེ་": [
                [
                    "ཐབས",
                    "135"
                ],
                [
                    "ཤམ་ཐབས",
                    "596"
                ]
            ],
            "སྣར་": [
                [
                    "ཐབ",
                    "14"
                ]
            ]
        },
        "22": {
            "པེ་": [
                [
                    "གཉིས་པ",
                    "438"
                ]
            ],
            "སྡེ་": [
                [
                    "གཉིས་པས",
                    "234"
                ]
            ],
            "སྣར་": [
                [
                    "གཉིས་པ",
                    "438"
                ]
            ]
        },
        "23": {
            "པེ་": [
                [
                    "གཉིས་པ",
                    "438"
                ]
            ],
            "སྡེ་": [
                [
                    "གཉིས་པས",
                    "234"
                ]
            ],
            "སྣར་": [
                [
                    "གཉིས་པ",
                    "438"
                ]
            ]
        },
        "24": {
            "པེ་": [
                [
                    "འཁྲུག",
                    "65"
                ],
                [
                    "མི་འཁྲུག",
                    "80"
                ]
            ],
            "སྡེ་": [
                [
                    "འཁྲུགས",
                    "154"
                ],
                [
                    "མི་འཁྲུགས",
                    "909"
                ]
            ],
            "སྣར་": [
                [
                    "འཁྲུག",
                    "65"
                ],
                [
                    "མི་འཁྲུག",
                    "80"
                ]
            ]
        },
        "25": {
            "པེ་": [],
            "སྡེ་": [],
            "སྣར་": []
        },
        "26": {
            "པེ་": [
                [
                    "དེ་ནས",
                    "48227"
                ],
                [
                    "།_།དེ་ནས",
                    "35076"
                ]
            ],
            "སྡེ་": [
                [
                    "ཡེ་ནས",
                    "379"
                ],
                [
                    "།_།ཡེ་ནས",
                    "137"
                ]
            ],
            "སྣར་": [
                [
                    "དེ་ནས",
                    "48227"
                ],
                [
                    "།_།དེ་ནས",
                    "35076"
                ]
            ]
        },
        "27": {
            "པེ་": [
                [
                    "དབུལ",
                    "442"
                ],
                [
                    "དབུལ།_།",
                    "423"
                ]
            ],
            "སྡེ་": [
                [
                    "འབུལ",
                    "125"
                ],
                [
                    "འབུལ།_།",
                    "105"
                ]
            ],
            "སྣར་": [
                [
                    "དབུལ",
                    "442"
                ],
                [
                    "དབུལ།_།",
                    "423"
                ]
            ]
        },
        "28": {
            "པེ་": [],
            "སྡེ་": [
                [
                    "ཛཿལས",
                    "4"
                ]
            ],
            "སྣར་": []
        },
        "29": {
            "པེ་": [
                [
                    "དང་པོ",
                    "193"
                ]
            ],
            "སྡེ་": [
                [
                    "དང་པོའི",
                    "936"
                ]
            ],
            "སྣར་": [
                [
                    "དང་པོ",
                    "193"
                ]
            ]
        },
        "3": {
            "པེ་": [],
            "སྡེ་": [],
            "སྣར་": []
        },
        "30": {
            "པེ་": [
                [
                    "ལྔ་པ",
                    "308"
                ]
            ],
            "སྡེ་": [
                [
                    "ལྔ་པས",
                    "85"
                ]
            ],
            "སྣར་": [
                [
                    "ལྔ་པ",
                    "308"
                ]
            ]
        },
        "31": {
            "པེ་": [
                [
                    "གཟུང",
                    "5"
                ]
            ],
            "སྡེ་": [
                [
                    "བཟུང",
                    "11"
                ],
                [
                    "དང་པོ་བཟུང",
                    "49"
                ]
            ],
            "སྣར་": [
                [
                    "གཟུང",
                    "5"
                ]
            ]
        },
        "32": {
            "པེ་": [
                [
                    "གསུམ་པ",
                    "511"
                ]
            ],
            "སྡེ་": [
                [
                    "གསུམ་པས",
                    "211"
                ]
            ],
            "སྣར་": [
                [
                    "གསུམ་པ",
                    "511"
                ]
            ]
        },
        "33": {
            "པེ་": [],
            "སྡེ་": [],
            "སྣར་": []
        },
        "34": {
            "པེ་": [],
            "སྡེ་": [],
            "སྣར་": []
        },
        "35": {
            "པེ་": [],
            "སྡེ་": [
                [
                    "ཧྲཱིཿལ",
                    "1"
                ]
            ],
            "སྣར་": []
        },
        "36": {
            "པེ་": [],
            "སྡེ་": [
                [
                    "ཧྲཱིཿདམར",
                    "1"
                ]
            ],
            "སྣར་": []
        },
        "37": {
            "པེ་": [
                [
                    "བྱ",
                    "28822"
                ],
                [
                    "དག་བྱ",
                    "127"
                ],
                [
                    "བྱ་ཕྱིར",
                    "177"
                ]
            ],
            "སྡེ་": [
                [
                    "བྱའི",
                    "289"
                ],
                [
                    "བྱའི་ཕྱིར",
                    "313"
                ]
            ],
            "སྣར་": [
                [
                    "བྱ",
                    "28822"
                ],
                [
                    "དག་བྱ",
                    "127"
                ],
                [
                    "བྱ་ཕྱིར",
                    "177"
                ]
            ]
        },
        "38": {
            "པེ་": [
                [
                    "ཐ",
                    "213"
                ],
                [
                    "ཐ་ག",
                    "263"
                ],
                [
                    "ཏ་ཐ",
                    "65"
                ]
            ],
            "སྡེ་": [
                [
                    "ཐཱ",
                    "1926"
                ],
                [
                    "ཐཱ་ག",
                    "2160"
                ],
                [
                    "ཏ་ཐཱ",
                    "2168"
                ],
                [
                    "ཏ་ཐཱ་ག",
                    "2119"
                ],
                [
                    "ཏ་ཐཱ་ག་ཏ",
                    "69"
                ],
                [
                    "མཿསརྦ་ཏ་ཐཱ་ག",
                    "496"
                ]
            ],
            "སྣར་": [
                [
                    "ཐཱ",
                    "1926"
                ],
                [
                    "ཐཱ་ག",
                    "2160"
                ],
                [
                    "ཏ་ཐཱ",
                    "2168"
                ],
                [
                    "ཏ་ཐཱ་ག",
                    "2119"
                ],
                [
                    "ཏ་ཐཱ་ག་ཏ",
                    "69"
                ],
                [
                    "མཿསརྦ་ཏ་ཐཱ་ག",
                    "496"
                ]
            ]
        },
        "39": {
            "པེ་": [
                [
                    "འདས",
                    "949"
                ],
                [
                    "ལས་འདས",
                    "202"
                ],
                [
                    "འདས་དཔལ",
                    "202"
                ]
            ],
            "སྡེ་": [
                [
                    "འདས་པའི",
                    "5430"
                ],
                [
                    "ལས་འདས་པའི",
                    "2617"
                ]
            ],
            "སྣར་": [
                [
                    "འདས",
                    "949"
                ],
                [
                    "ལས་འདས",
                    "202"
                ],
                [
                    "འདས་དཔལ",
                    "202"
                ]
            ]
        },
        "4": {
            "པེ་": [],
            "སྡེ་": [
                [
                    "ཧྲཱིཿལས",
                    "16"
                ]
            ],
            "སྣར་": []
        },
        "40": {
            "པེ་": [],
            "སྡེ་": [],
            "སྣར་": []
        },
        "41": {
            "པེ་": [
                [
                    "",
                    "1"
                ],
                [
                    "བ",
                    "22879"
                ],
                [
                    "།_།བ",
                    "906"
                ]
            ],
            "སྡེ་": [
                [
                    "",
                    "1"
                ],
                [
                    "བ",
                    "22879"
                ],
                [
                    "།_།བ",
                    "906"
                ]
            ],
            "སྣར་": [
                [
                    "",
                    "1"
                ],
                [
                    "བ",
                    "22879"
                ],
                [
                    "།_།བ",
                    "906"
                ]
            ]
        },
        "5": {
            "པེ་": [
                [
                    "ལག་པ",
                    "4490"
                ],
                [
                    "།_།ལག་པ",
                    "846"
                ]
            ],
            "སྡེ་": [
                [
                    "ལག་ན",
                    "4066"
                ],
                [
                    "།_།ལག་ན",
                    "719"
                ]
            ],
            "སྣར་": [
                [
                    "ལག་པ",
                    "4490"
                ],
                [
                    "།_།ལག་པ",
                    "846"
                ]
            ]
        },
        "6": {
            "པེ་": [
                [
                    "ལག་པ",
                    "4490"
                ],
                [
                    "།_།ལག་པ",
                    "846"
                ]
            ],
            "སྡེ་": [
                [
                    "ལག་ན",
                    "4066"
                ],
                [
                    "།_།ལག་ན",
                    "719"
                ]
            ],
            "སྣར་": [
                [
                    "ལག་པ",
                    "4490"
                ],
                [
                    "།_།ལག་པ",
                    "846"
                ]
            ]
        },
        "7": {
            "པེ་": [
                [
                    "དྱཱ",
                    "7"
                ],
                [
                    "བི་དྱཱ",
                    "42"
                ]
            ],
            "སྡེ་": [
                [
                    "དྱེ",
                    "4"
                ]
            ],
            "སྣར་": [
                [
                    "དྱཱ",
                    "7"
                ],
                [
                    "བི་དྱཱ",
                    "42"
                ]
            ]
        },
        "8": {
            "པེ་": [
                [
                    "དེ་ནས",
                    "48227"
                ],
                [
                    "།_དེ་ནས",
                    "5500"
                ]
            ],
            "སྡེ་": [
                [
                    "དེང་ནས",
                    "65"
                ]
            ],
            "སྣར་": [
                [
                    "དེ་ནས",
                    "48227"
                ],
                [
                    "།_དེ་ནས",
                    "5500"
                ]
            ]
        },
        "9": {
            "པེ་": [
                [
                    "བཟུང",
                    "11"
                ],
                [
                    "ཀྱིས་བཟུང",
                    "121"
                ]
            ],
            "སྡེ་": [
                [
                    "གཟུང",
                    "5"
                ],
                [
                    "ཀྱིས་གཟུང",
                    "60"
                ]
            ],
            "སྣར་": [
                [
                    "བཟུང",
                    "11"
                ],
                [
                    "ཀྱིས་བཟུང",
                    "121"
                ]
            ]
        }
    },
    "non_standard_notes": [],
    "profile": {
        "1": [
            "པེ་=སྣར་ སྡེ་",
            "90.24%"
        ],
        "10": [
            "པེ་=སྣར་ སྡེ་",
            "90.24%"
        ],
        "11": [
            "པེ་=སྣར་ སྡེ་",
            "90.24%"
        ],
        "12": [
            "པེ་=སྣར་ སྡེ་",
            "90.24%"
        ],
        "13": [
            "པེ་=སྣར་ སྡེ་",
            "90.24%"
        ],
        "14": [
            "པེ་=སྣར་ སྡེ་",
            "90.24%"
        ],
        "15": [
            "པེ་=སྣར་ སྡེ་",
            "90.24%"
        ],
        "16": [
            "པེ་=སྣར་ སྡེ་",
            "90.24%"
        ],
        "17": [
            "པེ་=སྣར་ སྡེ་",
            "90.24%"
        ],
        "18": [
            "པེ་=སྣར་ སྡེ་",
            "90.24%"
        ],
        "19": [
            "པེ་=སྣར་ སྡེ་",
            "90.24%"
        ],
        "2": [
            "པེ་=སྣར་ སྡེ་",
            "90.24%"
        ],
        "20": [
            "པེ་=སྡེ་=སྣར་",
            "4.88%"
        ],
        "21": [
            "པེ་=སྡེ་ སྣར་",
            "2.44%"
        ],
        "22": [
            "པེ་=སྣར་ སྡེ་",
            "90.24%"
        ],
        "23": [
            "པེ་=སྣར་ སྡེ་",
            "90.24%"
        ],
        "24": [
            "པེ་=སྣར་ སྡེ་",
            "90.24%"
        ],
        "25": [
            "པེ་=སྣར་ སྡེ་",
            "90.24%"
        ],
        "26": [
            "པེ་=སྣར་ སྡེ་",
            "90.24%"
        ],
        "27": [
            "པེ་=སྣར་ སྡེ་",
            "90.24%"
        ],
        "28": [
            "པེ་=སྣར་ སྡེ་",
            "90.24%"
        ],
        "29": [
            "པེ་=སྣར་ སྡེ་",
            "90.24%"
        ],
        "3": [
            "པེ་=སྣར་ སྡེ་",
            "90.24%"
        ],
        "30": [
            "པེ་=སྣར་ སྡེ་",
            "90.24%"
        ],
        "31": [
            "པེ་=སྣར་ སྡེ་",
            "90.24%"
        ],
        "32": [
            "པེ་=སྣར་ སྡེ་",
            "90.24%"
        ],
        "33": [
            "པེ་=སྣར་ སྡེ་",
            "90.24%"
        ],
        "34": [
            "པེ་=སྣར་ སྡེ་",
            "90.24%"
        ],
        "35": [
            "པེ་=སྣར་ སྡེ་",
            "90.24%"
        ],
        "36": [
            "པེ་=སྣར་ སྡེ་",
            "90.24%"
        ],
        "37": [
            "པེ་=སྣར་ སྡེ་",
            "90.24%"
        ],
        "38": [
            "པེ་ སྡེ་=སྣར་",
            "2.44%"
        ],
        "39": [
            "པེ་=སྣར་ སྡེ་",
            "90.24%"
        ],
        "4": [
            "པེ་=སྣར་ སྡེ་",
            "90.24%"
        ],
        "40": [
            "པེ་=སྣར་ སྡེ་",
            "90.24%"
        ],
        "41": [
            "པེ་=སྡེ་=སྣར་",
            "4.88%"
        ],
        "5": [
            "པེ་=སྣར་ སྡེ་",
            "90.24%"
        ],
        "6": [
            "པེ་=སྣར་ སྡེ་",
            "90.24%"
        ],
        "7": [
            "པེ་=སྣར་ སྡེ་",
            "90.24%"
        ],
        "8": [
            "པེ་=སྣར་ སྡེ་",
            "90.24%"
        ],
        "9": [
            "པེ་=སྣར་ སྡེ་",
            "90.24%"
        ]
    }
}