﻿{
    "Stats": {
        "Categorised": "2 notes (66.67%)",
        "Notes’ total": 3,
        "Profiles": [
            "པེ་=སྣར་ སྡེ་: 33.33% (1 notes)",
            "པེ་=སྡེ་=སྣར་: 33.33% (1 notes)",
            "པེ་=སྡེ་ སྣར་: 33.33% (1 notes)"
        ],
        "automatic_categorisation": {
            "min_mod": {},
            "particle_issues": {},
            "spelling_mistake": {
                "non_word": {}
            },
            "sskrt": 1,
            "verb_difference": {}
        },
        "dunno": {
            "no_diff": 1
        },
        "empty_notes": 1,
        "manual_categorisation": {
            "long_difference": {},
            "manual_evaluation": {
                "meaning_difference": {}
            }
        },
        "ngram_freq": {},
        "profile": {}
    },
    "automatic_categorisation": {
        "min_mod": {
            "min_mod_groups": [],
            "particle_groups": []
        },
        "particle_issues": {
            "added_particle": [],
            "agreement_issue": [],
            "different_particles": [],
            "other": [],
            "po-bo-pa-ba": []
        },
        "spelling_mistake": {
            "missing_vowel": [],
            "nga_da": [],
            "non_word": {
                "ill_formed": [],
                "well_formed": []
            }
        },
        "sskrt": [
            {
                "1": [
                    {
                        "པེ་": [
                            "སྐད་ དུ །_",
                            "#བན་ ད་",
                            "ན་ #སྟོ་ #ཏྲ་ #ནཱ་ མ ། "
                        ],
                        "སྡེ་": [
                            "སྐད་ དུ །_",
                            "#བན་ ད་",
                            "ན་ #སྟོ་ #ཏྲ་ #ནཱ་ མ ། "
                        ],
                        "སྣར་": [
                            "སྐད་ དུ །_",
                            "#བནྡ་",
                            "ན་ #སྟོ་ #ཏྲ་ #ནཱ་ མ ། "
                        ]
                    }
                ]
            }
        ],
        "verb_difference": {
            "diff_tense": [],
            "diff_verb": [],
            "not_sure": []
        }
    },
    "dunno": {
        "long_diff": [],
        "no_diff": [
            {
                "2": [
                    {
                        "པེ་": [
                            "དང་  །_། སྲིད་ འཁོར་ རྨོངས་",
                            "བྱེད་ འདྲ་བ་",
                            "སྤངས །_། མཆོག་ སྦྱིན་"
                        ],
                        "སྡེ་": [
                            "དང་  །_། སྲིད་ འཁོར་ རྨོངས་",
                            "ཆེན་ དྲ་བ་",
                            "སྤངས །_། མཆོག་ སྦྱིན་"
                        ],
                        "སྣར་": [
                            "དང་  །_། སྲིད་ འཁོར་ རྨོངས་",
                            "བྱེད་ འདྲ་བ་",
                            "སྤངས །_། མཆོག་ སྦྱིན་"
                        ]
                    }
                ]
            }
        ],
        "short_diff": []
    },
    "empty_notes": [
        {
            "3": [
                {
                    "པེ་": [
                        "མཛད་པ་ རྫོགས་ སོ །། ",
                        "",
                        "མཛད་པ་ རྫོགས་ སོ །། "
                    ],
                    "སྡེ་": [
                        "མཛད་པ་ རྫོགས་ སོ །། ",
                        "",
                        "མཛད་པ་ རྫོགས་ སོ །། "
                    ],
                    "སྣར་": [
                        "མཛད་པ་ རྫོགས་ སོ །། ",
                        "",
                        "མཛད་པ་ རྫོགས་ སོ །། "
                    ]
                }
            ]
        }
    ],
    "manual_categorisation": {
        "long_difference": {
            "differing_formulation": [],
            "major_modification": []
        },
        "manual_evaluation": {
            "derge_correct": [],
            "meaning_difference": {
                "great_diff": [],
                "medium_diff": [],
                "small_diff": []
            }
        }
    },
    "ngram_freq": {
        "1": {
            "པེ་": [],
            "སྡེ་": [],
            "སྣར་": [
                [
                    "བནྡ",
                    "10"
                ]
            ]
        },
        "2": {
            "པེ་": [],
            "སྡེ་": [
                [
                    "ཆེན་དྲ་བ",
                    "62"
                ]
            ],
            "སྣར་": []
        },
        "3": {
            "པེ་": [
                [
                    "",
                    "1"
                ],
                [
                    "མཛད་པ",
                    "1162"
                ]
            ],
            "སྡེ་": [
                [
                    "",
                    "1"
                ],
                [
                    "མཛད་པ",
                    "1162"
                ]
            ],
            "སྣར་": [
                [
                    "",
                    "1"
                ],
                [
                    "མཛད་པ",
                    "1162"
                ]
            ]
        }
    },
    "non_standard_notes": [],
    "profile": {
        "1": [
            "པེ་=སྡེ་ སྣར་",
            "33.33%"
        ],
        "2": [
            "པེ་=སྣར་ སྡེ་",
            "33.33%"
        ],
        "3": [
            "པེ་=སྡེ་=སྣར་",
            "33.33%"
        ]
    }
}