﻿{
    "Stats": {
        "Categorised": "17 notes (73.91%)",
        "Notes’ total": 23,
        "Profiles": [
            "པེ་=སྣར་ སྡེ་: 78.26% (18 notes)",
            "པེ་=སྡེ་=སྣར་: 4.35% (1 notes)",
            "པེ་=སྡེ་ སྣར་: 4.35% (1 notes)",
            "པེ་ སྡེ་ སྣར་: 8.70% (2 notes)",
            "པེ་ སྡེ་=སྣར་: 4.35% (1 notes)"
        ],
        "automatic_categorisation": {
            "min_mod": {},
            "particle_issues": {},
            "spelling_mistake": {
                "non_word": {
                    "well_formed": 4
                }
            },
            "sskrt": 3,
            "verb_difference": {
                "diff_tense": 5,
                "diff_verb": 3,
                "not_sure": 1
            }
        },
        "dunno": {
            "no_diff": 5,
            "short_diff": 1
        },
        "empty_notes": 1,
        "manual_categorisation": {
            "long_difference": {},
            "manual_evaluation": {
                "meaning_difference": {}
            }
        },
        "ngram_freq": {},
        "profile": {}
    },
    "automatic_categorisation": {
        "min_mod": {
            "min_mod_groups": [],
            "particle_groups": []
        },
        "particle_issues": {
            "added_particle": [],
            "agreement_issue": [],
            "different_particles": [],
            "other": [],
            "po-bo-pa-ba": []
        },
        "spelling_mistake": {
            "missing_vowel": [],
            "nga_da": [],
            "non_word": {
                "ill_formed": [],
                "well_formed": [
                    {
                        "4": [
                            {
                                "པེ་": [
                                    "སྟོང་  །_། སྣོད་ #བཅུད་",
                                    "ཆུ་ #སྦུར་",
                                    "སྙིང་པོ་ མེད །_། ཆུ་"
                                ],
                                "སྡེ་": [
                                    "སྟོང་  །_། སྣོད་ #བཅུད་",
                                    "ཆུ་ #ལྦུ་",
                                    "སྙིང་པོ་ མེད །_། ཆུ་"
                                ],
                                "སྣར་": [
                                    "སྟོང་  །_། སྣོད་ #བཅུད་",
                                    "ཆུ་བུར་",
                                    "སྙིང་པོ་ མེད །_། ཆུ་"
                                ]
                            }
                        ]
                    },
                    {
                        "9": [
                            {
                                "པེ་": [
                                    "བརྟགས་པ་ ན་ #བུན་ ཆུ་",
                                    "#སྦུར་",
                                    "སྙིང་པོ་ མེད །_།"
                                ],
                                "སྡེ་": [
                                    "བརྟགས་པ་ ན་ #བུན་ ཆུ་",
                                    "#ལྦུ་",
                                    "སྙིང་པོ་ མེད །_།"
                                ],
                                "སྣར་": [
                                    "བརྟགས་པ་ ན་ #བུན་ ཆུ་",
                                    "#སྦུར་",
                                    "སྙིང་པོ་ མེད །_།"
                                ]
                            }
                        ]
                    },
                    {
                        "13": [
                            {
                                "པེ་": [
                                    "ལྟར་ དགྲ་ བུ་ ལན་ ཆགས་",
                                    "#རྙེག",
                                    "།_། སྒེག་ མོ་ གཟུགས་ འཚོང་"
                                ],
                                "སྡེ་": [
                                    "ལྟར་ དགྲ་ བུ་ ལན་ ཆགས་",
                                    "སྙེགས",
                                    "།_། སྒེག་ མོ་ གཟུགས་ འཚོང་"
                                ],
                                "སྣར་": [
                                    "ལྟར་ དགྲ་ བུ་ ལན་ ཆགས་",
                                    "རྙེད",
                                    "།_། སྒེག་ མོ་ གཟུགས་ འཚོང་"
                                ]
                            }
                        ]
                    },
                    {
                        "18": [
                            {
                                "པེ་": [
                                    "རྟག་ དོན་ མཐོང་ སྒྱུ་མ འི་",
                                    "#གྲོས",
                                    "།_། སྒྱུ་མ་ བདེན་ བྲལ་"
                                ],
                                "སྡེ་": [
                                    "རྟག་ དོན་ མཐོང་ སྒྱུ་མ འི་",
                                    "འགྲོ ས",
                                    "།_། སྒྱུ་མ་ བདེན་ བྲལ་"
                                ],
                                "སྣར་": [
                                    "རྟག་ དོན་ མཐོང་ སྒྱུ་མ འི་",
                                    "འགྲོ ས",
                                    "།_། སྒྱུ་མ་ བདེན་ བྲལ་"
                                ]
                            }
                        ]
                    }
                ]
            }
        },
        "sskrt": [
            {
                "1": [
                    {
                        "པེ་": [
                            "ག ར་ སྐད་ དུ །_",
                            "#རཏྣཱ་ སུ་",
                            "#ཀོ་ #ཥ་ #ནཱ་ མ ། "
                        ],
                        "སྡེ་": [
                            "ག ར་ སྐད་ དུ །_",
                            "#རཏྣ་ ཨ་ #སཱུ་",
                            "#ཀོ་ #ཥ་ #ནཱ་ མ ། "
                        ],
                        "སྣར་": [
                            "ག ར་ སྐད་ དུ །_",
                            "#རཏྣཱ་ སུ་",
                            "#ཀོ་ #ཥ་ #ནཱ་ མ ། "
                        ]
                    }
                ]
            },
            {
                "21": [
                    {
                        "པེ་": [
                            "ན་ ཀ་ #བརྨ་ དང་  །_",
                            "ལོ་ཙཱ་བ་",
                            "#སུརྱཀཱིརྟིས་ ལྷ་ ས་ ར་"
                        ],
                        "སྡེ་": [
                            "ན་ ཀ་ #བརྨ་ དང་  །_",
                            "#ལོཙྪ་བ་",
                            "#སུརྱཀཱིརྟིས་ ལྷ་ ས་ ར་"
                        ],
                        "སྣར་": [
                            "ན་ ཀ་ #བརྨ་ དང་  །_",
                            "ལོ་ཙཱ་བ་",
                            "#སུརྱཀཱིརྟིས་ ལྷ་ ས་ ར་"
                        ]
                    }
                ]
            },
            {
                "22": [
                    {
                        "པེ་": [
                            "དང་  །_ #ལོཙྪ་བ་ #སུརྱ་",
                            "#ཀིརྟིས་",
                            "ལྷ་ ས་ ར་ མོ་ ཆེ ར་"
                        ],
                        "སྡེ་": [
                            "དང་  །_ #ལོཙྪ་བ་ #སུརྱ་",
                            "#ཀཱིརྟིས་",
                            "ལྷ་ ས་ ར་ མོ་ ཆེ ར་"
                        ],
                        "སྣར་": [
                            "དང་  །_ #ལོཙྪ་བ་ #སུརྱ་",
                            "#ཀིརྟིས་",
                            "ལྷ་ ས་ ར་ མོ་ ཆེ ར་"
                        ]
                    }
                ]
            }
        ],
        "verb_difference": {
            "diff_tense": [
                {
                    "3": [
                        [
                            "《བྱུང》ཞེས་པ།【〈འབྱུང〉གི་ འདས་པ། ཐ་མི་དད་པ།】",
                            "《འབྱུང》ཞེས་པ།【〈འབྱུང〉གི་ ད་ལྟ་བ། ཐ་མི་དད་པ།】【〈འབྱུང〉གི་ མ་འོངས་པ། ཐ་མི་དད་པ།】"
                        ],
                        {
                            "པེ་": [
                                "།_། ཆུ་ ལས་ མེ་",
                                "འབྱུང་",
                                "ངེས་ མེད་ སྟོང་  །_། སྣོད་"
                            ],
                            "སྡེ་": [
                                "།_། ཆུ་ ལས་ མེ་",
                                "བྱུང་",
                                "ངེས་ མེད་ སྟོང་  །_། སྣོད་"
                            ],
                            "སྣར་": [
                                "།_། ཆུ་ ལས་ མེ་",
                                "འབྱུང་",
                                "ངེས་ མེད་ སྟོང་  །_། སྣོད་"
                            ]
                        }
                    ]
                },
                {
                    "10": [
                        [
                            "《སླུ》ཞེས་པ།【〈སླུ〉གི་ ད་ལྟ་བ། ཐ་དད་པ།】",
                            "《བསླུ》ཞེས་པ།【〈སླུ〉གི་ མ་འོངས་པ། ཐ་དད་པ།】"
                        ],
                        {
                            "པེ་": [
                                " །_། མི་རྟག་ མི་ བརྟན་",
                                "བསླུ་",
                                "བྱེད་ སྒྱུ་མ འི་ གཟུགས །_། "
                            ],
                            "སྡེ་": [
                                " །_། མི་རྟག་ མི་ བརྟན་",
                                "སླུ་",
                                "བྱེད་ སྒྱུ་མ འི་ གཟུགས །_། "
                            ],
                            "སྣར་": [
                                " །_། མི་རྟག་ མི་ བརྟན་",
                                "བསླུ་",
                                "བྱེད་ སྒྱུ་མ འི་ གཟུགས །_། "
                            ]
                        }
                    ]
                },
                {
                    "12": [
                        [
                            "《སླུ》ཞེས་པ།【〈སླུ〉གི་ ད་ལྟ་བ། ཐ་དད་པ།】",
                            "《བསླུ》ཞེས་པ།【〈སླུ〉གི་ མ་འོངས་པ། ཐ་དད་པ།】"
                        ],
                        {
                            "པེ་": [
                                " ། གང་ ཡང་ མི་རྟག་",
                                "བསླུ་",
                                "ཕྱིར་ སྙིང་པོ་ མེད །_། "
                            ],
                            "སྡེ་": [
                                " ། གང་ ཡང་ མི་རྟག་",
                                "སླུ་",
                                "ཕྱིར་ སྙིང་པོ་ མེད །_། "
                            ],
                            "སྣར་": [
                                " ། གང་ ཡང་ མི་རྟག་",
                                "བསླུ་",
                                "ཕྱིར་ སྙིང་པོ་ མེད །_། "
                            ]
                        }
                    ]
                },
                {
                    "16": [
                        [
                            "《སླུ》ཞེས་པ།【〈སླུ〉གི་ ད་ལྟ་བ། ཐ་དད་པ།】",
                            "《བསླུ》ཞེས་པ།【〈སླུ〉གི་ མ་འོངས་པ། ཐ་དད་པ།】"
                        ],
                        {
                            "པེ་": [
                                "རྟག་ འགྱུར །_། ཚེ་ འདི་",
                                "བསླུ་",
                                "བྱེད་ ཕྱི་མ་ བདེ་ དང་"
                            ],
                            "སྡེ་": [
                                "རྟག་ འགྱུར །_། ཚེ་ འདི་",
                                "སླུ་",
                                "བྱེད་ ཕྱི་མ་ བདེ་ དང་"
                            ],
                            "སྣར་": [
                                "རྟག་ འགྱུར །_། ཚེ་ འདི་",
                                "བསླུ་",
                                "བྱེད་ ཕྱི་མ་ བདེ་ དང་"
                            ]
                        }
                    ]
                },
                {
                    "19": [
                        [
                            "《བསྒྲུབ》ཞེས་པ།【〈སྒྲུབ〉གི་ མ་འོངས་པ།】【〈སྒྲུབ〉གི་ མ་འོངས་པ། ཐ་དད་པ།】",
                            "《སྒྲུབ》ཞེས་པ།【〈སྒྲུབ〉གི་ ད་ལྟ་བ།】【〈སྒྲུབ〉གི་ ད་ལྟ་བ། ཐ་དད་པ།】"
                        ],
                        {
                            "པེ་": [
                                "མཛོད །_། བདག་ གཞན་ དོན་",
                                "བསྒྲུབ་",
                                "རྟོག་ མེད་ དོན་ མཐོང་ ཤོག"
                            ],
                            "སྡེ་": [
                                "མཛོད །_། བདག་ གཞན་ དོན་",
                                "སྒྲུབ་",
                                "རྟོག་ མེད་ དོན་ མཐོང་ ཤོག"
                            ],
                            "སྣར་": [
                                "མཛོད །_། བདག་ གཞན་ དོན་",
                                "བསྒྲུབ་",
                                "རྟོག་ མེད་ དོན་ མཐོང་ ཤོག"
                            ]
                        }
                    ]
                }
            ],
            "diff_verb": [
                {
                    "2": [
                        [
                            "《གཟུང》ཞེས་པ།【〈འཛིན〉གི་ མ་འོངས་པ།】【〈འཛིན〉གི་ མ་འོངས་པ། ཐ་དད་པ།】",
                            "《གཟུགས》ཞེས་པ།【〈འཛུགས〉གི་ མ་འོངས་པ།】【〈འཛུགས〉གི་ མ་འོངས་པ། ཐ་དད་པ།】"
                        ],
                        {
                            "པེ་": [
                                "ཉིད་ ཆོས་ སྐུ འི་ སྤྱན །_།",
                                "གཟུང་",
                                "འཛིན་ ཆགས་ བྲལ་ རྒྱ་མཚོ འི་"
                            ],
                            "སྡེ་": [
                                "ཉིད་ ཆོས་ སྐུ འི་ སྤྱན །_།",
                                "གཟུགས་",
                                "འཛིན་ ཆགས་ བྲལ་ རྒྱ་མཚོ འི་"
                            ],
                            "སྣར་": [
                                "ཉིད་ ཆོས་ སྐུ འི་ སྤྱན །_།",
                                "གཟུང་",
                                "འཛིན་ ཆགས་ བྲལ་ རྒྱ་མཚོ འི་"
                            ]
                        }
                    ]
                },
                {
                    "8": [
                        [
                            "《བརྟགས》ཞེས་པ།【〈རྟོག〉གི་ འདས་པ། ཐ་དད་པ།】",
                            "《བཏགས》ཞེས་པ།【〈བཏག〉གི་ འདས་པ། ཐ་དད་པ།】【〈འཐག〉གི་ འདས་པ།】【〈འཐག〉གི་ འདས་པ། ཐ་དད་པ།】【〈འདོགས〉གི་ འདས་པ།】【〈འདོགས〉གི་ འདས་པ། ཐ་དད་པ།】"
                        ],
                        {
                            "པེ་": [
                                "རྒྱུ་ བདེན་ དང་ བྲལ །_།",
                                "བཏགས་པ་",
                                "ན་ #བུན་ ཆུ་"
                            ],
                            "སྡེ་": [
                                "རྒྱུ་ བདེན་ དང་ བྲལ །_།",
                                "བརྟགས་པ་",
                                "ན་ #བུན་ ཆུ་"
                            ],
                            "སྣར་": [
                                "རྒྱུ་ བདེན་ དང་ བྲལ །_།",
                                "བཏགས་པ་",
                                "ན་ #བུན་ ཆུ་"
                            ]
                        }
                    ]
                },
                {
                    "14": [
                        [
                            "《བཟོ》ཞེས་པ།【〈བཟོས〉གི་ ད་ལྟ་བ། ཐ་དད་པ།】【〈བཟོས〉གི་ མ་འོངས་པ། ཐ་དད་པ།】【〈བཟོ〉གི་ ད་ལྟ་བ། ཐ་དད་པ།】【〈བཟོ〉གི་ མ་འོངས་པ། ཐ་དད་པ།】",
                            "《གཟོ》ཞེས་པ།【〈གཟོས〉གི་ ད་ལྟ་བ། ཐ་དད་པ།】【〈གཟོས〉གི་ མ་འོངས་པ། ཐ་དད་པ།】【〈གཟོ〉གི་ ད་ལྟ་བ། ཐ་དད་པ།】【〈གཟོ〉གི་ མ་འོངས་པ། ཐ་དད་པ།】"
                        ],
                        {
                            "པེ་": [
                                "འཚོང་ བྱས་པ་ དྲིན་ མི་",
                                "བཟོ",
                                "།_། འདོད་པ་ ལན་"
                            ],
                            "སྡེ་": [
                                "འཚོང་ བྱས་པ་ དྲིན་ མི་",
                                "གཟོ",
                                "།_། འདོད་པ་ ལན་"
                            ],
                            "སྣར་": [
                                "འཚོང་ བྱས་པ་ དྲིན་ མི་",
                                "བཟོ",
                                "།_། འདོད་པ་ ལན་"
                            ]
                        }
                    ]
                }
            ],
            "not_sure": [
                {
                    "11": [
                        [
                            "《འཇིག》ཞེས་པ།【〈འཇིག〉གི་ ད་ལྟ་བ། ཐ་དད་པ།】【〈འཇིག〉གི་ ད་ལྟ་བ། ཐ་མི་དད་པ།】【〈འཇིག〉གི་ མ་འོངས་པ། ཐ་མི་དད་པ།】",
                            "《འཇིགས》ཞེས་པ།【】"
                        ],
                        {
                            "པེ་": [
                                "འོང་ ལྷ་ གནས་ དཔལ་ ལྡན་",
                                "འཇིགས་",
                                "དང་ བཅས །_། མཚན་ མོ་"
                            ],
                            "སྡེ་": [
                                "འོང་ ལྷ་ གནས་ དཔལ་ ལྡན་",
                                "འཇིག་",
                                "དང་ བཅས །_། མཚན་ མོ་"
                            ],
                            "སྣར་": [
                                "འོང་ ལྷ་ གནས་ དཔལ་ ལྡན་",
                                "འཇིགས་",
                                "དང་ བཅས །_། མཚན་ མོ་"
                            ]
                        }
                    ]
                }
            ]
        }
    },
    "dunno": {
        "long_diff": [],
        "no_diff": [
            {
                "5": [
                    {
                        "པེ་": [
                            "བྲལ །_། མཚན་ གཞི་",
                            "མོ་ བཤམ་",
                            "མཚན་ཉིད་ ནི །_། ཡི་"
                        ],
                        "སྡེ་": [
                            "བྲལ །_། མཚན་ གཞི་",
                            "མོ་གཤམ་",
                            "མཚན་ཉིད་ ནི །_། ཡི་"
                        ],
                        "སྣར་": [
                            "བྲལ །_། མཚན་ གཞི་",
                            "མོ་ བཤམ་",
                            "མཚན་ཉིད་ ནི །_། ཡི་"
                        ]
                    }
                ]
            },
            {
                "6": [
                    {
                        "པེ་": [
                            "འདས་ སྟོང་  །_། སྒྱུ་མ་",
                            "བསལ་",
                            "སྟོང་ བརྗོད་ མེད་ ཀྱི །_། "
                        ],
                        "སྡེ་": [
                            "འདས་ སྟོང་  །_། སྒྱུ་མ་",
                            "གསལ་",
                            "སྟོང་ བརྗོད་ མེད་ ཀྱི །_། "
                        ],
                        "སྣར་": [
                            "འདས་ སྟོང་  །_། སྒྱུ་མ་",
                            "བསལ་",
                            "སྟོང་ བརྗོད་ མེད་ ཀྱི །_། "
                        ]
                    }
                ]
            },
            {
                "7": [
                    {
                        "པེ་": [
                            "ཕྱིར །_། ཆོས་ རྣམས་ སྣང་",
                            "སེམས་",
                            "སྟོང་པ་ཉིད །_། སྟོང་"
                        ],
                        "སྡེ་": [
                            "ཕྱིར །_། ཆོས་ རྣམས་ སྣང་",
                            "མེད་",
                            "སྟོང་པ་ཉིད །_། སྟོང་"
                        ],
                        "སྣར་": [
                            "ཕྱིར །_། ཆོས་ རྣམས་ སྣང་",
                            "སེམས་",
                            "སྟོང་པ་ཉིད །_། སྟོང་"
                        ]
                    }
                ]
            },
            {
                "15": [
                    {
                        "པེ་": [
                            "པ་ ལན་ #ཚྭའི་ ཆུ་ འཐུང་",
                            "སྲེད་",
                            "མི་ ལྡོག _། རྔོན་པ འི་"
                        ],
                        "སྡེ་": [
                            "པ་ ལན་ #ཚྭའི་ ཆུ་ འཐུང་",
                            "སྲིད་",
                            "མི་ ལྡོག _། རྔོན་པ འི་"
                        ],
                        "སྣར་": [
                            "པ་ ལན་ #ཚྭའི་ ཆུ་ འཐུང་",
                            "སྲེད་",
                            "མི་ ལྡོག _། རྔོན་པ འི་"
                        ]
                    }
                ]
            },
            {
                "20": [
                    {
                        "པེ་": [
                            "གྱི་ མཁན་པོ་ ཀ་ ན་",
                            "ག་",
                            "#བརྨ་ དང་  །_ #ལོཙྪ(་"
                        ],
                        "སྡེ་": [
                            "གྱི་ མཁན་པོ་ ཀ་ ན་",
                            "ཀ་",
                            "#བརྨ་ དང་  །_ #ལོཙྪ(་"
                        ],
                        "སྣར་": [
                            "གྱི་ མཁན་པོ་ ཀ་ ན་",
                            "ག་",
                            "#བརྨ་ དང་  །_ #ལོཙྪ(་"
                        ]
                    }
                ]
            }
        ],
        "short_diff": [
            {
                "17": [
                    {
                        "པེ་": [
                            "བཞིན་ བླ་མ་ སངས་རྒྱས་",
                            "གསུངས",
                            "།_། ཉམས་ ལེན་ མི་རྟག་"
                        ],
                        "སྡེ་": [
                            "བཞིན་ བླ་མ་ སངས་རྒྱས་",
                            "གསུངས",
                            "།_། ཉམས་ ལེན་ མི་རྟག་"
                        ],
                        "སྣར་": [
                            "བཞིན་ བླ་མ་ སངས་རྒྱས་",
                            "གསུང་ ",
                            "།_། ཉམས་ ལེན་ མི་རྟག་"
                        ]
                    }
                ]
            }
        ]
    },
    "empty_notes": [
        {
            "23": [
                {
                    "པེ་": [
                        "མོ་ ཆེ ར་ བསྒྱུར་བ འོ །།_།། ",
                        "",
                        "མོ་ ཆེ ར་ བསྒྱུར་བ འོ །།_།། "
                    ],
                    "སྡེ་": [
                        "མོ་ ཆེ ར་ བསྒྱུར་བ འོ །།_།། ",
                        "",
                        "མོ་ ཆེ ར་ བསྒྱུར་བ འོ །།_།། "
                    ],
                    "སྣར་": [
                        "མོ་ ཆེ ར་ བསྒྱུར་བ འོ །།_།། ",
                        "",
                        "མོ་ ཆེ ར་ བསྒྱུར་བ འོ །།_།། "
                    ]
                }
            ]
        }
    ],
    "manual_categorisation": {
        "long_difference": {
            "differing_formulation": [],
            "major_modification": []
        },
        "manual_evaluation": {
            "derge_correct": [],
            "meaning_difference": {
                "great_diff": [],
                "medium_diff": [],
                "small_diff": []
            }
        }
    },
    "ngram_freq": {
        "1": {
            "པེ་": [],
            "སྡེ་": [],
            "སྣར་": []
        },
        "10": {
            "པེ་": [
                [
                    "བསླུ",
                    "9"
                ]
            ],
            "སྡེ་": [
                [
                    "སླུ",
                    "11"
                ]
            ],
            "སྣར་": [
                [
                    "བསླུ",
                    "9"
                ]
            ]
        },
        "11": {
            "པེ་": [
                [
                    "འཇིགས",
                    "153"
                ],
                [
                    "འཇིགས་དང",
                    "93"
                ]
            ],
            "སྡེ་": [
                [
                    "འཇིག",
                    "226"
                ],
                [
                    "འཇིག་དང",
                    "58"
                ],
                [
                    "ལྡན་འཇིག",
                    "47"
                ]
            ],
            "སྣར་": [
                [
                    "འཇིགས",
                    "153"
                ],
                [
                    "འཇིགས་དང",
                    "93"
                ]
            ]
        },
        "12": {
            "པེ་": [
                [
                    "བསླུ",
                    "9"
                ]
            ],
            "སྡེ་": [
                [
                    "སླུ",
                    "11"
                ]
            ],
            "སྣར་": [
                [
                    "བསླུ",
                    "9"
                ]
            ]
        },
        "13": {
            "པེ་": [],
            "སྡེ་": [
                [
                    "སྙེགས",
                    "1"
                ]
            ],
            "སྣར་": [
                [
                    "རྙེད",
                    "309"
                ],
                [
                    "རྙེད།_།",
                    "221"
                ]
            ]
        },
        "14": {
            "པེ་": [
                [
                    "བཟོ",
                    "4"
                ]
            ],
            "སྡེ་": [
                [
                    "གཟོ",
                    "21"
                ],
                [
                    "མི་གཟོ",
                    "171"
                ]
            ],
            "སྣར་": [
                [
                    "བཟོ",
                    "4"
                ]
            ]
        },
        "15": {
            "པེ་": [
                [
                    "སྲེད",
                    "32"
                ]
            ],
            "སྡེ་": [
                [
                    "སྲིད",
                    "188"
                ]
            ],
            "སྣར་": [
                [
                    "སྲེད",
                    "32"
                ]
            ]
        },
        "16": {
            "པེ་": [
                [
                    "བསླུ",
                    "9"
                ]
            ],
            "སྡེ་": [
                [
                    "སླུ",
                    "11"
                ]
            ],
            "སྣར་": [
                [
                    "བསླུ",
                    "9"
                ]
            ]
        },
        "17": {
            "པེ་": [
                [
                    "གསུངས",
                    "2338"
                ],
                [
                    "གསུངས།_།",
                    "2092"
                ]
            ],
            "སྡེ་": [
                [
                    "གསུངས",
                    "2338"
                ],
                [
                    "གསུངས།_།",
                    "2092"
                ]
            ],
            "སྣར་": [
                [
                    "གསུང",
                    "16"
                ],
                [
                    "གསུང་།_།",
                    "277"
                ],
                [
                    "སངས་རྒྱས་གསུང",
                    "92"
                ]
            ]
        },
        "18": {
            "པེ་": [
                [
                    "གྲོས",
                    "16"
                ]
            ],
            "སྡེ་": [
                [
                    "འགྲོས",
                    "26"
                ]
            ],
            "སྣར་": [
                [
                    "འགྲོས",
                    "26"
                ]
            ]
        },
        "19": {
            "པེ་": [
                [
                    "བསྒྲུབ",
                    "271"
                ],
                [
                    "དོན་བསྒྲུབ",
                    "51"
                ]
            ],
            "སྡེ་": [
                [
                    "སྒྲུབ",
                    "176"
                ],
                [
                    "དོན་སྒྲུབ",
                    "88"
                ]
            ],
            "སྣར་": [
                [
                    "བསྒྲུབ",
                    "271"
                ],
                [
                    "དོན་བསྒྲུབ",
                    "51"
                ]
            ]
        },
        "2": {
            "པེ་": [
                [
                    "གཟུང",
                    "5"
                ],
                [
                    "།_།གཟུང",
                    "286"
                ],
                [
                    "གཟུང་འཛིན",
                    "122"
                ],
                [
                    "།_།གཟུང་འཛིན",
                    "69"
                ]
            ],
            "སྡེ་": [
                [
                    "གཟུགས",
                    "768"
                ],
                [
                    "།_།གཟུགས",
                    "3586"
                ],
                [
                    "གཟུགས་འཛིན",
                    "107"
                ]
            ],
            "སྣར་": [
                [
                    "གཟུང",
                    "5"
                ],
                [
                    "།_།གཟུང",
                    "286"
                ],
                [
                    "གཟུང་འཛིན",
                    "122"
                ],
                [
                    "།_།གཟུང་འཛིན",
                    "69"
                ]
            ]
        },
        "20": {
            "པེ་": [
                [
                    "ག",
                    "330"
                ],
                [
                    "ན་ག",
                    "95"
                ]
            ],
            "སྡེ་": [
                [
                    "ཀ",
                    "951"
                ],
                [
                    "ན་ཀ",
                    "329"
                ]
            ],
            "སྣར་": [
                [
                    "ག",
                    "330"
                ],
                [
                    "ན་ག",
                    "95"
                ]
            ]
        },
        "21": {
            "པེ་": [
                [
                    "ལོ་ཙཱ་བ",
                    "58"
                ]
            ],
            "སྡེ་": [
                [
                    "ལོཙྪ་བ",
                    "236"
                ],
                [
                    "།_ལོཙྪ་བ",
                    "49"
                ]
            ],
            "སྣར་": [
                [
                    "ལོ་ཙཱ་བ",
                    "58"
                ]
            ]
        },
        "22": {
            "པེ་": [],
            "སྡེ་": [
                [
                    "ཀཱིརྟིས",
                    "1"
                ]
            ],
            "སྣར་": []
        },
        "23": {
            "པེ་": [
                [
                    "",
                    "1"
                ],
                [
                    "མོ",
                    "5857"
                ],
                [
                    "མོ་ཆེ",
                    "93"
                ]
            ],
            "སྡེ་": [
                [
                    "",
                    "1"
                ],
                [
                    "མོ",
                    "5857"
                ],
                [
                    "མོ་ཆེ",
                    "93"
                ]
            ],
            "སྣར་": [
                [
                    "",
                    "1"
                ],
                [
                    "མོ",
                    "5857"
                ],
                [
                    "མོ་ཆེ",
                    "93"
                ]
            ]
        },
        "3": {
            "པེ་": [
                [
                    "འབྱུང",
                    "42"
                ],
                [
                    "མེ་འབྱུང",
                    "68"
                ]
            ],
            "སྡེ་": [
                [
                    "བྱུང",
                    "27"
                ],
                [
                    "མེ་བྱུང",
                    "44"
                ]
            ],
            "སྣར་": [
                [
                    "འབྱུང",
                    "42"
                ],
                [
                    "མེ་འབྱུང",
                    "68"
                ]
            ]
        },
        "4": {
            "པེ་": [],
            "སྡེ་": [],
            "སྣར་": [
                [
                    "ཆུ་བུར",
                    "293"
                ]
            ]
        },
        "5": {
            "པེ་": [],
            "སྡེ་": [],
            "སྣར་": []
        },
        "6": {
            "པེ་": [
                [
                    "བསལ",
                    "105"
                ]
            ],
            "སྡེ་": [
                [
                    "གསལ",
                    "509"
                ]
            ],
            "སྣར་": [
                [
                    "བསལ",
                    "105"
                ]
            ]
        },
        "7": {
            "པེ་": [
                [
                    "སེམས",
                    "4229"
                ]
            ],
            "སྡེ་": [
                [
                    "མེད",
                    "12565"
                ],
                [
                    "སྣང་མེད",
                    "62"
                ]
            ],
            "སྣར་": [
                [
                    "སེམས",
                    "4229"
                ]
            ]
        },
        "8": {
            "པེ་": [
                [
                    "བཏགས་པ",
                    "86"
                ],
                [
                    "།_།བཏགས་པ",
                    "136"
                ]
            ],
            "སྡེ་": [
                [
                    "བརྟགས་པ",
                    "157"
                ],
                [
                    "།_།བརྟགས་པ",
                    "40"
                ]
            ],
            "སྣར་": [
                [
                    "བཏགས་པ",
                    "86"
                ],
                [
                    "།_།བཏགས་པ",
                    "136"
                ]
            ]
        },
        "9": {
            "པེ་": [
                [
                    "སྦུར",
                    "110"
                ]
            ],
            "སྡེ་": [
                [
                    "ལྦུ",
                    "51"
                ]
            ],
            "སྣར་": [
                [
                    "སྦུར",
                    "110"
                ]
            ]
        }
    },
    "non_standard_notes": [],
    "profile": {
        "1": [
            "པེ་=སྣར་ སྡེ་",
            "78.26%"
        ],
        "10": [
            "པེ་=སྣར་ སྡེ་",
            "78.26%"
        ],
        "11": [
            "པེ་=སྣར་ སྡེ་",
            "78.26%"
        ],
        "12": [
            "པེ་=སྣར་ སྡེ་",
            "78.26%"
        ],
        "13": [
            "པེ་ སྡེ་ སྣར་",
            "8.70%"
        ],
        "14": [
            "པེ་=སྣར་ སྡེ་",
            "78.26%"
        ],
        "15": [
            "པེ་=སྣར་ སྡེ་",
            "78.26%"
        ],
        "16": [
            "པེ་=སྣར་ སྡེ་",
            "78.26%"
        ],
        "17": [
            "པེ་=སྡེ་ སྣར་",
            "4.35%"
        ],
        "18": [
            "པེ་ སྡེ་=སྣར་",
            "4.35%"
        ],
        "19": [
            "པེ་=སྣར་ སྡེ་",
            "78.26%"
        ],
        "2": [
            "པེ་=སྣར་ སྡེ་",
            "78.26%"
        ],
        "20": [
            "པེ་=སྣར་ སྡེ་",
            "78.26%"
        ],
        "21": [
            "པེ་=སྣར་ སྡེ་",
            "78.26%"
        ],
        "22": [
            "པེ་=སྣར་ སྡེ་",
            "78.26%"
        ],
        "23": [
            "པེ་=སྡེ་=སྣར་",
            "4.35%"
        ],
        "3": [
            "པེ་=སྣར་ སྡེ་",
            "78.26%"
        ],
        "4": [
            "པེ་ སྡེ་ སྣར་",
            "8.70%"
        ],
        "5": [
            "པེ་=སྣར་ སྡེ་",
            "78.26%"
        ],
        "6": [
            "པེ་=སྣར་ སྡེ་",
            "78.26%"
        ],
        "7": [
            "པེ་=སྣར་ སྡེ་",
            "78.26%"
        ],
        "8": [
            "པེ་=སྣར་ སྡེ་",
            "78.26%"
        ],
        "9": [
            "པེ་=སྣར་ སྡེ་",
            "78.26%"
        ]
    }
}