﻿{
    "Stats": {
        "Categorised": "7 notes (87.50%)",
        "Notes’ total": 8,
        "Profiles": [
            "པེ་=སྣར་ སྡེ་: 62.50% (5 notes)",
            "པེ་=སྡེ་=སྣར་: 12.50% (1 notes)",
            "པེ་=སྡེ་ སྣར་: 12.50% (1 notes)",
            "པེ་ སྡེ་=སྣར་: 12.50% (1 notes)"
        ],
        "automatic_categorisation": {
            "min_mod": {
                "particle_groups": 2
            },
            "particle_issues": {},
            "spelling_mistake": {
                "non_word": {}
            },
            "sskrt": 1,
            "verb_difference": {
                "diff_tense": 1,
                "diff_verb": 2
            }
        },
        "dunno": {
            "no_diff": 1
        },
        "empty_notes": 1,
        "manual_categorisation": {
            "long_difference": {},
            "manual_evaluation": {
                "meaning_difference": {}
            }
        },
        "ngram_freq": {},
        "profile": {}
    },
    "automatic_categorisation": {
        "min_mod": {
            "min_mod_groups": [],
            "particle_groups": [
                {
                    "3": [
                        [
                            "dreldra",
                            "jedra"
                        ],
                        {
                            "པེ་": [
                                "མ་ མཆིས་པ ར །_། ཁྱོད་",
                                "ཀྱི་",
                                "གསུང་ ཆེན་ སྤྱོད་པ་ ལགས"
                            ],
                            "སྡེ་": [
                                "མ་ མཆིས་པ ར །_། ཁྱོད་",
                                "ཀྱིས་",
                                "གསུང་ ཆེན་ སྤྱོད་པ་ ལགས"
                            ],
                            "སྣར་": [
                                "མ་ མཆིས་པ ར །_། ཁྱོད་",
                                "ཀྱི་",
                                "གསུང་ ཆེན་ སྤྱོད་པ་ ལགས"
                            ]
                        }
                    ]
                },
                {
                    "7": [
                        [
                            "dreldra",
                            "jedra"
                        ],
                        {
                            "པེ་": [
                                "ཁྱོད་ བསྟོད་པ འི །_། བདག་",
                                "གི་",
                                ""
                            ],
                            "སྡེ་": [
                                "ཁྱོད་ བསྟོད་པ འི །_། བདག་",
                                "གིས་",
                                ""
                            ],
                            "སྣར་": [
                                "ཁྱོད་ བསྟོད་པ འི །_། བདག་",
                                "གི་",
                                ""
                            ]
                        }
                    ]
                }
            ]
        },
        "particle_issues": {
            "added_particle": [],
            "agreement_issue": [],
            "different_particles": [],
            "other": [],
            "po-bo-pa-ba": []
        },
        "spelling_mistake": {
            "missing_vowel": [],
            "nga_da": [],
            "non_word": {
                "ill_formed": [],
                "well_formed": []
            }
        },
        "sskrt": [
            {
                "1": [
                    {
                        "པེ་": [
                            " །_ རུ་ #ཏ་ སྟི་",
                            "#སྟ་བ",
                            "_། བོད་ སྐད་ དུ ། "
                        ],
                        "སྡེ་": [
                            " །_ རུ་ #ཏ་ སྟི་",
                            "#སྟ་ #བཾ",
                            "_། བོད་ སྐད་ དུ ། "
                        ],
                        "སྣར་": [
                            " །_ རུ་ #ཏ་ སྟི་",
                            "#སྟ་བ",
                            "_། བོད་ སྐད་ དུ ། "
                        ]
                    }
                ]
            }
        ],
        "verb_difference": {
            "diff_tense": [
                {
                    "2": [
                        [
                            "《བགྱིད》ཞེས་པ།【〈བགྱིད〉གི་ ད་ལྟ་བ། ཐ་དད་པ།】",
                            "《བགྱི》ཞེས་པ།【〈བགྱིད〉གི་ མ་འོངས་པ། ཐ་དད་པ།】"
                        ],
                        {
                            "པེ་": [
                                "གིས་ བསྟོད་ འདས་ བསྟོད་པ ར་",
                                "བགྱིད",
                                "_།། བདག་ དང་ གཞན་ དང་"
                            ],
                            "སྡེ་": [
                                "གིས་ བསྟོད་ འདས་ བསྟོད་པ ར་",
                                "བགྱི",
                                "_།། བདག་ དང་ གཞན་ དང་"
                            ],
                            "སྣར་": [
                                "གིས་ བསྟོད་ འདས་ བསྟོད་པ ར་",
                                "བགྱི",
                                "_།། བདག་ དང་ གཞན་ དང་"
                            ]
                        }
                    ]
                }
            ],
            "diff_verb": [
                {
                    "4": [
                        [
                            "《རྟེན》ཞེས་པ།【〈བརྟེན〉གི་ ད་ལྟ་བ། ཐ་དད་པ།】【〈བརྟེན〉གི་ སྐུལ་ཚིག ཐ་དད་པ།】【〈རྟེན〉གི་ ད་ལྟ་བ། ཐ་མི་དད་པ།】【〈རྟེན〉གི་ སྐུལ་ཚིག ཐ་མི་དད་པ།】",
                            "《བསྟེན》ཞེས་པ།【〈བསྟེན〉གི་ མ་འོངས་པ། ཐ་དད་པ།】【〈བསྟེན〉གི་ འདས་པ། ཐ་དད་པ།】【〈སྟེན〉གི་ མ་འོངས་པ།】【〈སྟེན〉གི་ མ་འོངས་པ། ཐ་དད་པ།】【〈སྟེན〉གི་ འདས་པ།】【〈སྟེན〉གི་ འདས་པ། ཐ་དད་པ།】"
                        ],
                        {
                            "པེ་": [
                                "ལྟ་བ འི་ ལམ་ ངན་ མི་",
                                "བསྟེན་",
                                "ལྟར །_། ཁྱོད་ ལ་ བརྟེན་"
                            ],
                            "སྡེ་": [
                                "ལྟ་བ འི་ ལམ་ ངན་ མི་",
                                "རྟེན་",
                                "ལྟར །_། ཁྱོད་ ལ་ བརྟེན་"
                            ],
                            "སྣར་": [
                                "ལྟ་བ འི་ ལམ་ ངན་ མི་",
                                "བསྟེན་",
                                "ལྟར །_། ཁྱོད་ ལ་ བརྟེན་"
                            ]
                        }
                    ]
                },
                {
                    "5": [
                        [
                            "《རྟེན》ཞེས་པ།【〈བརྟེན〉གི་ ད་ལྟ་བ། ཐ་དད་པ།】【〈བརྟེན〉གི་ སྐུལ་ཚིག ཐ་དད་པ།】【〈རྟེན〉གི་ ད་ལྟ་བ། ཐ་མི་དད་པ།】【〈རྟེན〉གི་ སྐུལ་ཚིག ཐ་མི་དད་པ།】",
                            "《བརྟེན》ཞེས་པ།【〈བརྟེན〉གི་ མ་འོངས་པ། ཐ་དད་པ།】【〈བརྟེན〉གི་ འདས་པ། ཐ་དད་པ།】【〈རྟེན〉གི་ མ་འོངས་པ། ཐ་མི་དད་པ།】【〈རྟེན〉གི་ འདས་པ། ཐ་མི་དད་པ།】"
                        ],
                        {
                            "པེ་": [
                                " །_། མེད་པ་ ཉིད་ ལ འང་",
                                "བརྟེན་",
                                "མ་ ལགས །_། ཁྱོད་ ཀྱིས་"
                            ],
                            "སྡེ་": [
                                " །_། མེད་པ་ ཉིད་ ལ འང་",
                                "རྟེན་",
                                "མ་ ལགས །_། ཁྱོད་ ཀྱིས་"
                            ],
                            "སྣར་": [
                                " །_། མེད་པ་ ཉིད་ ལ འང་",
                                "བརྟེན་",
                                "མ་ ལགས །_། ཁྱོད་ ཀྱིས་"
                            ]
                        }
                    ]
                }
            ],
            "not_sure": []
        }
    },
    "dunno": {
        "long_diff": [],
        "no_diff": [
            {
                "6": [
                    {
                        "པེ་": [
                            "དེ་ ཚེ་ དེ་ ལ་",
                            "ཇི་ལྟ་བུ ར",
                            "།_། ངར་ འཛིན་ ཀུན་"
                        ],
                        "སྡེ་": [
                            "དེ་ ཚེ་ དེ་ ལ་",
                            "ཇི་ལྟ་བུ ར",
                            "།_། ངར་ འཛིན་ ཀུན་"
                        ],
                        "སྣར་": [
                            "དེ་ ཚེ་ དེ་ ལ་",
                            "ཇི་ལྟར་ བུ ར",
                            "།_། ངར་ འཛིན་ ཀུན་"
                        ]
                    }
                ]
            }
        ],
        "short_diff": []
    },
    "empty_notes": [
        {
            "8": [
                {
                    "པེ་": [
                        "བསྟོད་པ འི །_། བདག་ གིས་",
                        "",
                        "བསྟོད་པ འི །_། བདག་ གིས་"
                    ],
                    "སྡེ་": [
                        "བསྟོད་པ འི །_། བདག་ གིས་",
                        "",
                        "བསྟོད་པ འི །_། བདག་ གིས་"
                    ],
                    "སྣར་": [
                        "བསྟོད་པ འི །_། བདག་ གིས་",
                        "",
                        "བསྟོད་པ འི །_། བདག་ གིས་"
                    ]
                }
            ]
        }
    ],
    "manual_categorisation": {
        "long_difference": {
            "differing_formulation": [],
            "major_modification": []
        },
        "manual_evaluation": {
            "derge_correct": [],
            "meaning_difference": {
                "great_diff": [],
                "medium_diff": [],
                "small_diff": []
            }
        }
    },
    "ngram_freq": {
        "1": {
            "པེ་": [],
            "སྡེ་": [],
            "སྣར་": []
        },
        "2": {
            "པེ་": [
                [
                    "བགྱིད",
                    "1269"
                ]
            ],
            "སྡེ་": [
                [
                    "བགྱི",
                    "4410"
                ]
            ],
            "སྣར་": [
                [
                    "བགྱི",
                    "4410"
                ]
            ]
        },
        "3": {
            "པེ་": [
                [
                    "ཀྱི",
                    "5256"
                ],
                [
                    "ཀྱི་གསུང",
                    "448"
                ],
                [
                    "ཁྱོད་ཀྱི",
                    "3668"
                ]
            ],
            "སྡེ་": [
                [
                    "ཀྱིས",
                    "6156"
                ],
                [
                    "ཁྱོད་ཀྱིས",
                    "55"
                ],
                [
                    "ཀྱིས་གསུང",
                    "53"
                ]
            ],
            "སྣར་": [
                [
                    "ཀྱི",
                    "5256"
                ],
                [
                    "ཀྱི་གསུང",
                    "448"
                ],
                [
                    "ཁྱོད་ཀྱི",
                    "3668"
                ]
            ]
        },
        "4": {
            "པེ་": [
                [
                    "བསྟེན",
                    "184"
                ]
            ],
            "སྡེ་": [
                [
                    "རྟེན",
                    "218"
                ],
                [
                    "མི་རྟེན",
                    "54"
                ]
            ],
            "སྣར་": [
                [
                    "བསྟེན",
                    "184"
                ]
            ]
        },
        "5": {
            "པེ་": [
                [
                    "བརྟེན",
                    "256"
                ]
            ],
            "སྡེ་": [
                [
                    "རྟེན",
                    "218"
                ],
                [
                    "རྟེན་མ",
                    "165"
                ]
            ],
            "སྣར་": [
                [
                    "བརྟེན",
                    "256"
                ]
            ]
        },
        "6": {
            "པེ་": [
                [
                    "ཇི་ལྟ་བུར",
                    "53"
                ],
                [
                    "ཇི་ལྟ་བུར།_།",
                    "53"
                ]
            ],
            "སྡེ་": [
                [
                    "ཇི་ལྟ་བུར",
                    "53"
                ],
                [
                    "ཇི་ལྟ་བུར།_།",
                    "53"
                ]
            ],
            "སྣར་": []
        },
        "7": {
            "པེ་": [
                [
                    "གི",
                    "1276"
                ],
                [
                    "བདག་གི",
                    "11456"
                ],
                [
                    "།_།བདག་གི",
                    "1489"
                ]
            ],
            "སྡེ་": [
                [
                    "གིས",
                    "2588"
                ],
                [
                    "བདག་གིས",
                    "13868"
                ],
                [
                    "།_།བདག་གིས",
                    "1843"
                ]
            ],
            "སྣར་": [
                [
                    "གི",
                    "1276"
                ],
                [
                    "བདག་གི",
                    "11456"
                ],
                [
                    "།_།བདག་གི",
                    "1489"
                ]
            ]
        },
        "8": {
            "པེ་": [
                [
                    "",
                    "1"
                ],
                [
                    "གིས",
                    "2588"
                ],
                [
                    "བསྟོད་པ",
                    "266"
                ]
            ],
            "སྡེ་": [
                [
                    "",
                    "1"
                ],
                [
                    "གིས",
                    "2588"
                ],
                [
                    "བསྟོད་པ",
                    "266"
                ]
            ],
            "སྣར་": [
                [
                    "",
                    "1"
                ],
                [
                    "གིས",
                    "2588"
                ],
                [
                    "བསྟོད་པ",
                    "266"
                ]
            ]
        }
    },
    "non_standard_notes": [],
    "profile": {
        "1": [
            "པེ་=སྣར་ སྡེ་",
            "62.50%"
        ],
        "2": [
            "པེ་ སྡེ་=སྣར་",
            "12.50%"
        ],
        "3": [
            "པེ་=སྣར་ སྡེ་",
            "62.50%"
        ],
        "4": [
            "པེ་=སྣར་ སྡེ་",
            "62.50%"
        ],
        "5": [
            "པེ་=སྣར་ སྡེ་",
            "62.50%"
        ],
        "6": [
            "པེ་=སྡེ་ སྣར་",
            "12.50%"
        ],
        "7": [
            "པེ་=སྣར་ སྡེ་",
            "62.50%"
        ],
        "8": [
            "པེ་=སྡེ་=སྣར་",
            "12.50%"
        ]
    }
}