﻿{
    "Stats": {
        "Categorised": "5 notes (83.33%)",
        "Notes’ total": 6,
        "Profiles": [
            "པེ་=སྣར་ སྡེ་: 66.67% (4 notes)",
            "པེ་=སྡེ་=སྣར་: 16.67% (1 notes)",
            "པེ་ སྡེ་=སྣར་: 16.67% (1 notes)"
        ],
        "automatic_categorisation": {
            "min_mod": {
                "particle_groups": 3
            },
            "particle_issues": {},
            "spelling_mistake": {
                "non_word": {}
            },
            "sskrt": 1,
            "verb_difference": {}
        },
        "dunno": {
            "no_diff": 1
        },
        "empty_notes": 1,
        "manual_categorisation": {
            "long_difference": {},
            "manual_evaluation": {
                "meaning_difference": {}
            }
        },
        "ngram_freq": {},
        "profile": {}
    },
    "automatic_categorisation": {
        "min_mod": {
            "min_mod_groups": [],
            "particle_groups": [
                {
                    "2": [
                        [
                            "dreldra",
                            "jedra"
                        ],
                        {
                            "པེ་": [
                                "ཕྱག་ འཚལ་ ལོ །_། གང་",
                                "གི་",
                                "ཚུ་རོལ་ ཕ་རོལ་ སྤངས"
                            ],
                            "སྡེ་": [
                                "ཕྱག་ འཚལ་ ལོ །_། གང་",
                                "གིས་",
                                "ཚུ་རོལ་ ཕ་རོལ་ སྤངས"
                            ],
                            "སྣར་": [
                                "ཕྱག་ འཚལ་ ལོ །_། གང་",
                                "གི་",
                                "ཚུ་རོལ་ ཕ་རོལ་ སྤངས"
                            ]
                        }
                    ]
                },
                {
                    "4": [
                        [
                            "dreldra",
                            "jedra"
                        ],
                        {
                            "པེ་": [
                                "མཆི་བ་ ལྟར །_། གང་",
                                "གི་",
                                "སྣང་བ ས་ མུན་ བསལ་བ"
                            ],
                            "སྡེ་": [
                                "མཆི་བ་ ལྟར །_། གང་",
                                "གིས་",
                                "སྣང་བ ས་ མུན་ བསལ་བ"
                            ],
                            "སྣར་": [
                                "མཆི་བ་ ལྟར །_། གང་",
                                "གི་",
                                "སྣང་བ ས་ མུན་ བསལ་བ"
                            ]
                        }
                    ]
                },
                {
                    "5": [
                        [
                            "dreldra",
                            "jedra"
                        ],
                        {
                            "པེ་": [
                                "བསྐྱོད་པ་ ལ །_། གང་",
                                "གི་",
                                "ལམ་ གཟིགས་ ལམ་ མཁྱེན་པ"
                            ],
                            "སྡེ་": [
                                "བསྐྱོད་པ་ ལ །_། གང་",
                                "གིས་",
                                "ལམ་ གཟིགས་ ལམ་ མཁྱེན་པ"
                            ],
                            "སྣར་": [
                                "བསྐྱོད་པ་ ལ །_། གང་",
                                "གི་",
                                "ལམ་ གཟིགས་ ལམ་ མཁྱེན་པ"
                            ]
                        }
                    ]
                }
            ]
        },
        "particle_issues": {
            "added_particle": [],
            "agreement_issue": [],
            "different_particles": [],
            "other": [],
            "po-bo-pa-ba": []
        },
        "spelling_mistake": {
            "missing_vowel": [],
            "nga_da": [],
            "non_word": {
                "ill_formed": [],
                "well_formed": []
            }
        },
        "sskrt": [
            {
                "1": [
                    {
                        "པེ་": [
                            "དུ །_ ནི་ #རུཏྟ་",
                            "#སྟ་པ",
                            "།_ བོད་ སྐད་ དུ ། "
                        ],
                        "སྡེ་": [
                            "དུ །_ ནི་ #རུཏྟ་",
                            "#སྟ་ #བཾ",
                            "།_ བོད་ སྐད་ དུ ། "
                        ],
                        "སྣར་": [
                            "དུ །_ ནི་ #རུཏྟ་",
                            "#སྟ་ #བཾ",
                            "།_ བོད་ སྐད་ དུ ། "
                        ]
                    }
                ]
            }
        ],
        "verb_difference": {
            "diff_tense": [],
            "diff_verb": [],
            "not_sure": []
        }
    },
    "dunno": {
        "long_diff": [],
        "no_diff": [
            {
                "3": [
                    {
                        "པེ་": [
                            "ཤེས་ རྫུ་འཕྲུལ་ སྟོབས་ ཀྱིས་",
                            "གསལ",
                            "།_། བླ་ མེད་ དེ་ ལ་"
                        ],
                        "སྡེ་": [
                            "ཤེས་ རྫུ་འཕྲུལ་ སྟོབས་ ཀྱིས་",
                            "བསལ",
                            "།_། བླ་ མེད་ དེ་ ལ་"
                        ],
                        "སྣར་": [
                            "ཤེས་ རྫུ་འཕྲུལ་ སྟོབས་ ཀྱིས་",
                            "གསལ",
                            "།_། བླ་ མེད་ དེ་ ལ་"
                        ]
                    }
                ]
            }
        ],
        "short_diff": []
    },
    "empty_notes": [
        {
            "6": [
                {
                    "པེ་": [
                        "མཛད་པ་ རྫོགས་ སོ །།_།། ",
                        "",
                        "མཛད་པ་ རྫོགས་ སོ །།_།། "
                    ],
                    "སྡེ་": [
                        "མཛད་པ་ རྫོགས་ སོ །།_།། ",
                        "",
                        "མཛད་པ་ རྫོགས་ སོ །།_།། "
                    ],
                    "སྣར་": [
                        "མཛད་པ་ རྫོགས་ སོ །།_།། ",
                        "",
                        "མཛད་པ་ རྫོགས་ སོ །།_།། "
                    ]
                }
            ]
        }
    ],
    "manual_categorisation": {
        "long_difference": {
            "differing_formulation": [],
            "major_modification": []
        },
        "manual_evaluation": {
            "derge_correct": [],
            "meaning_difference": {
                "great_diff": [],
                "medium_diff": [],
                "small_diff": []
            }
        }
    },
    "ngram_freq": {
        "1": {
            "པེ་": [],
            "སྡེ་": [],
            "སྣར་": []
        },
        "2": {
            "པེ་": [
                [
                    "གི",
                    "1276"
                ],
                [
                    "གང་གི",
                    "8014"
                ]
            ],
            "སྡེ་": [
                [
                    "གིས",
                    "2588"
                ],
                [
                    "གང་གིས",
                    "183"
                ]
            ],
            "སྣར་": [
                [
                    "གི",
                    "1276"
                ],
                [
                    "གང་གི",
                    "8014"
                ]
            ]
        },
        "3": {
            "པེ་": [
                [
                    "གསལ",
                    "509"
                ],
                [
                    "གསལ།_།",
                    "485"
                ],
                [
                    "ཀྱིས་གསལ",
                    "49"
                ]
            ],
            "སྡེ་": [
                [
                    "བསལ",
                    "105"
                ],
                [
                    "བསལ།_།",
                    "84"
                ]
            ],
            "སྣར་": [
                [
                    "གསལ",
                    "509"
                ],
                [
                    "གསལ།_།",
                    "485"
                ],
                [
                    "ཀྱིས་གསལ",
                    "49"
                ]
            ]
        },
        "4": {
            "པེ་": [
                [
                    "གི",
                    "1276"
                ],
                [
                    "གང་གི",
                    "8014"
                ]
            ],
            "སྡེ་": [
                [
                    "གིས",
                    "2588"
                ],
                [
                    "གང་གིས",
                    "183"
                ]
            ],
            "སྣར་": [
                [
                    "གི",
                    "1276"
                ],
                [
                    "གང་གི",
                    "8014"
                ]
            ]
        },
        "5": {
            "པེ་": [
                [
                    "གི",
                    "1276"
                ],
                [
                    "གང་གི",
                    "8014"
                ],
                [
                    "གི་ལམ",
                    "518"
                ]
            ],
            "སྡེ་": [
                [
                    "གིས",
                    "2588"
                ],
                [
                    "གིས་ལམ",
                    "126"
                ],
                [
                    "གང་གིས",
                    "183"
                ]
            ],
            "སྣར་": [
                [
                    "གི",
                    "1276"
                ],
                [
                    "གང་གི",
                    "8014"
                ],
                [
                    "གི་ལམ",
                    "518"
                ]
            ]
        },
        "6": {
            "པེ་": [
                [
                    "",
                    "1"
                ],
                [
                    "མཛད་པ",
                    "1162"
                ]
            ],
            "སྡེ་": [
                [
                    "",
                    "1"
                ],
                [
                    "མཛད་པ",
                    "1162"
                ]
            ],
            "སྣར་": [
                [
                    "",
                    "1"
                ],
                [
                    "མཛད་པ",
                    "1162"
                ]
            ]
        }
    },
    "non_standard_notes": [],
    "profile": {
        "1": [
            "པེ་ སྡེ་=སྣར་",
            "16.67%"
        ],
        "2": [
            "པེ་=སྣར་ སྡེ་",
            "66.67%"
        ],
        "3": [
            "པེ་=སྣར་ སྡེ་",
            "66.67%"
        ],
        "4": [
            "པེ་=སྣར་ སྡེ་",
            "66.67%"
        ],
        "5": [
            "པེ་=སྣར་ སྡེ་",
            "66.67%"
        ],
        "6": [
            "པེ་=སྡེ་=སྣར་",
            "16.67%"
        ]
    }
}