﻿{
    "Stats": {
        "Categorised": "18 notes (64.29%)",
        "Notes’ total": 28,
        "Profiles": [
            "ཅོ་=པེ་=སྡེ་ སྣར་: 14.29% (4 notes)",
            "ཅོ་ པེ་=སྡེ་ སྣར་: 3.57% (1 notes)",
            "ཅོ་=པེ་=སྡེ་=སྣར་: 3.57% (1 notes)",
            "ཅོ་=སྡེ་ པེ་=སྣར་: 64.29% (18 notes)",
            "ཅོ་=སྡེ་=སྣར་ པེ་: 10.71% (3 notes)",
            "ཅོ་ པེ་=སྣར་ སྡེ་: 3.57% (1 notes)"
        ],
        "automatic_categorisation": {
            "min_mod": {
                "particle_groups": 2
            },
            "particle_issues": {
                "different_particles": 1
            },
            "spelling_mistake": {
                "non_word": {
                    "well_formed": 2
                }
            },
            "sskrt": 4,
            "verb_difference": {
                "diff_tense": 6,
                "diff_verb": 2
            }
        },
        "dunno": {
            "no_diff": 7,
            "short_diff": 3
        },
        "empty_notes": 1,
        "manual_categorisation": {
            "long_difference": {},
            "manual_evaluation": {
                "meaning_difference": {}
            }
        },
        "ngram_freq": {},
        "profile": {}
    },
    "automatic_categorisation": {
        "min_mod": {
            "min_mod_groups": [],
            "particle_groups": [
                {
                    "7": [
                        [
                            "ladon"
                        ],
                        {
                            "ཅོ་": [
                                "ཆོས་ ཀྱི་ སྐུ་",
                                "སོ་སོ ར་",
                                "རང་ གིས་ རིག་པ་ ལ་"
                            ],
                            "པེ་": [
                                "ཆོས་ ཀྱི་ སྐུ་",
                                "སོ་སོ་",
                                "རང་ གིས་ རིག་པ་ ལ་"
                            ],
                            "སྡེ་": [
                                "ཆོས་ ཀྱི་ སྐུ་",
                                "སོ་སོ ར་",
                                "རང་ གིས་ རིག་པ་ ལ་"
                            ],
                            "སྣར་": [
                                "ཆོས་ ཀྱི་ སྐུ་",
                                "སོ་སོ་",
                                "རང་ གིས་ རིག་པ་ ལ་"
                            ]
                        }
                    ]
                },
                {
                    "24": [
                        [
                            "dreldra",
                            "jedra"
                        ],
                        {
                            "ཅོ་": [
                                "ཏུ་ སྲོག་ཆགས་ ཐམས་ཅད་",
                                "ཀྱིས",
                                "།_། འདོད་ དགུར་ དཔག་ མེད་"
                            ],
                            "པེ་": [
                                "ཏུ་ སྲོག་ཆགས་ ཐམས་ཅད་",
                                "ཀྱི",
                                "།_། འདོད་ དགུར་ དཔག་ མེད་"
                            ],
                            "སྡེ་": [
                                "ཏུ་ སྲོག་ཆགས་ ཐམས་ཅད་",
                                "ཀྱིས",
                                "།_། འདོད་ དགུར་ དཔག་ མེད་"
                            ],
                            "སྣར་": [
                                "ཏུ་ སྲོག་ཆགས་ ཐམས་ཅད་",
                                "ཀྱི",
                                "།_། འདོད་ དགུར་ དཔག་ མེད་"
                            ]
                        }
                    ]
                }
            ]
        },
        "particle_issues": {
            "added_particle": [],
            "agreement_issue": [],
            "different_particles": [
                {
                    "4": [
                        "jedra",
                        {
                            "ཅོ་": [
                                "མེད་པ འི་ སོ་སོ ར་",
                                "བཤགས་པ ས་",
                                "འཆགས་ སོ །_། མི་ འཆབ་"
                            ],
                            "པེ་": [
                                "མེད་པ འི་ སོ་སོ ར་",
                                "བཤགས་པ ར་",
                                "འཆགས་ སོ །_། མི་ འཆབ་"
                            ],
                            "སྡེ་": [
                                "མེད་པ འི་ སོ་སོ ར་",
                                "བཤགས་པ ས་",
                                "འཆགས་ སོ །_། མི་ འཆབ་"
                            ],
                            "སྣར་": [
                                "མེད་པ འི་ སོ་སོ ར་",
                                "བཤགས་པ ར་",
                                "འཆགས་ སོ །_། མི་ འཆབ་"
                            ]
                        }
                    ]
                }
            ],
            "other": [],
            "po-bo-pa-ba": []
        },
        "spelling_mistake": {
            "missing_vowel": [],
            "nga_da": [],
            "non_word": {
                "ill_formed": [],
                "well_formed": [
                    {
                        "15": [
                            {
                                "ཅོ་": [
                                    "ཅན་ ཐམས་ཅད་ བདག་ གིས་",
                                    "#མགྲོན་",
                                    "དུ་ གཉེར །_། བྱང་ཆུབ་"
                                ],
                                "པེ་": [
                                    "ཅན་ ཐམས་ཅད་ བདག་ གིས་",
                                    "#འགྲོན་",
                                    "དུ་ གཉེར །_། བྱང་ཆུབ་"
                                ],
                                "སྡེ་": [
                                    "ཅན་ ཐམས་ཅད་ བདག་ གིས་",
                                    "#མགྲོན་",
                                    "དུ་ གཉེར །_། བྱང་ཆུབ་"
                                ],
                                "སྣར་": [
                                    "ཅན་ ཐམས་ཅད་ བདག་ གིས་",
                                    "#འགྲོན་",
                                    "དུ་ གཉེར །_། བྱང་ཆུབ་"
                                ]
                            }
                        ]
                    },
                    {
                        "18": [
                            {
                                "ཅོ་": [
                                    "མ་ བརྒལ་བ་ རྣམས་ ནི་",
                                    "བསྒྲལ་",
                                    "ལོ །_། མ་ གྲོལ་བ་"
                                ],
                                "པེ་": [
                                    "མ་ བརྒལ་བ་ རྣམས་ ནི་",
                                    "#སྒྲལ་",
                                    "ལོ །_། མ་ གྲོལ་བ་"
                                ],
                                "སྡེ་": [
                                    "མ་ བརྒལ་བ་ རྣམས་ ནི་",
                                    "བསྒྲལ་",
                                    "ལོ །_། མ་ གྲོལ་བ་"
                                ],
                                "སྣར་": [
                                    "མ་ བརྒལ་བ་ རྣམས་ ནི་",
                                    "#སྒྲལ་",
                                    "ལོ །_། མ་ གྲོལ་བ་"
                                ]
                            }
                        ]
                    }
                ]
            }
        },
        "sskrt": [
            {
                "1": [
                    {
                        "ཅོ་": [
                            "སྐད་ དུ །_ བོ་ #དྷི་ #ཙིཏྟ་",
                            "#ཨུཏྤཱ་ ད་",
                            "#བི་ #དྷི །_ བོད་ སྐད་"
                        ],
                        "པེ་": [
                            "སྐད་ དུ །_ བོ་ #དྷི་ #ཙིཏྟ་",
                            "#ཨུཏ་པ་ #ཏ་",
                            "#བི་ #དྷི །_ བོད་ སྐད་"
                        ],
                        "སྡེ་": [
                            "སྐད་ དུ །_ བོ་ #དྷི་ #ཙིཏྟ་",
                            "#ཨུཏྤཱ་ ད་",
                            "#བི་ #དྷི །_ བོད་ སྐད་"
                        ],
                        "སྣར་": [
                            "སྐད་ དུ །_ བོ་ #དྷི་ #ཙིཏྟ་",
                            "#ཨུཏ་པ་ #ཏ་",
                            "#བི་ #དྷི །_ བོད་ སྐད་"
                        ]
                    }
                ]
            },
            {
                "25": [
                    {
                        "ཅོ་": [
                            "ནས་ མཛད་པ་ རྫོགས་",
                            "#སྟོ",
                            "།།_།། རྒྱ་གར་ གྱི་ མཁན་"
                        ],
                        "པེ་": [
                            "ནས་ མཛད་པ་ རྫོགས་",
                            "སོ",
                            "།།_།། རྒྱ་གར་ གྱི་ མཁན་"
                        ],
                        "སྡེ་": [
                            "ནས་ མཛད་པ་ རྫོགས་",
                            "#སྷོ",
                            "།།_།། རྒྱ་གར་ གྱི་ མཁན་"
                        ],
                        "སྣར་": [
                            "ནས་ མཛད་པ་ རྫོགས་",
                            "སོ",
                            "།།_།། རྒྱ་གར་ གྱི་ མཁན་"
                        ]
                    }
                ]
            },
            {
                "26": [
                    {
                        "ཅོ་": [
                            "གྱི་ མཁན་པོ་ སུ་",
                            "རན་ དྲ་",
                            "#བོདྷི་ དང་  །_ ཞུ་ ཆེན་"
                        ],
                        "པེ་": [
                            "གྱི་ མཁན་པོ་ སུ་",
                            "#རེནྟྲ་",
                            "#བོདྷི་ དང་  །_ ཞུ་ ཆེན་"
                        ],
                        "སྡེ་": [
                            "གྱི་ མཁན་པོ་ སུ་",
                            "རན་ དྲ་",
                            "#བོདྷི་ དང་  །_ ཞུ་ ཆེན་"
                        ],
                        "སྣར་": [
                            "གྱི་ མཁན་པོ་ སུ་",
                            "#རེནྟྲ་",
                            "#བོདྷི་ དང་  །_ ཞུ་ ཆེན་"
                        ]
                    }
                ]
            },
            {
                "27": [
                    {
                        "ཅོ་": [
                            " །_ ཞུ་ ཆེན་ གྱི་",
                            "ལོ་ཙཱ་བ་",
                            "#བན་ དེ་ ཡེ་ཤེས་"
                        ],
                        "པེ་": [
                            " །_ ཞུ་ ཆེན་ གྱི་",
                            "#ལོཙྪ་བ་",
                            "#བན་ དེ་ ཡེ་ཤེས་"
                        ],
                        "སྡེ་": [
                            " །_ ཞུ་ ཆེན་ གྱི་",
                            "ལོ་ཙཱ་བ་",
                            "#བན་ དེ་ ཡེ་ཤེས་"
                        ],
                        "སྣར་": [
                            " །_ ཞུ་ ཆེན་ གྱི་",
                            "#ལོཙྪ་བ་",
                            "#བན་ དེ་ ཡེ་ཤེས་"
                        ]
                    }
                ]
            }
        ],
        "verb_difference": {
            "diff_tense": [
                {
                    "3": [
                        [
                            "《བགྱིད》ཞེས་པ།【〈བགྱིད〉གི་ ད་ལྟ་བ། ཐ་དད་པ།】",
                            "《བགྱིས》ཞེས་པ།【〈བགྱིད〉གི་ འདས་པ། ཐ་དད་པ།】"
                        ],
                        {
                            "ཅོ་": [
                                "པ་ མི་དགེ་བ འི་ ལས་",
                                "བགྱིད་པ་",
                                "དང་ བགྱིད་ དུ་ སྩལ་"
                            ],
                            "པེ་": [
                                "པ་ མི་དགེ་བ འི་ ལས་",
                                "བགྱིས་པ་",
                                "དང་ བགྱིད་ དུ་ སྩལ་"
                            ],
                            "སྡེ་": [
                                "པ་ མི་དགེ་བ འི་ ལས་",
                                "བགྱིད་པ་",
                                "དང་ བགྱིད་ དུ་ སྩལ་"
                            ],
                            "སྣར་": [
                                "པ་ མི་དགེ་བ འི་ ལས་",
                                "བགྱིས་པ་",
                                "དང་ བགྱིད་ དུ་ སྩལ་"
                            ]
                        }
                    ]
                },
                {
                    "8": [
                        [
                            "《བཟུང》ཞེས་པ།【〈འཛིན〉གི་ འདས་པ།】【〈འཛིན〉གི་ འདས་པ། ཐ་དད་པ།】",
                            "《གཟུང》ཞེས་པ།【〈འཛིན〉གི་ མ་འོངས་པ།】【〈འཛིན〉གི་ མ་འོངས་པ། ཐ་དད་པ།】"
                        ],
                        {
                            "ཅོ་": [
                                "བགྱི་བ་ དུས་ འདི་ ནས་",
                                "བཟུང་",
                                "སྟེ་ བྱང་ཆུབ་ ཀྱི་ སྙིང་"
                            ],
                            "པེ་": [
                                "བགྱི་བ་ དུས་ འདི་ ནས་",
                                "གཟུང་",
                                "སྟེ་ བྱང་ཆུབ་ ཀྱི་ སྙིང་"
                            ],
                            "སྡེ་": [
                                "བགྱི་བ་ དུས་ འདི་ ནས་",
                                "བཟུང་",
                                "སྟེ་ བྱང་ཆུབ་ ཀྱི་ སྙིང་"
                            ],
                            "སྣར་": [
                                "བགྱི་བ་ དུས་ འདི་ ནས་",
                                "གཟུང་",
                                "སྟེ་ བྱང་ཆུབ་ ཀྱི་ སྙིང་"
                            ]
                        }
                    ]
                },
                {
                    "14": [
                        [
                            "《གྱིས》ཞེས་པ།【〈བགྱིད〉གི་ སྐུལ་ཚིག ཐ་དད་པ།】",
                            "《བགྱིས》ཞེས་པ།【〈བགྱིད〉གི་ འདས་པ། ཐ་དད་པ།】"
                        ],
                        {
                            "ཅོ་": [
                                "པ་ མཐའ་དག་ ཕམ་པ ར་",
                                "བགྱིས་",
                                "ཏེ །_ བདག་ མངོན་པར་"
                            ],
                            "པེ་": [
                                "པ་ མཐའ་དག་ ཕམ་པ ར་",
                                "གྱིས་",
                                "ཏེ །_ བདག་ མངོན་པར་"
                            ],
                            "སྡེ་": [
                                "པ་ མཐའ་དག་ ཕམ་པ ར་",
                                "བགྱིས་",
                                "ཏེ །_ བདག་ མངོན་པར་"
                            ],
                            "སྣར་": [
                                "པ་ མཐའ་དག་ ཕམ་པ ར་",
                                "བགྱིས་",
                                "ཏེ །_ བདག་ མངོན་པར་"
                            ]
                        }
                    ]
                },
                {
                    "16": [
                        [
                            "《བགྱིད》ཞེས་པ།【〈བགྱིད〉གི་ ད་ལྟ་བ། ཐ་དད་པ།】",
                            "《བགྱིས》ཞེས་པ།【〈བགྱིད〉གི་ འདས་པ། ཐ་དད་པ།】"
                        ],
                        {
                            "ཅོ་": [
                                "ཅི་ བགྱིས་པ་ དང་  །_",
                                "བགྱིད་པ་",
                                "དང་ བགྱིད་པ ར་ འགྱུར་"
                            ],
                            "པེ་": [
                                "ཅི་ བགྱིས་པ་ དང་  །_",
                                "བགྱིད་པ་",
                                "དང་ བགྱིད་པ ར་ འགྱུར་"
                            ],
                            "སྡེ་": [
                                "ཅི་ བགྱིས་པ་ དང་  །_",
                                "བགྱིད་པ་",
                                "དང་ བགྱིད་པ ར་ འགྱུར་"
                            ],
                            "སྣར་": [
                                "ཅི་ བགྱིས་པ་ དང་  །_",
                                "བགྱིས་པ་",
                                "དང་ བགྱིད་པ ར་ འགྱུར་"
                            ]
                        }
                    ]
                },
                {
                    "17": [
                        [
                            "《བརྒལ》ཞེས་པ།【〈རྒལ〉གི་ མ་འོངས་པ།】【〈རྒལ〉གི་ མ་འོངས་པ། ཐ་དད་པ།】【〈རྒལ〉གི་ མ་འོངས་པ། ཐ་མི་དད་པ།】【〈རྒལ〉གི་ འདས་པ།】【〈རྒལ〉གི་ འདས་པ། ཐ་དད་པ།】【〈རྒལ〉གི་ འདས་པ། ཐ་མི་དད་པ།】",
                            "《རྒལ》ཞེས་པ།【〈རྒལ〉གི་ ད་ལྟ་བ།】【〈རྒལ〉གི་ ད་ལྟ་བ། ཐ་དད་པ།】【〈རྒལ〉གི་ ད་ལྟ་བ། ཐ་མི་དད་པ།】"
                        ],
                        {
                            "ཅོ་": [
                                "སོགས་པ་ སེམས་ཅན་ མ་",
                                "བརྒལ་བ་",
                                "རྣམས་ ནི་ བསྒྲལ་ ལོ"
                            ],
                            "པེ་": [
                                "སོགས་པ་ སེམས་ཅན་ མ་",
                                "རྒལ་བ་",
                                "རྣམས་ ནི་ བསྒྲལ་ ལོ"
                            ],
                            "སྡེ་": [
                                "སོགས་པ་ སེམས་ཅན་ མ་",
                                "བརྒལ་བ་",
                                "རྣམས་ ནི་ བསྒྲལ་ ལོ"
                            ],
                            "སྣར་": [
                                "སོགས་པ་ སེམས་ཅན་ མ་",
                                "རྒལ་བ་",
                                "རྣམས་ ནི་ བསྒྲལ་ ལོ"
                            ]
                        }
                    ]
                },
                {
                    "22": [
                        [
                            "《བཞག》ཞེས་པ།【〈འཇོག〉གི་ འདས་པ།】【〈འཇོག〉གི་ འདས་པ། ཐ་དད་པ།】",
                            "《གཞག》ཞེས་པ།【〈འཇོག〉གི་ མ་འོངས་པ།】【〈འཇོག〉གི་ མ་འོངས་པ། ཐ་དད་པ།】"
                        ],
                        {
                            "ཅོ་": [
                                "བསམ་གཏན་ ལ་ མཉམ་པ ར་",
                                "གཞག་པ་",
                                "དང་  །_ ཤེས་རབ་"
                            ],
                            "པེ་": [
                                "བསམ་གཏན་ ལ་ མཉམ་པ ར་",
                                "བཞག་པ་",
                                "དང་  །_ ཤེས་རབ་"
                            ],
                            "སྡེ་": [
                                "བསམ་གཏན་ ལ་ མཉམ་པ ར་",
                                "གཞག་པ་",
                                "དང་  །_ ཤེས་རབ་"
                            ],
                            "སྣར་": [
                                "བསམ་གཏན་ ལ་ མཉམ་པ ར་",
                                "བཞག་པ་",
                                "དང་  །_ ཤེས་རབ་"
                            ]
                        }
                    ]
                }
            ],
            "diff_verb": [
                {
                    "9": [
                        [
                            "《དབུལ》ཞེས་པ།【〈ཕུལ〉གི་ མ་འོངས་པ། ཐ་དད་པ།】【〈འབུལ〉གི་ མ་འོངས་པ། ཐ་དད་པ།】",
                            "《འབུལ》ཞེས་པ།【〈ཕུལ〉གི་ ད་ལྟ་བ། ཐ་དད་པ།】【〈འབུལ〉གི་ ད་ལྟ་བ། ཐ་དད་པ།】"
                        ],
                        {
                            "ཅོ་": [
                                "མཆིས་པ་ བཞིན་ དུ་ བདག་",
                                "དབུལ་",
                                "ཞིང་ མཆིས་ ན །_ མགོན་"
                            ],
                            "པེ་": [
                                "མཆིས་པ་ བཞིན་ དུ་ བདག་",
                                "འབུལ་",
                                "ཞིང་ མཆིས་ ན །_ མགོན་"
                            ],
                            "སྡེ་": [
                                "མཆིས་པ་ བཞིན་ དུ་ བདག་",
                                "དབུལ་",
                                "ཞིང་ མཆིས་ ན །_ མགོན་"
                            ],
                            "སྣར་": [
                                "མཆིས་པ་ བཞིན་ དུ་ བདག་",
                                "འབུལ་",
                                "ཞིང་ མཆིས་ ན །_ མགོན་"
                            ]
                        }
                    ]
                },
                {
                    "23": [
                        [
                            "《སྤྱོད》ཞེས་པ།【〈སྤྱད〉གི་ ད་ལྟ་བ། ཐ་དད་པ།】【〈སྤྱད〉གི་ སྐུལ་ཚིག ཐ་དད་པ།】【〈སྤྱོད〉གི་ ད་ལྟ་བ།】【〈སྤྱོད〉གི་ ད་ལྟ་བ། ཐ་དད་པ།】【〈སྤྱོད〉གི་ སྐུལ་ཚིག】【〈སྤྱོད〉གི་ སྐུལ་ཚིག ཐ་དད་པ།】",
                            "《དཔྱོད》ཞེས་པ།【〈དཔྱད〉གི་ ད་ལྟ་བ། ཐ་དད་པ།】【〈དཔྱད〉གི་ སྐུལ་ཚིག ཐ་དད་པ།】【〈དཔྱོད〉གི་ ད་ལྟ་བ། ཐ་དད་པ།】【〈དཔྱོད〉གི་ སྐུལ་ཚིག ཐ་དད་པ།】"
                        ],
                        {
                            "ཅོ་": [
                                " །_ ཤེས་རབ་ རྣམ་པར་",
                                "དཔྱོད་པ་",
                                "དང་  །_ ཐབས་ མཁས་"
                            ],
                            "པེ་": [
                                " །_ ཤེས་རབ་ རྣམ་པར་",
                                "སྤྱོད་པ་",
                                "དང་  །_ ཐབས་ མཁས་"
                            ],
                            "སྡེ་": [
                                " །_ ཤེས་རབ་ རྣམ་པར་",
                                "དཔྱོད་པ་",
                                "དང་  །_ ཐབས་ མཁས་"
                            ],
                            "སྣར་": [
                                " །_ ཤེས་རབ་ རྣམ་པར་",
                                "སྤྱོད་པ་",
                                "དང་  །_ ཐབས་ མཁས་"
                            ]
                        }
                    ]
                }
            ],
            "not_sure": []
        }
    },
    "dunno": {
        "long_diff": [],
        "no_diff": [
            {
                "2": [
                    {
                        "ཅོ་": [
                            "མ་ མཆིས་པ འི་ འཁོར་བ་",
                            "ན་",
                            "འཁོར་བ འི་ ཚེ །_ ལུས་"
                        ],
                        "པེ་": [
                            "མ་ མཆིས་པ འི་ འཁོར་བ་",
                            "",
                            "འཁོར་བ འི་ ཚེ །_ ལུས་"
                        ],
                        "སྡེ་": [
                            "མ་ མཆིས་པ འི་ འཁོར་བ་",
                            "ན་",
                            "འཁོར་བ འི་ ཚེ །_ ལུས་"
                        ],
                        "སྣར་": [
                            "མ་ མཆིས་པ འི་ འཁོར་བ་",
                            "",
                            "འཁོར་བ འི་ ཚེ །_ ལུས་"
                        ]
                    }
                ]
            },
            {
                "5": [
                    {
                        "ཅོ་": [
                            "ལ་ རྗེས་སུ་ ཡི་",
                            "རང་བ འོ",
                            "།_། སངས་རྒྱས་ དང་ བྱང་"
                        ],
                        "པེ་": [
                            "ལ་ རྗེས་སུ་ ཡི་",
                            "རང་ ངོ",
                            "།_། སངས་རྒྱས་ དང་ བྱང་"
                        ],
                        "སྡེ་": [
                            "ལ་ རྗེས་སུ་ ཡི་",
                            "རང་བ འོ",
                            "།_། སངས་རྒྱས་ དང་ བྱང་"
                        ],
                        "སྣར་": [
                            "ལ་ རྗེས་སུ་ ཡི་",
                            "རང་ ངོ",
                            "།_། སངས་རྒྱས་ དང་ བྱང་"
                        ]
                    }
                ]
            },
            {
                "6": [
                    {
                        "ཅོ་": [
                            "མངའ་བ །_ ཞི་བ་",
                            "",
                            "ཆོས་ ཀྱི་ སྐུ་ སོ་སོ ར་"
                        ],
                        "པེ་": [
                            "མངའ་བ །_ ཞི་བ་",
                            "",
                            "ཆོས་ ཀྱི་ སྐུ་ སོ་སོ ར་"
                        ],
                        "སྡེ་": [
                            "མངའ་བ །_ ཞི་བ་",
                            "",
                            "ཆོས་ ཀྱི་ སྐུ་ སོ་སོ ར་"
                        ],
                        "སྣར་": [
                            "མངའ་བ །_ ཞི་བ་",
                            "ལ་",
                            "ཆོས་ ཀྱི་ སྐུ་ སོ་སོ ར་"
                        ]
                    }
                ]
            },
            {
                "11": [
                    {
                        "ཅོ་": [
                            " །_། དེ་ སྐད་ ལན་ གསུམ་",
                            "བཟླས",
                            "།_ བདག་ དབུལ་བ འོ །_། "
                        ],
                        "པེ་": [
                            " །_། དེ་ སྐད་ ལན་ གསུམ་",
                            "ཟླ ས",
                            "།_ བདག་ དབུལ་བ འོ །_། "
                        ],
                        "སྡེ་": [
                            " །_། དེ་ སྐད་ ལན་ གསུམ་",
                            "བཟླས",
                            "།_ བདག་ དབུལ་བ འོ །_། "
                        ],
                        "སྣར་": [
                            " །_། དེ་ སྐད་ ལན་ གསུམ་",
                            "བཟླས",
                            "།_ བདག་ དབུལ་བ འོ །_། "
                        ]
                    }
                ]
            },
            {
                "13": [
                    {
                        "ཅོ་": [
                            "ལ་ དགོད་པ འི་ སླད་ དུ་",
                            "ཅི་ ལྟར་",
                            "བླ་ ན་ མེད་པ་"
                        ],
                        "པེ་": [
                            "ལ་ དགོད་པ འི་ སླད་ དུ་",
                            "ཇི་ལྟར་",
                            "བླ་ ན་ མེད་པ་"
                        ],
                        "སྡེ་": [
                            "ལ་ དགོད་པ འི་ སླད་ དུ་",
                            "ཅི་ ལྟར་",
                            "བླ་ ན་ མེད་པ་"
                        ],
                        "སྣར་": [
                            "ལ་ དགོད་པ འི་ སླད་ དུ་",
                            "ཇི་ལྟར་",
                            "བླ་ ན་ མེད་པ་"
                        ]
                    }
                ]
            },
            {
                "19": [
                    {
                        "ཅོ་": [
                            "སངས་ མ་ རྒྱས་པ་ རྣམས་",
                            "ནི་",
                            "མངོན་པར་ རྫོགས་པ ར་ འཚང་"
                        ],
                        "པེ་": [
                            "སངས་ མ་ རྒྱས་པ་ རྣམས་",
                            "ནི་",
                            "མངོན་པར་ རྫོགས་པ ར་ འཚང་"
                        ],
                        "སྡེ་": [
                            "སངས་ མ་ རྒྱས་པ་ རྣམས་",
                            "ནི་",
                            "མངོན་པར་ རྫོགས་པ ར་ འཚང་"
                        ],
                        "སྣར་": [
                            "སངས་ མ་ རྒྱས་པ་ རྣམས་",
                            "",
                            "མངོན་པར་ རྫོགས་པ ར་ འཚང་"
                        ]
                    }
                ]
            },
            {
                "20": [
                    {
                        "ཅོ་": [
                            "པ་ དང་  །_ དཔུང་ གཉེན་",
                            "མ་",
                            "མཆིས་པ འི་ འཇིག་རྟེན་ གྱི་"
                        ],
                        "པེ་": [
                            "པ་ དང་  །_ དཔུང་ གཉེན་",
                            "",
                            "མཆིས་པ འི་ འཇིག་རྟེན་ གྱི་"
                        ],
                        "སྡེ་": [
                            "པ་ དང་  །_ དཔུང་ གཉེན་",
                            "མ་",
                            "མཆིས་པ འི་ འཇིག་རྟེན་ གྱི་"
                        ],
                        "སྣར་": [
                            "པ་ དང་  །_ དཔུང་ གཉེན་",
                            "མ་",
                            "མཆིས་པ འི་ འཇིག་རྟེན་ གྱི་"
                        ]
                    }
                ]
            }
        ],
        "short_diff": [
            {
                "10": [
                    {
                        "ཅོ་": [
                            "པོ་ དང་ ལྡན་པ་ དག་ བདག་",
                            "ལ་ དགོངས་",
                            "སུ་ གསོལ །_། དེ་ སྐད་"
                        ],
                        "པེ་": [
                            "པོ་ དང་ ལྡན་པ་ དག་ བདག་",
                            "བཞེས་",
                            "སུ་ གསོལ །_། དེ་ སྐད་"
                        ],
                        "སྡེ་": [
                            "པོ་ དང་ ལྡན་པ་ དག་ བདག་",
                            "བཞེས་",
                            "སུ་ གསོལ །_། དེ་ སྐད་"
                        ],
                        "སྣར་": [
                            "པོ་ དང་ ལྡན་པ་ དག་ བདག་",
                            "ལ་ བཞེས་",
                            "སུ་ གསོལ །_། དེ་ སྐད་"
                        ]
                    }
                ]
            },
            {
                "12": [
                    {
                        "ཅོ་": [
                            "དགྲ་བཅོམ་པ་",
                            "ཡང་དག་",
                            "རྫོགས་པ འི་ སངས་རྒྱས་ དག་"
                        ],
                        "པེ་": [
                            "དགྲ་བཅོམ་པ་",
                            "ཡང་དག་པར་",
                            "རྫོགས་པ འི་ སངས་རྒྱས་ དག་"
                        ],
                        "སྡེ་": [
                            "དགྲ་བཅོམ་པ་",
                            "ཡང་དག་",
                            "རྫོགས་པ འི་ སངས་རྒྱས་ དག་"
                        ],
                        "སྣར་": [
                            "དགྲ་བཅོམ་པ་",
                            "ཡང་དག་པར་",
                            "རྫོགས་པ འི་ སངས་རྒྱས་ དག་"
                        ]
                    }
                ]
            },
            {
                "21": [
                    {
                        "ཅོ་": [
                            "དང་  །_ བརྩོན་འགྲུས་",
                            "བརྩམ་པ་",
                            "དང་  །_ བསམ་གཏན་ ལ་"
                        ],
                        "པེ་": [
                            "དང་  །_ བརྩོན་འགྲུས་",
                            "བརྩམ་པ་",
                            "དང་  །_ བསམ་གཏན་ ལ་"
                        ],
                        "སྡེ་": [
                            "དང་  །_ བརྩོན་འགྲུས་",
                            "བརྩམ་པ་",
                            "དང་  །_ བསམ་གཏན་ ལ་"
                        ],
                        "སྣར་": [
                            "དང་  །_ བརྩོན་འགྲུས་",
                            "རྩོམ་",
                            "དང་  །_ བསམ་གཏན་ ལ་"
                        ]
                    }
                ]
            }
        ]
    },
    "empty_notes": [
        {
            "28": [
                {
                    "ཅོ་": [
                        "གཏན་ ལ་ ཕབ་པ འོ །། ",
                        "",
                        "གཏན་ ལ་ ཕབ་པ འོ །། "
                    ],
                    "པེ་": [
                        "གཏན་ ལ་ ཕབ་པ འོ །། ",
                        "",
                        "གཏན་ ལ་ ཕབ་པ འོ །། "
                    ],
                    "སྡེ་": [
                        "གཏན་ ལ་ ཕབ་པ འོ །། ",
                        "",
                        "གཏན་ ལ་ ཕབ་པ འོ །། "
                    ],
                    "སྣར་": [
                        "གཏན་ ལ་ ཕབ་པ འོ །། ",
                        "",
                        "གཏན་ ལ་ ཕབ་པ འོ །། "
                    ]
                }
            ]
        }
    ],
    "manual_categorisation": {
        "long_difference": {
            "differing_formulation": [],
            "major_modification": []
        },
        "manual_evaluation": {
            "derge_correct": [],
            "meaning_difference": {
                "great_diff": [],
                "medium_diff": [],
                "small_diff": []
            }
        }
    },
    "ngram_freq": {
        "1": {
            "ཅོ་": [],
            "པེ་": [],
            "སྡེ་": [],
            "སྣར་": []
        },
        "10": {
            "ཅོ་": [
                [
                    "ལ་དགོངས",
                    "495"
                ],
                [
                    "ལ་དགོངས་སུ",
                    "59"
                ],
                [
                    "བདག་ལ་དགོངས",
                    "70"
                ],
                [
                    "བདག་ལ་དགོངས་སུ",
                    "53"
                ],
                [
                    "བདག་ལ་དགོངས་སུ་གསོལ",
                    "53"
                ]
            ],
            "པེ་": [
                [
                    "བཞེས",
                    "19"
                ],
                [
                    "བཞེས་སུ",
                    "168"
                ]
            ],
            "སྡེ་": [
                [
                    "བཞེས",
                    "19"
                ],
                [
                    "བཞེས་སུ",
                    "168"
                ]
            ],
            "སྣར་": []
        },
        "11": {
            "ཅོ་": [
                [
                    "བཟླས",
                    "448"
                ],
                [
                    "བཟླས།_",
                    "59"
                ],
                [
                    "གསུམ་བཟླས",
                    "191"
                ]
            ],
            "པེ་": [
                [
                    "ཟླས",
                    "1"
                ]
            ],
            "སྡེ་": [
                [
                    "བཟླས",
                    "448"
                ],
                [
                    "བཟླས།_",
                    "59"
                ],
                [
                    "གསུམ་བཟླས",
                    "191"
                ]
            ],
            "སྣར་": [
                [
                    "བཟླས",
                    "448"
                ],
                [
                    "བཟླས།_",
                    "59"
                ],
                [
                    "གསུམ་བཟླས",
                    "191"
                ]
            ]
        },
        "12": {
            "ཅོ་": [
                [
                    "ཡང་དག",
                    "71201"
                ],
                [
                    "དགྲ་བཅོམ་པ་ཡང་དག",
                    "6777"
                ]
            ],
            "པེ་": [
                [
                    "ཡང་དག་པར",
                    "52698"
                ],
                [
                    "དགྲ་བཅོམ་པ་ཡང་དག་པར",
                    "6772"
                ],
                [
                    "དགྲ་བཅོམ་པ་ཡང་དག་པར་རྫོགས་པའི",
                    "6746"
                ],
                [
                    "དགྲ་བཅོམ་པ་ཡང་དག་པར་རྫོགས་པའི་སངས་རྒྱས",
                    "42"
                ]
            ],
            "སྡེ་": [
                [
                    "ཡང་དག",
                    "71201"
                ],
                [
                    "དགྲ་བཅོམ་པ་ཡང་དག",
                    "6777"
                ]
            ],
            "སྣར་": [
                [
                    "ཡང་དག་པར",
                    "52698"
                ],
                [
                    "དགྲ་བཅོམ་པ་ཡང་དག་པར",
                    "6772"
                ],
                [
                    "དགྲ་བཅོམ་པ་ཡང་དག་པར་རྫོགས་པའི",
                    "6746"
                ],
                [
                    "དགྲ་བཅོམ་པ་ཡང་དག་པར་རྫོགས་པའི་སངས་རྒྱས",
                    "42"
                ]
            ]
        },
        "13": {
            "ཅོ་": [
                [
                    "ཅི་ལྟར",
                    "908"
                ]
            ],
            "པེ་": [
                [
                    "ཇི་ལྟར",
                    "160"
                ],
                [
                    "ཇི་ལྟར་བླ",
                    "42"
                ],
                [
                    "དུ་ཇི་ལྟར",
                    "252"
                ]
            ],
            "སྡེ་": [
                [
                    "ཅི་ལྟར",
                    "908"
                ]
            ],
            "སྣར་": [
                [
                    "ཇི་ལྟར",
                    "160"
                ],
                [
                    "ཇི་ལྟར་བླ",
                    "42"
                ],
                [
                    "དུ་ཇི་ལྟར",
                    "252"
                ]
            ]
        },
        "14": {
            "ཅོ་": [
                [
                    "བགྱིས",
                    "960"
                ],
                [
                    "བགྱིས་ཏེ",
                    "343"
                ]
            ],
            "པེ་": [
                [
                    "གྱིས",
                    "7492"
                ],
                [
                    "གྱིས་ཏེ",
                    "49"
                ]
            ],
            "སྡེ་": [
                [
                    "བགྱིས",
                    "960"
                ],
                [
                    "བགྱིས་ཏེ",
                    "343"
                ]
            ],
            "སྣར་": [
                [
                    "བགྱིས",
                    "960"
                ],
                [
                    "བགྱིས་ཏེ",
                    "343"
                ]
            ]
        },
        "15": {
            "ཅོ་": [
                [
                    "མགྲོན",
                    "442"
                ],
                [
                    "མགྲོན་དུ",
                    "391"
                ]
            ],
            "པེ་": [
                [
                    "འགྲོན",
                    "387"
                ],
                [
                    "འགྲོན་དུ",
                    "43"
                ]
            ],
            "སྡེ་": [
                [
                    "མགྲོན",
                    "442"
                ],
                [
                    "མགྲོན་དུ",
                    "391"
                ]
            ],
            "སྣར་": [
                [
                    "འགྲོན",
                    "387"
                ],
                [
                    "འགྲོན་དུ",
                    "43"
                ]
            ]
        },
        "16": {
            "ཅོ་": [
                [
                    "བགྱིད་པ",
                    "523"
                ],
                [
                    "།_བགྱིད་པ",
                    "85"
                ],
                [
                    "བགྱིད་པ་དང",
                    "822"
                ]
            ],
            "པེ་": [
                [
                    "བགྱིད་པ",
                    "523"
                ],
                [
                    "།_བགྱིད་པ",
                    "85"
                ],
                [
                    "བགྱིད་པ་དང",
                    "822"
                ]
            ],
            "སྡེ་": [
                [
                    "བགྱིད་པ",
                    "523"
                ],
                [
                    "།_བགྱིད་པ",
                    "85"
                ],
                [
                    "བགྱིད་པ་དང",
                    "822"
                ]
            ],
            "སྣར་": [
                [
                    "བགྱིས་པ",
                    "122"
                ],
                [
                    "བགྱིས་པ་དང",
                    "335"
                ]
            ]
        },
        "17": {
            "ཅོ་": [],
            "པེ་": [
                [
                    "རྒལ་བ",
                    "52"
                ],
                [
                    "མ་རྒལ་བ",
                    "71"
                ]
            ],
            "སྡེ་": [],
            "སྣར་": [
                [
                    "རྒལ་བ",
                    "52"
                ],
                [
                    "མ་རྒལ་བ",
                    "71"
                ]
            ]
        },
        "18": {
            "ཅོ་": [
                [
                    "བསྒྲལ",
                    "117"
                ],
                [
                    "ནི་བསྒྲལ",
                    "54"
                ]
            ],
            "པེ་": [
                [
                    "སྒྲལ",
                    "2"
                ]
            ],
            "སྡེ་": [
                [
                    "བསྒྲལ",
                    "117"
                ],
                [
                    "ནི་བསྒྲལ",
                    "54"
                ]
            ],
            "སྣར་": [
                [
                    "སྒྲལ",
                    "2"
                ]
            ]
        },
        "19": {
            "ཅོ་": [
                [
                    "ནི",
                    "44237"
                ],
                [
                    "རྣམས་ནི",
                    "8962"
                ],
                [
                    "ནི་མངོན་པར",
                    "946"
                ],
                [
                    "རྣམས་ནི་མངོན་པར",
                    "62"
                ]
            ],
            "པེ་": [
                [
                    "ནི",
                    "44237"
                ],
                [
                    "རྣམས་ནི",
                    "8962"
                ],
                [
                    "ནི་མངོན་པར",
                    "946"
                ],
                [
                    "རྣམས་ནི་མངོན་པར",
                    "62"
                ]
            ],
            "སྡེ་": [
                [
                    "ནི",
                    "44237"
                ],
                [
                    "རྣམས་ནི",
                    "8962"
                ],
                [
                    "ནི་མངོན་པར",
                    "946"
                ],
                [
                    "རྣམས་ནི་མངོན་པར",
                    "62"
                ]
            ],
            "སྣར་": [
                [
                    "",
                    "1"
                ],
                [
                    "རྣམས",
                    "5469"
                ],
                [
                    "མངོན་པར",
                    "39731"
                ],
                [
                    "རྣམས་མངོན་པར",
                    "577"
                ]
            ]
        },
        "2": {
            "ཅོ་": [
                [
                    "ན",
                    "73509"
                ],
                [
                    "འཁོར་བ་ན",
                    "357"
                ],
                [
                    "ན་འཁོར་བ",
                    "49"
                ],
                [
                    "འཁོར་བ་ན་འཁོར་བའི",
                    "40"
                ]
            ],
            "པེ་": [
                [
                    "",
                    "1"
                ],
                [
                    "འཁོར་བ",
                    "43"
                ]
            ],
            "སྡེ་": [
                [
                    "ན",
                    "73509"
                ],
                [
                    "འཁོར་བ་ན",
                    "357"
                ],
                [
                    "ན་འཁོར་བ",
                    "49"
                ],
                [
                    "འཁོར་བ་ན་འཁོར་བའི",
                    "40"
                ]
            ],
            "སྣར་": [
                [
                    "",
                    "1"
                ],
                [
                    "འཁོར་བ",
                    "43"
                ]
            ]
        },
        "20": {
            "ཅོ་": [
                [
                    "མ",
                    "4286"
                ],
                [
                    "གཉེན་མ",
                    "159"
                ],
                [
                    "མ་མཆིས་པ",
                    "316"
                ]
            ],
            "པེ་": [
                [
                    "",
                    "1"
                ],
                [
                    "གཉེན",
                    "25"
                ],
                [
                    "མཆིས་པ",
                    "386"
                ]
            ],
            "སྡེ་": [
                [
                    "མ",
                    "4286"
                ],
                [
                    "གཉེན་མ",
                    "159"
                ],
                [
                    "མ་མཆིས་པ",
                    "316"
                ]
            ],
            "སྣར་": [
                [
                    "མ",
                    "4286"
                ],
                [
                    "གཉེན་མ",
                    "159"
                ],
                [
                    "མ་མཆིས་པ",
                    "316"
                ]
            ]
        },
        "21": {
            "ཅོ་": [
                [
                    "བརྩམ་པ",
                    "99"
                ]
            ],
            "པེ་": [
                [
                    "བརྩམ་པ",
                    "99"
                ]
            ],
            "སྡེ་": [
                [
                    "བརྩམ་པ",
                    "99"
                ]
            ],
            "སྣར་": [
                [
                    "རྩོམ",
                    "70"
                ],
                [
                    "བརྩོན་འགྲུས་རྩོམ",
                    "40"
                ]
            ]
        },
        "22": {
            "ཅོ་": [
                [
                    "གཞག་པ",
                    "101"
                ],
                [
                    "གཞག་པ་དང",
                    "305"
                ],
                [
                    "མཉམ་པར་གཞག་པ་དང",
                    "64"
                ],
                [
                    "ལ་མཉམ་པར་གཞག་པ་དང",
                    "44"
                ],
                [
                    "མཉམ་པར་གཞག་པ་དང་།_",
                    "57"
                ],
                [
                    "ལ་མཉམ་པར་གཞག་པ་དང་།_",
                    "42"
                ]
            ],
            "པེ་": [
                [
                    "བཞག་པ",
                    "107"
                ],
                [
                    "བཞག་པ་དང",
                    "202"
                ]
            ],
            "སྡེ་": [
                [
                    "གཞག་པ",
                    "101"
                ],
                [
                    "གཞག་པ་དང",
                    "305"
                ],
                [
                    "མཉམ་པར་གཞག་པ་དང",
                    "64"
                ],
                [
                    "ལ་མཉམ་པར་གཞག་པ་དང",
                    "44"
                ],
                [
                    "མཉམ་པར་གཞག་པ་དང་།_",
                    "57"
                ],
                [
                    "ལ་མཉམ་པར་གཞག་པ་དང་།_",
                    "42"
                ]
            ],
            "སྣར་": [
                [
                    "བཞག་པ",
                    "107"
                ],
                [
                    "བཞག་པ་དང",
                    "202"
                ]
            ]
        },
        "23": {
            "ཅོ་": [
                [
                    "དཔྱོད་པ",
                    "665"
                ],
                [
                    "དཔྱོད་པ་དང",
                    "230"
                ],
                [
                    "རྣམ་པར་དཔྱོད་པ",
                    "181"
                ],
                [
                    "རྣམ་པར་དཔྱོད་པ་དང",
                    "45"
                ]
            ],
            "པེ་": [
                [
                    "སྤྱོད་པ",
                    "809"
                ],
                [
                    "སྤྱོད་པ་དང",
                    "72"
                ],
                [
                    "རྣམ་པར་སྤྱོད་པ",
                    "73"
                ],
                [
                    "རྣམ་པར་སྤྱོད་པ་དང",
                    "44"
                ]
            ],
            "སྡེ་": [
                [
                    "དཔྱོད་པ",
                    "665"
                ],
                [
                    "དཔྱོད་པ་དང",
                    "230"
                ],
                [
                    "རྣམ་པར་དཔྱོད་པ",
                    "181"
                ],
                [
                    "རྣམ་པར་དཔྱོད་པ་དང",
                    "45"
                ]
            ],
            "སྣར་": [
                [
                    "སྤྱོད་པ",
                    "809"
                ],
                [
                    "སྤྱོད་པ་དང",
                    "72"
                ],
                [
                    "རྣམ་པར་སྤྱོད་པ",
                    "73"
                ],
                [
                    "རྣམ་པར་སྤྱོད་པ་དང",
                    "44"
                ]
            ]
        },
        "24": {
            "ཅོ་": [
                [
                    "ཀྱིས",
                    "6156"
                ],
                [
                    "ཀྱིས།_།",
                    "3361"
                ],
                [
                    "ཐམས་ཅད་ཀྱིས",
                    "433"
                ],
                [
                    "ཐམས་ཅད་ཀྱིས།_།",
                    "353"
                ]
            ],
            "པེ་": [
                [
                    "ཀྱི",
                    "5256"
                ],
                [
                    "ཀྱི།_།",
                    "2371"
                ],
                [
                    "ཐམས་ཅད་ཀྱི",
                    "721"
                ],
                [
                    "ཐམས་ཅད་ཀྱི།_།",
                    "666"
                ]
            ],
            "སྡེ་": [
                [
                    "ཀྱིས",
                    "6156"
                ],
                [
                    "ཀྱིས།_།",
                    "3361"
                ],
                [
                    "ཐམས་ཅད་ཀྱིས",
                    "433"
                ],
                [
                    "ཐམས་ཅད་ཀྱིས།_།",
                    "353"
                ]
            ],
            "སྣར་": [
                [
                    "ཀྱི",
                    "5256"
                ],
                [
                    "ཀྱི།_།",
                    "2371"
                ],
                [
                    "ཐམས་ཅད་ཀྱི",
                    "721"
                ],
                [
                    "ཐམས་ཅད་ཀྱི།_།",
                    "666"
                ]
            ]
        },
        "25": {
            "ཅོ་": [
                [
                    "སྟོ",
                    "16"
                ]
            ],
            "པེ་": [
                [
                    "སོ",
                    "40406"
                ],
                [
                    "སོ།།_།།",
                    "1472"
                ],
                [
                    "རྫོགས་སོ",
                    "120"
                ],
                [
                    "རྫོགས་སོ།།_།།",
                    "1081"
                ],
                [
                    "རྫོགས་སོ།།_།།རྒྱ་གར",
                    "340"
                ]
            ],
            "སྡེ་": [
                [
                    "སྷོ",
                    "712"
                ],
                [
                    "སྷོ།།_།།",
                    "600"
                ],
                [
                    "རྫོགས་སྷོ",
                    "710"
                ],
                [
                    "རྫོགས་སྷོ།།_།།",
                    "598"
                ],
                [
                    "རྫོགས་སྷོ།།_།།རྒྱ་གར",
                    "59"
                ]
            ],
            "སྣར་": [
                [
                    "སོ",
                    "40406"
                ],
                [
                    "སོ།།_།།",
                    "1472"
                ],
                [
                    "རྫོགས་སོ",
                    "120"
                ],
                [
                    "རྫོགས་སོ།།_།།",
                    "1081"
                ],
                [
                    "རྫོགས་སོ།།_།།རྒྱ་གར",
                    "340"
                ]
            ]
        },
        "26": {
            "ཅོ་": [],
            "པེ་": [
                [
                    "རེནྟྲ",
                    "1"
                ]
            ],
            "སྡེ་": [],
            "སྣར་": [
                [
                    "རེནྟྲ",
                    "1"
                ]
            ]
        },
        "27": {
            "ཅོ་": [
                [
                    "ལོ་ཙཱ་བ",
                    "58"
                ]
            ],
            "པེ་": [
                [
                    "ལོཙྪ་བ",
                    "236"
                ],
                [
                    "ལོཙྪ་བ་བན",
                    "82"
                ],
                [
                    "གྱི་ལོཙྪ་བ",
                    "144"
                ],
                [
                    "གྱི་ལོཙྪ་བ་བན",
                    "70"
                ],
                [
                    "གྱི་ལོཙྪ་བ་བན་དེ",
                    "70"
                ],
                [
                    "ཆེན་གྱི་ལོཙྪ་བ་བན",
                    "70"
                ],
                [
                    "ཆེན་གྱི་ལོཙྪ་བ་བན་དེ",
                    "70"
                ],
                [
                    "ཞུ་ཆེན་གྱི་ལོཙྪ་བ་བན་དེ",
                    "69"
                ],
                [
                    "ཆེན་གྱི་ལོཙྪ་བ་བན་དེ་ཡེ་ཤེས",
                    "53"
                ],
                [
                    "ཞུ་ཆེན་གྱི་ལོཙྪ་བ་བན་དེ་ཡེ་ཤེས",
                    "52"
                ],
                [
                    "།_ཞུ་ཆེན་གྱི་ལོཙྪ་བ་བན་དེ་ཡེ་ཤེས",
                    "50"
                ]
            ],
            "སྡེ་": [
                [
                    "ལོ་ཙཱ་བ",
                    "58"
                ]
            ],
            "སྣར་": [
                [
                    "ལོཙྪ་བ",
                    "236"
                ],
                [
                    "ལོཙྪ་བ་བན",
                    "82"
                ],
                [
                    "གྱི་ལོཙྪ་བ",
                    "144"
                ],
                [
                    "གྱི་ལོཙྪ་བ་བན",
                    "70"
                ],
                [
                    "གྱི་ལོཙྪ་བ་བན་དེ",
                    "70"
                ],
                [
                    "ཆེན་གྱི་ལོཙྪ་བ་བན",
                    "70"
                ],
                [
                    "ཆེན་གྱི་ལོཙྪ་བ་བན་དེ",
                    "70"
                ],
                [
                    "ཞུ་ཆེན་གྱི་ལོཙྪ་བ་བན་དེ",
                    "69"
                ],
                [
                    "ཆེན་གྱི་ལོཙྪ་བ་བན་དེ་ཡེ་ཤེས",
                    "53"
                ],
                [
                    "ཞུ་ཆེན་གྱི་ལོཙྪ་བ་བན་དེ་ཡེ་ཤེས",
                    "52"
                ],
                [
                    "།_ཞུ་ཆེན་གྱི་ལོཙྪ་བ་བན་དེ་ཡེ་ཤེས",
                    "50"
                ]
            ]
        },
        "28": {
            "ཅོ་": [
                [
                    "",
                    "1"
                ],
                [
                    "གཏན",
                    "12"
                ],
                [
                    "གཏན་ལ",
                    "1245"
                ]
            ],
            "པེ་": [
                [
                    "",
                    "1"
                ],
                [
                    "གཏན",
                    "12"
                ],
                [
                    "གཏན་ལ",
                    "1245"
                ]
            ],
            "སྡེ་": [
                [
                    "",
                    "1"
                ],
                [
                    "གཏན",
                    "12"
                ],
                [
                    "གཏན་ལ",
                    "1245"
                ]
            ],
            "སྣར་": [
                [
                    "",
                    "1"
                ],
                [
                    "གཏན",
                    "12"
                ],
                [
                    "གཏན་ལ",
                    "1245"
                ]
            ]
        },
        "3": {
            "ཅོ་": [
                [
                    "བགྱིད་པ",
                    "523"
                ],
                [
                    "བགྱིད་པ་དང",
                    "822"
                ],
                [
                    "ལས་བགྱིད་པ",
                    "77"
                ]
            ],
            "པེ་": [
                [
                    "བགྱིས་པ",
                    "122"
                ],
                [
                    "བགྱིས་པ་དང",
                    "335"
                ],
                [
                    "ལས་བགྱིས་པ",
                    "106"
                ]
            ],
            "སྡེ་": [
                [
                    "བགྱིད་པ",
                    "523"
                ],
                [
                    "བགྱིད་པ་དང",
                    "822"
                ],
                [
                    "ལས་བགྱིད་པ",
                    "77"
                ]
            ],
            "སྣར་": [
                [
                    "བགྱིས་པ",
                    "122"
                ],
                [
                    "བགྱིས་པ་དང",
                    "335"
                ],
                [
                    "ལས་བགྱིས་པ",
                    "106"
                ]
            ]
        },
        "4": {
            "ཅོ་": [],
            "པེ་": [
                [
                    "བཤགས་པར",
                    "570"
                ]
            ],
            "སྡེ་": [],
            "སྣར་": [
                [
                    "བཤགས་པར",
                    "570"
                ]
            ]
        },
        "5": {
            "ཅོ་": [],
            "པེ་": [
                [
                    "རང་ངོ",
                    "260"
                ],
                [
                    "ཡི་རང་ངོ",
                    "224"
                ]
            ],
            "སྡེ་": [],
            "སྣར་": [
                [
                    "རང་ངོ",
                    "260"
                ],
                [
                    "ཡི་རང་ངོ",
                    "224"
                ]
            ]
        },
        "6": {
            "ཅོ་": [
                [
                    "",
                    "1"
                ],
                [
                    "ཆོས",
                    "602"
                ],
                [
                    "ཞི་བ",
                    "322"
                ]
            ],
            "པེ་": [
                [
                    "",
                    "1"
                ],
                [
                    "ཆོས",
                    "602"
                ],
                [
                    "ཞི་བ",
                    "322"
                ]
            ],
            "སྡེ་": [
                [
                    "",
                    "1"
                ],
                [
                    "ཆོས",
                    "602"
                ],
                [
                    "ཞི་བ",
                    "322"
                ]
            ],
            "སྣར་": [
                [
                    "ལ",
                    "33965"
                ],
                [
                    "ལ་ཆོས",
                    "5043"
                ],
                [
                    "ཞི་བ་ལ",
                    "316"
                ]
            ]
        },
        "7": {
            "ཅོ་": [
                [
                    "སོ་སོར",
                    "6579"
                ]
            ],
            "པེ་": [
                [
                    "སོ་སོ",
                    "10614"
                ],
                [
                    "སོ་སོ་རང",
                    "280"
                ]
            ],
            "སྡེ་": [
                [
                    "སོ་སོར",
                    "6579"
                ]
            ],
            "སྣར་": [
                [
                    "སོ་སོ",
                    "10614"
                ],
                [
                    "སོ་སོ་རང",
                    "280"
                ]
            ]
        },
        "8": {
            "ཅོ་": [
                [
                    "བཟུང",
                    "11"
                ],
                [
                    "ནས་བཟུང",
                    "739"
                ],
                [
                    "བཟུང་སྟེ",
                    "612"
                ],
                [
                    "ནས་བཟུང་སྟེ",
                    "229"
                ]
            ],
            "པེ་": [
                [
                    "གཟུང",
                    "5"
                ],
                [
                    "ནས་གཟུང",
                    "54"
                ]
            ],
            "སྡེ་": [
                [
                    "བཟུང",
                    "11"
                ],
                [
                    "ནས་བཟུང",
                    "739"
                ],
                [
                    "བཟུང་སྟེ",
                    "612"
                ],
                [
                    "ནས་བཟུང་སྟེ",
                    "229"
                ]
            ],
            "སྣར་": [
                [
                    "གཟུང",
                    "5"
                ],
                [
                    "ནས་གཟུང",
                    "54"
                ]
            ]
        },
        "9": {
            "ཅོ་": [
                [
                    "དབུལ",
                    "442"
                ],
                [
                    "དབུལ་ཞིང",
                    "157"
                ]
            ],
            "པེ་": [
                [
                    "འབུལ",
                    "125"
                ],
                [
                    "འབུལ་ཞིང",
                    "63"
                ]
            ],
            "སྡེ་": [
                [
                    "དབུལ",
                    "442"
                ],
                [
                    "དབུལ་ཞིང",
                    "157"
                ]
            ],
            "སྣར་": [
                [
                    "འབུལ",
                    "125"
                ],
                [
                    "འབུལ་ཞིང",
                    "63"
                ]
            ]
        }
    },
    "non_standard_notes": [],
    "profile": {
        "1": [
            "ཅོ་=སྡེ་ པེ་=སྣར་",
            "64.29%"
        ],
        "10": [
            "ཅོ་ པེ་=སྡེ་ སྣར་",
            "3.57%"
        ],
        "11": [
            "ཅོ་=སྡེ་=སྣར་ པེ་",
            "10.71%"
        ],
        "12": [
            "ཅོ་=སྡེ་ པེ་=སྣར་",
            "64.29%"
        ],
        "13": [
            "ཅོ་=སྡེ་ པེ་=སྣར་",
            "64.29%"
        ],
        "14": [
            "ཅོ་=སྡེ་=སྣར་ པེ་",
            "10.71%"
        ],
        "15": [
            "ཅོ་=སྡེ་ པེ་=སྣར་",
            "64.29%"
        ],
        "16": [
            "ཅོ་=པེ་=སྡེ་ སྣར་",
            "14.29%"
        ],
        "17": [
            "ཅོ་=སྡེ་ པེ་=སྣར་",
            "64.29%"
        ],
        "18": [
            "ཅོ་=སྡེ་ པེ་=སྣར་",
            "64.29%"
        ],
        "19": [
            "ཅོ་=པེ་=སྡེ་ སྣར་",
            "14.29%"
        ],
        "2": [
            "ཅོ་=སྡེ་ པེ་=སྣར་",
            "64.29%"
        ],
        "20": [
            "ཅོ་=སྡེ་=སྣར་ པེ་",
            "10.71%"
        ],
        "21": [
            "ཅོ་=པེ་=སྡེ་ སྣར་",
            "14.29%"
        ],
        "22": [
            "ཅོ་=སྡེ་ པེ་=སྣར་",
            "64.29%"
        ],
        "23": [
            "ཅོ་=སྡེ་ པེ་=སྣར་",
            "64.29%"
        ],
        "24": [
            "ཅོ་=སྡེ་ པེ་=སྣར་",
            "64.29%"
        ],
        "25": [
            "ཅོ་ པེ་=སྣར་ སྡེ་",
            "3.57%"
        ],
        "26": [
            "ཅོ་=སྡེ་ པེ་=སྣར་",
            "64.29%"
        ],
        "27": [
            "ཅོ་=སྡེ་ པེ་=སྣར་",
            "64.29%"
        ],
        "28": [
            "ཅོ་=པེ་=སྡེ་=སྣར་",
            "3.57%"
        ],
        "3": [
            "ཅོ་=སྡེ་ པེ་=སྣར་",
            "64.29%"
        ],
        "4": [
            "ཅོ་=སྡེ་ པེ་=སྣར་",
            "64.29%"
        ],
        "5": [
            "ཅོ་=སྡེ་ པེ་=སྣར་",
            "64.29%"
        ],
        "6": [
            "ཅོ་=པེ་=སྡེ་ སྣར་",
            "14.29%"
        ],
        "7": [
            "ཅོ་=སྡེ་ པེ་=སྣར་",
            "64.29%"
        ],
        "8": [
            "ཅོ་=སྡེ་ པེ་=སྣར་",
            "64.29%"
        ],
        "9": [
            "ཅོ་=སྡེ་ པེ་=སྣར་",
            "64.29%"
        ]
    }
}