﻿{
    "Stats": {
        "Categorised": "1 notes (50.00%)",
        "Notes’ total": 2,
        "Profiles": [
            "པེ་=སྣར་ སྡེ་: 50.00% (1 notes)",
            "པེ་=སྡེ་=སྣར་: 50.00% (1 notes)"
        ],
        "automatic_categorisation": {
            "min_mod": {},
            "particle_issues": {},
            "spelling_mistake": {
                "non_word": {}
            },
            "verb_difference": {}
        },
        "dunno": {
            "no_diff": 1
        },
        "empty_notes": 1,
        "manual_categorisation": {
            "long_difference": {},
            "manual_evaluation": {
                "meaning_difference": {}
            }
        },
        "ngram_freq": {},
        "profile": {}
    },
    "automatic_categorisation": {
        "min_mod": {
            "min_mod_groups": [],
            "particle_groups": []
        },
        "particle_issues": {
            "added_particle": [],
            "agreement_issue": [],
            "different_particles": [],
            "other": [],
            "po-bo-pa-ba": []
        },
        "spelling_mistake": {
            "missing_vowel": [],
            "nga_da": [],
            "non_word": {
                "ill_formed": [],
                "well_formed": []
            }
        },
        "sskrt": [],
        "verb_difference": {
            "diff_tense": [],
            "diff_verb": [],
            "not_sure": []
        }
    },
    "dunno": {
        "long_diff": [],
        "no_diff": [
            {
                "1": [
                    {
                        "པེ་": [
                            "འཚལ་ ལོ །_། དངོས་པོ་",
                            "རྣམ་",
                            "གཅིག་པ་ ཉིད་ མ་ ཡིན་"
                        ],
                        "སྡེ་": [
                            "འཚལ་ ལོ །_། དངོས་པོ་",
                            "རྣམས་",
                            "གཅིག་པ་ ཉིད་ མ་ ཡིན་"
                        ],
                        "སྣར་": [
                            "འཚལ་ ལོ །_། དངོས་པོ་",
                            "རྣམ་",
                            "གཅིག་པ་ ཉིད་ མ་ ཡིན་"
                        ]
                    }
                ]
            }
        ],
        "short_diff": []
    },
    "empty_notes": [
        {
            "2": [
                {
                    "པེ་": [
                        "བརྒྱ་པ་ རྫོགས་ སོ །། ",
                        "",
                        "བརྒྱ་པ་ རྫོགས་ སོ །། "
                    ],
                    "སྡེ་": [
                        "བརྒྱ་པ་ རྫོགས་ སོ །། ",
                        "",
                        "བརྒྱ་པ་ རྫོགས་ སོ །། "
                    ],
                    "སྣར་": [
                        "བརྒྱ་པ་ རྫོགས་ སོ །། ",
                        "",
                        "བརྒྱ་པ་ རྫོགས་ སོ །། "
                    ]
                }
            ]
        }
    ],
    "manual_categorisation": {
        "long_difference": {
            "differing_formulation": [],
            "major_modification": []
        },
        "manual_evaluation": {
            "derge_correct": [],
            "meaning_difference": {
                "great_diff": [],
                "medium_diff": [],
                "small_diff": []
            }
        }
    },
    "ngram_freq": {
        "1": {
            "པེ་": [
                [
                    "རྣམ",
                    "1"
                ],
                [
                    "དངོས་པོ་རྣམ",
                    "138"
                ]
            ],
            "སྡེ་": [
                [
                    "རྣམས",
                    "5469"
                ],
                [
                    "དངོས་པོ་རྣམས",
                    "180"
                ]
            ],
            "སྣར་": [
                [
                    "རྣམ",
                    "1"
                ],
                [
                    "དངོས་པོ་རྣམ",
                    "138"
                ]
            ]
        },
        "2": {
            "པེ་": [
                [
                    "",
                    "1"
                ],
                [
                    "བརྒྱ་པ",
                    "348"
                ]
            ],
            "སྡེ་": [
                [
                    "",
                    "1"
                ],
                [
                    "བརྒྱ་པ",
                    "348"
                ]
            ],
            "སྣར་": [
                [
                    "",
                    "1"
                ],
                [
                    "བརྒྱ་པ",
                    "348"
                ]
            ]
        }
    },
    "non_standard_notes": [],
    "profile": {
        "1": [
            "པེ་=སྣར་ སྡེ་",
            "50.00%"
        ],
        "2": [
            "པེ་=སྡེ་=སྣར་",
            "50.00%"
        ]
    }
}