﻿{
    "Stats": {
        "Categorised": "10 notes (62.50%)",
        "Notes’ total": 16,
        "Profiles": [
            "པེ་=སྣར་ སྡེ་: 87.50% (14 notes)",
            "པེ་=སྡེ་=སྣར་: 6.25% (1 notes)",
            "པེ་=སྡེ་ སྣར་: 6.25% (1 notes)"
        ],
        "automatic_categorisation": {
            "min_mod": {
                "particle_groups": 1
            },
            "particle_issues": {},
            "spelling_mistake": {
                "non_word": {
                    "ill_formed": 1,
                    "well_formed": 2
                }
            },
            "sskrt": 1,
            "verb_difference": {
                "diff_tense": 4
            }
        },
        "dunno": {
            "no_diff": 5,
            "short_diff": 1
        },
        "empty_notes": 1,
        "manual_categorisation": {
            "long_difference": {},
            "manual_evaluation": {
                "meaning_difference": {}
            }
        },
        "ngram_freq": {},
        "profile": {}
    },
    "automatic_categorisation": {
        "min_mod": {
            "min_mod_groups": [],
            "particle_groups": [
                {
                    "8": [
                        [
                            "dreldra",
                            "jedra"
                        ],
                        {
                            "པེ་": [
                                "དེ་ལྟར་ གཉིས་ མེད་ ལམ་",
                                "གྱིས་",
                                "ནི །_། དེ་ཉིད་ དུ་"
                            ],
                            "སྡེ་": [
                                "དེ་ལྟར་ གཉིས་ མེད་ ལམ་",
                                "གྱི་",
                                "ནི །_། དེ་ཉིད་ དུ་"
                            ],
                            "སྣར་": [
                                "དེ་ལྟར་ གཉིས་ མེད་ ལམ་",
                                "གྱིས་",
                                "ནི །_། དེ་ཉིད་ དུ་"
                            ]
                        }
                    ]
                }
            ]
        },
        "particle_issues": {
            "added_particle": [],
            "agreement_issue": [],
            "different_particles": [],
            "other": [],
            "po-bo-pa-ba": []
        },
        "spelling_mistake": {
            "missing_vowel": [],
            "nga_da": [],
            "non_word": {
                "ill_formed": [
                    {
                        "12": [
                            {
                                "པེ་": [
                                    "མེད་ དུ་ ནི་ ཤིན་ཏུ་",
                                    "བསལ །__། ད་ལྟ ར་",
                                    "རྣམ་ རྟོག་ གང་ བྱུང་"
                                ],
                                "སྡེ་": [
                                    "མེད་ དུ་ ནི་ ཤིན་ཏུ་",
                                    "གསལ །_། དེ་ལྟར་",
                                    "རྣམ་ རྟོག་ གང་ བྱུང་"
                                ],
                                "སྣར་": [
                                    "མེད་ དུ་ ནི་ ཤིན་ཏུ་",
                                    "བསལ །__། ད་ལྟ ར་",
                                    "རྣམ་ རྟོག་ གང་ བྱུང་"
                                ]
                            }
                        ]
                    }
                ],
                "well_formed": [
                    {
                        "13": [
                            {
                                "པེ་": [
                                    "པ ས་ ཡོད་པ ར་ བཤད །_།",
                                    "#རྫུན་",
                                    "གྱི་ ང་རྒྱལ་ འཇིག་རྟེན་"
                                ],
                                "སྡེ་": [
                                    "པ ས་ ཡོད་པ ར་ བཤད །_།",
                                    "བརྫུན་",
                                    "གྱི་ ང་རྒྱལ་ འཇིག་རྟེན་"
                                ],
                                "སྣར་": [
                                    "པ ས་ ཡོད་པ ར་ བཤད །_།",
                                    "#རྫུན་",
                                    "གྱི་ ང་རྒྱལ་ འཇིག་རྟེན་"
                                ]
                            }
                        ]
                    },
                    {
                        "15": [
                            {
                                "པེ་": [
                                    " །_། གང་ སྣང་ ཐམས་ཅད་",
                                    "#རྫུན་",
                                    "དུ་ བཤད །_། འཇིག་རྟེན་"
                                ],
                                "སྡེ་": [
                                    " །_། གང་ སྣང་ ཐམས་ཅད་",
                                    "བརྫུན་",
                                    "དུ་ བཤད །_། འཇིག་རྟེན་"
                                ],
                                "སྣར་": [
                                    " །_། གང་ སྣང་ ཐམས་ཅད་",
                                    "#རྫུན་",
                                    "དུ་ བཤད །_། འཇིག་རྟེན་"
                                ]
                            }
                        ]
                    }
                ]
            }
        },
        "sskrt": [
            {
                "1": [
                    {
                        "པེ་": [
                            "དུ །_། #བྷ་བ་ #སཾ་",
                            "#ཀྲནྟི",
                            "_། བོད་ སྐད་ དུ །_། "
                        ],
                        "སྡེ་": [
                            "དུ །_། #བྷ་བ་ #སཾ་",
                            "#ཀྲཱནྟི",
                            "_། བོད་ སྐད་ དུ །_། "
                        ],
                        "སྣར་": [
                            "དུ །_། #བྷ་བ་ #སཾ་",
                            "#ཀྲནྟི",
                            "_། བོད་ སྐད་ དུ །_། "
                        ]
                    }
                ]
            }
        ],
        "verb_difference": {
            "diff_tense": [
                {
                    "2": [
                        [
                            "《བསམས》ཞེས་པ།【〈སེམས〉གི་ འདས་པ། ཐ་དད་པ།】",
                            "《བསམ》ཞེས་པ།【〈སེམས〉གི་ མ་འོངས་པ། ཐ་དད་པ།】"
                        ],
                        {
                            "པེ་": [
                                "བསམ་པ །_། དེ་ལྟར་",
                                "བསམས་པ་",
                                "འཁྲུལ་བ་ ཡིན །_། "
                            ],
                            "སྡེ་": [
                                "བསམ་པ །_། དེ་ལྟར་",
                                "བསམ་པ་",
                                "འཁྲུལ་བ་ ཡིན །_། "
                            ],
                            "སྣར་": [
                                "བསམ་པ །_། དེ་ལྟར་",
                                "བསམས་པ་",
                                "འཁྲུལ་བ་ ཡིན །_། "
                            ]
                        }
                    ]
                },
                {
                    "5": [
                        [
                            "《བྱུང》ཞེས་པ།【〈འབྱུང〉གི་ འདས་པ། ཐ་མི་དད་པ།】",
                            "《འབྱུང》ཞེས་པ།【〈འབྱུང〉གི་ ད་ལྟ་བ། ཐ་མི་དད་པ།】【〈འབྱུང〉གི་ མ་འོངས་པ། ཐ་མི་དད་པ།】"
                        ],
                        {
                            "པེ་": [
                                "རྟོག་ ལས་ ནི་ འཇིག་རྟེན་",
                                "འབྱུང་",
                                " _།། རྣམ་ རྟོག་ དེ་ ལས་"
                            ],
                            "སྡེ་": [
                                "རྟོག་ ལས་ ནི་ འཇིག་རྟེན་",
                                "འབྱུང་",
                                " _།། རྣམ་ རྟོག་ དེ་ ལས་"
                            ],
                            "སྣར་": [
                                "རྟོག་ ལས་ ནི་ འཇིག་རྟེན་",
                                "བྱུང་",
                                " _།། རྣམ་ རྟོག་ དེ་ ལས་"
                            ]
                        }
                    ]
                },
                {
                    "6": [
                        [
                            "《བརྟགས》ཞེས་པ།【〈རྟོག〉གི་ འདས་པ། ཐ་དད་པ།】",
                            "《བརྟག》ཞེས་པ།【〈རྟོག〉གི་ མ་འོངས་པ། ཐ་དད་པ།】"
                        ],
                        {
                            "པེ་": [
                                "ཡང་ མེད །_། སེམས་ ཀྱིས་",
                                "བརྟགས་པ་",
                                "གང་ ཡང་ མེད །_། "
                            ],
                            "སྡེ་": [
                                "ཡང་ མེད །_། སེམས་ ཀྱིས་",
                                "བརྟག་པ་",
                                "གང་ ཡང་ མེད །_། "
                            ],
                            "སྣར་": [
                                "ཡང་ མེད །_། སེམས་ ཀྱིས་",
                                "བརྟགས་པ་",
                                "གང་ ཡང་ མེད །_། "
                            ]
                        }
                    ]
                },
                {
                    "11": [
                        [
                            "《བྱ》ཞེས་པ།【〈བྱེད〉གི་ མ་འོངས་པ། ཐ་དད་པ།】",
                            "《བྱེད》ཞེས་པ།【〈བྱེད〉གི་ ད་ལྟ་བ། ཐ་དད་པ།】"
                        ],
                        {
                            "པེ་": [
                                "བྱེད་ དེ་ཡང་ གུད་ དུ་ ཡང་  །_། བཤད་",
                                "བྱེད་",
                                "དེ་ཡང་ གང་ ན་ ཡོད"
                            ],
                            "སྡེ་": [
                                "བྱེད་ དེ་ཡང་ གུད་ དུ་ ཡང་  །_། བཤད་",
                                "བྱ་",
                                "དེ་ཡང་ གང་ ན་ ཡོད"
                            ],
                            "སྣར་": [
                                "བྱེད་ དེ་ཡང་ གུད་ དུ་ ཡང་  །_། བཤད་",
                                "བྱེད་",
                                "དེ་ཡང་ གང་ ན་ ཡོད"
                            ]
                        }
                    ]
                }
            ],
            "diff_verb": [],
            "not_sure": []
        }
    },
    "dunno": {
        "long_diff": [],
        "no_diff": [
            {
                "3": [
                    {
                        "པེ་": [
                            "ལ་ ཡང་  །_། དེ་ ལ་",
                            "སུས་ སྐྱེ་",
                            "སྐྱེ་བ ར་ མཛོད །_། འཇིག་"
                        ],
                        "སྡེ་": [
                            "ལ་ ཡང་  །_། དེ་ ལ་",
                            "སུ་ ནི་",
                            "སྐྱེ་བ ར་ མཛོད །_། འཇིག་"
                        ],
                        "སྣར་": [
                            "ལ་ ཡང་  །_། དེ་ ལ་",
                            "སུས་ སྐྱེ་",
                            "སྐྱེ་བ ར་ མཛོད །_། འཇིག་"
                        ]
                    }
                ]
            },
            {
                "4": [
                    {
                        "པེ་": [
                            " །_། ཡོད་ མེད་ གང་ ཡང་",
                            "མིན་ བསྟན་པ ས",
                            "_།། ཆོས་ཉིད་ ཀྱི་ ལེའུ་"
                        ],
                        "སྡེ་": [
                            " །_། ཡོད་ མེད་ གང་ ཡང་",
                            "མིང་ བསྟན་པ",
                            "_།། ཆོས་ཉིད་ ཀྱི་ ལེའུ་"
                        ],
                        "སྣར་": [
                            " །_། ཡོད་ མེད་ གང་ ཡང་",
                            "མིན་ བསྟན་པ ས",
                            "_།། ཆོས་ཉིད་ ཀྱི་ ལེའུ་"
                        ]
                    }
                ]
            },
            {
                "7": [
                    {
                        "པེ་": [
                            "མེད །_། དེ་ལྟར་ ལུས་",
                            "ཀྱང་",
                            "ཁམས་ ཀྱང་ མེད །_། དེ་"
                        ],
                        "སྡེ་": [
                            "མེད །_། དེ་ལྟར་ ལུས་",
                            "དང་",
                            "ཁམས་ ཀྱང་ མེད །_། དེ་"
                        ],
                        "སྣར་": [
                            "མེད །_། དེ་ལྟར་ ལུས་",
                            "ཀྱང་",
                            "ཁམས་ ཀྱང་ མེད །_། དེ་"
                        ]
                    }
                ]
            },
            {
                "9": [
                    {
                        "པེ་": [
                            "ཀྱིས་ ནི །_། མྱུར་བ འི་",
                            "དུས་",
                            "སུ་ བྱང་ཆུབ་ ཐོབ །_། "
                        ],
                        "སྡེ་": [
                            "ཀྱིས་ ནི །_། མྱུར་བ འི་",
                            "འདུས་",
                            "སུ་ བྱང་ཆུབ་ ཐོབ །_། "
                        ],
                        "སྣར་": [
                            "ཀྱིས་ ནི །_། མྱུར་བ འི་",
                            "དུས་",
                            "སུ་ བྱང་ཆུབ་ ཐོབ །_། "
                        ]
                    }
                ]
            },
            {
                "14": [
                    {
                        "པེ་": [
                            "པ །_། ཀུན་རྫོབ་",
                            "སེམས་དཔའ་",
                            "བརྟེན་པ་ ཡིན །_། རྟེན་"
                        ],
                        "སྡེ་": [
                            "པ །_། ཀུན་རྫོབ་",
                            "སེམས་པ་",
                            "བརྟེན་པ་ ཡིན །_། རྟེན་"
                        ],
                        "སྣར་": [
                            "པ །_། ཀུན་རྫོབ་",
                            "སེམས་དཔའ་",
                            "བརྟེན་པ་ ཡིན །_། རྟེན་"
                        ]
                    }
                ]
            }
        ],
        "short_diff": [
            {
                "10": [
                    {
                        "པེ་": [
                            "གནས །_། བཤད་ བྱེད་",
                            "དེ་ མང་ གུད་ དུ་ ལ",
                            "།_། བཤད་ བྱ་ དེ་ཡང་"
                        ],
                        "སྡེ་": [
                            "གནས །_། བཤད་ བྱེད་",
                            "དེ་ཡང་ གུད་ དུ་ ཡང་ ",
                            "།_། བཤད་ བྱ་ དེ་ཡང་"
                        ],
                        "སྣར་": [
                            "གནས །_། བཤད་ བྱེད་",
                            "དེ་ མང་ གུད་ དུ་ ལ",
                            "།_། བཤད་ བྱ་ དེ་ཡང་"
                        ]
                    }
                ]
            }
        ]
    },
    "empty_notes": [
        {
            "16": [
                {
                    "པེ་": [
                        "མཛད་པ་ རྫོགས་ སོ །།_།། ",
                        "",
                        "མཛད་པ་ རྫོགས་ སོ །།_།། "
                    ],
                    "སྡེ་": [
                        "མཛད་པ་ རྫོགས་ སོ །།_།། ",
                        "",
                        "མཛད་པ་ རྫོགས་ སོ །།_།། "
                    ],
                    "སྣར་": [
                        "མཛད་པ་ རྫོགས་ སོ །།_།། ",
                        "",
                        "མཛད་པ་ རྫོགས་ སོ །།_།། "
                    ]
                }
            ]
        }
    ],
    "manual_categorisation": {
        "long_difference": {
            "differing_formulation": [],
            "major_modification": []
        },
        "manual_evaluation": {
            "derge_correct": [],
            "meaning_difference": {
                "great_diff": [],
                "medium_diff": [],
                "small_diff": []
            }
        }
    },
    "ngram_freq": {
        "1": {
            "པེ་": [
                [
                    "ཀྲནྟི",
                    "2"
                ]
            ],
            "སྡེ་": [
                [
                    "ཀྲཱནྟི",
                    "5"
                ]
            ],
            "སྣར་": [
                [
                    "ཀྲནྟི",
                    "2"
                ]
            ]
        },
        "10": {
            "པེ་": [],
            "སྡེ་": [],
            "སྣར་": []
        },
        "11": {
            "པེ་": [
                [
                    "བྱེད",
                    "19318"
                ]
            ],
            "སྡེ་": [
                [
                    "བྱ",
                    "28822"
                ],
                [
                    "བཤད་བྱ",
                    "496"
                ]
            ],
            "སྣར་": [
                [
                    "བྱེད",
                    "19318"
                ]
            ]
        },
        "12": {
            "པེ་": [],
            "སྡེ་": [],
            "སྣར་": []
        },
        "13": {
            "པེ་": [
                [
                    "རྫུན",
                    "52"
                ]
            ],
            "སྡེ་": [
                [
                    "བརྫུན",
                    "17"
                ],
                [
                    "།_།བརྫུན",
                    "231"
                ],
                [
                    "བརྫུན་གྱི",
                    "94"
                ]
            ],
            "སྣར་": [
                [
                    "རྫུན",
                    "52"
                ]
            ]
        },
        "14": {
            "པེ་": [
                [
                    "སེམས་དཔའ",
                    "99553"
                ]
            ],
            "སྡེ་": [
                [
                    "སེམས་པ",
                    "131"
                ]
            ],
            "སྣར་": [
                [
                    "སེམས་དཔའ",
                    "99553"
                ]
            ]
        },
        "15": {
            "པེ་": [
                [
                    "རྫུན",
                    "52"
                ]
            ],
            "སྡེ་": [
                [
                    "བརྫུན",
                    "17"
                ],
                [
                    "བརྫུན་དུ",
                    "609"
                ]
            ],
            "སྣར་": [
                [
                    "རྫུན",
                    "52"
                ]
            ]
        },
        "16": {
            "པེ་": [
                [
                    "",
                    "1"
                ],
                [
                    "མཛད་པ",
                    "1162"
                ]
            ],
            "སྡེ་": [
                [
                    "",
                    "1"
                ],
                [
                    "མཛད་པ",
                    "1162"
                ]
            ],
            "སྣར་": [
                [
                    "",
                    "1"
                ],
                [
                    "མཛད་པ",
                    "1162"
                ]
            ]
        },
        "2": {
            "པེ་": [
                [
                    "བསམས་པ",
                    "1841"
                ]
            ],
            "སྡེ་": [
                [
                    "བསམ་པ",
                    "44"
                ]
            ],
            "སྣར་": [
                [
                    "བསམས་པ",
                    "1841"
                ]
            ]
        },
        "3": {
            "པེ་": [],
            "སྡེ་": [
                [
                    "སུ་ནི",
                    "1607"
                ]
            ],
            "སྣར་": []
        },
        "4": {
            "པེ་": [],
            "སྡེ་": [],
            "སྣར་": []
        },
        "5": {
            "པེ་": [
                [
                    "འབྱུང",
                    "42"
                ]
            ],
            "སྡེ་": [
                [
                    "འབྱུང",
                    "42"
                ]
            ],
            "སྣར་": [
                [
                    "བྱུང",
                    "27"
                ]
            ]
        },
        "6": {
            "པེ་": [
                [
                    "བརྟགས་པ",
                    "157"
                ]
            ],
            "སྡེ་": [
                [
                    "བརྟག་པ",
                    "859"
                ]
            ],
            "སྣར་": [
                [
                    "བརྟགས་པ",
                    "157"
                ]
            ]
        },
        "7": {
            "པེ་": [
                [
                    "ཀྱང",
                    "95"
                ],
                [
                    "ལུས་ཀྱང",
                    "483"
                ]
            ],
            "སྡེ་": [
                [
                    "དང",
                    "18517"
                ],
                [
                    "ལུས་དང",
                    "47"
                ],
                [
                    "དང་ཁམས",
                    "478"
                ]
            ],
            "སྣར་": [
                [
                    "ཀྱང",
                    "95"
                ],
                [
                    "ལུས་ཀྱང",
                    "483"
                ]
            ]
        },
        "8": {
            "པེ་": [
                [
                    "གྱིས",
                    "7492"
                ],
                [
                    "ལམ་གྱིས",
                    "734"
                ],
                [
                    "གྱིས་ནི",
                    "1185"
                ]
            ],
            "སྡེ་": [
                [
                    "གྱི",
                    "3024"
                ],
                [
                    "ལམ་གྱི",
                    "3513"
                ],
                [
                    "གྱི་ནི",
                    "762"
                ]
            ],
            "སྣར་": [
                [
                    "གྱིས",
                    "7492"
                ],
                [
                    "ལམ་གྱིས",
                    "734"
                ],
                [
                    "གྱིས་ནི",
                    "1185"
                ]
            ]
        },
        "9": {
            "པེ་": [
                [
                    "དུས",
                    "231"
                ],
                [
                    "དུས་སུ",
                    "81"
                ]
            ],
            "སྡེ་": [
                [
                    "འདུས",
                    "157"
                ]
            ],
            "སྣར་": [
                [
                    "དུས",
                    "231"
                ],
                [
                    "དུས་སུ",
                    "81"
                ]
            ]
        }
    },
    "non_standard_notes": [],
    "profile": {
        "1": [
            "པེ་=སྣར་ སྡེ་",
            "87.50%"
        ],
        "10": [
            "པེ་=སྣར་ སྡེ་",
            "87.50%"
        ],
        "11": [
            "པེ་=སྣར་ སྡེ་",
            "87.50%"
        ],
        "12": [
            "པེ་=སྣར་ སྡེ་",
            "87.50%"
        ],
        "13": [
            "པེ་=སྣར་ སྡེ་",
            "87.50%"
        ],
        "14": [
            "པེ་=སྣར་ སྡེ་",
            "87.50%"
        ],
        "15": [
            "པེ་=སྣར་ སྡེ་",
            "87.50%"
        ],
        "16": [
            "པེ་=སྡེ་=སྣར་",
            "6.25%"
        ],
        "2": [
            "པེ་=སྣར་ སྡེ་",
            "87.50%"
        ],
        "3": [
            "པེ་=སྣར་ སྡེ་",
            "87.50%"
        ],
        "4": [
            "པེ་=སྣར་ སྡེ་",
            "87.50%"
        ],
        "5": [
            "པེ་=སྡེ་ སྣར་",
            "6.25%"
        ],
        "6": [
            "པེ་=སྣར་ སྡེ་",
            "87.50%"
        ],
        "7": [
            "པེ་=སྣར་ སྡེ་",
            "87.50%"
        ],
        "8": [
            "པེ་=སྣར་ སྡེ་",
            "87.50%"
        ],
        "9": [
            "པེ་=སྣར་ སྡེ་",
            "87.50%"
        ]
    }
}