﻿{
    "Stats": {
        "Categorised": "7 notes (43.75%)",
        "Notes’ total": 16,
        "Profiles": [
            "ཅོ་=སྡེ་ པེ་ སྣར་: 12.50% (2 notes)",
            "ཅོ་=སྡེ་=སྣར་ པེ་: 18.75% (3 notes)",
            "ཅོ་=པེ་=སྣར་ སྡེ་: 6.25% (1 notes)",
            "ཅོ་=པེ་=སྡེ་=སྣར་: 6.25% (1 notes)",
            "ཅོ་=སྡེ་ པེ་=སྣར་: 56.25% (9 notes)"
        ],
        "automatic_categorisation": {
            "min_mod": {
                "min_mod_groups": 1,
                "particle_groups": 2
            },
            "particle_issues": {
                "different_particles": 1
            },
            "spelling_mistake": {
                "non_word": {
                    "ill_formed": 1
                }
            },
            "verb_difference": {
                "diff_tense": 1
            }
        },
        "dunno": {
            "no_diff": 8,
            "short_diff": 1
        },
        "empty_notes": 1,
        "manual_categorisation": {
            "long_difference": {},
            "manual_evaluation": {
                "meaning_difference": {}
            }
        },
        "ngram_freq": {},
        "profile": {}
    },
    "automatic_categorisation": {
        "min_mod": {
            "min_mod_groups": [
                {
                    "9": [
                        [
                            [
                                "ན",
                                "ནས"
                            ]
                        ],
                        {
                            "ཅོ་": [
                                "བོ འི་ #གཙུག་ ཏུ་ རྣམ་ བརྟགས་",
                                "ནས",
                                "།_། མེ་ ནི་ སྡོམ་པ་"
                            ],
                            "པེ་": [
                                "བོ འི་ #གཙུག་ ཏུ་ རྣམ་ བརྟགས་",
                                "ན",
                                "།_། མེ་ ནི་ སྡོམ་པ་"
                            ],
                            "སྡེ་": [
                                "བོ འི་ #གཙུག་ ཏུ་ རྣམ་ བརྟགས་",
                                "ནས",
                                "།_། མེ་ ནི་ སྡོམ་པ་"
                            ],
                            "སྣར་": [
                                "བོ འི་ #གཙུག་ ཏུ་ རྣམ་ བརྟགས་",
                                "ན",
                                "།_། མེ་ ནི་ སྡོམ་པ་"
                            ]
                        }
                    ]
                }
            ],
            "particle_groups": [
                {
                    "12": [
                        [
                            "dreldra",
                            "jedra"
                        ],
                        {
                            "ཅོ་": [
                                "པ ར་ དུ་ ཡང་ ཆུ་ #སྲིན་",
                                "གྱི",
                                "།_། དུག་ ནི་ འཕྲོག་པ ར་"
                            ],
                            "པེ་": [
                                "པ ར་ དུ་ ཡང་ ཆུ་ #སྲིན་",
                                "གྱིས",
                                "།_། དུག་ ནི་ འཕྲོག་པ ར་"
                            ],
                            "སྡེ་": [
                                "པ ར་ དུ་ ཡང་ ཆུ་ #སྲིན་",
                                "གྱི",
                                "།_། དུག་ ནི་ འཕྲོག་པ ར་"
                            ],
                            "སྣར་": [
                                "པ ར་ དུ་ ཡང་ ཆུ་ #སྲིན་",
                                "གྱི",
                                "།_། དུག་ ནི་ འཕྲོག་པ ར་"
                            ]
                        }
                    ]
                },
                {
                    "15": [
                        [
                            "dreldra"
                        ],
                        {
                            "ཅོ་": [
                                "མཛད་པ །_ #མཆན་ #ཁུང་",
                                "གི་",
                                "སྦྱོར་བ་ ཞེས་བྱ་བ་"
                            ],
                            "པེ་": [
                                "མཛད་པ །_ #མཆན་ #ཁུང་",
                                "",
                                "སྦྱོར་བ་ ཞེས་བྱ་བ་"
                            ],
                            "སྡེ་": [
                                "མཛད་པ །_ #མཆན་ #ཁུང་",
                                "གི་",
                                "སྦྱོར་བ་ ཞེས་བྱ་བ་"
                            ],
                            "སྣར་": [
                                "མཛད་པ །_ #མཆན་ #ཁུང་",
                                "",
                                "སྦྱོར་བ་ ཞེས་བྱ་བ་"
                            ]
                        }
                    ]
                }
            ]
        },
        "particle_issues": {
            "added_particle": [],
            "agreement_issue": [],
            "different_particles": [
                {
                    "11": [
                        "ladon",
                        {
                            "ཅོ་": [
                                "མེད་ རྣམས་ ནི་ ཐམས་ཅད་",
                                "དུ",
                                "།_། སྨྱོ་ བར་ བྱེད་པ་"
                            ],
                            "པེ་": [
                                "མེད་ རྣམས་ ནི་ ཐམས་ཅད་",
                                "ཀྱི",
                                "།_། སྨྱོ་ བར་ བྱེད་པ་"
                            ],
                            "སྡེ་": [
                                "མེད་ རྣམས་ ནི་ ཐམས་ཅད་",
                                "དུ",
                                "།_། སྨྱོ་ བར་ བྱེད་པ་"
                            ],
                            "སྣར་": [
                                "མེད་ རྣམས་ ནི་ ཐམས་ཅད་",
                                "ཀྱི",
                                "།_། སྨྱོ་ བར་ བྱེད་པ་"
                            ]
                        }
                    ]
                }
            ],
            "other": [],
            "po-bo-pa-ba": []
        },
        "spelling_mistake": {
            "missing_vowel": [],
            "nga_da": [],
            "non_word": {
                "ill_formed": [
                    {
                        "7": [
                            {
                                "ཅོ་": [
                                    "སྦྱར་བ་",
                                    "ཡི །_། དེ་ ཡིས་",
                                    "ཐིག་ལེ ར་ བྱས་པ་ ཡིན"
                                ],
                                "པེ་": [
                                    "སྦྱར་བ་",
                                    "ཡིས །_། དེ་ ཡི་",
                                    "ཐིག་ལེ ར་ བྱས་པ་ ཡིན"
                                ],
                                "སྡེ་": [
                                    "སྦྱར་བ་",
                                    "ཡི །_། དེ་ ཡིས་",
                                    "ཐིག་ལེ ར་ བྱས་པ་ ཡིན"
                                ],
                                "སྣར་": [
                                    "སྦྱར་བ་",
                                    "ཡི །_། དེ་ ཡིས་",
                                    "ཐིག་ལེ ར་ བྱས་པ་ ཡིན"
                                ]
                            }
                        ]
                    }
                ],
                "well_formed": []
            }
        },
        "sskrt": [],
        "verb_difference": {
            "diff_tense": [
                {
                    "14": [
                        [
                            "《བཟུང》ཞེས་པ།【〈འཛིན〉གི་ འདས་པ།】【〈འཛིན〉གི་ འདས་པ། ཐ་དད་པ།】",
                            "《གཟུང》ཞེས་པ།【〈འཛིན〉གི་ མ་འོངས་པ།】【〈འཛིན〉གི་ མ་འོངས་པ། ཐ་དད་པ།】"
                        ],
                        {
                            "ཅོ་": [
                                "བུད་ མེད་ མི་ རྣམས་ རྗེས་",
                                "བཟུང་བ འི",
                                "།_། ཆེད་ དུ་ འདི་"
                            ],
                            "པེ་": [
                                "བུད་ མེད་ མི་ རྣམས་ རྗེས་",
                                "གཟུང་བ འི",
                                "།_། ཆེད་ དུ་ འདི་"
                            ],
                            "སྡེ་": [
                                "བུད་ མེད་ མི་ རྣམས་ རྗེས་",
                                "བཟུང་བ འི",
                                "།_། ཆེད་ དུ་ འདི་"
                            ],
                            "སྣར་": [
                                "བུད་ མེད་ མི་ རྣམས་ རྗེས་",
                                "གཟུང་བ འི",
                                "།_། ཆེད་ དུ་ འདི་"
                            ]
                        }
                    ]
                }
            ],
            "diff_verb": [],
            "not_sure": []
        }
    },
    "dunno": {
        "long_diff": [],
        "no_diff": [
            {
                "1": [
                    {
                        "ཅོ་": [
                            "ཅིག་ #གཙུག་ ཕུད་ #ཛ་ རི་",
                            "ལགས",
                            "_། མགོ་ དང་ མཆི་ མ་"
                        ],
                        "པེ་": [
                            "ཅིག་ #གཙུག་ ཕུད་ #ཛ་ རི་",
                            "ལག",
                            "_། མགོ་ དང་ མཆི་ མ་"
                        ],
                        "སྡེ་": [
                            "ཅིག་ #གཙུག་ ཕུད་ #ཛ་ རི་",
                            "ལགས",
                            "_། མགོ་ དང་ མཆི་ མ་"
                        ],
                        "སྣར་": [
                            "ཅིག་ #གཙུག་ ཕུད་ #ཛ་ རི་",
                            "ལག",
                            "_། མགོ་ དང་ མཆི་ མ་"
                        ]
                    }
                ]
            },
            {
                "2": [
                    {
                        "ཅོ་": [
                            "ཀྱི་ བཞི་ ནི་ ཡོངས་སུ་",
                            "བྱ འོ",
                            "_།། གཉིས་པ ས་ ནི་ བྱུག་"
                        ],
                        "པེ་": [
                            "ཀྱི་ བཞི་ ནི་ ཡོངས་སུ་",
                            "བྱ",
                            "_།། གཉིས་པ ས་ ནི་ བྱུག་"
                        ],
                        "སྡེ་": [
                            "ཀྱི་ བཞི་ ནི་ ཡོངས་སུ་",
                            "བྱ འོ",
                            "_།། གཉིས་པ ས་ ནི་ བྱུག་"
                        ],
                        "སྣར་": [
                            "ཀྱི་ བཞི་ ནི་ ཡོངས་སུ་",
                            "བྱ",
                            "_།། གཉིས་པ ས་ ནི་ བྱུག་"
                        ]
                    }
                ]
            },
            {
                "3": [
                    {
                        "ཅོ་": [
                            "བཞི་པ ས་ ནི་ བདག་ གི་",
                            "བསྐུ་",
                            "མཉེ་ བྱ འོ །_། རྒྱལ་པོ་"
                        ],
                        "པེ་": [
                            "བཞི་པ ས་ ནི་ བདག་ གི་",
                            "སྐུ་",
                            "མཉེ་ བྱ འོ །_། རྒྱལ་པོ་"
                        ],
                        "སྡེ་": [
                            "བཞི་པ ས་ ནི་ བདག་ གི་",
                            "བསྐུ་",
                            "མཉེ་ བྱ འོ །_། རྒྱལ་པོ་"
                        ],
                        "སྣར་": [
                            "བཞི་པ ས་ ནི་ བདག་ གི་",
                            "སྐུ་",
                            "མཉེ་ བྱ འོ །_། རྒྱལ་པོ་"
                        ]
                    }
                ]
            },
            {
                "4": [
                    {
                        "ཅོ་": [
                            "ལ་སོགས་པ་ བཞི འི་",
                            "གོ་རིམས་",
                            "ནི་ དབང་ གི་ ལས་ ཤེས་"
                        ],
                        "པེ་": [
                            "ལ་སོགས་པ་ བཞི འི་",
                            "གོ་ རིམ་",
                            "ནི་ དབང་ གི་ ལས་ ཤེས་"
                        ],
                        "སྡེ་": [
                            "ལ་སོགས་པ་ བཞི འི་",
                            "གོ་རིམས་",
                            "ནི་ དབང་ གི་ ལས་ ཤེས་"
                        ],
                        "སྣར་": [
                            "ལ་སོགས་པ་ བཞི འི་",
                            "གོ་ རིམ་",
                            "ནི་ དབང་ གི་ ལས་ ཤེས་"
                        ]
                    }
                ]
            },
            {
                "6": [
                    {
                        "ཅོ་": [
                            " །_། ས་ བདག་ དག་ ནི་",
                            "གཟའ་",
                            "ཉིད་ དང་  །_། དུས་ དང་"
                        ],
                        "པེ་": [
                            " །_། ས་ བདག་ དག་ ནི་",
                            "བཟའ་",
                            "ཉིད་ དང་  །_། དུས་ དང་"
                        ],
                        "སྡེ་": [
                            " །_། ས་ བདག་ དག་ ནི་",
                            "གཟའ་",
                            "ཉིད་ དང་  །_། དུས་ དང་"
                        ],
                        "སྣར་": [
                            " །_། ས་ བདག་ དག་ ནི་",
                            "བཟའ་",
                            "ཉིད་ དང་  །_། དུས་ དང་"
                        ]
                    }
                ]
            },
            {
                "8": [
                    {
                        "ཅོ་": [
                            " །_། ས་ བདག་ དང་ ནི་",
                            "གཟའ་",
                            "ཉིད་ དང་  །_། ཕྱོགས་ དང་"
                        ],
                        "པེ་": [
                            " །_། ས་ བདག་ དང་ ནི་",
                            "བཟའ་",
                            "ཉིད་ དང་  །_། ཕྱོགས་ དང་"
                        ],
                        "སྡེ་": [
                            " །_། ས་ བདག་ དང་ ནི་",
                            "གཟའ་",
                            "ཉིད་ དང་  །_། ཕྱོགས་ དང་"
                        ],
                        "སྣར་": [
                            " །_། ས་ བདག་ དང་ ནི་",
                            "གཟའ་",
                            "ཉིད་ དང་  །_། ཕྱོགས་ དང་"
                        ]
                    }
                ]
            },
            {
                "10": [
                    {
                        "ཅོ་": [
                            "པ འི་ མཆོག _། བཅུ་གསུམ་",
                            "དང་",
                            "ནི་ ཕྱོགས་ མིག་ ཀླུ འི །_། "
                        ],
                        "པེ་": [
                            "པ འི་ མཆོག _། བཅུ་གསུམ་",
                            "དང་",
                            "ནི་ ཕྱོགས་ མིག་ ཀླུ འི །_། "
                        ],
                        "སྡེ་": [
                            "པ འི་ མཆོག _། བཅུ་གསུམ་",
                            "རང་",
                            "ནི་ ཕྱོགས་ མིག་ ཀླུ འི །_། "
                        ],
                        "སྣར་": [
                            "པ འི་ མཆོག _། བཅུ་གསུམ་",
                            "དང་",
                            "ནི་ ཕྱོགས་ མིག་ ཀླུ འི །_། "
                        ]
                    }
                ]
            },
            {
                "13": [
                    {
                        "ཅོ་": [
                            "ལ་སོགས་ བཤད །_།",
                            "བཞི་པོ ས་ ལྷག་མ འི་",
                            "སུམ་ཅུ འི་ སྦྱོར་ བསྐྱེད་པ"
                        ],
                        "པེ་": [
                            "ལ་སོགས་ བཤད །_།",
                            "བཞི་ ཡི་ ལྷག་པ འི་",
                            "སུམ་ཅུ འི་ སྦྱོར་ བསྐྱེད་པ"
                        ],
                        "སྡེ་": [
                            "ལ་སོགས་ བཤད །_།",
                            "བཞི་པོ ས་ ལྷག་མ འི་",
                            "སུམ་ཅུ འི་ སྦྱོར་ བསྐྱེད་པ"
                        ],
                        "སྣར་": [
                            "ལ་སོགས་ བཤད །_།",
                            "བཞི་ ཡིས་ ལྷག་པ འི་",
                            "སུམ་ཅུ འི་ སྦྱོར་ བསྐྱེད་པ"
                        ]
                    }
                ]
            }
        ],
        "short_diff": [
            {
                "5": [
                    {
                        "ཅོ་": [
                            "གོ་རིམས་ ནི་ དབང་ གི་",
                            "ལས་",
                            "ཤེས་ སོ །_། ཐུབ་པ་"
                        ],
                        "པེ་": [
                            "གོ་རིམས་ ནི་ དབང་ གི་",
                            "ལས་ ལ་",
                            "ཤེས་ སོ །_། ཐུབ་པ་"
                        ],
                        "སྡེ་": [
                            "གོ་རིམས་ ནི་ དབང་ གི་",
                            "ལས་",
                            "ཤེས་ སོ །_། ཐུབ་པ་"
                        ],
                        "སྣར་": [
                            "གོ་རིམས་ ནི་ དབང་ གི་",
                            "ལ་",
                            "ཤེས་ སོ །_། ཐུབ་པ་"
                        ]
                    }
                ]
            }
        ]
    },
    "empty_notes": [
        {
            "16": [
                {
                    "ཅོ་": [
                        "བྱ་བ་ རྫོགས་ སོ །།_།། ",
                        "",
                        "བྱ་བ་ རྫོགས་ སོ །།_།། "
                    ],
                    "པེ་": [
                        "བྱ་བ་ རྫོགས་ སོ །།_།། ",
                        "",
                        "བྱ་བ་ རྫོགས་ སོ །།_།། "
                    ],
                    "སྡེ་": [
                        "བྱ་བ་ རྫོགས་ སོ །།_།། ",
                        "",
                        "བྱ་བ་ རྫོགས་ སོ །།_།། "
                    ],
                    "སྣར་": [
                        "བྱ་བ་ རྫོགས་ སོ །།_།། ",
                        "",
                        "བྱ་བ་ རྫོགས་ སོ །།_།། "
                    ]
                }
            ]
        }
    ],
    "manual_categorisation": {
        "long_difference": {
            "differing_formulation": [],
            "major_modification": []
        },
        "manual_evaluation": {
            "derge_correct": [],
            "meaning_difference": {
                "great_diff": [],
                "medium_diff": [],
                "small_diff": []
            }
        }
    },
    "ngram_freq": {
        "1": {
            "ཅོ་": [
                [
                    "ལགས",
                    "12513"
                ]
            ],
            "པེ་": [
                [
                    "ལག",
                    "55"
                ],
                [
                    "ལག_།",
                    "54"
                ]
            ],
            "སྡེ་": [
                [
                    "ལགས",
                    "12513"
                ]
            ],
            "སྣར་": [
                [
                    "ལག",
                    "55"
                ],
                [
                    "ལག_།",
                    "54"
                ]
            ]
        },
        "10": {
            "ཅོ་": [
                [
                    "དང",
                    "18517"
                ],
                [
                    "དང་ནི",
                    "6235"
                ],
                [
                    "བཅུ་གསུམ་དང",
                    "52"
                ]
            ],
            "པེ་": [
                [
                    "དང",
                    "18517"
                ],
                [
                    "དང་ནི",
                    "6235"
                ],
                [
                    "བཅུ་གསུམ་དང",
                    "52"
                ]
            ],
            "སྡེ་": [
                [
                    "རང",
                    "1"
                ]
            ],
            "སྣར་": [
                [
                    "དང",
                    "18517"
                ],
                [
                    "དང་ནི",
                    "6235"
                ],
                [
                    "བཅུ་གསུམ་དང",
                    "52"
                ]
            ]
        },
        "11": {
            "ཅོ་": [
                [
                    "དུ",
                    "11516"
                ],
                [
                    "དུ།_།",
                    "5210"
                ],
                [
                    "ཐམས་ཅད་དུ",
                    "601"
                ],
                [
                    "ཐམས་ཅད་དུ།_།",
                    "534"
                ],
                [
                    "ནི་ཐམས་ཅད་དུ།_།",
                    "142"
                ]
            ],
            "པེ་": [
                [
                    "ཀྱི",
                    "5256"
                ],
                [
                    "ཀྱི།_།",
                    "2371"
                ],
                [
                    "ཐམས་ཅད་ཀྱི",
                    "721"
                ],
                [
                    "ཐམས་ཅད་ཀྱི།_།",
                    "666"
                ],
                [
                    "ནི་ཐམས་ཅད་ཀྱི།_།",
                    "54"
                ]
            ],
            "སྡེ་": [
                [
                    "དུ",
                    "11516"
                ],
                [
                    "དུ།_།",
                    "5210"
                ],
                [
                    "ཐམས་ཅད་དུ",
                    "601"
                ],
                [
                    "ཐམས་ཅད་དུ།_།",
                    "534"
                ],
                [
                    "ནི་ཐམས་ཅད་དུ།_།",
                    "142"
                ]
            ],
            "སྣར་": [
                [
                    "ཀྱི",
                    "5256"
                ],
                [
                    "ཀྱི།_།",
                    "2371"
                ],
                [
                    "ཐམས་ཅད་ཀྱི",
                    "721"
                ],
                [
                    "ཐམས་ཅད་ཀྱི།_།",
                    "666"
                ],
                [
                    "ནི་ཐམས་ཅད་ཀྱི།_།",
                    "54"
                ]
            ]
        },
        "12": {
            "ཅོ་": [
                [
                    "གྱི",
                    "3024"
                ],
                [
                    "གྱི།_།",
                    "1099"
                ],
                [
                    "སྲིན་གྱི",
                    "97"
                ]
            ],
            "པེ་": [
                [
                    "གྱིས",
                    "7492"
                ],
                [
                    "གྱིས།_།",
                    "3730"
                ]
            ],
            "སྡེ་": [
                [
                    "གྱི",
                    "3024"
                ],
                [
                    "གྱི།_།",
                    "1099"
                ],
                [
                    "སྲིན་གྱི",
                    "97"
                ]
            ],
            "སྣར་": [
                [
                    "གྱི",
                    "3024"
                ],
                [
                    "གྱི།_།",
                    "1099"
                ],
                [
                    "སྲིན་གྱི",
                    "97"
                ]
            ]
        },
        "13": {
            "ཅོ་": [],
            "པེ་": [],
            "སྡེ་": [],
            "སྣར་": []
        },
        "14": {
            "ཅོ་": [
                [
                    "བཟུང་བའི",
                    "340"
                ]
            ],
            "པེ་": [
                [
                    "གཟུང་བའི",
                    "1127"
                ]
            ],
            "སྡེ་": [
                [
                    "བཟུང་བའི",
                    "340"
                ]
            ],
            "སྣར་": [
                [
                    "གཟུང་བའི",
                    "1127"
                ]
            ]
        },
        "15": {
            "ཅོ་": [
                [
                    "གི",
                    "1276"
                ],
                [
                    "ཁུང་གི",
                    "93"
                ],
                [
                    "གི་སྦྱོར་བ",
                    "64"
                ]
            ],
            "པེ་": [
                [
                    "",
                    "1"
                ],
                [
                    "ཁུང",
                    "1531"
                ],
                [
                    "སྦྱོར་བ",
                    "292"
                ]
            ],
            "སྡེ་": [
                [
                    "གི",
                    "1276"
                ],
                [
                    "ཁུང་གི",
                    "93"
                ],
                [
                    "གི་སྦྱོར་བ",
                    "64"
                ]
            ],
            "སྣར་": [
                [
                    "",
                    "1"
                ],
                [
                    "ཁུང",
                    "1531"
                ],
                [
                    "སྦྱོར་བ",
                    "292"
                ]
            ]
        },
        "16": {
            "ཅོ་": [
                [
                    "",
                    "1"
                ],
                [
                    "བྱ་བ",
                    "1615"
                ],
                [
                    "བྱ་བ་རྫོགས",
                    "91"
                ]
            ],
            "པེ་": [
                [
                    "",
                    "1"
                ],
                [
                    "བྱ་བ",
                    "1615"
                ],
                [
                    "བྱ་བ་རྫོགས",
                    "91"
                ]
            ],
            "སྡེ་": [
                [
                    "",
                    "1"
                ],
                [
                    "བྱ་བ",
                    "1615"
                ],
                [
                    "བྱ་བ་རྫོགས",
                    "91"
                ]
            ],
            "སྣར་": [
                [
                    "",
                    "1"
                ],
                [
                    "བྱ་བ",
                    "1615"
                ],
                [
                    "བྱ་བ་རྫོགས",
                    "91"
                ]
            ]
        },
        "2": {
            "ཅོ་": [
                [
                    "བྱའོ",
                    "5432"
                ]
            ],
            "པེ་": [
                [
                    "བྱ",
                    "28822"
                ]
            ],
            "སྡེ་": [
                [
                    "བྱའོ",
                    "5432"
                ]
            ],
            "སྣར་": [
                [
                    "བྱ",
                    "28822"
                ]
            ]
        },
        "3": {
            "ཅོ་": [
                [
                    "བསྐུ",
                    "51"
                ]
            ],
            "པེ་": [
                [
                    "སྐུ",
                    "812"
                ],
                [
                    "གི་སྐུ",
                    "133"
                ]
            ],
            "སྡེ་": [
                [
                    "བསྐུ",
                    "51"
                ]
            ],
            "སྣར་": [
                [
                    "སྐུ",
                    "812"
                ],
                [
                    "གི་སྐུ",
                    "133"
                ]
            ]
        },
        "4": {
            "ཅོ་": [
                [
                    "གོ་རིམས",
                    "416"
                ]
            ],
            "པེ་": [],
            "སྡེ་": [
                [
                    "གོ་རིམས",
                    "416"
                ]
            ],
            "སྣར་": []
        },
        "5": {
            "ཅོ་": [
                [
                    "ལས",
                    "5885"
                ],
                [
                    "གི་ལས",
                    "1522"
                ],
                [
                    "ལས་ཤེས",
                    "345"
                ]
            ],
            "པེ་": [
                [
                    "ལས་ལ",
                    "1047"
                ],
                [
                    "གི་ལས་ལ",
                    "54"
                ]
            ],
            "སྡེ་": [
                [
                    "ལས",
                    "5885"
                ],
                [
                    "གི་ལས",
                    "1522"
                ],
                [
                    "ལས་ཤེས",
                    "345"
                ]
            ],
            "སྣར་": [
                [
                    "ལ",
                    "33965"
                ],
                [
                    "ལ་ཤེས",
                    "952"
                ]
            ]
        },
        "6": {
            "ཅོ་": [
                [
                    "གཟའ",
                    "8"
                ],
                [
                    "ནི་གཟའ",
                    "49"
                ]
            ],
            "པེ་": [
                [
                    "བཟའ",
                    "140"
                ],
                [
                    "ནི་བཟའ",
                    "128"
                ]
            ],
            "སྡེ་": [
                [
                    "གཟའ",
                    "8"
                ],
                [
                    "ནི་གཟའ",
                    "49"
                ]
            ],
            "སྣར་": [
                [
                    "བཟའ",
                    "140"
                ],
                [
                    "ནི་བཟའ",
                    "128"
                ]
            ]
        },
        "7": {
            "ཅོ་": [],
            "པེ་": [
                [
                    "ཡིས།_།དེ་ཡི",
                    "75"
                ]
            ],
            "སྡེ་": [],
            "སྣར་": []
        },
        "8": {
            "ཅོ་": [
                [
                    "གཟའ",
                    "8"
                ],
                [
                    "ནི་གཟའ",
                    "49"
                ]
            ],
            "པེ་": [
                [
                    "བཟའ",
                    "140"
                ],
                [
                    "ནི་བཟའ",
                    "128"
                ]
            ],
            "སྡེ་": [
                [
                    "གཟའ",
                    "8"
                ],
                [
                    "ནི་གཟའ",
                    "49"
                ]
            ],
            "སྣར་": [
                [
                    "གཟའ",
                    "8"
                ],
                [
                    "ནི་གཟའ",
                    "49"
                ]
            ]
        },
        "9": {
            "ཅོ་": [
                [
                    "ནས",
                    "35333"
                ],
                [
                    "ནས།_།",
                    "9174"
                ],
                [
                    "བརྟགས་ནས",
                    "313"
                ]
            ],
            "པེ་": [
                [
                    "ན",
                    "73509"
                ],
                [
                    "ན།_།",
                    "11932"
                ],
                [
                    "བརྟགས་ན",
                    "305"
                ],
                [
                    "བརྟགས་ན།_།",
                    "52"
                ]
            ],
            "སྡེ་": [
                [
                    "ནས",
                    "35333"
                ],
                [
                    "ནས།_།",
                    "9174"
                ],
                [
                    "བརྟགས་ནས",
                    "313"
                ]
            ],
            "སྣར་": [
                [
                    "ན",
                    "73509"
                ],
                [
                    "ན།_།",
                    "11932"
                ],
                [
                    "བརྟགས་ན",
                    "305"
                ],
                [
                    "བརྟགས་ན།_།",
                    "52"
                ]
            ]
        }
    },
    "non_standard_notes": [],
    "profile": {
        "1": [
            "ཅོ་=སྡེ་ པེ་=སྣར་",
            "56.25%"
        ],
        "10": [
            "ཅོ་=པེ་=སྣར་ སྡེ་",
            "6.25%"
        ],
        "11": [
            "ཅོ་=སྡེ་ པེ་=སྣར་",
            "56.25%"
        ],
        "12": [
            "ཅོ་=སྡེ་=སྣར་ པེ་",
            "18.75%"
        ],
        "13": [
            "ཅོ་=སྡེ་ པེ་ སྣར་",
            "12.50%"
        ],
        "14": [
            "ཅོ་=སྡེ་ པེ་=སྣར་",
            "56.25%"
        ],
        "15": [
            "ཅོ་=སྡེ་ པེ་=སྣར་",
            "56.25%"
        ],
        "16": [
            "ཅོ་=པེ་=སྡེ་=སྣར་",
            "6.25%"
        ],
        "2": [
            "ཅོ་=སྡེ་ པེ་=སྣར་",
            "56.25%"
        ],
        "3": [
            "ཅོ་=སྡེ་ པེ་=སྣར་",
            "56.25%"
        ],
        "4": [
            "ཅོ་=སྡེ་ པེ་=སྣར་",
            "56.25%"
        ],
        "5": [
            "ཅོ་=སྡེ་ པེ་ སྣར་",
            "12.50%"
        ],
        "6": [
            "ཅོ་=སྡེ་ པེ་=སྣར་",
            "56.25%"
        ],
        "7": [
            "ཅོ་=སྡེ་=སྣར་ པེ་",
            "18.75%"
        ],
        "8": [
            "ཅོ་=སྡེ་=སྣར་ པེ་",
            "18.75%"
        ],
        "9": [
            "ཅོ་=སྡེ་ པེ་=སྣར་",
            "56.25%"
        ]
    }
}