﻿{
    "Stats": {
        "Categorised": "27 notes (64.29%)",
        "Notes’ total": 42,
        "Profiles": [
            "པེ་=སྣར་ སྡེ་: 88.10% (37 notes)",
            "པེ་=སྡེ་=སྣར་: 2.38% (1 notes)",
            "པེ་=སྡེ་ སྣར་: 2.38% (1 notes)",
            "པེ་ སྡེ་ སྣར་: 4.76% (2 notes)",
            "པེ་ སྡེ་=སྣར་: 2.38% (1 notes)"
        ],
        "automatic_categorisation": {
            "min_mod": {
                "min_mod_groups": 1,
                "particle_groups": 14
            },
            "particle_issues": {
                "agreement_issue": 1
            },
            "spelling_mistake": {
                "non_word": {
                    "well_formed": 1
                }
            },
            "sskrt": 5,
            "verb_difference": {
                "diff_verb": 3,
                "not_sure": 1
            }
        },
        "dunno": {
            "no_diff": 11,
            "short_diff": 4
        },
        "empty_notes": 1,
        "manual_categorisation": {
            "long_difference": {},
            "manual_evaluation": {
                "meaning_difference": {}
            }
        },
        "ngram_freq": {},
        "profile": {}
    },
    "automatic_categorisation": {
        "min_mod": {
            "min_mod_groups": [
                {
                    "10": [
                        [
                            [
                                "ལས",
                                "ལ"
                            ]
                        ],
                        {
                            "པེ་": [
                                " །_། རྟག་ མི་རྟག་ སོགས་",
                                "ལས་",
                                "གཙོ་ ཁྱོད །_། དེ་ ལྟ འི་"
                            ],
                            "སྡེ་": [
                                " །_། རྟག་ མི་རྟག་ སོགས་",
                                "ལ་",
                                "གཙོ་ ཁྱོད །_། དེ་ ལྟ འི་"
                            ],
                            "སྣར་": [
                                " །_། རྟག་ མི་རྟག་ སོགས་",
                                "ལས་",
                                "གཙོ་ ཁྱོད །_། དེ་ ལྟ འི་"
                            ]
                        }
                    ]
                }
            ],
            "particle_groups": [
                {
                    "3": [
                        [
                            "dreldra",
                            "jedra"
                        ],
                        {
                            "པེ་": [
                                "བསྟོད །_། གང་ཞིག་ ཁྱོད་",
                                "ཀྱི་",
                                "#ཅུང་ ཞིག་ ཀྱང་  །_། སངས་"
                            ],
                            "སྡེ་": [
                                "བསྟོད །_། གང་ཞིག་ ཁྱོད་",
                                "ཀྱིས་",
                                "#ཅུང་ ཞིག་ ཀྱང་  །_། སངས་"
                            ],
                            "སྣར་": [
                                "བསྟོད །_། གང་ཞིག་ ཁྱོད་",
                                "ཀྱི་",
                                "#ཅུང་ ཞིག་ ཀྱང་  །_། སངས་"
                            ]
                        }
                    ]
                },
                {
                    "4": [
                        [
                            "dreldra",
                            "jedra"
                        ],
                        {
                            "པེ་": [
                                "མ་ གཟིགས་པ །_། ཁྱོད་",
                                "ཀྱི་",
                                "གཟིགས་པ་ བླ་ མེད་ དེ"
                            ],
                            "སྡེ་": [
                                "མ་ གཟིགས་པ །_། ཁྱོད་",
                                "ཀྱིས་",
                                "གཟིགས་པ་ བླ་ མེད་ དེ"
                            ],
                            "སྣར་": [
                                "མ་ གཟིགས་པ །_། ཁྱོད་",
                                "ཀྱི་",
                                "གཟིགས་པ་ བླ་ མེད་ དེ"
                            ]
                        }
                    ]
                },
                {
                    "6": [
                        [
                            "dreldra",
                            "jedra"
                        ],
                        {
                            "པེ་": [
                                "ངན་ འདས་ ཁྱོད་ མི་ བཞེད་",
                                "ཀྱིས",
                                "_།། འཁོར་བ་ མ་ དམིགས་"
                            ],
                            "སྡེ་": [
                                "ངན་ འདས་ ཁྱོད་ མི་ བཞེད་",
                                "ཀྱི",
                                "_།། འཁོར་བ་ མ་ དམིགས་"
                            ],
                            "སྣར་": [
                                "ངན་ འདས་ ཁྱོད་ མི་ བཞེད་",
                                "ཀྱིས",
                                "_།། འཁོར་བ་ མ་ དམིགས་"
                            ]
                        }
                    ]
                },
                {
                    "11": [
                        [
                            "dreldra",
                            "jedra"
                        ],
                        {
                            "པེ་": [
                                "མེད །_། དེ་ བཞིན་ ཁྱོད་",
                                "ཀྱི་",
                                "གཤེགས་པ འང་ ལགས །_། འགའ་"
                            ],
                            "སྡེ་": [
                                "མེད །_། དེ་ བཞིན་ ཁྱོད་",
                                "ཀྱིས་",
                                "གཤེགས་པ འང་ ལགས །_། འགའ་"
                            ],
                            "སྣར་": [
                                "མེད །_། དེ་ བཞིན་ ཁྱོད་",
                                "ཀྱི་",
                                "གཤེགས་པ འང་ ལགས །_། འགའ་"
                            ]
                        }
                    ]
                },
                {
                    "15": [
                        [
                            "ladon"
                        ],
                        {
                            "པེ་": [
                                "དང་ འཇིག་པ་ རྣམ་",
                                "སྤངས་པ ར",
                                "།_། སྨད་པ་ མེད་པ་"
                            ],
                            "སྡེ་": [
                                "དང་ འཇིག་པ་ རྣམ་",
                                "སྤངས་པ",
                                "།_། སྨད་པ་ མེད་པ་"
                            ],
                            "སྣར་": [
                                "དང་ འཇིག་པ་ རྣམ་",
                                "སྤངས་པ ར",
                                "།_། སྨད་པ་ མེད་པ་"
                            ]
                        }
                    ]
                },
                {
                    "16": [
                        [
                            "ladon"
                        ],
                        {
                            "པེ་": [
                                "པ །_། སྨད་པ་",
                                "མེད་པ ར་",
                                "ཁྱོད་ ཀྱིས་ རྟོགས །_། རྟག་"
                            ],
                            "སྡེ་": [
                                "པ །_། སྨད་པ་",
                                "མེད་པ་",
                                "ཁྱོད་ ཀྱིས་ རྟོགས །_། རྟག་"
                            ],
                            "སྣར་": [
                                "པ །_། སྨད་པ་",
                                "མེད་པ ར་",
                                "ཁྱོད་ ཀྱིས་ རྟོགས །_། རྟག་"
                            ]
                        }
                    ]
                },
                {
                    "19": [
                        [
                            "dreldra",
                            "jedra"
                        ],
                        {
                            "པེ་": [
                                "རང་བཞིན་ ཡང་  །_། ཁྱོད་",
                                "ཀྱི་",
                                "བདུད་ རྩི་ ཉིད་ དུ་ བསྒྲུབས"
                            ],
                            "སྡེ་": [
                                "རང་བཞིན་ ཡང་  །_། ཁྱོད་",
                                "ཀྱིས་",
                                "བདུད་ རྩི་ ཉིད་ དུ་ བསྒྲུབས"
                            ],
                            "སྣར་": [
                                "རང་བཞིན་ ཡང་  །_། ཁྱོད་",
                                "ཀྱི་",
                                "བདུད་ རྩི་ ཉིད་ དུ་ བསྒྲུབས"
                            ]
                        }
                    ]
                },
                {
                    "20": [
                        [
                            "dreldra",
                            "jedra"
                        ],
                        {
                            "པེ་": [
                                "བསྒྲུབས །_། དཔའ་བོ་ ཁྱོད་",
                                "ཀྱི་",
                                "གཟུགས་ རྣམས་ ཀྱི །_། མཚན་"
                            ],
                            "སྡེ་": [
                                "བསྒྲུབས །_། དཔའ་བོ་ ཁྱོད་",
                                "ཀྱིས་",
                                "གཟུགས་ རྣམས་ ཀྱི །_། མཚན་"
                            ],
                            "སྣར་": [
                                "བསྒྲུབས །_། དཔའ་བོ་ ཁྱོད་",
                                "ཀྱི་",
                                "གཟུགས་ རྣམས་ ཀྱི །_། མཚན་"
                            ]
                        }
                    ]
                },
                {
                    "25": [
                        [
                            "dreldra",
                            "jedra"
                        ],
                        {
                            "པེ་": [
                                "ནི །_། སྡིག་ མེད་ ཁྱོད་",
                                "ཀྱི་",
                                "ཀུན་ སྤངས་ ཀྱང་  །_། ཁྱོད་"
                            ],
                            "སྡེ་": [
                                "ནི །_། སྡིག་ མེད་ ཁྱོད་",
                                "ཀྱིས་",
                                "ཀུན་ སྤངས་ ཀྱང་  །_། ཁྱོད་"
                            ],
                            "སྣར་": [
                                "ནི །_། སྡིག་ མེད་ ཁྱོད་",
                                "ཀྱི་",
                                "ཀུན་ སྤངས་ ཀྱང་  །_། ཁྱོད་"
                            ]
                        }
                    ]
                },
                {
                    "26": [
                        [
                            "dreldra",
                            "jedra"
                        ],
                        {
                            "པེ་": [
                                "ཀུན་ སྤངས་ ཀྱང་  །_། ཁྱོད་",
                                "ཀྱི་",
                                "སེམས་ཅན་ རྗེས་ གཟུང་ ཕྱིར"
                            ],
                            "སྡེ་": [
                                "ཀུན་ སྤངས་ ཀྱང་  །_། ཁྱོད་",
                                "ཀྱིས་",
                                "སེམས་ཅན་ རྗེས་ གཟུང་ ཕྱིར"
                            ],
                            "སྣར་": [
                                "ཀུན་ སྤངས་ ཀྱང་  །_། ཁྱོད་",
                                "ཀྱི་",
                                "སེམས་ཅན་ རྗེས་ གཟུང་ ཕྱིར"
                            ]
                        }
                    ]
                },
                {
                    "28": [
                        [
                            "ladon"
                        ],
                        {
                            "པེ་": [
                                "གཟུང་ ཕྱིར །_། ལས་",
                                "སྤངས་པ་",
                                "ཡང་ རབ་ཏུ་ བསྟན །_། "
                            ],
                            "སྡེ་": [
                                "གཟུང་ ཕྱིར །_། ལས་",
                                "སྤངས་པ ར་",
                                "ཡང་ རབ་ཏུ་ བསྟན །_། "
                            ],
                            "སྣར་": [
                                "གཟུང་ ཕྱིར །_། ལས་",
                                "སྤངས་པ་",
                                "ཡང་ རབ་ཏུ་ བསྟན །_། "
                            ]
                        }
                    ]
                },
                {
                    "29": [
                        [
                            "ladon"
                        ],
                        {
                            "པེ་": [
                                "ཕྱིར །_། གཙོ་བོ་ ཐེག་",
                                "དབྱེ་",
                                "མ་ མཆིས་ ཀྱང་  །_། ཁྱོད་"
                            ],
                            "སྡེ་": [
                                "ཕྱིར །_། གཙོ་བོ་ ཐེག་",
                                "དབྱེ ར་",
                                "མ་ མཆིས་ ཀྱང་  །_། ཁྱོད་"
                            ],
                            "སྣར་": [
                                "ཕྱིར །_། གཙོ་བོ་ ཐེག་",
                                "དབྱེ་",
                                "མ་ མཆིས་ ཀྱང་  །_། ཁྱོད་"
                            ]
                        }
                    ]
                },
                {
                    "30": [
                        [
                            "dreldra",
                            "jedra"
                        ],
                        {
                            "པེ་": [
                                "མ་ མཆིས་ ཀྱང་  །_། ཁྱོད་",
                                "ཀྱིས་",
                                "ཐེག་པ་ གསུམ་ བསྟན་པ"
                            ],
                            "སྡེ་": [
                                "མ་ མཆིས་ ཀྱང་  །_། ཁྱོད་",
                                "ཀྱི་",
                                "ཐེག་པ་ གསུམ་ བསྟན་པ"
                            ],
                            "སྣར་": [
                                "མ་ མཆིས་ ཀྱང་  །_། ཁྱོད་",
                                "ཀྱིས་",
                                "ཐེག་པ་ གསུམ་ བསྟན་པ"
                            ]
                        }
                    ]
                },
                {
                    "37": [
                        [
                            "jedra"
                        ],
                        {
                            "པེ་": [
                                "ཐོབ་པ ར །_། གྱུར་པ་",
                                "འདི ས་",
                                "ནི་ སེམས་ཅན་ མ་ ལུས་"
                            ],
                            "སྡེ་": [
                                "ཐོབ་པ ར །_། གྱུར་པ་",
                                "འདི་",
                                "ནི་ སེམས་ཅན་ མ་ ལུས་"
                            ],
                            "སྣར་": [
                                "ཐོབ་པ ར །_། གྱུར་པ་",
                                "འདི ས་",
                                "ནི་ སེམས་ཅན་ མ་ ལུས་"
                            ]
                        }
                    ]
                }
            ]
        },
        "particle_issues": {
            "added_particle": [],
            "agreement_issue": [
                {
                    "34": [
                        "gyendu",
                        {
                            "པེ་": [
                                "ཁྱོད་ ལ་ གུས་ རྣམས་ ཀྱིས་",
                                "ཀྱང་",
                                "མཐོང་  །_། མགོན་པོ་ སེམས་"
                            ],
                            "སྡེ་": [
                                "ཁྱོད་ ལ་ གུས་ རྣམས་ ཀྱིས་",
                                "ཡང་",
                                "མཐོང་  །_། མགོན་པོ་ སེམས་"
                            ],
                            "སྣར་": [
                                "ཁྱོད་ ལ་ གུས་ རྣམས་ ཀྱིས་",
                                "ཀྱང་",
                                "མཐོང་  །_། མགོན་པོ་ སེམས་"
                            ]
                        }
                    ]
                }
            ],
            "different_particles": [],
            "other": [],
            "po-bo-pa-ba": []
        },
        "spelling_mistake": {
            "missing_vowel": [],
            "nga_da": [],
            "non_word": {
                "ill_formed": [],
                "well_formed": [
                    {
                        "5": [
                            {
                                "པེ་": [
                                    "མི་ མངའ་ ཞིང་  །_། #ཨེ་",
                                    "མ་ #ཧོ་",
                                    "མཆོག་ ཏུ་ རྟོགས་ དཀའ་བ འི"
                                ],
                                "སྡེ་": [
                                    "མི་ མངའ་ ཞིང་  །_། #ཨེ་",
                                    "མ འོ་",
                                    "མཆོག་ ཏུ་ རྟོགས་ དཀའ་བ འི"
                                ],
                                "སྣར་": [
                                    "མི་ མངའ་ ཞིང་  །_། #ཨེ་",
                                    "མ་ #ཧོ་",
                                    "མཆོག་ ཏུ་ རྟོགས་ དཀའ་བ འི"
                                ]
                            }
                        ]
                    }
                ]
            }
        },
        "sskrt": [
            {
                "1": [
                    {
                        "པེ་": [
                            "ག ར་ སྐད་ དུ །_ ནི་",
                            "#རཱུ་པ་",
                            "མ་ #སྟ་ #བཾ _། "
                        ],
                        "སྡེ་": [
                            "ག ར་ སྐད་ དུ །_ ནི་",
                            "རུ་པ་",
                            "མ་ #སྟ་ #བཾ _། "
                        ],
                        "སྣར་": [
                            "ག ར་ སྐད་ དུ །_ ནི་",
                            "#རཱུ་པ་",
                            "མ་ #སྟ་ #བཾ _། "
                        ]
                    }
                ]
            },
            {
                "2": [
                    {
                        "པེ་": [
                            "ནི་ རུ་པ་ མ་",
                            "#སྟ་པ",
                            "_། བོད་ སྐད་ དུ ། "
                        ],
                        "སྡེ་": [
                            "ནི་ རུ་པ་ མ་",
                            "#སྟ་ #བཾ",
                            "_། བོད་ སྐད་ དུ ། "
                        ],
                        "སྣར་": [
                            "ནི་ རུ་པ་ མ་",
                            "#སྟ་བ",
                            "_། བོད་ སྐད་ དུ ། "
                        ]
                    }
                ]
            },
            {
                "36": [
                    {
                        "པེ་": [
                            "མེད་ བསམ་ མི་ ཁྱབ །_།",
                            "དེ་ལྟར་ བདེ་ #…….ལས་ བདག་ གི་",
                            "བསོད་ནམས་ གང་ ཐོབ་པ ར"
                        ],
                        "སྡེ་": [
                            "མེད་ བསམ་ མི་ ཁྱབ །_།",
                            "མེ་ཏོག་ གིས་ བརྒྱན་པ་ ལས་",
                            "བསོད་ནམས་ གང་ ཐོབ་པ ར"
                        ],
                        "སྣར་": [
                            "མེད་ བསམ་ མི་ ཁྱབ །_།",
                            "དེ་ལྟར་ བདེ་ #…….ལས་ བདག་ གི་",
                            "བསོད་ནམས་ གང་ ཐོབ་པ ར"
                        ]
                    }
                ]
            },
            {
                "39": [
                    {
                        "པེ་": [
                            "རྒྱ་གར་ གྱི་ མཁན་པོ་",
                            "#ཀྲིཥྚ་",
                            "#པཎྜི་ #ཏ་ དང་  །_ ལོ་"
                        ],
                        "སྡེ་": [
                            "རྒྱ་གར་ གྱི་ མཁན་པོ་",
                            "#ཀྲྀཥྞ་",
                            "#པཎྜི་ #ཏ་ དང་  །_ ལོ་"
                        ],
                        "སྣར་": [
                            "རྒྱ་གར་ གྱི་ མཁན་པོ་",
                            "#ཀྲྀཥྚ་",
                            "#པཎྜི་ #ཏ་ དང་  །_ ལོ་"
                        ]
                    }
                ]
            },
            {
                "41": [
                    {
                        "པེ་": [
                            "རྒྱལ་བ ས་ བསྒྱུར་བ འོ །།",
                            "#མངྒ་ #ལཾ",
                            "།། "
                        ],
                        "སྡེ་": [
                            "རྒྱལ་བ ས་ བསྒྱུར་བ འོ །།",
                            "",
                            "།། "
                        ],
                        "སྣར་": [
                            "རྒྱལ་བ ས་ བསྒྱུར་བ འོ །།",
                            "",
                            "།། "
                        ]
                    }
                ]
            }
        ],
        "verb_difference": {
            "diff_tense": [],
            "diff_verb": [
                {
                    "23": [
                        [
                            "《བསྟེན》ཞེས་པ།【〈བསྟེན〉གི་ མ་འོངས་པ། ཐ་དད་པ།】【〈བསྟེན〉གི་ འདས་པ། ཐ་དད་པ།】【〈སྟེན〉གི་ མ་འོངས་པ།】【〈སྟེན〉གི་ མ་འོངས་པ། ཐ་དད་པ།】【〈སྟེན〉གི་ འདས་པ།】【〈སྟེན〉གི་ འདས་པ། ཐ་དད་པ།】",
                            "《སྟོན》ཞེས་པ།【〈སྟོན〉གི་ ད་ལྟ་བ། ཐ་དད་པ།】【〈སྟོན〉གི་ སྐུལ་ཚིག ཐ་དད་པ།】"
                        ],
                        {
                            "པེ་": [
                                " །_། འཇིག་རྟེན་ སྤྱོད་པ འང་",
                                "བསྟེན་པ ར་",
                                "མཛད །_། ལས་ ཀྱི་"
                            ],
                            "སྡེ་": [
                                " །_། འཇིག་རྟེན་ སྤྱོད་པ འང་",
                                "སྟོན་པ ར་",
                                "མཛད །_། ལས་ ཀྱི་"
                            ],
                            "སྣར་": [
                                " །_། འཇིག་རྟེན་ སྤྱོད་པ འང་",
                                "བསྟེན་པ ར་",
                                "མཛད །_། ལས་ ཀྱི་"
                            ]
                        }
                    ]
                },
                {
                    "27": [
                        [
                            "《གཟུང》ཞེས་པ།【〈འཛིན〉གི་ མ་འོངས་པ།】【〈འཛིན〉གི་ མ་འོངས་པ། ཐ་དད་པ།】",
                            "《འཇུག》ཞེས་པ།【〈འཇུག〉གི་ ད་ལྟ་བ། ཐ་དད་པ།】【〈འཇུག〉གི་ ད་ལྟ་བ། ཐ་མི་དད་པ།】【〈འཇུག〉གི་ མ་འོངས་པ། ཐ་མི་དད་པ།】"
                        ],
                        {
                            "པེ་": [
                                "ཁྱོད་ ཀྱིས་ སེམས་ཅན་ རྗེས་",
                                "འཇུག་",
                                "ཕྱིར །_། ལས་ སྤངས་པ ར་"
                            ],
                            "སྡེ་": [
                                "ཁྱོད་ ཀྱིས་ སེམས་ཅན་ རྗེས་",
                                "གཟུང་",
                                "ཕྱིར །_། ལས་ སྤངས་པ ར་"
                            ],
                            "སྣར་": [
                                "ཁྱོད་ ཀྱིས་ སེམས་ཅན་ རྗེས་",
                                "འཇུག་",
                                "ཕྱིར །_། ལས་ སྤངས་པ ར་"
                            ]
                        }
                    ]
                },
                {
                    "31": [
                        [
                            "《དགྲོལ》ཞེས་པ།【〈འགྲེལ〉གི་ མ་འོངས་པ། ཐ་དད་པ།】【〈འགྲོལ〉གི་ མ་འོངས་པ། ཐ་དད་པ།】",
                            "《འགྲོ》ཞེས་པ།【〈འགྲོ〉གི་ ད་ལྟ་བ།】【〈འགྲོ〉གི་ ད་ལྟ་བ། ཐ་མི་དད་པ།】【〈འགྲོ〉གི་ མ་འོངས་པ།】【〈འགྲོ〉གི་ མ་འོངས་པ། ཐ་མི་དད་པ།】【〈སོང〉གི་ ད་ལྟ་བ། ཐ་མི་དད་པ།】【〈སོང〉གི་ མ་འོངས་པ། ཐ་མི་དད་པ།】"
                        ],
                        {
                            "པེ་": [
                                " །_། རྒྱལ་བ ས་ གདུལ་བྱ་",
                                "དགྲོལ་བ འི་",
                                "ཕྱིར །_། ཁྱོད་ ཉིད་"
                            ],
                            "སྡེ་": [
                                " །_། རྒྱལ་བ ས་ གདུལ་བྱ་",
                                "འགྲོ་བ འི་",
                                "ཕྱིར །_། ཁྱོད་ ཉིད་"
                            ],
                            "སྣར་": [
                                " །_། རྒྱལ་བ ས་ གདུལ་བྱ་",
                                "དགྲོལ་བ འི་",
                                "ཕྱིར །_། ཁྱོད་ ཉིད་"
                            ]
                        }
                    ]
                }
            ],
            "not_sure": [
                {
                    "17": [
                        [
                            "《སོགས》ཞེས་པ།【〈གསོག〉གི་ སྐུལ་ཚིག】【〈གསོག〉གི་ སྐུལ་ཚིག ཐ་དད་པ།】",
                            "《ཚོགས》ཞེས་པ།【】"
                        ],
                        {
                            "པེ་": [
                                "གཙོ་ བོས་ རྨི་ ལམ་ སྒྱུ་",
                                "སོགས་",
                                "བཞིན །_། འཁོར་བ་ ངེས་"
                            ],
                            "སྡེ་": [
                                "གཙོ་ བོས་ རྨི་ ལམ་ སྒྱུ་",
                                "ཚོགས་",
                                "བཞིན །_། འཁོར་བ་ ངེས་"
                            ],
                            "སྣར་": [
                                "གཙོ་ བོས་ རྨི་ ལམ་ སྒྱུ་",
                                "སོགས་",
                                "བཞིན །_། འཁོར་བ་ ངེས་"
                            ]
                        }
                    ]
                }
            ]
        }
    },
    "dunno": {
        "long_diff": [],
        "no_diff": [
            {
                "7": [
                    {
                        "པེ་": [
                            "གྱུར །_། གཙོ་བོ་ ཁྱོད་",
                            "ཀྱི་ གང་ཞིག་",
                            "ཏུ །_། ཡི་གེ་"
                        ],
                        "སྡེ་": [
                            "གྱུར །_། གཙོ་བོ་ ཁྱོད་",
                            "ཀྱིས་ འགའ་ཞིག་",
                            "ཏུ །_། ཡི་གེ་"
                        ],
                        "སྣར་": [
                            "གྱུར །_། གཙོ་བོ་ ཁྱོད་",
                            "ཀྱི་ གང་ཞིག་",
                            "ཏུ །_། ཡི་གེ་"
                        ]
                    }
                ]
            },
            {
                "8": [
                    {
                        "པེ་": [
                            "ཆོས་ ཀྱི་ ཆ ར་ གྱིས་",
                            "ཚིམ་པ འང་",
                            "མཛད །_། མཁའ་ དང་ མཉམ་"
                        ],
                        "སྡེ་": [
                            "ཆོས་ ཀྱི་ ཆ ར་ གྱིས་",
                            "ཚིམ་པ ར་",
                            "མཛད །_། མཁའ་ དང་ མཉམ་"
                        ],
                        "སྣར་": [
                            "ཆོས་ ཀྱི་ ཆ ར་ གྱིས་",
                            "ཚིམ་པ འང་",
                            "མཛད །_། མཁའ་ དང་ མཉམ་"
                        ]
                    }
                ]
            },
            {
                "9": [
                    {
                        "པེ་": [
                            "བདེ་ དང་ སྡུག་བསྔལ་ དེ་",
                            "གྱུར་པ",
                            "།_། རྟག་ མི་རྟག་ སོགས་"
                        ],
                        "སྡེ་": [
                            "བདེ་ དང་ སྡུག་བསྔལ་ དེ་",
                            "བཞིན་ དུ",
                            "།_། རྟག་ མི་རྟག་ སོགས་"
                        ],
                        "སྣར་": [
                            "བདེ་ དང་ སྡུག་བསྔལ་ དེ་",
                            "གྱུར་པ",
                            "།_། རྟག་ མི་རྟག་ སོགས་"
                        ]
                    }
                ]
            },
            {
                "12": [
                    {
                        "པེ་": [
                            "རུ་",
                            "སྤུངས་པ འང་ མ་ ལགས་ ལ",
                            "།_། དེ་ ཕྱིར་ དོན་ དམ་"
                        ],
                        "སྡེ་": [
                            "རུ་",
                            "སྤུངས་པ་ མ་ མཆིས་པ",
                            "།_། དེ་ ཕྱིར་ དོན་ དམ་"
                        ],
                        "སྣར་": [
                            "རུ་",
                            "སྤུངས་པ འང་ མ་ ལགས་ ལ",
                            "།_། དེ་ ཕྱིར་ དོན་ དམ་"
                        ]
                    }
                ]
            },
            {
                "13": [
                    {
                        "པེ་": [
                            "མ་ མཆིས་པ །_། དེ་",
                            "བཞིན་",
                            "དོན་ དམ་ རིག་པ འང་ ལགས"
                        ],
                        "སྡེ་": [
                            "མ་ མཆིས་པ །_། དེ་",
                            "ཕྱིར་",
                            "དོན་ དམ་ རིག་པ འང་ ལགས"
                        ],
                        "སྣར་": [
                            "མ་ མཆིས་པ །_། དེ་",
                            "བཞིན་",
                            "དོན་ དམ་ རིག་པ འང་ ལགས"
                        ]
                    }
                ]
            },
            {
                "14": [
                    {
                        "པེ་": [
                            " །_། འཕོ་ དང་ འཇིག་པ་",
                            "རྣམས་",
                            "སྤངས་པ །_། སྨད་པ་"
                        ],
                        "སྡེ་": [
                            " །_། འཕོ་ དང་ འཇིག་པ་",
                            "རྣམ་",
                            "སྤངས་པ །_། སྨད་པ་"
                        ],
                        "སྣར་": [
                            " །_། འཕོ་ དང་ འཇིག་པ་",
                            "རྣམས་",
                            "སྤངས་པ །_། སྨད་པ་"
                        ]
                    }
                ]
            },
            {
                "18": [
                    {
                        "པེ་": [
                            "པ་ ལགས །_། བག་ཆགས་",
                            "གཞི ར་",
                            "གྱུར་ མཐ ར་ ཐུག་པ འི །_། "
                        ],
                        "སྡེ་": [
                            "པ་ ལགས །_། བག་ཆགས་",
                            "གཞི ར་",
                            "གྱུར་ མཐ ར་ ཐུག་པ འི །_། "
                        ],
                        "སྣར་": [
                            "པ་ ལགས །_། བག་ཆགས་",
                            "བཞི ར་",
                            "གྱུར་ མཐ ར་ ཐུག་པ འི །_། "
                        ]
                    }
                ]
            },
            {
                "22": [
                    {
                        "པེ་": [
                            " །_། སྐུ་ ལ་ བསྙུན་ མེད་",
                            "རུས་པ འང་",
                            "མེད །_། བཀྲེས་ དང་ སྐོམ་"
                        ],
                        "སྡེ་": [
                            " །_། སྐུ་ ལ་ བསྙུན་ མེད་",
                            "མི་གཙང་",
                            "མེད །_། བཀྲེས་ དང་ སྐོམ་"
                        ],
                        "སྣར་": [
                            " །_། སྐུ་ ལ་ བསྙུན་ མེད་",
                            "རུས་པ འང་",
                            "མེད །_། བཀྲེས་ དང་ སྐོམ་"
                        ]
                    }
                ]
            },
            {
                "32": [
                    {
                        "པེ་": [
                            "འགྲོ་བ འི་ ཕྱིར །_། ཁྱོད་",
                            "ཀྱིས་",
                            "མྱ་ངན་ འདས་པ ར་ བསྟན"
                        ],
                        "སྡེ་": [
                            "འགྲོ་བ འི་ ཕྱིར །_། ཁྱོད་",
                            "ཉིད་",
                            "མྱ་ངན་ འདས་པ ར་ བསྟན"
                        ],
                        "སྣར་": [
                            "འགྲོ་བ འི་ ཕྱིར །_། ཁྱོད་",
                            "ཀྱིས་",
                            "མྱ་ངན་ འདས་པ ར་ བསྟན"
                        ]
                    }
                ]
            },
            {
                "33": [
                    {
                        "པེ་": [
                            "མངོན་ བྱང་ཆུབ །_།",
                            "འཁོར་བ་",
                            "ཐར་པ ར་ མོས་ རྣམས་ ཀྱི"
                        ],
                        "སྡེ་": [
                            "མངོན་ བྱང་ཆུབ །_།",
                            "འཁོར་བ འང་",
                            "ཐར་པ ར་ མོས་ རྣམས་ ཀྱི"
                        ],
                        "སྣར་": [
                            "མངོན་ བྱང་ཆུབ །_།",
                            "འཁོར་བ་",
                            "ཐར་པ ར་ མོས་ རྣམས་ ཀྱི"
                        ]
                    }
                ]
            },
            {
                "35": [
                    {
                        "པེ་": [
                            "མི་ མངའ་ ཡང་  །_། ཁྱོད་",
                            "ཀྱིས་",
                            "ངང་ གིས་ འཇིག་རྟེན་ ལ"
                        ],
                        "སྡེ་": [
                            "མི་ མངའ་ ཡང་  །_། ཁྱོད་",
                            "ཉིད་",
                            "ངང་ གིས་ འཇིག་རྟེན་ ལ"
                        ],
                        "སྣར་": [
                            "མི་ མངའ་ ཡང་  །_། ཁྱོད་",
                            "ཀྱིས་",
                            "ངང་ གིས་ འཇིག་རྟེན་ ལ"
                        ]
                    }
                ]
            }
        ],
        "short_diff": [
            {
                "21": [
                    {
                        "པེ་": [
                            "རུས་པ་ ཁྲག་",
                            "ཀྱང་ མེད",
                            "།_། ནམ་མཁ འི་ དབང་པོ འི་"
                        ],
                        "སྡེ་": [
                            "རུས་པ་ ཁྲག་",
                            "མེད་ ཀྱང་ ",
                            "།_། ནམ་མཁ འི་ དབང་པོ འི་"
                        ],
                        "སྣར་": [
                            "རུས་པ་ ཁྲག་",
                            "ཀྱང་ མེད",
                            "།_། ནམ་མཁ འི་ དབང་པོ འི་"
                        ]
                    }
                ]
            },
            {
                "24": [
                    {
                        "པེ་": [
                            "ཀྱི་ སྒྲིབ་པ འི་ སྐྱོན་ རྣམས་",
                            "ཀྱང་ ",
                            "།_། སྡིག་ མེད་ ཁྱོད་ ཀྱིས་"
                        ],
                        "སྡེ་": [
                            "ཀྱི་ སྒྲིབ་པ འི་ སྐྱོན་ རྣམས་",
                            "ནི",
                            "།_། སྡིག་ མེད་ ཁྱོད་ ཀྱིས་"
                        ],
                        "སྣར་": [
                            "ཀྱི་ སྒྲིབ་པ འི་ སྐྱོན་ རྣམས་",
                            "ཀྱང་ ",
                            "།_། སྡིག་ མེད་ ཁྱོད་ ཀྱིས་"
                        ]
                    }
                ]
            },
            {
                "38": [
                    {
                        "པེ་": [
                            "པ ར་ བསྟོད་པ་ སློབ་དཔོན་",
                            "",
                            "ཀླུ་ སྒྲུབ་ ཀྱིས་ མཛད་པ་"
                        ],
                        "སྡེ་": [
                            "པ ར་ བསྟོད་པ་ སློབ་དཔོན་",
                            "འཕགས་པ་",
                            "ཀླུ་ སྒྲུབ་ ཀྱིས་ མཛད་པ་"
                        ],
                        "སྣར་": [
                            "པ ར་ བསྟོད་པ་ སློབ་དཔོན་",
                            "",
                            "ཀླུ་ སྒྲུབ་ ཀྱིས་ མཛད་པ་"
                        ]
                    }
                ]
            },
            {
                "40": [
                    {
                        "པེ་": [
                            "དང་  །_ ལོ་ཙཱ་བ་",
                            "",
                            "ཚུལ་ཁྲིམས་ རྒྱལ་བ ས་ བསྒྱུར་"
                        ],
                        "སྡེ་": [
                            "དང་  །_ ལོ་ཙཱ་བ་",
                            "དགེ་སློང་",
                            "ཚུལ་ཁྲིམས་ རྒྱལ་བ ས་ བསྒྱུར་"
                        ],
                        "སྣར་": [
                            "དང་  །_ ལོ་ཙཱ་བ་",
                            "",
                            "ཚུལ་ཁྲིམས་ རྒྱལ་བ ས་ བསྒྱུར་"
                        ]
                    }
                ]
            }
        ]
    },
    "empty_notes": [
        {
            "42": [
                {
                    "པེ་": [
                        "བ ས་ བསྒྱུར་བ འོ །། ",
                        "",
                        "བ ས་ བསྒྱུར་བ འོ །། "
                    ],
                    "སྡེ་": [
                        "བ ས་ བསྒྱུར་བ འོ །། ",
                        "",
                        "བ ས་ བསྒྱུར་བ འོ །། "
                    ],
                    "སྣར་": [
                        "བ ས་ བསྒྱུར་བ འོ །། ",
                        "",
                        "བ ས་ བསྒྱུར་བ འོ །། "
                    ]
                }
            ]
        }
    ],
    "manual_categorisation": {
        "long_difference": {
            "differing_formulation": [],
            "major_modification": []
        },
        "manual_evaluation": {
            "derge_correct": [],
            "meaning_difference": {
                "great_diff": [],
                "medium_diff": [],
                "small_diff": []
            }
        }
    },
    "ngram_freq": {
        "1": {
            "པེ་": [
                [
                    "རཱུ་པ",
                    "90"
                ]
            ],
            "སྡེ་": [
                [
                    "རུ་པ",
                    "41"
                ]
            ],
            "སྣར་": [
                [
                    "རཱུ་པ",
                    "90"
                ]
            ]
        },
        "10": {
            "པེ་": [
                [
                    "ལས",
                    "5885"
                ],
                [
                    "སོགས་ལས",
                    "64"
                ]
            ],
            "སྡེ་": [
                [
                    "ལ",
                    "33965"
                ],
                [
                    "སོགས་ལ",
                    "48"
                ]
            ],
            "སྣར་": [
                [
                    "ལས",
                    "5885"
                ],
                [
                    "སོགས་ལས",
                    "64"
                ]
            ]
        },
        "11": {
            "པེ་": [
                [
                    "ཀྱི",
                    "5256"
                ],
                [
                    "ཁྱོད་ཀྱི",
                    "3668"
                ]
            ],
            "སྡེ་": [
                [
                    "ཀྱིས",
                    "6156"
                ],
                [
                    "ཁྱོད་ཀྱིས",
                    "55"
                ]
            ],
            "སྣར་": [
                [
                    "ཀྱི",
                    "5256"
                ],
                [
                    "ཁྱོད་ཀྱི",
                    "3668"
                ]
            ]
        },
        "12": {
            "པེ་": [],
            "སྡེ་": [],
            "སྣར་": []
        },
        "13": {
            "པེ་": [
                [
                    "བཞིན",
                    "3439"
                ],
                [
                    "དེ་བཞིན",
                    "629"
                ],
                [
                    "བཞིན་དོན",
                    "46"
                ]
            ],
            "སྡེ་": [
                [
                    "ཕྱིར",
                    "11714"
                ],
                [
                    "དེ་ཕྱིར",
                    "1611"
                ],
                [
                    "ཕྱིར་དོན",
                    "94"
                ]
            ],
            "སྣར་": [
                [
                    "བཞིན",
                    "3439"
                ],
                [
                    "དེ་བཞིན",
                    "629"
                ],
                [
                    "བཞིན་དོན",
                    "46"
                ]
            ]
        },
        "14": {
            "པེ་": [
                [
                    "རྣམས",
                    "5469"
                ]
            ],
            "སྡེ་": [
                [
                    "རྣམ",
                    "1"
                ],
                [
                    "རྣམ་སྤངས་པ",
                    "81"
                ]
            ],
            "སྣར་": [
                [
                    "རྣམས",
                    "5469"
                ]
            ]
        },
        "15": {
            "པེ་": [
                [
                    "སྤངས་པར",
                    "425"
                ]
            ],
            "སྡེ་": [
                [
                    "སྤངས་པ",
                    "383"
                ],
                [
                    "སྤངས་པ།_།",
                    "208"
                ],
                [
                    "རྣམ་སྤངས་པ",
                    "81"
                ],
                [
                    "རྣམ་སྤངས་པ།_།",
                    "81"
                ]
            ],
            "སྣར་": [
                [
                    "སྤངས་པར",
                    "425"
                ]
            ]
        },
        "16": {
            "པེ་": [
                [
                    "མེད་པར",
                    "15663"
                ]
            ],
            "སྡེ་": [
                [
                    "མེད་པ",
                    "5438"
                ]
            ],
            "སྣར་": [
                [
                    "མེད་པར",
                    "15663"
                ]
            ]
        },
        "17": {
            "པེ་": [
                [
                    "སོགས",
                    "1011"
                ]
            ],
            "སྡེ་": [
                [
                    "ཚོགས",
                    "778"
                ]
            ],
            "སྣར་": [
                [
                    "སོགས",
                    "1011"
                ]
            ]
        },
        "18": {
            "པེ་": [
                [
                    "གཞིར",
                    "3"
                ],
                [
                    "གཞིར་གྱུར",
                    "83"
                ]
            ],
            "སྡེ་": [
                [
                    "གཞིར",
                    "3"
                ],
                [
                    "གཞིར་གྱུར",
                    "83"
                ]
            ],
            "སྣར་": [
                [
                    "བཞིར",
                    "19"
                ]
            ]
        },
        "19": {
            "པེ་": [
                [
                    "ཀྱི",
                    "5256"
                ],
                [
                    "ཀྱི་བདུད",
                    "122"
                ],
                [
                    "ཁྱོད་ཀྱི",
                    "3668"
                ]
            ],
            "སྡེ་": [
                [
                    "ཀྱིས",
                    "6156"
                ],
                [
                    "ཁྱོད་ཀྱིས",
                    "55"
                ],
                [
                    "ཀྱིས་བདུད",
                    "179"
                ]
            ],
            "སྣར་": [
                [
                    "ཀྱི",
                    "5256"
                ],
                [
                    "ཀྱི་བདུད",
                    "122"
                ],
                [
                    "ཁྱོད་ཀྱི",
                    "3668"
                ]
            ]
        },
        "2": {
            "པེ་": [],
            "སྡེ་": [],
            "སྣར་": []
        },
        "20": {
            "པེ་": [
                [
                    "ཀྱི",
                    "5256"
                ],
                [
                    "ཁྱོད་ཀྱི",
                    "3668"
                ],
                [
                    "ཀྱི་གཟུགས",
                    "892"
                ]
            ],
            "སྡེ་": [
                [
                    "ཀྱིས",
                    "6156"
                ],
                [
                    "ཁྱོད་ཀྱིས",
                    "55"
                ],
                [
                    "ཀྱིས་གཟུགས",
                    "143"
                ]
            ],
            "སྣར་": [
                [
                    "ཀྱི",
                    "5256"
                ],
                [
                    "ཁྱོད་ཀྱི",
                    "3668"
                ],
                [
                    "ཀྱི་གཟུགས",
                    "892"
                ]
            ]
        },
        "21": {
            "པེ་": [
                [
                    "ཀྱང་མེད",
                    "396"
                ],
                [
                    "ཀྱང་མེད།_།",
                    "156"
                ]
            ],
            "སྡེ་": [
                [
                    "མེད་ཀྱང",
                    "432"
                ],
                [
                    "མེད་ཀྱང་།_།",
                    "70"
                ]
            ],
            "སྣར་": [
                [
                    "ཀྱང་མེད",
                    "396"
                ],
                [
                    "ཀྱང་མེད།_།",
                    "156"
                ]
            ]
        },
        "22": {
            "པེ་": [],
            "སྡེ་": [
                [
                    "མི་གཙང",
                    "1014"
                ]
            ],
            "སྣར་": []
        },
        "23": {
            "པེ་": [
                [
                    "བསྟེན་པར",
                    "626"
                ]
            ],
            "སྡེ་": [
                [
                    "སྟོན་པར",
                    "5518"
                ],
                [
                    "སྟོན་པར་མཛད",
                    "233"
                ]
            ],
            "སྣར་": [
                [
                    "བསྟེན་པར",
                    "626"
                ]
            ]
        },
        "24": {
            "པེ་": [
                [
                    "ཀྱང",
                    "95"
                ],
                [
                    "ཀྱང་།_།",
                    "5645"
                ],
                [
                    "རྣམས་ཀྱང",
                    "6429"
                ],
                [
                    "རྣམས་ཀྱང་།_།",
                    "259"
                ]
            ],
            "སྡེ་": [
                [
                    "ནི",
                    "44237"
                ],
                [
                    "ནི།_།",
                    "28227"
                ],
                [
                    "རྣམས་ནི",
                    "8962"
                ],
                [
                    "རྣམས་ནི།_།",
                    "730"
                ]
            ],
            "སྣར་": [
                [
                    "ཀྱང",
                    "95"
                ],
                [
                    "ཀྱང་།_།",
                    "5645"
                ],
                [
                    "རྣམས་ཀྱང",
                    "6429"
                ],
                [
                    "རྣམས་ཀྱང་།_།",
                    "259"
                ]
            ]
        },
        "25": {
            "པེ་": [
                [
                    "ཀྱི",
                    "5256"
                ],
                [
                    "ཀྱི་ཀུན",
                    "368"
                ],
                [
                    "ཁྱོད་ཀྱི",
                    "3668"
                ]
            ],
            "སྡེ་": [
                [
                    "ཀྱིས",
                    "6156"
                ],
                [
                    "ཀྱིས་ཀུན",
                    "772"
                ],
                [
                    "ཁྱོད་ཀྱིས",
                    "55"
                ]
            ],
            "སྣར་": [
                [
                    "ཀྱི",
                    "5256"
                ],
                [
                    "ཀྱི་ཀུན",
                    "368"
                ],
                [
                    "ཁྱོད་ཀྱི",
                    "3668"
                ]
            ]
        },
        "26": {
            "པེ་": [
                [
                    "ཀྱི",
                    "5256"
                ],
                [
                    "ཁྱོད་ཀྱི",
                    "3668"
                ],
                [
                    "ཀྱི་སེམས་ཅན",
                    "725"
                ]
            ],
            "སྡེ་": [
                [
                    "ཀྱིས",
                    "6156"
                ],
                [
                    "ཁྱོད་ཀྱིས",
                    "55"
                ],
                [
                    "ཀྱིས་སེམས་ཅན",
                    "767"
                ],
                [
                    "ཁྱོད་ཀྱིས་སེམས་ཅན",
                    "115"
                ]
            ],
            "སྣར་": [
                [
                    "ཀྱི",
                    "5256"
                ],
                [
                    "ཁྱོད་ཀྱི",
                    "3668"
                ],
                [
                    "ཀྱི་སེམས་ཅན",
                    "725"
                ]
            ]
        },
        "27": {
            "པེ་": [
                [
                    "འཇུག",
                    "1039"
                ],
                [
                    "རྗེས་འཇུག",
                    "44"
                ]
            ],
            "སྡེ་": [
                [
                    "གཟུང",
                    "5"
                ]
            ],
            "སྣར་": [
                [
                    "འཇུག",
                    "1039"
                ],
                [
                    "རྗེས་འཇུག",
                    "44"
                ]
            ]
        },
        "28": {
            "པེ་": [
                [
                    "སྤངས་པ",
                    "383"
                ]
            ],
            "སྡེ་": [
                [
                    "སྤངས་པར",
                    "425"
                ]
            ],
            "སྣར་": [
                [
                    "སྤངས་པ",
                    "383"
                ]
            ]
        },
        "29": {
            "པེ་": [
                [
                    "དབྱེ",
                    "143"
                ]
            ],
            "སྡེ་": [
                [
                    "དབྱེར",
                    "1100"
                ],
                [
                    "དབྱེར་མ",
                    "80"
                ]
            ],
            "སྣར་": [
                [
                    "དབྱེ",
                    "143"
                ]
            ]
        },
        "3": {
            "པེ་": [
                [
                    "ཀྱི",
                    "5256"
                ],
                [
                    "ཁྱོད་ཀྱི",
                    "3668"
                ]
            ],
            "སྡེ་": [
                [
                    "ཀྱིས",
                    "6156"
                ],
                [
                    "ཁྱོད་ཀྱིས",
                    "55"
                ]
            ],
            "སྣར་": [
                [
                    "ཀྱི",
                    "5256"
                ],
                [
                    "ཁྱོད་ཀྱི",
                    "3668"
                ]
            ]
        },
        "30": {
            "པེ་": [
                [
                    "ཀྱིས",
                    "6156"
                ],
                [
                    "ཁྱོད་ཀྱིས",
                    "55"
                ],
                [
                    "ཀྱིས་ཐེག་པ",
                    "49"
                ]
            ],
            "སྡེ་": [
                [
                    "ཀྱི",
                    "5256"
                ],
                [
                    "ཁྱོད་ཀྱི",
                    "3668"
                ],
                [
                    "ཀྱི་ཐེག་པ",
                    "1763"
                ]
            ],
            "སྣར་": [
                [
                    "ཀྱིས",
                    "6156"
                ],
                [
                    "ཁྱོད་ཀྱིས",
                    "55"
                ],
                [
                    "ཀྱིས་ཐེག་པ",
                    "49"
                ]
            ]
        },
        "31": {
            "པེ་": [
                [
                    "དགྲོལ་བའི",
                    "92"
                ]
            ],
            "སྡེ་": [
                [
                    "འགྲོ་བའི",
                    "44"
                ],
                [
                    "འགྲོ་བའི་ཕྱིར",
                    "55"
                ]
            ],
            "སྣར་": [
                [
                    "དགྲོལ་བའི",
                    "92"
                ]
            ]
        },
        "32": {
            "པེ་": [
                [
                    "ཀྱིས",
                    "6156"
                ],
                [
                    "ཁྱོད་ཀྱིས",
                    "55"
                ],
                [
                    "ཀྱིས་མྱ་ངན",
                    "42"
                ]
            ],
            "སྡེ་": [
                [
                    "ཉིད",
                    "4415"
                ],
                [
                    "ཁྱོད་ཉིད",
                    "417"
                ]
            ],
            "སྣར་": [
                [
                    "ཀྱིས",
                    "6156"
                ],
                [
                    "ཁྱོད་ཀྱིས",
                    "55"
                ],
                [
                    "ཀྱིས་མྱ་ངན",
                    "42"
                ]
            ]
        },
        "33": {
            "པེ་": [
                [
                    "འཁོར་བ",
                    "43"
                ],
                [
                    "།_།འཁོར་བ",
                    "451"
                ]
            ],
            "སྡེ་": [],
            "སྣར་": [
                [
                    "འཁོར་བ",
                    "43"
                ],
                [
                    "།_།འཁོར་བ",
                    "451"
                ]
            ]
        },
        "34": {
            "པེ་": [
                [
                    "ཀྱང",
                    "95"
                ],
                [
                    "ཀྱིས་ཀྱང",
                    "4534"
                ],
                [
                    "ཀྱང་མཐོང",
                    "553"
                ]
            ],
            "སྡེ་": [
                [
                    "ཡང",
                    "82"
                ],
                [
                    "ཡང་མཐོང",
                    "627"
                ],
                [
                    "ཀྱིས་ཡང",
                    "912"
                ]
            ],
            "སྣར་": [
                [
                    "ཀྱང",
                    "95"
                ],
                [
                    "ཀྱིས་ཀྱང",
                    "4534"
                ],
                [
                    "ཀྱང་མཐོང",
                    "553"
                ]
            ]
        },
        "35": {
            "པེ་": [
                [
                    "ཀྱིས",
                    "6156"
                ],
                [
                    "ཁྱོད་ཀྱིས",
                    "55"
                ]
            ],
            "སྡེ་": [
                [
                    "ཉིད",
                    "4415"
                ],
                [
                    "ཁྱོད་ཉིད",
                    "417"
                ]
            ],
            "སྣར་": [
                [
                    "ཀྱིས",
                    "6156"
                ],
                [
                    "ཁྱོད་ཀྱིས",
                    "55"
                ]
            ]
        },
        "36": {
            "པེ་": [],
            "སྡེ་": [],
            "སྣར་": []
        },
        "37": {
            "པེ་": [
                [
                    "འདིས",
                    "285"
                ],
                [
                    "འདིས་ནི",
                    "635"
                ]
            ],
            "སྡེ་": [
                [
                    "འདི",
                    "1651"
                ],
                [
                    "འདི་ནི",
                    "23970"
                ],
                [
                    "གྱུར་པ་འདི",
                    "329"
                ],
                [
                    "གྱུར་པ་འདི་ནི",
                    "63"
                ]
            ],
            "སྣར་": [
                [
                    "འདིས",
                    "285"
                ],
                [
                    "འདིས་ནི",
                    "635"
                ]
            ]
        },
        "38": {
            "པེ་": [
                [
                    "",
                    "1"
                ],
                [
                    "ཀླུ",
                    "42"
                ],
                [
                    "སློབ་དཔོན",
                    "2825"
                ]
            ],
            "སྡེ་": [
                [
                    "འཕགས་པ",
                    "119"
                ]
            ],
            "སྣར་": [
                [
                    "",
                    "1"
                ],
                [
                    "ཀླུ",
                    "42"
                ],
                [
                    "སློབ་དཔོན",
                    "2825"
                ]
            ]
        },
        "39": {
            "པེ་": [
                [
                    "ཀྲིཥྚ",
                    "1"
                ]
            ],
            "སྡེ་": [
                [
                    "ཀྲྀཥྞ",
                    "79"
                ]
            ],
            "སྣར་": []
        },
        "4": {
            "པེ་": [
                [
                    "ཀྱི",
                    "5256"
                ],
                [
                    "ཁྱོད་ཀྱི",
                    "3668"
                ]
            ],
            "སྡེ་": [
                [
                    "ཀྱིས",
                    "6156"
                ],
                [
                    "ཁྱོད་ཀྱིས",
                    "55"
                ]
            ],
            "སྣར་": [
                [
                    "ཀྱི",
                    "5256"
                ],
                [
                    "ཁྱོད་ཀྱི",
                    "3668"
                ]
            ]
        },
        "40": {
            "པེ་": [
                [
                    "",
                    "1"
                ],
                [
                    "ལོ་ཙཱ་བ",
                    "58"
                ],
                [
                    "ཚུལ་ཁྲིམས",
                    "12910"
                ]
            ],
            "སྡེ་": [
                [
                    "དགེ་སློང",
                    "45182"
                ],
                [
                    "དགེ་སློང་ཚུལ་ཁྲིམས",
                    "165"
                ]
            ],
            "སྣར་": [
                [
                    "",
                    "1"
                ],
                [
                    "ལོ་ཙཱ་བ",
                    "58"
                ],
                [
                    "ཚུལ་ཁྲིམས",
                    "12910"
                ]
            ]
        },
        "41": {
            "པེ་": [],
            "སྡེ་": [
                [
                    "",
                    "1"
                ],
                [
                    "།།",
                    "216"
                ],
                [
                    "།།།།",
                    "22"
                ]
            ],
            "སྣར་": [
                [
                    "",
                    "1"
                ],
                [
                    "།།",
                    "216"
                ],
                [
                    "།།།།",
                    "22"
                ]
            ]
        },
        "42": {
            "པེ་": [
                [
                    "",
                    "1"
                ],
                [
                    "བ",
                    "22879"
                ],
                [
                    "བས",
                    "4123"
                ]
            ],
            "སྡེ་": [
                [
                    "",
                    "1"
                ],
                [
                    "བ",
                    "22879"
                ],
                [
                    "བས",
                    "4123"
                ]
            ],
            "སྣར་": [
                [
                    "",
                    "1"
                ],
                [
                    "བ",
                    "22879"
                ],
                [
                    "བས",
                    "4123"
                ]
            ]
        },
        "5": {
            "པེ་": [
                [
                    "མ་ཧོ",
                    "85"
                ],
                [
                    "ཨེ་མ་ཧོ",
                    "44"
                ]
            ],
            "སྡེ་": [
                [
                    "མའོ",
                    "1250"
                ],
                [
                    "ཨེ་མའོ",
                    "659"
                ]
            ],
            "སྣར་": [
                [
                    "མ་ཧོ",
                    "85"
                ],
                [
                    "ཨེ་མ་ཧོ",
                    "44"
                ]
            ]
        },
        "6": {
            "པེ་": [
                [
                    "ཀྱིས",
                    "6156"
                ]
            ],
            "སྡེ་": [
                [
                    "ཀྱི",
                    "5256"
                ]
            ],
            "སྣར་": [
                [
                    "ཀྱིས",
                    "6156"
                ]
            ]
        },
        "7": {
            "པེ་": [],
            "སྡེ་": [],
            "སྣར་": []
        },
        "8": {
            "པེ་": [],
            "སྡེ་": [
                [
                    "ཚིམ་པར",
                    "1437"
                ],
                [
                    "ཚིམ་པར་མཛད",
                    "84"
                ]
            ],
            "སྣར་": []
        },
        "9": {
            "པེ་": [
                [
                    "གྱུར་པ",
                    "3361"
                ],
                [
                    "གྱུར་པ།_།",
                    "1728"
                ]
            ],
            "སྡེ་": [
                [
                    "བཞིན་དུ",
                    "36959"
                ],
                [
                    "བཞིན་དུ།_།",
                    "1435"
                ],
                [
                    "དེ་བཞིན་དུ",
                    "1279"
                ],
                [
                    "དེ་བཞིན་དུ།_།",
                    "551"
                ]
            ],
            "སྣར་": [
                [
                    "གྱུར་པ",
                    "3361"
                ],
                [
                    "གྱུར་པ།_།",
                    "1728"
                ]
            ]
        }
    },
    "non_standard_notes": [],
    "profile": {
        "1": [
            "པེ་=སྣར་ སྡེ་",
            "88.10%"
        ],
        "10": [
            "པེ་=སྣར་ སྡེ་",
            "88.10%"
        ],
        "11": [
            "པེ་=སྣར་ སྡེ་",
            "88.10%"
        ],
        "12": [
            "པེ་=སྣར་ སྡེ་",
            "88.10%"
        ],
        "13": [
            "པེ་=སྣར་ སྡེ་",
            "88.10%"
        ],
        "14": [
            "པེ་=སྣར་ སྡེ་",
            "88.10%"
        ],
        "15": [
            "པེ་=སྣར་ སྡེ་",
            "88.10%"
        ],
        "16": [
            "པེ་=སྣར་ སྡེ་",
            "88.10%"
        ],
        "17": [
            "པེ་=སྣར་ སྡེ་",
            "88.10%"
        ],
        "18": [
            "པེ་=སྡེ་ སྣར་",
            "2.38%"
        ],
        "19": [
            "པེ་=སྣར་ སྡེ་",
            "88.10%"
        ],
        "2": [
            "པེ་ སྡེ་ སྣར་",
            "4.76%"
        ],
        "20": [
            "པེ་=སྣར་ སྡེ་",
            "88.10%"
        ],
        "21": [
            "པེ་=སྣར་ སྡེ་",
            "88.10%"
        ],
        "22": [
            "པེ་=སྣར་ སྡེ་",
            "88.10%"
        ],
        "23": [
            "པེ་=སྣར་ སྡེ་",
            "88.10%"
        ],
        "24": [
            "པེ་=སྣར་ སྡེ་",
            "88.10%"
        ],
        "25": [
            "པེ་=སྣར་ སྡེ་",
            "88.10%"
        ],
        "26": [
            "པེ་=སྣར་ སྡེ་",
            "88.10%"
        ],
        "27": [
            "པེ་=སྣར་ སྡེ་",
            "88.10%"
        ],
        "28": [
            "པེ་=སྣར་ སྡེ་",
            "88.10%"
        ],
        "29": [
            "པེ་=སྣར་ སྡེ་",
            "88.10%"
        ],
        "3": [
            "པེ་=སྣར་ སྡེ་",
            "88.10%"
        ],
        "30": [
            "པེ་=སྣར་ སྡེ་",
            "88.10%"
        ],
        "31": [
            "པེ་=སྣར་ སྡེ་",
            "88.10%"
        ],
        "32": [
            "པེ་=སྣར་ སྡེ་",
            "88.10%"
        ],
        "33": [
            "པེ་=སྣར་ སྡེ་",
            "88.10%"
        ],
        "34": [
            "པེ་=སྣར་ སྡེ་",
            "88.10%"
        ],
        "35": [
            "པེ་=སྣར་ སྡེ་",
            "88.10%"
        ],
        "36": [
            "པེ་=སྣར་ སྡེ་",
            "88.10%"
        ],
        "37": [
            "པེ་=སྣར་ སྡེ་",
            "88.10%"
        ],
        "38": [
            "པེ་=སྣར་ སྡེ་",
            "88.10%"
        ],
        "39": [
            "པེ་ སྡེ་ སྣར་",
            "4.76%"
        ],
        "4": [
            "པེ་=སྣར་ སྡེ་",
            "88.10%"
        ],
        "40": [
            "པེ་=སྣར་ སྡེ་",
            "88.10%"
        ],
        "41": [
            "པེ་ སྡེ་=སྣར་",
            "2.38%"
        ],
        "42": [
            "པེ་=སྡེ་=སྣར་",
            "2.38%"
        ],
        "5": [
            "པེ་=སྣར་ སྡེ་",
            "88.10%"
        ],
        "6": [
            "པེ་=སྣར་ སྡེ་",
            "88.10%"
        ],
        "7": [
            "པེ་=སྣར་ སྡེ་",
            "88.10%"
        ],
        "8": [
            "པེ་=སྣར་ སྡེ་",
            "88.10%"
        ],
        "9": [
            "པེ་=སྣར་ སྡེ་",
            "88.10%"
        ]
    }
}