﻿{
    "Stats": {
        "Categorised": "5 notes (100.00%)",
        "Notes’ total": 5,
        "Profiles": [
            "པེ་=སྣར་ སྡེ་: 80.00% (4 notes)",
            "པེ་=སྡེ་=སྣར་: 20.00% (1 notes)"
        ],
        "automatic_categorisation": {
            "min_mod": {},
            "particle_issues": {},
            "spelling_mistake": {
                "non_word": {
                    "well_formed": 1
                }
            },
            "sskrt": 2,
            "verb_difference": {
                "diff_verb": 1
            }
        },
        "dunno": {},
        "empty_notes": 1,
        "manual_categorisation": {
            "long_difference": {},
            "manual_evaluation": {
                "meaning_difference": {}
            }
        },
        "ngram_freq": {},
        "profile": {}
    },
    "automatic_categorisation": {
        "min_mod": {
            "min_mod_groups": [],
            "particle_groups": []
        },
        "particle_issues": {
            "added_particle": [],
            "agreement_issue": [],
            "different_particles": [],
            "other": [],
            "po-bo-pa-ba": []
        },
        "spelling_mistake": {
            "missing_vowel": [],
            "nga_da": [],
            "non_word": {
                "ill_formed": [],
                "well_formed": [
                    {
                        "2": [
                            {
                                "པེ་": [
                                    " །_། ཚོགས་ ཀྱི་ ནང་ དུ་",
                                    "#བརྩོད་པ་",
                                    "དང་  །_། དད་ ལྡན་"
                                ],
                                "སྡེ་": [
                                    " །_། ཚོགས་ ཀྱི་ ནང་ དུ་",
                                    "རྩོད་པ་",
                                    "དང་  །_། དད་ ལྡན་"
                                ],
                                "སྣར་": [
                                    " །_། ཚོགས་ ཀྱི་ ནང་ དུ་",
                                    "#བརྩོད་པ་",
                                    "དང་  །_། དད་ ལྡན་"
                                ]
                            }
                        ]
                    }
                ]
            }
        },
        "sskrt": [
            {
                "1": [
                    {
                        "པེ་": [
                            " །_ #བཛྲ་ #ཡཱ་ ན་ #སྠྰུ་",
                            "ལ་པ་ #ཏི",
                            "_། བོད་ སྐད་ དུ ། "
                        ],
                        "སྡེ་": [
                            " །_ #བཛྲ་ #ཡཱ་ ན་ #སྠྰུ་",
                            "ལ་ #པཏྟི",
                            "_། བོད་ སྐད་ དུ ། "
                        ],
                        "སྣར་": [
                            " །_ #བཛྲ་ #ཡཱ་ ན་ #སྠྰུ་",
                            "ལ་པ་ #ཏི",
                            "_། བོད་ སྐད་ དུ ། "
                        ]
                    }
                ]
            },
            {
                "3": [
                    {
                        "པེ་": [
                            "ག ར་ གྱི་ མཁན་པོ་ པདྨ་",
                            "ཀ་",
                            "ར་ #ལྡརྨ་ དང་  །_ ཞུ་"
                        ],
                        "སྡེ་": [
                            "ག ར་ གྱི་ མཁན་པོ་ པདྨ་",
                            "#ཀཱ་",
                            "ར་ #ལྡརྨ་ དང་  །_ ཞུ་"
                        ],
                        "སྣར་": [
                            "ག ར་ གྱི་ མཁན་པོ་ པདྨ་",
                            "ཀ་",
                            "ར་ #ལྡརྨ་ དང་  །_ ཞུ་"
                        ]
                    }
                ]
            }
        ],
        "verb_difference": {
            "diff_tense": [],
            "diff_verb": [
                {
                    "4": [
                        [
                            "《ཞུ》ཞེས་པ།【〈བཞུ〉གི་ སྐུལ་ཚིག འབྲི་ཚུལ་གཞན།】【〈ཞུས〉གི་ ད་ལྟ་བ། ཐ་དད་པ།】【〈ཞུས〉གི་ མ་འོངས་པ། ཐ་དད་པ།】【〈ཞུ〉གི་ ད་ལྟ་བ། ཐ་དད་པ།】【〈ཞུ〉གི་ མ་འོངས་པ། ཐ་དད་པ།】",
                            "《ཞུས》ཞེས་པ།【〈བཞུ〉གི་ སྐུལ་ཚིག ཐ་དད་པ།】【〈ཞུས〉གི་ འདས་པ། ཐ་དད་པ།】【〈ཞུས〉གི་ སྐུལ་ཚིག ཐ་དད་པ།】【〈ཞུ〉གི་ འདས་པ། ཐ་དད་པ།】【〈ཞུ〉གི་ སྐུལ་ཚིག ཐ་དད་པ།】"
                        ],
                        {
                            "པེ་": [
                                "#ལྡརྨ་ དང་  །_",
                                "ཞུས་",
                                "ཆེན་ གྱི་ ལོ་ཙཱ་བ་"
                            ],
                            "སྡེ་": [
                                "#ལྡརྨ་ དང་  །_",
                                "ཞུ་",
                                "ཆེན་ གྱི་ ལོ་ཙཱ་བ་"
                            ],
                            "སྣར་": [
                                "#ལྡརྨ་ དང་  །_",
                                "ཞུས་",
                                "ཆེན་ གྱི་ ལོ་ཙཱ་བ་"
                            ]
                        }
                    ]
                }
            ],
            "not_sure": []
        }
    },
    "dunno": {
        "long_diff": [],
        "no_diff": [],
        "short_diff": []
    },
    "empty_notes": [
        {
            "5": [
                {
                    "པེ་": [
                        "དག་པ ར་ བགྱིས་ སོ །། ",
                        "",
                        "དག་པ ར་ བགྱིས་ སོ །། "
                    ],
                    "སྡེ་": [
                        "དག་པ ར་ བགྱིས་ སོ །། ",
                        "",
                        "དག་པ ར་ བགྱིས་ སོ །། "
                    ],
                    "སྣར་": [
                        "དག་པ ར་ བགྱིས་ སོ །། ",
                        "",
                        "དག་པ ར་ བགྱིས་ སོ །། "
                    ]
                }
            ]
        }
    ],
    "manual_categorisation": {
        "long_difference": {
            "differing_formulation": [],
            "major_modification": []
        },
        "manual_evaluation": {
            "derge_correct": [],
            "meaning_difference": {
                "great_diff": [],
                "medium_diff": [],
                "small_diff": []
            }
        }
    },
    "ngram_freq": {
        "1": {
            "པེ་": [],
            "སྡེ་": [],
            "སྣར་": []
        },
        "2": {
            "པེ་": [],
            "སྡེ་": [
                [
                    "རྩོད་པ",
                    "1637"
                ],
                [
                    "དུ་རྩོད་པ",
                    "61"
                ],
                [
                    "རྩོད་པ་དང",
                    "58"
                ]
            ],
            "སྣར་": []
        },
        "3": {
            "པེ་": [
                [
                    "ཀ",
                    "951"
                ],
                [
                    "ཀ་ར",
                    "225"
                ]
            ],
            "སྡེ་": [
                [
                    "ཀཱ",
                    "68"
                ],
                [
                    "ཀཱ་ར",
                    "42"
                ]
            ],
            "སྣར་": [
                [
                    "ཀ",
                    "951"
                ],
                [
                    "ཀ་ར",
                    "225"
                ]
            ]
        },
        "4": {
            "པེ་": [
                [
                    "ཞུས",
                    "108"
                ]
            ],
            "སྡེ་": [
                [
                    "ཞུ",
                    "130"
                ],
                [
                    "།_ཞུ",
                    "390"
                ],
                [
                    "ཞུ་ཆེན",
                    "371"
                ],
                [
                    "།_ཞུ་ཆེན",
                    "329"
                ],
                [
                    "།_ཞུ་ཆེན་གྱི",
                    "326"
                ],
                [
                    "དང་།_ཞུ་ཆེན་གྱི",
                    "309"
                ]
            ],
            "སྣར་": [
                [
                    "ཞུས",
                    "108"
                ]
            ]
        },
        "5": {
            "པེ་": [
                [
                    "",
                    "1"
                ],
                [
                    "དག་པ",
                    "6242"
                ],
                [
                    "དག་པར",
                    "55743"
                ]
            ],
            "སྡེ་": [
                [
                    "",
                    "1"
                ],
                [
                    "དག་པ",
                    "6242"
                ],
                [
                    "དག་པར",
                    "55743"
                ]
            ],
            "སྣར་": [
                [
                    "",
                    "1"
                ],
                [
                    "དག་པ",
                    "6242"
                ],
                [
                    "དག་པར",
                    "55743"
                ]
            ]
        }
    },
    "non_standard_notes": [],
    "profile": {
        "1": [
            "པེ་=སྣར་ སྡེ་",
            "80.00%"
        ],
        "2": [
            "པེ་=སྣར་ སྡེ་",
            "80.00%"
        ],
        "3": [
            "པེ་=སྣར་ སྡེ་",
            "80.00%"
        ],
        "4": [
            "པེ་=སྣར་ སྡེ་",
            "80.00%"
        ],
        "5": [
            "པེ་=སྡེ་=སྣར་",
            "20.00%"
        ]
    }
}