﻿{
    "Stats": {
        "Categorised": "25 notes (75.76%)",
        "Notes’ total": 33,
        "Profiles": [
            "ཅོ་=པེ་=སྡེ་=སྣར་: 3.03% (1 notes)",
            "ཅོ་=སྡེ་ པེ་=སྣར་: 72.73% (24 notes)",
            "ཅོ་=པེ་=སྣར་ སྡེ་: 3.03% (1 notes)",
            "ཅོ་=པེ་=སྡེ་ སྣར་: 21.21% (7 notes)"
        ],
        "automatic_categorisation": {
            "min_mod": {
                "min_mod_groups": 2,
                "particle_groups": 3
            },
            "particle_issues": {},
            "spelling_mistake": {
                "non_word": {}
            },
            "sskrt": 16,
            "verb_difference": {
                "diff_tense": 1,
                "diff_verb": 2
            }
        },
        "dunno": {
            "long_diff": 1,
            "no_diff": 4,
            "short_diff": 3
        },
        "empty_notes": 1,
        "manual_categorisation": {
            "long_difference": {},
            "manual_evaluation": {
                "meaning_difference": {}
            }
        },
        "ngram_freq": {},
        "profile": {}
    },
    "automatic_categorisation": {
        "min_mod": {
            "min_mod_groups": [
                {
                    "17": [
                        [
                            [
                                "ལ",
                                "ལས"
                            ]
                        ],
                        {
                            "ཅོ་": [
                                "ཡོངས་སུ་ གྱུར་པ་",
                                "ལས་",
                                "སྣ་ཚོགས་ པདྨ འི་ #ལྟ[ལྟེ]་ བར་"
                            ],
                            "པེ་": [
                                "ཡོངས་སུ་ གྱུར་པ་",
                                "ལས་",
                                "སྣ་ཚོགས་ པདྨ འི་ #ལྟ[ལྟེ]་ བར་"
                            ],
                            "སྡེ་": [
                                "ཡོངས་སུ་ གྱུར་པ་",
                                "ལ་",
                                "སྣ་ཚོགས་ པདྨ འི་ #ལྟ[ལྟེ]་ བར་"
                            ],
                            "སྣར་": [
                                "ཡོངས་སུ་ གྱུར་པ་",
                                "ལས་",
                                "སྣ་ཚོགས་ པདྨ འི་ #ལྟ[ལྟེ]་ བར་"
                            ]
                        }
                    ]
                },
                {
                    "20": [
                        [
                            [
                                "ལ",
                                "ལས"
                            ]
                        ],
                        {
                            "ཅོ་": [
                                "རྣམས་ ཡོངས་སུ་ གྱུར་པ་",
                                "ལས་",
                                "ལྷ་ མོ་ སྒྲོལ་ མ ར་ བསྒོམ་"
                            ],
                            "པེ་": [
                                "རྣམས་ ཡོངས་སུ་ གྱུར་པ་",
                                "ལས་",
                                "ལྷ་ མོ་ སྒྲོལ་ མ ར་ བསྒོམ་"
                            ],
                            "སྡེ་": [
                                "རྣམས་ ཡོངས་སུ་ གྱུར་པ་",
                                "ལས་",
                                "ལྷ་ མོ་ སྒྲོལ་ མ ར་ བསྒོམ་"
                            ],
                            "སྣར་": [
                                "རྣམས་ ཡོངས་སུ་ གྱུར་པ་",
                                "ལ་",
                                "ལྷ་ མོ་ སྒྲོལ་ མ ར་ བསྒོམ་"
                            ]
                        }
                    ]
                }
            ],
            "particle_groups": [
                {
                    "3": [
                        [
                            "jedra"
                        ],
                        {
                            "ཅོ་": [
                                "དང་པོ ར་ རེ་ཞིག་",
                                "སྔགས་པ ས་",
                                "ས་ གཞི་ ལེགས་ ཤིང་ མཉམ་"
                            ],
                            "པེ་": [
                                "དང་པོ ར་ རེ་ཞིག་",
                                "སྔགས་པ ས་",
                                "ས་ གཞི་ ལེགས་ ཤིང་ མཉམ་"
                            ],
                            "སྡེ་": [
                                "དང་པོ ར་ རེ་ཞིག་",
                                "སྔགས་པ ས་",
                                "ས་ གཞི་ ལེགས་ ཤིང་ མཉམ་"
                            ],
                            "སྣར་": [
                                "དང་པོ ར་ རེ་ཞིག་",
                                "སྔགས་པ་",
                                "ས་ གཞི་ ལེགས་ ཤིང་ མཉམ་"
                            ]
                        }
                    ]
                },
                {
                    "22": [
                        [
                            "jedra"
                        ],
                        {
                            "ཅོ་": [
                                "བརྫེས་པ །_ ཕྱག་ གཉིས་",
                                "ཀྱིས་",
                                "རྡོ་རྗེ་ དང་ #གྲི་"
                            ],
                            "པེ་": [
                                "བརྫེས་པ །_ ཕྱག་ གཉིས་",
                                "ཀྱིས་",
                                "རྡོ་རྗེ་ དང་ #གྲི་"
                            ],
                            "སྡེ་": [
                                "བརྫེས་པ །_ ཕྱག་ གཉིས་",
                                "ཀྱིས་",
                                "རྡོ་རྗེ་ དང་ #གྲི་"
                            ],
                            "སྣར་": [
                                "བརྫེས་པ །_ ཕྱག་ གཉིས་",
                                "",
                                "རྡོ་རྗེ་ དང་ #གྲི་"
                            ]
                        }
                    ]
                },
                {
                    "25": [
                        [
                            "jedra"
                        ],
                        {
                            "ཅོ་": [
                                "བརྒྱན་པ །_ ཕྱག་",
                                "གཡས་པ ས་",
                                "རྔ་ ཡབ་ བསྣམས་པ ། "
                            ],
                            "པེ་": [
                                "བརྒྱན་པ །_ ཕྱག་",
                                "གཡས་པ་",
                                "རྔ་ ཡབ་ བསྣམས་པ ། "
                            ],
                            "སྡེ་": [
                                "བརྒྱན་པ །_ ཕྱག་",
                                "གཡས་པ ས་",
                                "རྔ་ ཡབ་ བསྣམས་པ ། "
                            ],
                            "སྣར་": [
                                "བརྒྱན་པ །_ ཕྱག་",
                                "གཡས་པ་",
                                "རྔ་ ཡབ་ བསྣམས་པ ། "
                            ]
                        }
                    ]
                }
            ]
        },
        "particle_issues": {
            "added_particle": [],
            "agreement_issue": [],
            "different_particles": [],
            "other": [],
            "po-bo-pa-ba": []
        },
        "spelling_mistake": {
            "missing_vowel": [],
            "nga_da": [],
            "non_word": {
                "ill_formed": [],
                "well_formed": []
            }
        },
        "sskrt": [
            {
                "1": [
                    {
                        "ཅོ་": [
                            "ག ར་ སྐད་ དུ །_ ཁ་",
                            "#དི་",
                            "ར་བ་ ན་ #ཏཱ་"
                        ],
                        "པེ་": [
                            "ག ར་ སྐད་ དུ །_ ཁ་",
                            "#དྷི་",
                            "ར་བ་ ན་ #ཏཱ་"
                        ],
                        "སྡེ་": [
                            "ག ར་ སྐད་ དུ །_ ཁ་",
                            "#དི་",
                            "ར་བ་ ན་ #ཏཱ་"
                        ],
                        "སྣར་": [
                            "ག ར་ སྐད་ དུ །_ ཁ་",
                            "#དྷི་",
                            "ར་བ་ ན་ #ཏཱ་"
                        ]
                    }
                ]
            },
            {
                "2": [
                    {
                        "ཅོ་": [
                            "ར་བ་ ན་ #ཏཱ་",
                            "#རཱ་",
                            "#སཱ་ #དྷ་ #ནཾ །_ བོད་"
                        ],
                        "པེ་": [
                            "ར་བ་ ན་ #ཏཱ་",
                            "ར་",
                            "#སཱ་ #དྷ་ #ནཾ །_ བོད་"
                        ],
                        "སྡེ་": [
                            "ར་བ་ ན་ #ཏཱ་",
                            "#རཱ་",
                            "#སཱ་ #དྷ་ #ནཾ །_ བོད་"
                        ],
                        "སྣར་": [
                            "ར་བ་ ན་ #ཏཱ་",
                            "ར་",
                            "#སཱ་ #དྷ་ #ནཾ །_ བོད་"
                        ]
                    }
                ]
            },
            {
                "5": [
                    {
                        "ཅོ་": [
                            "སྙིང་ ག ར་ ཟླ་བ་ ལ་",
                            "#ཏཱཾ་ #ཡིག་ #དཱུར་བ འི་",
                            "མདོག་ ལྟ་བུ ར་ འོད་"
                        ],
                        "པེ་": [
                            "སྙིང་ ག ར་ ཟླ་བ་ ལ་",
                            "#ཏཾ་ #ཡིག་ དུར་བ འི་",
                            "མདོག་ ལྟ་བུ ར་ འོད་"
                        ],
                        "སྡེ་": [
                            "སྙིང་ ག ར་ ཟླ་བ་ ལ་",
                            "#ཏཱཾ་ #ཡིག་ #དཱུར་བ འི་",
                            "མདོག་ ལྟ་བུ ར་ འོད་"
                        ],
                        "སྣར་": [
                            "སྙིང་ ག ར་ ཟླ་བ་ ལ་",
                            "#ཏཾ་ #ཡིག་ དུར་བ འི་",
                            "མདོག་ ལྟ་བུ ར་ འོད་"
                        ]
                    }
                ]
            },
            {
                "6": [
                    {
                        "ཅོ་": [
                            "ཡང་ རང་ གི་ སྙིང་ ག འི་",
                            "#ཏཱཾ་",
                            "ལས་ འོད་ སྤྲོས་པ ས ། "
                        ],
                        "པེ་": [
                            "ཡང་ རང་ གི་ སྙིང་ ག འི་",
                            "#ཏཾ་",
                            "ལས་ འོད་ སྤྲོས་པ ས ། "
                        ],
                        "སྡེ་": [
                            "ཡང་ རང་ གི་ སྙིང་ ག འི་",
                            "#ཏཱཾ་",
                            "ལས་ འོད་ སྤྲོས་པ ས ། "
                        ],
                        "སྣར་": [
                            "ཡང་ རང་ གི་ སྙིང་ ག འི་",
                            "#ཏཾ་",
                            "ལས་ འོད་ སྤྲོས་པ ས ། "
                        ]
                    }
                ]
            },
            {
                "10": [
                    {
                        "ཅོ་": [
                            "བྱ་ སྟེ །_ ཨོཾ་ #སྭ་",
                            "#བྷཱ་ #ཝ་ #ཤུདྡྷཿསརྦ་ #དྷརྨཱཿསྭ་",
                            ""
                        ],
                        "པེ་": [
                            "བྱ་ སྟེ །_ ཨོཾ་ #སྭ་",
                            "#བྷ་ #ཝ་ #ཤུདྡྷཿསརྦ་ #དྷརྨཱ་ #སྭ་",
                            ""
                        ],
                        "སྡེ་": [
                            "བྱ་ སྟེ །_ ཨོཾ་ #སྭ་",
                            "#བྷཱ་ #ཝ་ #ཤུདྡྷཿསརྦ་ #དྷརྨཱཿསྭ་",
                            ""
                        ],
                        "སྣར་": [
                            "བྱ་ སྟེ །_ ཨོཾ་ #སྭ་",
                            "#བྷ་ #ཝ་ #ཤུདྡྷཿསརྦ་ #དྷརྨཱ་ #སྭ་",
                            ""
                        ]
                    }
                ]
            },
            {
                "11": [
                    {
                        "ཅོ་": [
                            "ཨོཾ་ #སྭ་ #བྷཱ་ #ཝ་ #ཤུདྡྷཿསརྦ་",
                            "#དྷརྨཱཿསྭ་ #བྷཱ་ #ཝ་ #ཤུདྡྷོ྅ཧཾ",
                            ""
                        ],
                        "པེ་": [
                            "ཨོཾ་ #སྭ་ #བྷཱ་ #ཝ་ #ཤུདྡྷཿསརྦ་",
                            "#དྷརྨསྭ་ #བྷཱ་ #ཝ་ #ཤུདྡྷོཧཾ",
                            ""
                        ],
                        "སྡེ་": [
                            "ཨོཾ་ #སྭ་ #བྷཱ་ #ཝ་ #ཤུདྡྷཿསརྦ་",
                            "#དྷརྨཱཿསྭ་ #བྷཱ་ #ཝ་ #ཤུདྡྷོ྅ཧཾ",
                            ""
                        ],
                        "སྣར་": [
                            "ཨོཾ་ #སྭ་ #བྷཱ་ #ཝ་ #ཤུདྡྷཿསརྦ་",
                            "#དྷརྨསྭ་ #བྷཱ་ #ཝ་ #ཤུདྡྷོཧཾ",
                            ""
                        ]
                    }
                ]
            },
            {
                "12": [
                    {
                        "ཅོ་": [
                            "#ཝ་ #ཤུདྡྷཿསརྦ་ #དྷརྨཱཿསྭ་",
                            "#བྷཱ་",
                            "#ཝ་ #ཤུདྡྷོ྅ཧཾ །_ ཨོཾ་"
                        ],
                        "པེ་": [
                            "#ཝ་ #ཤུདྡྷཿསརྦ་ #དྷརྨཱཿསྭ་",
                            "#བྷ་",
                            "#ཝ་ #ཤུདྡྷོ྅ཧཾ །_ ཨོཾ་"
                        ],
                        "སྡེ་": [
                            "#ཝ་ #ཤུདྡྷཿསརྦ་ #དྷརྨཱཿསྭ་",
                            "#བྷཱ་",
                            "#ཝ་ #ཤུདྡྷོ྅ཧཾ །_ ཨོཾ་"
                        ],
                        "སྣར་": [
                            "#ཝ་ #ཤུདྡྷཿསརྦ་ #དྷརྨཱཿསྭ་",
                            "#བྷ་",
                            "#ཝ་ #ཤུདྡྷོ྅ཧཾ །_ ཨོཾ་"
                        ]
                    }
                ]
            },
            {
                "13": [
                    {
                        "ཅོ་": [
                            "#དྷརྨཱཿསྭ་ #བྷཱ་ #ཝ་",
                            "#ཤུདྡྷོ྅ཧཾ",
                            "།_ ཨོཾ་ #ཤཱུ་"
                        ],
                        "པེ་": [
                            "#དྷརྨཱཿསྭ་ #བྷཱ་ #ཝ་",
                            "#ཤུདྡྷོཧཾ",
                            "།_ ཨོཾ་ #ཤཱུ་"
                        ],
                        "སྡེ་": [
                            "#དྷརྨཱཿསྭ་ #བྷཱ་ #ཝ་",
                            "#ཤུདྡྷོ྅ཧཾ",
                            "།_ ཨོཾ་ #ཤཱུ་"
                        ],
                        "སྣར་": [
                            "#དྷརྨཱཿསྭ་ #བྷཱ་ #ཝ་",
                            "#ཤུདྡྷོཧཾ",
                            "།_ ཨོཾ་ #ཤཱུ་"
                        ]
                    }
                ]
            },
            {
                "14": [
                    {
                        "ཅོ་": [
                            "#ཛྙཱ་ ན་ #བཛྲ་ #སྭ་",
                            "#བྷཱ་",
                            "#ཝ་ #ཨཱཏྨ་ #ཀོ྅ཧཾ ། "
                        ],
                        "པེ་": [
                            "#ཛྙཱ་ ན་ #བཛྲ་ #སྭ་",
                            "#བྷ་",
                            "#ཝ་ #ཨཱཏྨ་ #ཀོ྅ཧཾ ། "
                        ],
                        "སྡེ་": [
                            "#ཛྙཱ་ ན་ #བཛྲ་ #སྭ་",
                            "#བྷཱ་",
                            "#ཝ་ #ཨཱཏྨ་ #ཀོ྅ཧཾ ། "
                        ],
                        "སྣར་": [
                            "#ཛྙཱ་ ན་ #བཛྲ་ #སྭ་",
                            "#བྷ་",
                            "#ཝ་ #ཨཱཏྨ་ #ཀོ྅ཧཾ ། "
                        ]
                    }
                ]
            },
            {
                "15": [
                    {
                        "ཅོ་": [
                            "#སྭ་ #བྷཱ་ #ཝ་ #ཨཱཏྨ་",
                            "#ཀོ྅ཧཾ",
                            "།_ ཞེས་ བརྗོད་པ ས་"
                        ],
                        "པེ་": [
                            "#སྭ་ #བྷཱ་ #ཝ་ #ཨཱཏྨ་",
                            "#ཀོཧཾ",
                            "།_ ཞེས་ བརྗོད་པ ས་"
                        ],
                        "སྡེ་": [
                            "#སྭ་ #བྷཱ་ #ཝ་ #ཨཱཏྨ་",
                            "#ཀོ྅ཧཾ",
                            "།_ ཞེས་ བརྗོད་པ ས་"
                        ],
                        "སྣར་": [
                            "#སྭ་ #བྷཱ་ #ཝ་ #ཨཱཏྨ་",
                            "#ཀོཧཾ",
                            "།_ ཞེས་ བརྗོད་པ ས་"
                        ]
                    }
                ]
            },
            {
                "16": [
                    {
                        "ཅོ་": [
                            "པ ས་ ནམ་མཁ འི་ ཁམས་ སུ་",
                            "#པཾ་",
                            "ཡོངས་སུ་ གྱུར་པ་ ལ་"
                        ],
                        "པེ་": [
                            "པ ས་ ནམ་མཁ འི་ ཁམས་ སུ་",
                            "#པཾ་",
                            "ཡོངས་སུ་ གྱུར་པ་ ལ་"
                        ],
                        "སྡེ་": [
                            "པ ས་ ནམ་མཁ འི་ ཁམས་ སུ་",
                            "#པཾ་",
                            "ཡོངས་སུ་ གྱུར་པ་ ལ་"
                        ],
                        "སྣར་": [
                            "པ ས་ ནམ་མཁ འི་ ཁམས་ སུ་",
                            "#པི་",
                            "ཡོངས་སུ་ གྱུར་པ་ ལ་"
                        ]
                    }
                ]
            },
            {
                "18": [
                    {
                        "ཅོ་": [
                            "དཀྱིལ་འཁོར་ གྱི་ སྟེང་ དུ་",
                            "#དཱུར་བ འི་",
                            "མདོག་ ལྟ་བུ འི་"
                        ],
                        "པེ་": [
                            "དཀྱིལ་འཁོར་ གྱི་ སྟེང་ དུ་",
                            "དུར་བ འི་",
                            "མདོག་ ལྟ་བུ འི་"
                        ],
                        "སྡེ་": [
                            "དཀྱིལ་འཁོར་ གྱི་ སྟེང་ དུ་",
                            "#དཱུར་བ འི་",
                            "མདོག་ ལྟ་བུ འི་"
                        ],
                        "སྣར་": [
                            "དཀྱིལ་འཁོར་ གྱི་ སྟེང་ དུ་",
                            "དུར་བ འི་",
                            "མདོག་ ལྟ་བུ འི་"
                        ]
                    }
                ]
            },
            {
                "19": [
                    {
                        "ཅོ་": [
                            "མདོག་ ལྟ་བུ འི་",
                            "#ཏཱཾ་",
                            "#ཡིག་ འོད་ ཟེར་ སྣ་ཚོགས་"
                        ],
                        "པེ་": [
                            "མདོག་ ལྟ་བུ འི་",
                            "#ཏཾ་",
                            "#ཡིག་ འོད་ ཟེར་ སྣ་ཚོགས་"
                        ],
                        "སྡེ་": [
                            "མདོག་ ལྟ་བུ འི་",
                            "#ཏཱཾ་",
                            "#ཡིག་ འོད་ ཟེར་ སྣ་ཚོགས་"
                        ],
                        "སྣར་": [
                            "མདོག་ ལྟ་བུ འི་",
                            "#ཏཾ་",
                            "#ཡིག་ འོད་ ཟེར་ སྣ་ཚོགས་"
                        ]
                    }
                ]
            },
            {
                "29": [
                    {
                        "ཅོ་": [
                            "བསྔོས་ ལ །_ ཨོཾ་ ཨ་",
                            "མི་ #ཏཱ་",
                            "#བྷ་ ཞེས་ བརྗོད་པ ས་ སེམས་"
                        ],
                        "པེ་": [
                            "བསྔོས་ ལ །_ ཨོཾ་ ཨ་",
                            "#མྲྀ་ #ཏ་",
                            "#བྷ་ ཞེས་ བརྗོད་པ ས་ སེམས་"
                        ],
                        "སྡེ་": [
                            "བསྔོས་ ལ །_ ཨོཾ་ ཨ་",
                            "མི་ #ཏཱ་",
                            "#བྷ་ ཞེས་ བརྗོད་པ ས་ སེམས་"
                        ],
                        "སྣར་": [
                            "བསྔོས་ ལ །_ ཨོཾ་ ཨ་",
                            "#མྲྀ་ #ཏ་",
                            "#བྷ་ ཞེས་ བརྗོད་པ ས་ སེམས་"
                        ]
                    }
                ]
            },
            {
                "31": [
                    {
                        "ཅོ་": [
                            "སྔགས་ ནི །_ ཨོཾ་ #ཨཱཿཧཱུཾ་",
                            "#ཏཱཾ་ #ཏཱ་",
                            "རེ་ #ཡེ །_ ཨོཾ་"
                        ],
                        "པེ་": [
                            "སྔགས་ ནི །_ ཨོཾ་ #ཨཱཿཧཱུཾ་",
                            "#ཏཾཾ་ #ཏ་",
                            "རེ་ #ཡེ །_ ཨོཾ་"
                        ],
                        "སྡེ་": [
                            "སྔགས་ ནི །_ ཨོཾ་ #ཨཱཿཧཱུཾ་",
                            "#ཏཱཾ་ #ཏཱ་",
                            "རེ་ #ཡེ །_ ཨོཾ་"
                        ],
                        "སྣར་": [
                            "སྔགས་ ནི །_ ཨོཾ་ #ཨཱཿཧཱུཾ་",
                            "#ཏཾཾ་ #ཏ་",
                            "རེ་ #ཡེ །_ ཨོཾ་"
                        ]
                    }
                ]
            },
            {
                "32": [
                    {
                        "ཅོ་": [
                            "#ཏཱ་ རེ་ #ཡེ །_ ཨོཾ་",
                            "#ཨཱཿབཛྲ་",
                            "#པུཥྤེ་ #ཧཱུཾ་ #སྭཱ་"
                        ],
                        "པེ་": [
                            "#ཏཱ་ རེ་ #ཡེ །_ ཨོཾ་",
                            "ཨ་ #བཛྲ་",
                            "#པུཥྤེ་ #ཧཱུཾ་ #སྭཱ་"
                        ],
                        "སྡེ་": [
                            "#ཏཱ་ རེ་ #ཡེ །_ ཨོཾ་",
                            "#ཨཱཿབཛྲ་",
                            "#པུཥྤེ་ #ཧཱུཾ་ #སྭཱ་"
                        ],
                        "སྣར་": [
                            "#ཏཱ་ རེ་ #ཡེ །_ ཨོཾ་",
                            "ཨ་ #བཛྲ་",
                            "#པུཥྤེ་ #ཧཱུཾ་ #སྭཱ་"
                        ]
                    }
                ]
            }
        ],
        "verb_difference": {
            "diff_tense": [
                {
                    "27": [
                        [
                            "《བསྒོམས》ཞེས་པ།【〈སྒོམ〉གི་ འདས་པ། ཐ་དད་པ།】",
                            "《བསྒོམ》ཞེས་པ།【〈སྒོམ〉གི་ མ་འོངས་པ། ཐ་དད་པ།】"
                        ],
                        {
                            "ཅོ་": [
                                "བསམ་ མོ །_། དེ་ལྟར་",
                                "བསྒོམས་པ ས་",
                                "རྣལ་འབྱོར་པ་ སྐྱོན"
                            ],
                            "པེ་": [
                                "བསམ་ མོ །_། དེ་ལྟར་",
                                "བསྒོམ་པ ས་",
                                "རྣལ་འབྱོར་པ་ སྐྱོན"
                            ],
                            "སྡེ་": [
                                "བསམ་ མོ །_། དེ་ལྟར་",
                                "བསྒོམས་པ ས་",
                                "རྣལ་འབྱོར་པ་ སྐྱོན"
                            ],
                            "སྣར་": [
                                "བསམ་ མོ །_། དེ་ལྟར་",
                                "བསྒོམ་པ ས་",
                                "རྣལ་འབྱོར་པ་ སྐྱོན"
                            ]
                        }
                    ]
                }
            ],
            "diff_verb": [
                {
                    "4": [
                        [
                            "《བརྒྱན》ཞེས་པ།【〈བརྒྱན〉གི་ མ་འོངས་པ། ཐ་དད་པ།】【〈བརྒྱན〉གི་ འདས་པ། ཐ་དད་པ།】【〈རྒྱན〉གི་ མ་འོངས་པ། ཐ་དད་པ།】【〈རྒྱན〉གི་ འདས་པ། ཐ་དད་པ།】",
                            "《རྒྱས》ཞེས་པ།【〈རྒྱ〉གི་ འདས་པ། ཐ་མི་དད་པ།】"
                        ],
                        {
                            "ཅོ་": [
                                "མེ་ཏོག་ སྣ་ཚོགས་པ ས་",
                                "བརྒྱན་པ",
                                "།_ དབེན་པ འི་ ས་"
                            ],
                            "པེ་": [
                                "མེ་ཏོག་ སྣ་ཚོགས་པ ས་",
                                "རྒྱས་པ",
                                "།_ དབེན་པ འི་ ས་"
                            ],
                            "སྡེ་": [
                                "མེ་ཏོག་ སྣ་ཚོགས་པ ས་",
                                "བརྒྱན་པ",
                                "།_ དབེན་པ འི་ ས་"
                            ],
                            "སྣར་": [
                                "མེ་ཏོག་ སྣ་ཚོགས་པ ས་",
                                "རྒྱས་པ",
                                "།_ དབེན་པ འི་ ས་"
                            ]
                        }
                    ]
                },
                {
                    "9": [
                        [
                            "《བརྟེན》ཞེས་པ།【〈བརྟེན〉གི་ མ་འོངས་པ། ཐ་དད་པ།】【〈བརྟེན〉གི་ འདས་པ། ཐ་དད་པ།】【〈རྟེན〉གི་ མ་འོངས་པ། ཐ་མི་དད་པ།】【〈རྟེན〉གི་ འདས་པ། ཐ་མི་དད་པ།】",
                            "《བསྟེན》ཞེས་པ།【〈བསྟེན〉གི་ མ་འོངས་པ། ཐ་དད་པ།】【〈བསྟེན〉གི་ འདས་པ། ཐ་དད་པ།】【〈སྟེན〉གི་ མ་འོངས་པ།】【〈སྟེན〉གི་ མ་འོངས་པ། ཐ་དད་པ།】【〈སྟེན〉གི་ འདས་པ།】【〈སྟེན〉གི་ འདས་པ། ཐ་དད་པ།】"
                        ],
                        {
                            "ཅོ་": [
                                "བསྐྱེད་པ་ དང་  །_ ལམ་",
                                "བསྟེན་པ་",
                                "དང་  །_ བདག་ཉིད་"
                            ],
                            "པེ་": [
                                "བསྐྱེད་པ་ དང་  །_ ལམ་",
                                "བརྟེན་པ་",
                                "དང་  །_ བདག་ཉིད་"
                            ],
                            "སྡེ་": [
                                "བསྐྱེད་པ་ དང་  །_ ལམ་",
                                "བསྟེན་པ་",
                                "དང་  །_ བདག་ཉིད་"
                            ],
                            "སྣར་": [
                                "བསྐྱེད་པ་ དང་  །_ ལམ་",
                                "བརྟེན་པ་",
                                "དང་  །_ བདག་ཉིད་"
                            ]
                        }
                    ]
                }
            ],
            "not_sure": []
        }
    },
    "dunno": {
        "long_diff": [
            {
                "7": [
                    {
                        "ཅོ་": [
                            "ན་ མེད་པ འི་ མཆོད་པ་ བྱ འོ །_།",
                            "",
                            "བྱ འོ །_། དེ་ནས་ སྡིག་"
                        ],
                        "པེ་": [
                            "ན་ མེད་པ འི་ མཆོད་པ་ བྱ འོ །_།",
                            "བདུན་ གྱིས་ མཆོད་པ ར་",
                            "བྱ འོ །_། དེ་ནས་ སྡིག་"
                        ],
                        "སྡེ་": [
                            "ན་ མེད་པ འི་ མཆོད་པ་ བྱ འོ །_།",
                            "",
                            "བྱ འོ །_། དེ་ནས་ སྡིག་"
                        ],
                        "སྣར་": [
                            "ན་ མེད་པ འི་ མཆོད་པ་ བྱ འོ །_།",
                            "བདུན་ གྱིས་ མཆོད་པ ར་",
                            "བྱ འོ །_། དེ་ནས་ སྡིག་"
                        ]
                    }
                ]
            }
        ],
        "no_diff": [
            {
                "21": [
                    {
                        "ཅོ་": [
                            "ངན་ མེད་པ འི་ འོད་ ཟེར་",
                            "ཅན་",
                            "སྐུ་ མདོག་ སེར་ མོ་"
                        ],
                        "པེ་": [
                            "ངན་ མེད་པ འི་ འོད་ ཟེར་",
                            "",
                            "སྐུ་ མདོག་ སེར་ མོ་"
                        ],
                        "སྡེ་": [
                            "ངན་ མེད་པ འི་ འོད་ ཟེར་",
                            "ཅན་",
                            "སྐུ་ མདོག་ སེར་ མོ་"
                        ],
                        "སྣར་": [
                            "ངན་ མེད་པ འི་ འོད་ ཟེར་",
                            "",
                            "སྐུ་ མདོག་ སེར་ མོ་"
                        ]
                    }
                ]
            },
            {
                "23": [
                    {
                        "ཅོ་": [
                            "ཕྱག་ གཉིས་ ཀྱིས་ རྡོ་རྗེ་",
                            "དང་",
                            "#གྲི་ #གུག་ བསྣམས་པ་"
                        ],
                        "པེ་": [
                            "ཕྱག་ གཉིས་ ཀྱིས་ རྡོ་རྗེ་",
                            "",
                            "#གྲི་ #གུག་ བསྣམས་པ་"
                        ],
                        "སྡེ་": [
                            "ཕྱག་ གཉིས་ ཀྱིས་ རྡོ་རྗེ་",
                            "དང་",
                            "#གྲི་ #གུག་ བསྣམས་པ་"
                        ],
                        "སྣར་": [
                            "ཕྱག་ གཉིས་ ཀྱིས་ རྡོ་རྗེ་",
                            "",
                            "#གྲི་ #གུག་ བསྣམས་པ་"
                        ]
                    }
                ]
            },
            {
                "26": [
                    {
                        "ཅོ་": [
                            "ཡོད་ གྲུབ་པ ས་ དབུ་ ལ་",
                            "རྒྱས་",
                            "གདབ་བོ །_། དེ་ནས་"
                        ],
                        "པེ་": [
                            "ཡོད་ གྲུབ་པ ས་ དབུ་ ལ་",
                            "རྒྱས་",
                            "གདབ་བོ །_། དེ་ནས་"
                        ],
                        "སྡེ་": [
                            "ཡོད་ གྲུབ་པ ས་ དབུ་ ལ་",
                            "རྒྱས་",
                            "གདབ་བོ །_། དེ་ནས་"
                        ],
                        "སྣར་": [
                            "ཡོད་ གྲུབ་པ ས་ དབུ་ ལ་",
                            "བརྒྱ ས་",
                            "གདབ་བོ །_། དེ་ནས་"
                        ]
                    }
                ]
            },
            {
                "30": [
                    {
                        "ཅོ་": [
                            "དོན་ དང་ དངོས་ གྲུབ་",
                            "ཐོབ་པ ར་",
                            "བསམས་ ལ །_ #མུཿཞེས་ བརྗོད་"
                        ],
                        "པེ་": [
                            "དོན་ དང་ དངོས་ གྲུབ་",
                            "ཐོབ་པ ར་",
                            "བསམས་ ལ །_ #མུཿཞེས་ བརྗོད་"
                        ],
                        "སྡེ་": [
                            "དོན་ དང་ དངོས་ གྲུབ་",
                            "ཐོབ་པ ར་",
                            "བསམས་ ལ །_ #མུཿཞེས་ བརྗོད་"
                        ],
                        "སྣར་": [
                            "དོན་ དང་ དངོས་ གྲུབ་",
                            "ཐོབ་ དང་",
                            "བསམས་ ལ །_ #མུཿཞེས་ བརྗོད་"
                        ]
                    }
                ]
            }
        ],
        "short_diff": [
            {
                "8": [
                    {
                        "ཅོ་": [
                            "རང་བ་ དང་  །_ བསོད་ནམས་",
                            "ཡོངས་སུ་ བསྔོ་བ་",
                            "དང་  །_ གསུམ་ ལ་"
                        ],
                        "པེ་": [
                            "རང་བ་ དང་  །_ བསོད་ནམས་",
                            "ལ་ རྗེས་སུ་ སྔོ་བ་",
                            "དང་  །_ གསུམ་ ལ་"
                        ],
                        "སྡེ་": [
                            "རང་བ་ དང་  །_ བསོད་ནམས་",
                            "ཡོངས་སུ་ བསྔོ་བ་",
                            "དང་  །_ གསུམ་ ལ་"
                        ],
                        "སྣར་": [
                            "རང་བ་ དང་  །_ བསོད་ནམས་",
                            "ལ་ རྗེས་སུ་ སྔོ་བ་",
                            "དང་  །_ གསུམ་ ལ་"
                        ]
                    }
                ]
            },
            {
                "24": [
                    {
                        "ཅོ་": [
                            "རྡོ་རྗེ་ དང་ #གྲི་ #གུག་",
                            "",
                            "བསྣམས་པ་ ཉེ་བར་ བཞུགས་"
                        ],
                        "པེ་": [
                            "རྡོ་རྗེ་ དང་ #གྲི་ #གུག་",
                            "དང་ ཐོད་པ་",
                            "བསྣམས་པ་ ཉེ་བར་ བཞུགས་"
                        ],
                        "སྡེ་": [
                            "རྡོ་རྗེ་ དང་ #གྲི་ #གུག་",
                            "",
                            "བསྣམས་པ་ ཉེ་བར་ བཞུགས་"
                        ],
                        "སྣར་": [
                            "རྡོ་རྗེ་ དང་ #གྲི་ #གུག་",
                            "དང་ ཐོད་པ་",
                            "བསྣམས་པ་ ཉེ་བར་ བཞུགས་"
                        ]
                    }
                ]
            },
            {
                "28": [
                    {
                        "ཅོ་": [
                            " །_ དགེ་བ འི་ རྩ་བ་",
                            "བསྔོས་",
                            "ལ །_ ཨོཾ་ ཨ་ མི་"
                        ],
                        "པེ་": [
                            " །_ དགེ་བ འི་ རྩ་བ་",
                            "བསྔོས་",
                            "ལ །_ ཨོཾ་ ཨ་ མི་"
                        ],
                        "སྡེ་": [
                            " །_ དགེ་བ འི་ རྩ་བ་",
                            "བསྔོས་",
                            "ལ །_ ཨོཾ་ ཨ་ མི་"
                        ],
                        "སྣར་": [
                            " །_ དགེ་བ འི་ རྩ་བ་",
                            "བསྔོ་ བར་",
                            "ལ །_ ཨོཾ་ ཨ་ མི་"
                        ]
                    }
                ]
            }
        ]
    },
    "empty_notes": [
        {
            "33": [
                {
                    "ཅོ་": [
                        "གཏན་ ལ་ ཕབ་པ འོ །། ",
                        "",
                        "གཏན་ ལ་ ཕབ་པ འོ །། "
                    ],
                    "པེ་": [
                        "གཏན་ ལ་ ཕབ་པ འོ །། ",
                        "",
                        "གཏན་ ལ་ ཕབ་པ འོ །། "
                    ],
                    "སྡེ་": [
                        "གཏན་ ལ་ ཕབ་པ འོ །། ",
                        "",
                        "གཏན་ ལ་ ཕབ་པ འོ །། "
                    ],
                    "སྣར་": [
                        "གཏན་ ལ་ ཕབ་པ འོ །། ",
                        "",
                        "གཏན་ ལ་ ཕབ་པ འོ །། "
                    ]
                }
            ]
        }
    ],
    "manual_categorisation": {
        "long_difference": {
            "differing_formulation": [],
            "major_modification": []
        },
        "manual_evaluation": {
            "derge_correct": [],
            "meaning_difference": {
                "great_diff": [],
                "medium_diff": [],
                "small_diff": []
            }
        }
    },
    "ngram_freq": {
        "1": {
            "ཅོ་": [
                [
                    "དི",
                    "31"
                ]
            ],
            "པེ་": [
                [
                    "དྷི",
                    "115"
                ]
            ],
            "སྡེ་": [
                [
                    "དི",
                    "31"
                ]
            ],
            "སྣར་": [
                [
                    "དྷི",
                    "115"
                ]
            ]
        },
        "10": {
            "ཅོ་": [],
            "པེ་": [],
            "སྡེ་": [],
            "སྣར་": []
        },
        "11": {
            "ཅོ་": [],
            "པེ་": [],
            "སྡེ་": [],
            "སྣར་": []
        },
        "12": {
            "ཅོ་": [
                [
                    "བྷཱ",
                    "1"
                ]
            ],
            "པེ་": [
                [
                    "བྷ",
                    "79"
                ]
            ],
            "སྡེ་": [
                [
                    "བྷཱ",
                    "1"
                ]
            ],
            "སྣར་": [
                [
                    "བྷ",
                    "79"
                ]
            ]
        },
        "13": {
            "ཅོ་": [
                [
                    "ཤུདྡྷོ྅ཧཾ",
                    "1"
                ]
            ],
            "པེ་": [],
            "སྡེ་": [
                [
                    "ཤུདྡྷོ྅ཧཾ",
                    "1"
                ]
            ],
            "སྣར་": []
        },
        "14": {
            "ཅོ་": [
                [
                    "བྷཱ",
                    "1"
                ],
                [
                    "སྭ་བྷཱ",
                    "47"
                ]
            ],
            "པེ་": [
                [
                    "བྷ",
                    "79"
                ]
            ],
            "སྡེ་": [
                [
                    "བྷཱ",
                    "1"
                ],
                [
                    "སྭ་བྷཱ",
                    "47"
                ]
            ],
            "སྣར་": [
                [
                    "བྷ",
                    "79"
                ]
            ]
        },
        "15": {
            "ཅོ་": [
                [
                    "ཀོ྅ཧཾ",
                    "5"
                ]
            ],
            "པེ་": [],
            "སྡེ་": [
                [
                    "ཀོ྅ཧཾ",
                    "5"
                ]
            ],
            "སྣར་": []
        },
        "16": {
            "ཅོ་": [
                [
                    "པཾ",
                    "36"
                ]
            ],
            "པེ་": [
                [
                    "པཾ",
                    "36"
                ]
            ],
            "སྡེ་": [
                [
                    "པཾ",
                    "36"
                ]
            ],
            "སྣར་": [
                [
                    "པི",
                    "11"
                ]
            ]
        },
        "17": {
            "ཅོ་": [
                [
                    "ལས",
                    "5885"
                ],
                [
                    "གྱུར་པ་ལས",
                    "90"
                ],
                [
                    "ལས་སྣ་ཚོགས",
                    "166"
                ]
            ],
            "པེ་": [
                [
                    "ལས",
                    "5885"
                ],
                [
                    "གྱུར་པ་ལས",
                    "90"
                ],
                [
                    "ལས་སྣ་ཚོགས",
                    "166"
                ]
            ],
            "སྡེ་": [
                [
                    "ལ",
                    "33965"
                ],
                [
                    "གྱུར་པ་ལ",
                    "119"
                ],
                [
                    "ལ་སྣ་ཚོགས",
                    "122"
                ]
            ],
            "སྣར་": [
                [
                    "ལས",
                    "5885"
                ],
                [
                    "གྱུར་པ་ལས",
                    "90"
                ],
                [
                    "ལས་སྣ་ཚོགས",
                    "166"
                ]
            ]
        },
        "18": {
            "ཅོ་": [],
            "པེ་": [],
            "སྡེ་": [],
            "སྣར་": []
        },
        "19": {
            "ཅོ་": [
                [
                    "ཏཱཾ",
                    "18"
                ]
            ],
            "པེ་": [
                [
                    "ཏཾ",
                    "88"
                ]
            ],
            "སྡེ་": [
                [
                    "ཏཱཾ",
                    "18"
                ]
            ],
            "སྣར་": [
                [
                    "ཏཾ",
                    "88"
                ]
            ]
        },
        "2": {
            "ཅོ་": [
                [
                    "རཱ",
                    "178"
                ],
                [
                    "ཏཱ་རཱ",
                    "55"
                ]
            ],
            "པེ་": [
                [
                    "ར",
                    "2609"
                ],
                [
                    "ཏཱ་ར",
                    "80"
                ]
            ],
            "སྡེ་": [
                [
                    "རཱ",
                    "178"
                ],
                [
                    "ཏཱ་རཱ",
                    "55"
                ]
            ],
            "སྣར་": [
                [
                    "ར",
                    "2609"
                ],
                [
                    "ཏཱ་ར",
                    "80"
                ]
            ]
        },
        "20": {
            "ཅོ་": [
                [
                    "ལས",
                    "5885"
                ],
                [
                    "ལས་ལྷ",
                    "129"
                ],
                [
                    "གྱུར་པ་ལས",
                    "90"
                ]
            ],
            "པེ་": [
                [
                    "ལས",
                    "5885"
                ],
                [
                    "ལས་ལྷ",
                    "129"
                ],
                [
                    "གྱུར་པ་ལས",
                    "90"
                ]
            ],
            "སྡེ་": [
                [
                    "ལས",
                    "5885"
                ],
                [
                    "ལས་ལྷ",
                    "129"
                ],
                [
                    "གྱུར་པ་ལས",
                    "90"
                ]
            ],
            "སྣར་": [
                [
                    "ལ",
                    "33965"
                ],
                [
                    "ལ་ལྷ",
                    "797"
                ],
                [
                    "གྱུར་པ་ལ",
                    "119"
                ]
            ]
        },
        "21": {
            "ཅོ་": [
                [
                    "ཅན",
                    "5389"
                ],
                [
                    "ཟེར་ཅན",
                    "175"
                ]
            ],
            "པེ་": [
                [
                    "",
                    "1"
                ],
                [
                    "སྐུ",
                    "812"
                ],
                [
                    "ཟེར",
                    "332"
                ]
            ],
            "སྡེ་": [
                [
                    "ཅན",
                    "5389"
                ],
                [
                    "ཟེར་ཅན",
                    "175"
                ]
            ],
            "སྣར་": [
                [
                    "",
                    "1"
                ],
                [
                    "སྐུ",
                    "812"
                ],
                [
                    "ཟེར",
                    "332"
                ]
            ]
        },
        "22": {
            "ཅོ་": [
                [
                    "ཀྱིས",
                    "6156"
                ],
                [
                    "གཉིས་ཀྱིས",
                    "71"
                ],
                [
                    "ཀྱིས་རྡོ་རྗེ",
                    "132"
                ]
            ],
            "པེ་": [
                [
                    "ཀྱིས",
                    "6156"
                ],
                [
                    "གཉིས་ཀྱིས",
                    "71"
                ],
                [
                    "ཀྱིས་རྡོ་རྗེ",
                    "132"
                ]
            ],
            "སྡེ་": [
                [
                    "ཀྱིས",
                    "6156"
                ],
                [
                    "གཉིས་ཀྱིས",
                    "71"
                ],
                [
                    "ཀྱིས་རྡོ་རྗེ",
                    "132"
                ]
            ],
            "སྣར་": [
                [
                    "",
                    "1"
                ],
                [
                    "གཉིས",
                    "698"
                ],
                [
                    "རྡོ་རྗེ",
                    "204"
                ]
            ]
        },
        "23": {
            "ཅོ་": [
                [
                    "དང",
                    "18517"
                ],
                [
                    "རྡོ་རྗེ་དང",
                    "1004"
                ]
            ],
            "པེ་": [
                [
                    "",
                    "1"
                ],
                [
                    "གྲི",
                    "32"
                ],
                [
                    "རྡོ་རྗེ",
                    "204"
                ]
            ],
            "སྡེ་": [
                [
                    "དང",
                    "18517"
                ],
                [
                    "རྡོ་རྗེ་དང",
                    "1004"
                ]
            ],
            "སྣར་": [
                [
                    "",
                    "1"
                ],
                [
                    "གྲི",
                    "32"
                ],
                [
                    "རྡོ་རྗེ",
                    "204"
                ]
            ]
        },
        "24": {
            "ཅོ་": [
                [
                    "",
                    "1"
                ],
                [
                    "གུག",
                    "12"
                ],
                [
                    "བསྣམས་པ",
                    "147"
                ]
            ],
            "པེ་": [
                [
                    "དང་ཐོད་པ",
                    "62"
                ]
            ],
            "སྡེ་": [
                [
                    "",
                    "1"
                ],
                [
                    "གུག",
                    "12"
                ],
                [
                    "བསྣམས་པ",
                    "147"
                ]
            ],
            "སྣར་": [
                [
                    "དང་ཐོད་པ",
                    "62"
                ]
            ]
        },
        "25": {
            "ཅོ་": [
                [
                    "གཡས་པས",
                    "417"
                ],
                [
                    "ཕྱག་གཡས་པས",
                    "49"
                ]
            ],
            "པེ་": [
                [
                    "གཡས་པ",
                    "1191"
                ],
                [
                    "ཕྱག་གཡས་པ",
                    "112"
                ]
            ],
            "སྡེ་": [
                [
                    "གཡས་པས",
                    "417"
                ],
                [
                    "ཕྱག་གཡས་པས",
                    "49"
                ]
            ],
            "སྣར་": [
                [
                    "གཡས་པ",
                    "1191"
                ],
                [
                    "ཕྱག་གཡས་པ",
                    "112"
                ]
            ]
        },
        "26": {
            "ཅོ་": [
                [
                    "རྒྱས",
                    "618"
                ],
                [
                    "ལ་རྒྱས",
                    "251"
                ]
            ],
            "པེ་": [
                [
                    "རྒྱས",
                    "618"
                ],
                [
                    "ལ་རྒྱས",
                    "251"
                ]
            ],
            "སྡེ་": [
                [
                    "རྒྱས",
                    "618"
                ],
                [
                    "ལ་རྒྱས",
                    "251"
                ]
            ],
            "སྣར་": [
                [
                    "བརྒྱས",
                    "9"
                ]
            ]
        },
        "27": {
            "ཅོ་": [
                [
                    "བསྒོམས་པས",
                    "203"
                ]
            ],
            "པེ་": [
                [
                    "བསྒོམ་པས",
                    "50"
                ]
            ],
            "སྡེ་": [
                [
                    "བསྒོམས་པས",
                    "203"
                ]
            ],
            "སྣར་": [
                [
                    "བསྒོམ་པས",
                    "50"
                ]
            ]
        },
        "28": {
            "ཅོ་": [
                [
                    "བསྔོས",
                    "10"
                ]
            ],
            "པེ་": [
                [
                    "བསྔོས",
                    "10"
                ]
            ],
            "སྡེ་": [
                [
                    "བསྔོས",
                    "10"
                ]
            ],
            "སྣར་": [
                [
                    "བསྔོ་བར",
                    "679"
                ]
            ]
        },
        "29": {
            "ཅོ་": [
                [
                    "མི་ཏཱ",
                    "399"
                ],
                [
                    "ཨ་མི་ཏཱ",
                    "261"
                ]
            ],
            "པེ་": [
                [
                    "མྲྀ་ཏ",
                    "194"
                ],
                [
                    "ཨ་མྲྀ་ཏ",
                    "178"
                ]
            ],
            "སྡེ་": [
                [
                    "མི་ཏཱ",
                    "399"
                ],
                [
                    "ཨ་མི་ཏཱ",
                    "261"
                ]
            ],
            "སྣར་": [
                [
                    "མྲྀ་ཏ",
                    "194"
                ],
                [
                    "ཨ་མྲྀ་ཏ",
                    "178"
                ]
            ]
        },
        "3": {
            "ཅོ་": [
                [
                    "སྔགས་པས",
                    "658"
                ]
            ],
            "པེ་": [
                [
                    "སྔགས་པས",
                    "658"
                ]
            ],
            "སྡེ་": [
                [
                    "སྔགས་པས",
                    "658"
                ]
            ],
            "སྣར་": [
                [
                    "སྔགས་པ",
                    "529"
                ]
            ]
        },
        "30": {
            "ཅོ་": [
                [
                    "ཐོབ་པར",
                    "9230"
                ],
                [
                    "གྲུབ་ཐོབ་པར",
                    "197"
                ]
            ],
            "པེ་": [
                [
                    "ཐོབ་པར",
                    "9230"
                ],
                [
                    "གྲུབ་ཐོབ་པར",
                    "197"
                ]
            ],
            "སྡེ་": [
                [
                    "ཐོབ་པར",
                    "9230"
                ],
                [
                    "གྲུབ་ཐོབ་པར",
                    "197"
                ]
            ],
            "སྣར་": [
                [
                    "ཐོབ་དང",
                    "101"
                ]
            ]
        },
        "31": {
            "ཅོ་": [],
            "པེ་": [],
            "སྡེ་": [],
            "སྣར་": []
        },
        "32": {
            "ཅོ་": [
                [
                    "ཨཱཿབཛྲ",
                    "46"
                ]
            ],
            "པེ་": [],
            "སྡེ་": [
                [
                    "ཨཱཿབཛྲ",
                    "46"
                ]
            ],
            "སྣར་": []
        },
        "33": {
            "ཅོ་": [
                [
                    "",
                    "1"
                ],
                [
                    "གཏན",
                    "12"
                ],
                [
                    "གཏན་ལ",
                    "1245"
                ]
            ],
            "པེ་": [
                [
                    "",
                    "1"
                ],
                [
                    "གཏན",
                    "12"
                ],
                [
                    "གཏན་ལ",
                    "1245"
                ]
            ],
            "སྡེ་": [
                [
                    "",
                    "1"
                ],
                [
                    "གཏན",
                    "12"
                ],
                [
                    "གཏན་ལ",
                    "1245"
                ]
            ],
            "སྣར་": [
                [
                    "",
                    "1"
                ],
                [
                    "གཏན",
                    "12"
                ],
                [
                    "གཏན་ལ",
                    "1245"
                ]
            ]
        },
        "4": {
            "ཅོ་": [
                [
                    "བརྒྱན་པ",
                    "1313"
                ],
                [
                    "བརྒྱན་པ།_",
                    "1174"
                ]
            ],
            "པེ་": [
                [
                    "རྒྱས་པ",
                    "265"
                ],
                [
                    "རྒྱས་པ།_",
                    "167"
                ]
            ],
            "སྡེ་": [
                [
                    "བརྒྱན་པ",
                    "1313"
                ],
                [
                    "བརྒྱན་པ།_",
                    "1174"
                ]
            ],
            "སྣར་": [
                [
                    "རྒྱས་པ",
                    "265"
                ],
                [
                    "རྒྱས་པ།_",
                    "167"
                ]
            ]
        },
        "5": {
            "ཅོ་": [],
            "པེ་": [],
            "སྡེ་": [],
            "སྣར་": []
        },
        "6": {
            "ཅོ་": [
                [
                    "ཏཱཾ",
                    "18"
                ]
            ],
            "པེ་": [
                [
                    "ཏཾ",
                    "88"
                ]
            ],
            "སྡེ་": [
                [
                    "ཏཱཾ",
                    "18"
                ]
            ],
            "སྣར་": [
                [
                    "ཏཾ",
                    "88"
                ]
            ]
        },
        "7": {
            "ཅོ་": [
                [
                    "",
                    "1"
                ],
                [
                    "བྱ",
                    "28822"
                ],
                [
                    "།_།",
                    "997103"
                ],
                [
                    "།_།བྱ",
                    "1054"
                ]
            ],
            "པེ་": [],
            "སྡེ་": [
                [
                    "",
                    "1"
                ],
                [
                    "བྱ",
                    "28822"
                ],
                [
                    "།_།",
                    "997103"
                ],
                [
                    "།_།བྱ",
                    "1054"
                ]
            ],
            "སྣར་": []
        },
        "8": {
            "ཅོ་": [
                [
                    "ཡོངས་སུ་བསྔོ་བ",
                    "538"
                ],
                [
                    "ཡོངས་སུ་བསྔོ་བ་དང",
                    "59"
                ]
            ],
            "པེ་": [],
            "སྡེ་": [
                [
                    "ཡོངས་སུ་བསྔོ་བ",
                    "538"
                ],
                [
                    "ཡོངས་སུ་བསྔོ་བ་དང",
                    "59"
                ]
            ],
            "སྣར་": []
        },
        "9": {
            "ཅོ་": [
                [
                    "བསྟེན་པ",
                    "449"
                ],
                [
                    "བསྟེན་པ་དང",
                    "111"
                ]
            ],
            "པེ་": [
                [
                    "བརྟེན་པ",
                    "61"
                ],
                [
                    "བརྟེན་པ་དང",
                    "44"
                ]
            ],
            "སྡེ་": [
                [
                    "བསྟེན་པ",
                    "449"
                ],
                [
                    "བསྟེན་པ་དང",
                    "111"
                ]
            ],
            "སྣར་": [
                [
                    "བརྟེན་པ",
                    "61"
                ],
                [
                    "བརྟེན་པ་དང",
                    "44"
                ]
            ]
        }
    },
    "non_standard_notes": [],
    "profile": {
        "1": [
            "ཅོ་=སྡེ་ པེ་=སྣར་",
            "72.73%"
        ],
        "10": [
            "ཅོ་=སྡེ་ པེ་=སྣར་",
            "72.73%"
        ],
        "11": [
            "ཅོ་=སྡེ་ པེ་=སྣར་",
            "72.73%"
        ],
        "12": [
            "ཅོ་=སྡེ་ པེ་=སྣར་",
            "72.73%"
        ],
        "13": [
            "ཅོ་=སྡེ་ པེ་=སྣར་",
            "72.73%"
        ],
        "14": [
            "ཅོ་=སྡེ་ པེ་=སྣར་",
            "72.73%"
        ],
        "15": [
            "ཅོ་=སྡེ་ པེ་=སྣར་",
            "72.73%"
        ],
        "16": [
            "ཅོ་=པེ་=སྡེ་ སྣར་",
            "21.21%"
        ],
        "17": [
            "ཅོ་=པེ་=སྣར་ སྡེ་",
            "3.03%"
        ],
        "18": [
            "ཅོ་=སྡེ་ པེ་=སྣར་",
            "72.73%"
        ],
        "19": [
            "ཅོ་=སྡེ་ པེ་=སྣར་",
            "72.73%"
        ],
        "2": [
            "ཅོ་=སྡེ་ པེ་=སྣར་",
            "72.73%"
        ],
        "20": [
            "ཅོ་=པེ་=སྡེ་ སྣར་",
            "21.21%"
        ],
        "21": [
            "ཅོ་=སྡེ་ པེ་=སྣར་",
            "72.73%"
        ],
        "22": [
            "ཅོ་=པེ་=སྡེ་ སྣར་",
            "21.21%"
        ],
        "23": [
            "ཅོ་=སྡེ་ པེ་=སྣར་",
            "72.73%"
        ],
        "24": [
            "ཅོ་=སྡེ་ པེ་=སྣར་",
            "72.73%"
        ],
        "25": [
            "ཅོ་=སྡེ་ པེ་=སྣར་",
            "72.73%"
        ],
        "26": [
            "ཅོ་=པེ་=སྡེ་ སྣར་",
            "21.21%"
        ],
        "27": [
            "ཅོ་=སྡེ་ པེ་=སྣར་",
            "72.73%"
        ],
        "28": [
            "ཅོ་=པེ་=སྡེ་ སྣར་",
            "21.21%"
        ],
        "29": [
            "ཅོ་=སྡེ་ པེ་=སྣར་",
            "72.73%"
        ],
        "3": [
            "ཅོ་=པེ་=སྡེ་ སྣར་",
            "21.21%"
        ],
        "30": [
            "ཅོ་=པེ་=སྡེ་ སྣར་",
            "21.21%"
        ],
        "31": [
            "ཅོ་=སྡེ་ པེ་=སྣར་",
            "72.73%"
        ],
        "32": [
            "ཅོ་=སྡེ་ པེ་=སྣར་",
            "72.73%"
        ],
        "33": [
            "ཅོ་=པེ་=སྡེ་=སྣར་",
            "3.03%"
        ],
        "4": [
            "ཅོ་=སྡེ་ པེ་=སྣར་",
            "72.73%"
        ],
        "5": [
            "ཅོ་=སྡེ་ པེ་=སྣར་",
            "72.73%"
        ],
        "6": [
            "ཅོ་=སྡེ་ པེ་=སྣར་",
            "72.73%"
        ],
        "7": [
            "ཅོ་=སྡེ་ པེ་=སྣར་",
            "72.73%"
        ],
        "8": [
            "ཅོ་=སྡེ་ པེ་=སྣར་",
            "72.73%"
        ],
        "9": [
            "ཅོ་=སྡེ་ པེ་=སྣར་",
            "72.73%"
        ]
    }
}