﻿{
    "Stats": {
        "Categorised": "27 notes (62.79%)",
        "Notes’ total": 43,
        "Profiles": [
            "པེ་=སྣར་ སྡེ་: 86.05% (37 notes)",
            "པེ་=སྡེ་=སྣར་: 2.33% (1 notes)",
            "པེ་=སྡེ་ སྣར་: 2.33% (1 notes)",
            "པེ་ སྡེ་ སྣར་: 9.30% (4 notes)"
        ],
        "automatic_categorisation": {
            "min_mod": {
                "particle_groups": 5
            },
            "particle_issues": {},
            "spelling_mistake": {
                "non_word": {
                    "well_formed": 2
                }
            },
            "sskrt": 11,
            "verb_difference": {
                "diff_tense": 2,
                "diff_verb": 3,
                "not_sure": 3
            }
        },
        "dunno": {
            "no_diff": 14,
            "short_diff": 2
        },
        "empty_notes": 1,
        "manual_categorisation": {
            "long_difference": {},
            "manual_evaluation": {
                "meaning_difference": {}
            }
        },
        "ngram_freq": {},
        "profile": {}
    },
    "automatic_categorisation": {
        "min_mod": {
            "min_mod_groups": [],
            "particle_groups": [
                {
                    "3": [
                        [
                            "dreldra",
                            "jedra"
                        ],
                        {
                            "པེ་": [
                                "དུས་ གསུམ་ རྒྱལ་བ་ ཀུན་",
                                "གྱིས་",
                                "གཞི་ ཡིན་ ལམ་ ཡིན་ འབྲས་"
                            ],
                            "སྡེ་": [
                                "དུས་ གསུམ་ རྒྱལ་བ་ ཀུན་",
                                "གྱི་",
                                "གཞི་ ཡིན་ ལམ་ ཡིན་ འབྲས་"
                            ],
                            "སྣར་": [
                                "དུས་ གསུམ་ རྒྱལ་བ་ ཀུན་",
                                "གྱིས་",
                                "གཞི་ ཡིན་ ལམ་ ཡིན་ འབྲས་"
                            ]
                        }
                    ]
                },
                {
                    "13": [
                        [
                            "dreldra",
                            "jedra"
                        ],
                        {
                            "པེ་": [
                                "བཀྲ་ཤིས་ རྫས །_། བདག་",
                                "གིས་",
                                "ལུས་ ངག་ ཡིད་ བཅས་ ཁྱོད་"
                            ],
                            "སྡེ་": [
                                "བཀྲ་ཤིས་ རྫས །_། བདག་",
                                "གི་",
                                "ལུས་ ངག་ ཡིད་ བཅས་ ཁྱོད་"
                            ],
                            "སྣར་": [
                                "བཀྲ་ཤིས་ རྫས །_། བདག་",
                                "གིས་",
                                "ལུས་ ངག་ ཡིད་ བཅས་ ཁྱོད་"
                            ]
                        }
                    ]
                },
                {
                    "18": [
                        [
                            "dreldra",
                            "jedra"
                        ],
                        {
                            "པེ་": [
                                "སེམས་ བསྐྱེད་པ ས །_། ཁྱོད་",
                                "ཀྱི་",
                                "སྤྱོད་ ལྟར་ བདག་ སྤྱོད་ འགྲོ་"
                            ],
                            "སྡེ་": [
                                "སེམས་ བསྐྱེད་པ ས །_། ཁྱོད་",
                                "ཀྱིས་",
                                "སྤྱོད་ ལྟར་ བདག་ སྤྱོད་ འགྲོ་"
                            ],
                            "སྣར་": [
                                "སེམས་ བསྐྱེད་པ ས །_། ཁྱོད་",
                                "ཀྱི་",
                                "སྤྱོད་ ལྟར་ བདག་ སྤྱོད་ འགྲོ་"
                            ]
                        }
                    ]
                },
                {
                    "36": [
                        [
                            "dreldra",
                            "jedra"
                        ],
                        {
                            "པེ་": [
                                "ལ །_། མདོ་ གདོན་ སྔགས་",
                                "ཀྱི་",
                                "འཁོར་ རྣམས་ ཀུན །_། སྒྲིབ་"
                            ],
                            "སྡེ་": [
                                "ལ །_། མདོ་ གདོན་ སྔགས་",
                                "ཀྱིས་",
                                "འཁོར་ རྣམས་ ཀུན །_། སྒྲིབ་"
                            ],
                            "སྣར་": [
                                "ལ །_། མདོ་ གདོན་ སྔགས་",
                                "ཀྱི་",
                                "འཁོར་ རྣམས་ ཀུན །_། སྒྲིབ་"
                            ]
                        }
                    ]
                },
                {
                    "39": [
                        [
                            "dreldra",
                            "jedra"
                        ],
                        {
                            "པེ་": [
                                "རྗེས་ ལ་ སྒྱུ་མ འི་ བློ་",
                                "ཡི་",
                                "ལངས །_། ལྷ་ ཡི་ སྣང་"
                            ],
                            "སྡེ་": [
                                "རྗེས་ ལ་ སྒྱུ་མ འི་ བློ་",
                                "ཡིས་",
                                "ལངས །_། ལྷ་ ཡི་ སྣང་"
                            ],
                            "སྣར་": [
                                "རྗེས་ ལ་ སྒྱུ་མ འི་ བློ་",
                                "ཡི་",
                                "ལངས །_། ལྷ་ ཡི་ སྣང་"
                            ]
                        }
                    ]
                }
            ]
        },
        "particle_issues": {
            "added_particle": [],
            "agreement_issue": [],
            "different_particles": [],
            "other": [],
            "po-bo-pa-ba": []
        },
        "spelling_mistake": {
            "missing_vowel": [],
            "nga_da": [],
            "non_word": {
                "ill_formed": [],
                "well_formed": [
                    {
                        "23": [
                            {
                                "པེ་": [
                                    "བྱས་ ལ །_། དེ་ ལས་",
                                    "#རིམས་ ཀྱིས་",
                                    "བྱུང་བ ས་ གླིང་ རྣམས་ ཆགས"
                                ],
                                "སྡེ་": [
                                    "བྱས་ ལ །_། དེ་ ལས་",
                                    "རིམ་ གྱིས་",
                                    "བྱུང་བ ས་ གླིང་ རྣམས་ ཆགས"
                                ],
                                "སྣར་": [
                                    "བྱས་ ལ །_། དེ་ ལས་",
                                    "#རིམས་ ཀྱིས་",
                                    "བྱུང་བ ས་ གླིང་ རྣམས་ ཆགས"
                                ]
                            }
                        ]
                    },
                    {
                        "31": [
                            {
                                "པེ་": [
                                    "གསིལ་ བྱེད་ གཡས །_། #པུས་",
                                    "#གཙུགས་",
                                    "གཡོན་ ན་ ལྷུང་བཟེད་ ཐོགས"
                                ],
                                "སྡེ་": [
                                    "གསིལ་ བྱེད་ གཡས །_། #པུས་",
                                    "བཙུགས་",
                                    "གཡོན་ ན་ ལྷུང་བཟེད་ ཐོགས"
                                ],
                                "སྣར་": [
                                    "གསིལ་ བྱེད་ གཡས །_། #པུས་",
                                    "#གཙུགས་",
                                    "གཡོན་ ན་ ལྷུང་བཟེད་ ཐོགས"
                                ]
                            }
                        ]
                    }
                ]
            }
        },
        "sskrt": [
            {
                "1": [
                    {
                        "པེ་": [
                            "#པཱ་ ར་ མི་",
                            "#ཏཱ་ #ཧྲིཏ་",
                            "#ཡ་ #སྭཱ་ #དྷ་ #ནཾ ། "
                        ],
                        "སྡེ་": [
                            "#པཱ་ ར་ མི་",
                            "#ཏ་ #ཧྲྀ་ ད་",
                            "#ཡ་ #སྭཱ་ #དྷ་ #ནཾ ། "
                        ],
                        "སྣར་": [
                            "#པཱ་ ར་ མི་",
                            "#ཏ་ #ཏཱ་ #ཧྲིཏ་",
                            "#ཡ་ #སྭཱ་ #དྷ་ #ནཾ ། "
                        ]
                    }
                ]
            },
            {
                "2": [
                    {
                        "པེ་": [
                            "མི་ #ཏ་ #ཧྲྀ་ ད་ #ཡ་ #སྭཱ་",
                            "#བྷ་",
                            "#ནཾ །_ བོད་ སྐད་ དུ"
                        ],
                        "སྡེ་": [
                            "མི་ #ཏ་ #ཧྲྀ་ ད་ #ཡ་ #སྭཱ་",
                            "#དྷ་",
                            "#ནཾ །_ བོད་ སྐད་ དུ"
                        ],
                        "སྣར་": [
                            "མི་ #ཏ་ #ཧྲྀ་ ད་ #ཡ་ #སྭཱ་",
                            "#བྷ་",
                            "#ནཾ །_ བོད་ སྐད་ དུ"
                        ]
                    }
                ]
            },
            {
                "11": [
                    {
                        "པེ་": [
                            "པ འི་ འོད །_། གླ་ རྩི་ ཙནྡན་",
                            "#ཧཱུ་ ལུ་ ག་",
                            "སོགས་ ལེགས་ སྦྱར་ དྲི །_། "
                        ],
                        "སྡེ་": [
                            "པ འི་ འོད །_། གླ་ རྩི་ ཙནྡན་",
                            "ཏུ་ #རུསྐ་",
                            "སོགས་ ལེགས་ སྦྱར་ དྲི །_། "
                        ],
                        "སྣར་": [
                            "པ འི་ འོད །_། གླ་ རྩི་ ཙནྡན་",
                            "#ཧཱུཾ་ ལུ་ ག་",
                            "སོགས་ ལེགས་ སྦྱར་ དྲི །_། "
                        ]
                    }
                ]
            },
            {
                "20": [
                    {
                        "པེ་": [
                            "རྣམས་ སྟོང་པ ས །_། #སྭ་",
                            "#བྷའི་",
                            "སྔགས་ ཀྱིས་ སྟོང་པ ར་ བཟླས་"
                        ],
                        "སྡེ་": [
                            "རྣམས་ སྟོང་པ ས །_། #སྭ་",
                            "#བྷཱའི་",
                            "སྔགས་ ཀྱིས་ སྟོང་པ ར་ བཟླས་"
                        ],
                        "སྣར་": [
                            "རྣམས་ སྟོང་པ ས །_། #སྭ་",
                            "#བྷའི་",
                            "སྔགས་ ཀྱིས་ སྟོང་པ ར་ བཟླས་"
                        ]
                    }
                ]
            },
            {
                "21": [
                    {
                        "པེ་": [
                            "སྟོང་ དང་  །_། #ཤཱུ་ #ནྱ་",
                            "#ཏ་",
                            "བརྗོད་ གཟུང་བ་ ཉིད་ དང་"
                        ],
                        "སྡེ་": [
                            "སྟོང་ དང་  །_། #ཤཱུ་ #ནྱ་",
                            "#ཏཱ་",
                            "བརྗོད་ གཟུང་བ་ ཉིད་ དང་"
                        ],
                        "སྣར་": [
                            "སྟོང་ དང་  །_། #ཤཱུ་ #ནྱ་",
                            "#ཏ་",
                            "བརྗོད་ གཟུང་བ་ ཉིད་ དང་"
                        ]
                    }
                ]
            },
            {
                "25": [
                    {
                        "པེ་": [
                            " །_། འོག་ ཏུ་ ཟླ་བ་",
                            "ཨ་",
                            "#ལི་ ལས །_། སྟེང་ དུ་"
                        ],
                        "སྡེ་": [
                            " །_། འོག་ ཏུ་ ཟླ་བ་",
                            "#ཨཱ་",
                            "#ལི་ ལས །_། སྟེང་ དུ་"
                        ],
                        "སྣར་": [
                            " །_། འོག་ ཏུ་ ཟླ་བ་",
                            "ཨ་",
                            "#ལི་ ལས །_། སྟེང་ དུ་"
                        ]
                    }
                ]
            },
            {
                "27": [
                    {
                        "པེ་": [
                            "རི འི་ བུ །_། བྱང་ དུ་",
                            "#ཧྲི་ ལས་",
                            "སྤྱན་ ར ས་ གཟིགས །_། "
                        ],
                        "སྡེ་": [
                            "རི འི་ བུ །_། བྱང་ དུ་",
                            "#ཧྲཱིཿལས་",
                            "སྤྱན་ ར ས་ གཟིགས །_། "
                        ],
                        "སྣར་": [
                            "རི འི་ བུ །_། བྱང་ དུ་",
                            "#ཧྲི་ ལས་",
                            "སྤྱན་ ར ས་ གཟིགས །_། "
                        ]
                    }
                ]
            },
            {
                "33": [
                    {
                        "པེ་": [
                            " །_། ག་ ཏེ་ ག་",
                            "ཏེ་པ་",
                            "ར་ དང་  །_། ག་ ཏེ་"
                        ],
                        "སྡེ་": [
                            " །_། ག་ ཏེ་ ག་",
                            "ཏེ་ #པཱ་",
                            "ར་ དང་  །_། ག་ ཏེ་"
                        ],
                        "སྣར་": [
                            " །_། ག་ ཏེ་ ག་",
                            "ཏེ་པ་",
                            "ར་ དང་  །_། ག་ ཏེ་"
                        ]
                    }
                ]
            },
            {
                "34": [
                    {
                        "པེ་": [
                            "ར་ དང་  །_། ག་",
                            "ཏེ་པ་",
                            "ར་ #སཾ་ ག་ ཏེ །_། "
                        ],
                        "སྡེ་": [
                            "ར་ དང་  །_། ག་",
                            "ཏེ་ #པཱ་",
                            "ར་ #སཾ་ ག་ ཏེ །_། "
                        ],
                        "སྣར་": [
                            "ར་ དང་  །_། ག་",
                            "ཏེ་པ་",
                            "ར་ #སཾ་ ག་ ཏེ །_། "
                        ]
                    }
                ]
            },
            {
                "41": [
                    {
                        "པེ་": [
                            "དང་  །_ བོད་ ཀྱི་",
                            "#ལོཙྪ་བ་",
                            "ཀླན་ ཆུང་ གིས་ བསྒྱུར་"
                        ],
                        "སྡེ་": [
                            "དང་  །_ བོད་ ཀྱི་",
                            "ལོ་ཙཱ་བ་",
                            "ཀླན་ ཆུང་ གིས་ བསྒྱུར་"
                        ],
                        "སྣར་": [
                            "དང་  །_ བོད་ ཀྱི་",
                            "#ལོཙྪ་བ་",
                            "ཀླན་ ཆུང་ གིས་ བསྒྱུར་"
                        ]
                    }
                ]
            },
            {
                "42": [
                    {
                        "པེ་": [
                            " །_། སླད་ ཀྱིས་ #སྟག་",
                            "ལོ་ #ཚ་བ ས་",
                            "བཅོས་པ འོ །།_།། "
                        ],
                        "སྡེ་": [
                            " །_། སླད་ ཀྱིས་ #སྟག་",
                            "ལོ་ཙཱ་བ ས་",
                            "བཅོས་པ འོ །།_།། "
                        ],
                        "སྣར་": [
                            " །_། སླད་ ཀྱིས་ #སྟག་",
                            "ལོ་ #ཚ་བ ས་",
                            "བཅོས་པ འོ །།_།། "
                        ]
                    }
                ]
            }
        ],
        "verb_difference": {
            "diff_tense": [
                {
                    "10": [
                        [
                            "《བསྲེགས》ཞེས་པ།【〈སྲེག〉གི་ འདས་པ།】【〈སྲེག〉གི་ འདས་པ། ཐ་དད་པ།】",
                            "《བསྲེག》ཞེས་པ།【〈སྲེག〉གི་ མ་འོངས་པ།】【〈སྲེག〉གི་ མ་འོངས་པ། ཐ་དད་པ།】"
                        ],
                        {
                            "པེ་": [
                                "སོགས་ སྦྱར །_། སོ་སོ ར་",
                                "བསྲེགས་པ འི་",
                                "བདུག་པ་ ཇི་སྙེད་"
                            ],
                            "སྡེ་": [
                                "སོགས་ སྦྱར །_། སོ་སོ ར་",
                                "བསྲེག་པ འི་",
                                "བདུག་པ་ ཇི་སྙེད་"
                            ],
                            "སྣར་": [
                                "སོགས་ སྦྱར །_། སོ་སོ ར་",
                                "བསྲེགས་པ འི་",
                                "བདུག་པ་ ཇི་སྙེད་"
                            ]
                        }
                    ]
                },
                {
                    "37": [
                        [
                            "《སྦྱངས》ཞེས་པ།【〈སྦྱོང〉གི་ འདས་པ།】【〈སྦྱོང〉གི་ འདས་པ། ཐ་དད་པ།】",
                            "《སྦྱང》ཞེས་པ།【〈སྦྱོང〉གི་ མ་འོངས་པ།】【〈སྦྱོང〉གི་ མ་འོངས་པ། ཐ་དད་པ།】"
                        ],
                        {
                            "པེ་": [
                                "འཁོར་ རྣམས་ ཀུན །_། སྒྲིབ་",
                                "སྦྱང་",
                                "བདག་ འདྲ ར་ གྱུར་པ་ ལ"
                            ],
                            "སྡེ་": [
                                "འཁོར་ རྣམས་ ཀུན །_། སྒྲིབ་",
                                "སྦྱངས་",
                                "བདག་ འདྲ ར་ གྱུར་པ་ ལ"
                            ],
                            "སྣར་": [
                                "འཁོར་ རྣམས་ ཀུན །_། སྒྲིབ་",
                                "སྦྱང་",
                                "བདག་ འདྲ ར་ གྱུར་པ་ ལ"
                            ]
                        }
                    ]
                }
            ],
            "diff_verb": [
                {
                    "16": [
                        [
                            "《བསྔོ》ཞེས་པ།【〈བསྔོས〉གི་ མ་འོངས་པ། ཐ་དད་པ།】【〈སྔོ〉གི་ མ་འོངས་པ། ཐ་དད་པ།】",
                            "《སྔོ》ཞེས་པ།【〈བསྔོས〉གི་ ད་ལྟ་བ། ཐ་དད་པ།】【〈སྔོ〉གི་ ད་ལྟ་བ། ཐ་དད་པ།】"
                        ],
                        {
                            "པེ་": [
                                "མེད་ འགྲོ་ ལ་ སོ་སོ ར་",
                                "སྔོ",
                                "།_། ཀུན་ གྱི་ སྐྱབས་ ཆེན་"
                            ],
                            "སྡེ་": [
                                "མེད་ འགྲོ་ ལ་ སོ་སོ ར་",
                                "བསྔོ",
                                "།_། ཀུན་ གྱི་ སྐྱབས་ ཆེན་"
                            ],
                            "སྣར་": [
                                "མེད་ འགྲོ་ ལ་ སོ་སོ ར་",
                                "སྔོ",
                                "།_། ཀུན་ གྱི་ སྐྱབས་ ཆེན་"
                            ]
                        }
                    ]
                },
                {
                    "30": [
                        [
                            "《བསིལ》ཞེས་པ།【〈གསིལ〉གི་ མ་འོངས་པ།】【〈གསིལ〉གི་ མ་འོངས་པ། ཐ་དད་པ།】【〈གསིལ〉གི་ འདས་པ།】【〈གསིལ〉གི་ འདས་པ། ཐ་དད་པ།】【〈བསིལ〉གི་ མ་འོངས་པ། ཐ་དད་པ།】【〈བསིལ〉གི་ འདས་པ། ཐ་དད་པ།】",
                            "《གསིལ》ཞེས་པ།【〈གསིལ〉གི་ ད་ལྟ་བ།】【〈གསིལ〉གི་ ད་ལྟ་བ། ཐ་དད་པ།】【〈གསིལ〉གི་ སྐུལ་ཚིག】【〈གསིལ〉གི་ སྐུལ་ཚིག ཐ་དད་པ།】【〈བསིལ〉གི་ ད་ལྟ་བ། ཐ་དད་པ།】【〈བསིལ〉གི་ སྐུལ་ཚིག ཐ་དད་པ།】"
                        ],
                        {
                            "པེ་": [
                                " །_། ཆོས་གོས་ གསུམ་ དང་",
                                "བསིལ་",
                                "བྱེད་ གཡས །_། #པུས་ བཙུགས་"
                            ],
                            "སྡེ་": [
                                " །_། ཆོས་གོས་ གསུམ་ དང་",
                                "གསིལ་",
                                "བྱེད་ གཡས །_། #པུས་ བཙུགས་"
                            ],
                            "སྣར་": [
                                " །_། ཆོས་གོས་ གསུམ་ དང་",
                                "བསིལ་",
                                "བྱེད་ གཡས །_། #པུས་ བཙུགས་"
                            ]
                        }
                    ]
                },
                {
                    "38": [
                        [
                            "《བསྟན》ཞེས་པ།【〈སྟོན〉གི་ མ་འོངས་པ། ཐ་དད་པ།】【〈སྟོན〉གི་ འདས་པ། ཐ་དད་པ།】",
                            "《བསྟེན》ཞེས་པ།【〈བསྟེན〉གི་ མ་འོངས་པ། ཐ་དད་པ།】【〈བསྟེན〉གི་ འདས་པ། ཐ་དད་པ།】【〈སྟེན〉གི་ མ་འོངས་པ།】【〈སྟེན〉གི་ མ་འོངས་པ། ཐ་དད་པ།】【〈སྟེན〉གི་ འདས་པ།】【〈སྟེན〉གི་ འདས་པ། ཐ་དད་པ།】"
                        ],
                        {
                            "པེ་": [
                                " །_། རྒྱལ་བ འི་ ཡུམ་ ཉིད་",
                                "བསྟེན་པ་",
                                "ཡི །_། དགེ་བ་"
                            ],
                            "སྡེ་": [
                                " །_། རྒྱལ་བ འི་ ཡུམ་ ཉིད་",
                                "བསྟན་པ་",
                                "ཡི །_། དགེ་བ་"
                            ],
                            "སྣར་": [
                                " །_། རྒྱལ་བ འི་ ཡུམ་ ཉིད་",
                                "བསྟེན་པ་",
                                "ཡི །_། དགེ་བ་"
                            ]
                        }
                    ]
                }
            ],
            "not_sure": [
                {
                    "19": [
                        [
                            "《གྲོལ》ཞེས་པ།【】",
                            "《འདུལ》ཞེས་པ།【〈འདུལ〉གི་ ད་ལྟ་བ།】【〈འདུལ〉གི་ ད་ལྟ་བ། ཐ་དད་པ།】"
                        ],
                        {
                            "པེ་": [
                                "སྤྲུལ་ ལ །_། འགྲོ་བ་",
                                "འདུལ་བ འི་",
                                "རིམ་པ ར་ ཆོས་ ཀྱི་"
                            ],
                            "སྡེ་": [
                                "སྤྲུལ་ ལ །_། འགྲོ་བ་",
                                "གྲོལ་བ འི་",
                                "རིམ་པ ར་ ཆོས་ ཀྱི་"
                            ],
                            "སྣར་": [
                                "སྤྲུལ་ ལ །_། འགྲོ་བ་",
                                "འདུལ་བ འི་",
                                "རིམ་པ ར་ ཆོས་ ཀྱི་"
                            ]
                        }
                    ]
                },
                {
                    "28": [
                        [
                            "《དགྱེས》ཞེས་པ།【】",
                            "《འགྱེད》ཞེས་པ།【〈འགྱེད〉གི་ ད་ལྟ་བ།】【〈འགྱེད〉གི་ ད་ལྟ་བ། ཐ་དད་པ།】【〈འགྱེད〉གི་ མ་འོངས་པ།】"
                        ],
                        {
                            "པེ་": [
                                "ཡི་ སྒོ་ ནས་ འོད་ ཟེར་",
                                "དགྱེས",
                                "།_། ཡུམ་ ནི་ ལོངས་སྤྱོད་"
                            ],
                            "སྡེ་": [
                                "ཡི་ སྒོ་ ནས་ འོད་ ཟེར་",
                                "འགྱེད",
                                "།_། ཡུམ་ ནི་ ལོངས་སྤྱོད་"
                            ],
                            "སྣར་": [
                                "ཡི་ སྒོ་ ནས་ འོད་ ཟེར་",
                                "དགྱེས",
                                "།_། ཡུམ་ ནི་ ལོངས་སྤྱོད་"
                            ]
                        }
                    ]
                },
                {
                    "35": [
                        [
                            "《དག》ཞེས་པ།【〈འདག〉གི་ འདས་པ། ཐ་མི་དད་པ།】"
                        ],
                        {
                            "པེ་": [
                                "བ་ ལ །_། #མཾ་ སེར་",
                                "དག་",
                                "ལ་ གཡས་ སྐོར་ བགྲང་  །_། "
                            ],
                            "སྡེ་": [
                                "བ་ ལ །_། #མཾ་ སེར་",
                                "བདག་",
                                "ལ་ གཡས་ སྐོར་ བགྲང་  །_། "
                            ],
                            "སྣར་": [
                                "བ་ ལ །_། #མཾ་ སེར་",
                                "དག་",
                                "ལ་ གཡས་ སྐོར་ བགྲང་  །_། "
                            ]
                        }
                    ]
                }
            ]
        }
    },
    "dunno": {
        "long_diff": [],
        "no_diff": [
            {
                "4": [
                    {
                        "པེ་": [
                            "བཏུད་ ནས །_། རྒྱལ་ ཡུམ་",
                            "རིག་",
                            "བརྒྱུད་ དད་ དང་ ཤེས་རབ་"
                        ],
                        "སྡེ་": [
                            "བཏུད་ ནས །_། རྒྱལ་ ཡུམ་",
                            "རིམ་",
                            "བརྒྱུད་ དད་ དང་ ཤེས་རབ་"
                        ],
                        "སྣར་": [
                            "བཏུད་ ནས །_། རྒྱལ་ ཡུམ་",
                            "རིག་",
                            "བརྒྱུད་ དད་ དང་ ཤེས་རབ་"
                        ]
                    }
                ]
            },
            {
                "5": [
                    {
                        "པེ་": [
                            "བརྒྱད་ བསམ་ བཏང་ ནས་ ནི་",
                            "ཆ་ མཉམ་ སྟེ",
                            "_།། འདོད་ ཡོན་ མ་ ཆགས་"
                        ],
                        "སྡེ་": [
                            "བརྒྱད་ བསམ་ བཏང་ ནས་ ནི་",
                            "མ་ ཉམས་ ཏེ",
                            "_།། འདོད་ ཡོན་ མ་ ཆགས་"
                        ],
                        "སྣར་": [
                            "བརྒྱད་ བསམ་ བཏང་ ནས་ ནི་",
                            "ཆ་ མཉམ་ སྟེ",
                            "_།། འདོད་ ཡོན་ མ་ ཆགས་"
                        ]
                    }
                ]
            },
            {
                "6": [
                    {
                        "པེ་": [
                            "སྟེ །_། བདུན་ བརྒྱ་པ་",
                            "བརྒྱ་ བསྔགས་",
                            "བརྗོད་ སྔགས་ ཀྱི་ བདེན་པ་ ཡིས"
                        ],
                        "སྡེ་": [
                            "སྟེ །_། བདུན་ བརྒྱ་པ་",
                            "ཡི་ སྔགས་",
                            "བརྗོད་ སྔགས་ ཀྱི་ བདེན་པ་ ཡིས"
                        ],
                        "སྣར་": [
                            "སྟེ །_། བདུན་ བརྒྱ་པ་",
                            "བརྒྱ་ བསྔགས་",
                            "བརྗོད་ སྔགས་ ཀྱི་ བདེན་པ་ ཡིས"
                        ]
                    }
                ]
            },
            {
                "7": [
                    {
                        "པེ་": [
                            "ཡི་ སྔགས་ བརྗོད་ སྔགས་ ཀྱི་",
                            "བདེན་པ ས་ བདེན",
                            "_།། རྟེན་ དེ ར་ ཕུན་སུམ་"
                        ],
                        "སྡེ་": [
                            "ཡི་ སྔགས་ བརྗོད་ སྔགས་ ཀྱི་",
                            "བདེན་པ་ ཡིས",
                            "_།། རྟེན་ དེ ར་ ཕུན་སུམ་"
                        ],
                        "སྣར་": [
                            "ཡི་ སྔགས་ བརྗོད་ སྔགས་ ཀྱི་",
                            "བདེན་པ ས་ བདེན",
                            "_།། རྟེན་ དེ ར་ ཕུན་སུམ་"
                        ]
                    }
                ]
            },
            {
                "9": [
                    {
                        "པེ་": [
                            "ཡུམ་ གྱུར་ རྒྱལ་བ་",
                            "སྲས་བ འི་ སྲས་ བཅས་",
                            "ལ །_། བདག་ གི་ ལུས་"
                        ],
                        "སྡེ་": [
                            "ཡུམ་ གྱུར་ རྒྱལ་བ་",
                            "སྲས་ དང་ བཅས་པ་",
                            "ལ །_། བདག་ གི་ ལུས་"
                        ],
                        "སྣར་": [
                            "ཡུམ་ གྱུར་ རྒྱལ་བ་",
                            "སྲས་བ འི་ སྲས་ བཅས་",
                            "ལ །_། བདག་ གི་ ལུས་"
                        ]
                    }
                ]
            },
            {
                "12": [
                    {
                        "པེ་": [
                            "རིམ་པ ར་ དབུལ །_། སྒྲ་",
                            "བརྙན་",
                            "དབྱངས་ དང་ #སིལ་ སྙན་ རོལ་"
                        ],
                        "སྡེ་": [
                            "རིམ་པ ར་ དབུལ །_། སྒྲ་",
                            "སྙན་",
                            "དབྱངས་ དང་ #སིལ་ སྙན་ རོལ་"
                        ],
                        "སྣར་": [
                            "རིམ་པ ར་ དབུལ །_། སྒྲ་",
                            "བསྙན་",
                            "དབྱངས་ དང་ #སིལ་ སྙན་ རོལ་"
                        ]
                    }
                ]
            },
            {
                "14": [
                    {
                        "པེ་": [
                            "བཤགས །_། ད་ ནི་ འཇིགས་",
                            "དང་",
                            "རྒྱལ་ སྲས་ ཁྱེད་ #དཔང་ ལས"
                        ],
                        "སྡེ་": [
                            "བཤགས །_། ད་ ནི་ འཇིགས་",
                            "སོ་",
                            "རྒྱལ་ སྲས་ ཁྱེད་ #དཔང་ ལས"
                        ],
                        "སྣར་": [
                            "བཤགས །_། ད་ ནི་ འཇིགས་",
                            "དང་",
                            "རྒྱལ་ སྲས་ ཁྱེད་ #དཔང་ ལས"
                        ]
                    }
                ]
            },
            {
                "15": [
                    {
                        "པེ་": [
                            "མ་ འདྲེས་ སོ་སོ འི་",
                            "དགེ་ ལ་",
                            "བདག་ ཡི་ རང་  །_། ཡི་"
                        ],
                        "སྡེ་": [
                            "མ་ འདྲེས་ སོ་སོ འི་",
                            "དགེ་བ་",
                            "བདག་ ཡི་ རང་  །_། ཡི་"
                        ],
                        "སྣར་": [
                            "མ་ འདྲེས་ སོ་སོ འི་",
                            "དགེ་ ལ་",
                            "བདག་ ཡི་ རང་  །_། ཡི་"
                        ]
                    }
                ]
            },
            {
                "17": [
                    {
                        "པེ་": [
                            "དེང་ ནས་ བཟུང་ སྟེ་ བདག་",
                            "ཀྱང་ སྐྱོབས་པ ར་",
                            "མཛོད །_། སྐྱབས་ གནས་"
                        ],
                        "སྡེ་": [
                            "དེང་ ནས་ བཟུང་ སྟེ་ བདག་",
                            "བསྐྱབ་ སྐྱོབ་པ ར་",
                            "མཛོད །_། སྐྱབས་ གནས་"
                        ],
                        "སྣར་": [
                            "དེང་ ནས་ བཟུང་ སྟེ་ བདག་",
                            "ཀྱང་ སྐྱོབས་པ ར་",
                            "མཛོད །_། སྐྱབས་ གནས་"
                        ]
                    }
                ]
            },
            {
                "22": [
                    {
                        "པེ་": [
                            "#ཏཱ་ བརྗོད་ གཟུང་བ་",
                            "",
                            "དང་ བྲལ །_། འཛིན་ མེད་"
                        ],
                        "སྡེ་": [
                            "#ཏཱ་ བརྗོད་ གཟུང་བ་",
                            "ཉིད་",
                            "དང་ བྲལ །_། འཛིན་ མེད་"
                        ],
                        "སྣར་": [
                            "#ཏཱ་ བརྗོད་ གཟུང་བ་",
                            "",
                            "དང་ བྲལ །_། འཛིན་ མེད་"
                        ]
                    }
                ]
            },
            {
                "24": [
                    {
                        "པེ་": [
                            " །_། ཡི་གེ་ #མཾ་ སེར་",
                            "འཕྲོས་ འདུས་",
                            "ལས །_། འོག་ ཏུ་ ཟླ་"
                        ],
                        "སྡེ་": [
                            " །_། ཡི་གེ་ #མཾ་ སེར་",
                            "འཕྲོ་ འདུ་",
                            "ལས །_། འོག་ ཏུ་ ཟླ་"
                        ],
                        "སྣར་": [
                            " །_། ཡི་གེ་ #མཾ་ སེར་",
                            "འཕྲོས་ འདུས་",
                            "ལས །_། འོག་ ཏུ་ ཟླ་"
                        ]
                    }
                ]
            },
            {
                "26": [
                    {
                        "པེ་": [
                            "མ་ གྲུབ །_། དེ་ ཡི་",
                            "སྟེང་ དུ་",
                            "འཕྲོ་ འདུ་ ལས །_།"
                        ],
                        "སྡེ་": [
                            "མ་ གྲུབ །_། དེ་ ཡི་",
                            "འཁོར་ལོ་",
                            "འཕྲོ་ འདུ་ ལས །_།"
                        ],
                        "སྣར་": [
                            "མ་ གྲུབ །_། དེ་ ཡི་",
                            "སྟེང་ དུ་",
                            "འཕྲོ་ འདུ་ ལས །_།"
                        ]
                    }
                ]
            },
            {
                "32": [
                    {
                        "པེ་": [
                            " །_། སྐྱོ་ ན་ བདེན་པ འི་",
                            "སྔགས་",
                            "འདོན་ ཏེ །_། #ཏདྱ་"
                        ],
                        "སྡེ་": [
                            " །_། སྐྱོ་ ན་ བདེན་པ འི་",
                            "ངག་",
                            "འདོན་ ཏེ །_། #ཏདྱ་"
                        ],
                        "སྣར་": [
                            " །_། སྐྱོ་ ན་ བདེན་པ འི་",
                            "སྔགས་",
                            "འདོན་ ཏེ །_། #ཏདྱ་"
                        ]
                    }
                ]
            },
            {
                "40": [
                    {
                        "པེ་": [
                            "ཀྱི་ ཕ་རོལ་ ཏུ་",
                            "ཕྱིན་པ་",
                            "སྙིང་པོ འི་ སྒྲུབ་ ཐབས་ སློབ་"
                        ],
                        "སྡེ་": [
                            "ཀྱི་ ཕ་རོལ་ ཏུ་",
                            "ཕྱིན་པ འི་",
                            "སྙིང་པོ འི་ སྒྲུབ་ ཐབས་ སློབ་"
                        ],
                        "སྣར་": [
                            "ཀྱི་ ཕ་རོལ་ ཏུ་",
                            "ཕྱིན་པ་",
                            "སྙིང་པོ འི་ སྒྲུབ་ ཐབས་ སློབ་"
                        ]
                    }
                ]
            }
        ],
        "short_diff": [
            {
                "8": [
                    {
                        "པེ་": [
                            "པ་ སྔར་ བསགས་ སྤྱན་ དེ ར་",
                            "དྲང་ ",
                            "།_། ཤེས་རབ་ ཕ་རོལ་"
                        ],
                        "སྡེ་": [
                            "པ་ སྔར་ བསགས་ སྤྱན་ དེ ར་",
                            "དྲང་ ",
                            "།_། ཤེས་རབ་ ཕ་རོལ་"
                        ],
                        "སྣར་": [
                            "པ་ སྔར་ བསགས་ སྤྱན་ དེ ར་",
                            "དྲངས",
                            "།_། ཤེས་རབ་ ཕ་རོལ་"
                        ]
                    }
                ]
            },
            {
                "29": [
                    {
                        "པེ་": [
                            "པ ར་ བྱེད །_། རིན་ཆེན་",
                            "རྒྱན་",
                            "སྐྱིལ་ #ཀྲུང་ བཅས །_།"
                        ],
                        "སྡེ་": [
                            "པ ར་ བྱེད །_། རིན་ཆེན་",
                            "རྒྱན་ ལྡན་",
                            "སྐྱིལ་ #ཀྲུང་ བཅས །_།"
                        ],
                        "སྣར་": [
                            "པ ར་ བྱེད །_། རིན་ཆེན་",
                            "གྱིས་ རྒྱན་",
                            "སྐྱིལ་ #ཀྲུང་ བཅས །_།"
                        ]
                    }
                ]
            }
        ]
    },
    "empty_notes": [
        {
            "43": [
                {
                    "པེ་": [
                        "བཅོས་པ འོ །།_།། ",
                        "",
                        "#ཙཱ་བ ས་ བཅོས་པ འོ །།_།། "
                    ],
                    "སྡེ་": [
                        "བཅོས་པ འོ །།_།། ",
                        "",
                        "#ཙཱ་བ ས་ བཅོས་པ འོ །།_།། "
                    ],
                    "སྣར་": [
                        "བཅོས་པ འོ །།_།། ",
                        "",
                        "#ཙཱ་བ ས་ བཅོས་པ འོ །།_།། "
                    ]
                }
            ]
        }
    ],
    "manual_categorisation": {
        "long_difference": {
            "differing_formulation": [],
            "major_modification": []
        },
        "manual_evaluation": {
            "derge_correct": [],
            "meaning_difference": {
                "great_diff": [],
                "medium_diff": [],
                "small_diff": []
            }
        }
    },
    "ngram_freq": {
        "1": {
            "པེ་": [],
            "སྡེ་": [
                [
                    "ཏ་ཧྲྀ་ད",
                    "42"
                ]
            ],
            "སྣར་": []
        },
        "10": {
            "པེ་": [
                [
                    "བསྲེགས་པའི",
                    "130"
                ]
            ],
            "སྡེ་": [
                [
                    "བསྲེག་པའི",
                    "60"
                ]
            ],
            "སྣར་": [
                [
                    "བསྲེགས་པའི",
                    "130"
                ]
            ]
        },
        "11": {
            "པེ་": [],
            "སྡེ་": [],
            "སྣར་": []
        },
        "12": {
            "པེ་": [
                [
                    "བརྙན",
                    "3"
                ],
                [
                    "སྒྲ་བརྙན",
                    "749"
                ]
            ],
            "སྡེ་": [
                [
                    "སྙན",
                    "34"
                ],
                [
                    "སྒྲ་སྙན",
                    "369"
                ]
            ],
            "སྣར་": [
                [
                    "བསྙན",
                    "4"
                ]
            ]
        },
        "13": {
            "པེ་": [
                [
                    "གིས",
                    "2588"
                ],
                [
                    "བདག་གིས",
                    "13868"
                ],
                [
                    "གིས་ལུས",
                    "384"
                ],
                [
                    "བདག་གིས་ལུས",
                    "109"
                ]
            ],
            "སྡེ་": [
                [
                    "གི",
                    "1276"
                ],
                [
                    "བདག་གི",
                    "11456"
                ],
                [
                    "གི་ལུས",
                    "2118"
                ],
                [
                    "བདག་གི་ལུས",
                    "812"
                ],
                [
                    "།_།བདག་གི་ལུས",
                    "150"
                ]
            ],
            "སྣར་": [
                [
                    "གིས",
                    "2588"
                ],
                [
                    "བདག་གིས",
                    "13868"
                ],
                [
                    "གིས་ལུས",
                    "384"
                ],
                [
                    "བདག་གིས་ལུས",
                    "109"
                ]
            ]
        },
        "14": {
            "པེ་": [
                [
                    "དང",
                    "18517"
                ],
                [
                    "དང་རྒྱལ",
                    "717"
                ],
                [
                    "འཇིགས་དང",
                    "93"
                ]
            ],
            "སྡེ་": [
                [
                    "སོ",
                    "40406"
                ],
                [
                    "འཇིགས་སོ",
                    "45"
                ]
            ],
            "སྣར་": [
                [
                    "དང",
                    "18517"
                ],
                [
                    "དང་རྒྱལ",
                    "717"
                ],
                [
                    "འཇིགས་དང",
                    "93"
                ]
            ]
        },
        "15": {
            "པེ་": [
                [
                    "དགེ་ལ",
                    "60"
                ]
            ],
            "སྡེ་": [
                [
                    "དགེ་བ",
                    "298"
                ]
            ],
            "སྣར་": [
                [
                    "དགེ་ལ",
                    "60"
                ]
            ]
        },
        "16": {
            "པེ་": [
                [
                    "སྔོ",
                    "60"
                ],
                [
                    "སྔོ།_།",
                    "55"
                ]
            ],
            "སྡེ་": [
                [
                    "བསྔོ",
                    "100"
                ],
                [
                    "བསྔོ།_།",
                    "100"
                ]
            ],
            "སྣར་": [
                [
                    "སྔོ",
                    "60"
                ],
                [
                    "སྔོ།_།",
                    "55"
                ]
            ]
        },
        "17": {
            "པེ་": [],
            "སྡེ་": [],
            "སྣར་": []
        },
        "18": {
            "པེ་": [
                [
                    "ཀྱི",
                    "5256"
                ],
                [
                    "ཁྱོད་ཀྱི",
                    "3668"
                ],
                [
                    "ཀྱི་སྤྱོད",
                    "1735"
                ]
            ],
            "སྡེ་": [
                [
                    "ཀྱིས",
                    "6156"
                ],
                [
                    "ཁྱོད་ཀྱིས",
                    "55"
                ],
                [
                    "ཀྱིས་སྤྱོད",
                    "81"
                ]
            ],
            "སྣར་": [
                [
                    "ཀྱི",
                    "5256"
                ],
                [
                    "ཁྱོད་ཀྱི",
                    "3668"
                ],
                [
                    "ཀྱི་སྤྱོད",
                    "1735"
                ]
            ]
        },
        "19": {
            "པེ་": [
                [
                    "འདུལ་བའི",
                    "1392"
                ]
            ],
            "སྡེ་": [
                [
                    "གྲོལ་བའི",
                    "1471"
                ]
            ],
            "སྣར་": [
                [
                    "འདུལ་བའི",
                    "1392"
                ]
            ]
        },
        "2": {
            "པེ་": [
                [
                    "བྷ",
                    "79"
                ]
            ],
            "སྡེ་": [
                [
                    "དྷ",
                    "33"
                ]
            ],
            "སྣར་": [
                [
                    "བྷ",
                    "79"
                ]
            ]
        },
        "20": {
            "པེ་": [
                [
                    "བྷའི",
                    "24"
                ]
            ],
            "སྡེ་": [],
            "སྣར་": [
                [
                    "བྷའི",
                    "24"
                ]
            ]
        },
        "21": {
            "པེ་": [
                [
                    "ཏ",
                    "1094"
                ]
            ],
            "སྡེ་": [
                [
                    "ཏཱ",
                    "128"
                ],
                [
                    "ནྱ་ཏཱ",
                    "46"
                ]
            ],
            "སྣར་": [
                [
                    "ཏ",
                    "1094"
                ]
            ]
        },
        "22": {
            "པེ་": [
                [
                    "",
                    "1"
                ],
                [
                    "དང",
                    "18517"
                ],
                [
                    "གཟུང་བ",
                    "1526"
                ],
                [
                    "གཟུང་བ་དང",
                    "906"
                ]
            ],
            "སྡེ་": [
                [
                    "ཉིད",
                    "4415"
                ],
                [
                    "ཉིད་དང",
                    "293"
                ]
            ],
            "སྣར་": [
                [
                    "",
                    "1"
                ],
                [
                    "དང",
                    "18517"
                ],
                [
                    "གཟུང་བ",
                    "1526"
                ],
                [
                    "གཟུང་བ་དང",
                    "906"
                ]
            ]
        },
        "23": {
            "པེ་": [
                [
                    "རིམས་ཀྱིས",
                    "125"
                ]
            ],
            "སྡེ་": [
                [
                    "རིམ་གྱིས",
                    "1049"
                ]
            ],
            "སྣར་": [
                [
                    "རིམས་ཀྱིས",
                    "125"
                ]
            ]
        },
        "24": {
            "པེ་": [],
            "སྡེ་": [
                [
                    "འཕྲོ་འདུ",
                    "140"
                ]
            ],
            "སྣར་": []
        },
        "25": {
            "པེ་": [
                [
                    "ཨ",
                    "188"
                ]
            ],
            "སྡེ་": [
                [
                    "ཨཱ",
                    "89"
                ],
                [
                    "ཨཱ་ལི",
                    "240"
                ]
            ],
            "སྣར་": [
                [
                    "ཨ",
                    "188"
                ]
            ]
        },
        "26": {
            "པེ་": [
                [
                    "སྟེང་དུ",
                    "3472"
                ],
                [
                    "ཡི་སྟེང་དུ",
                    "256"
                ]
            ],
            "སྡེ་": [
                [
                    "འཁོར་ལོ",
                    "7335"
                ],
                [
                    "ཡི་འཁོར་ལོ",
                    "130"
                ]
            ],
            "སྣར་": [
                [
                    "སྟེང་དུ",
                    "3472"
                ],
                [
                    "ཡི་སྟེང་དུ",
                    "256"
                ]
            ]
        },
        "27": {
            "པེ་": [],
            "སྡེ་": [
                [
                    "ཧྲཱིཿལས",
                    "16"
                ]
            ],
            "སྣར་": []
        },
        "28": {
            "པེ་": [
                [
                    "དགྱེས",
                    "167"
                ],
                [
                    "དགྱེས།_།",
                    "160"
                ]
            ],
            "སྡེ་": [
                [
                    "འགྱེད",
                    "125"
                ],
                [
                    "འགྱེད།_།",
                    "89"
                ]
            ],
            "སྣར་": [
                [
                    "དགྱེས",
                    "167"
                ],
                [
                    "དགྱེས།_།",
                    "160"
                ]
            ]
        },
        "29": {
            "པེ་": [
                [
                    "རྒྱན",
                    "93"
                ],
                [
                    "རིན་ཆེན་རྒྱན",
                    "49"
                ]
            ],
            "སྡེ་": [],
            "སྣར་": []
        },
        "3": {
            "པེ་": [
                [
                    "གྱིས",
                    "7492"
                ],
                [
                    "ཀུན་གྱིས",
                    "73"
                ]
            ],
            "སྡེ་": [
                [
                    "གྱི",
                    "3024"
                ],
                [
                    "གྱི་གཞི",
                    "170"
                ],
                [
                    "ཀུན་གྱི",
                    "88"
                ]
            ],
            "སྣར་": [
                [
                    "གྱིས",
                    "7492"
                ],
                [
                    "ཀུན་གྱིས",
                    "73"
                ]
            ]
        },
        "30": {
            "པེ་": [
                [
                    "བསིལ",
                    "27"
                ]
            ],
            "སྡེ་": [
                [
                    "གསིལ",
                    "3"
                ]
            ],
            "སྣར་": [
                [
                    "བསིལ",
                    "27"
                ]
            ]
        },
        "31": {
            "པེ་": [
                [
                    "གཙུགས",
                    "6"
                ]
            ],
            "སྡེ་": [
                [
                    "བཙུགས",
                    "41"
                ]
            ],
            "སྣར་": [
                [
                    "གཙུགས",
                    "6"
                ]
            ]
        },
        "32": {
            "པེ་": [
                [
                    "སྔགས",
                    "326"
                ],
                [
                    "སྔགས་འདོན",
                    "723"
                ]
            ],
            "སྡེ་": [
                [
                    "ངག",
                    "24"
                ]
            ],
            "སྣར་": [
                [
                    "སྔགས",
                    "326"
                ],
                [
                    "སྔགས་འདོན",
                    "723"
                ]
            ]
        },
        "33": {
            "པེ་": [],
            "སྡེ་": [],
            "སྣར་": []
        },
        "34": {
            "པེ་": [],
            "སྡེ་": [],
            "སྣར་": []
        },
        "35": {
            "པེ་": [
                [
                    "དག",
                    "5192"
                ],
                [
                    "དག་ལ",
                    "672"
                ]
            ],
            "སྡེ་": [
                [
                    "བདག",
                    "751"
                ],
                [
                    "བདག་ལ",
                    "5201"
                ]
            ],
            "སྣར་": [
                [
                    "དག",
                    "5192"
                ],
                [
                    "དག་ལ",
                    "672"
                ]
            ]
        },
        "36": {
            "པེ་": [
                [
                    "ཀྱི",
                    "5256"
                ],
                [
                    "ཀྱི་འཁོར",
                    "3697"
                ],
                [
                    "སྔགས་ཀྱི",
                    "3757"
                ],
                [
                    "སྔགས་ཀྱི་འཁོར",
                    "56"
                ]
            ],
            "སྡེ་": [
                [
                    "ཀྱིས",
                    "6156"
                ],
                [
                    "སྔགས་ཀྱིས",
                    "97"
                ],
                [
                    "ཀྱིས་འཁོར",
                    "457"
                ]
            ],
            "སྣར་": [
                [
                    "ཀྱི",
                    "5256"
                ],
                [
                    "ཀྱི་འཁོར",
                    "3697"
                ],
                [
                    "སྔགས་ཀྱི",
                    "3757"
                ],
                [
                    "སྔགས་ཀྱི་འཁོར",
                    "56"
                ]
            ]
        },
        "37": {
            "པེ་": [
                [
                    "སྦྱང",
                    "2"
                ]
            ],
            "སྡེ་": [
                [
                    "སྦྱངས",
                    "155"
                ]
            ],
            "སྣར་": [
                [
                    "སྦྱང",
                    "2"
                ]
            ]
        },
        "38": {
            "པེ་": [
                [
                    "བསྟེན་པ",
                    "449"
                ]
            ],
            "སྡེ་": [
                [
                    "བསྟན་པ",
                    "590"
                ],
                [
                    "བསྟན་པ་ཡི",
                    "65"
                ]
            ],
            "སྣར་": [
                [
                    "བསྟེན་པ",
                    "449"
                ]
            ]
        },
        "39": {
            "པེ་": [
                [
                    "ཡི",
                    "8322"
                ],
                [
                    "བློ་ཡི",
                    "90"
                ]
            ],
            "སྡེ་": [
                [
                    "ཡིས",
                    "7433"
                ],
                [
                    "བློ་ཡིས",
                    "120"
                ]
            ],
            "སྣར་": [
                [
                    "ཡི",
                    "8322"
                ],
                [
                    "བློ་ཡི",
                    "90"
                ]
            ]
        },
        "4": {
            "པེ་": [
                [
                    "རིག",
                    "265"
                ]
            ],
            "སྡེ་": [
                [
                    "རིམ",
                    "78"
                ]
            ],
            "སྣར་": [
                [
                    "རིག",
                    "265"
                ]
            ]
        },
        "40": {
            "པེ་": [
                [
                    "ཕྱིན་པ",
                    "194"
                ],
                [
                    "ཏུ་ཕྱིན་པ",
                    "68"
                ]
            ],
            "སྡེ་": [
                [
                    "ཕྱིན་པའི",
                    "3588"
                ],
                [
                    "ཏུ་ཕྱིན་པའི",
                    "2958"
                ]
            ],
            "སྣར་": [
                [
                    "ཕྱིན་པ",
                    "194"
                ],
                [
                    "ཏུ་ཕྱིན་པ",
                    "68"
                ]
            ]
        },
        "41": {
            "པེ་": [
                [
                    "ལོཙྪ་བ",
                    "236"
                ]
            ],
            "སྡེ་": [
                [
                    "ལོ་ཙཱ་བ",
                    "58"
                ]
            ],
            "སྣར་": [
                [
                    "ལོཙྪ་བ",
                    "236"
                ]
            ]
        },
        "42": {
            "པེ་": [],
            "སྡེ་": [],
            "སྣར་": []
        },
        "43": {
            "པེ་": [
                [
                    "",
                    "1"
                ],
                [
                    "ཙཱ་བ",
                    "58"
                ]
            ],
            "སྡེ་": [
                [
                    "",
                    "1"
                ],
                [
                    "ཙཱ་བ",
                    "58"
                ]
            ],
            "སྣར་": [
                [
                    "",
                    "1"
                ],
                [
                    "ཙཱ་བ",
                    "58"
                ]
            ]
        },
        "5": {
            "པེ་": [],
            "སྡེ་": [],
            "སྣར་": []
        },
        "6": {
            "པེ་": [],
            "སྡེ་": [
                [
                    "ཡི་སྔགས",
                    "153"
                ]
            ],
            "སྣར་": []
        },
        "7": {
            "པེ་": [],
            "སྡེ་": [],
            "སྣར་": []
        },
        "8": {
            "པེ་": [
                [
                    "དྲང",
                    "1"
                ],
                [
                    "དྲང་།_།",
                    "57"
                ]
            ],
            "སྡེ་": [
                [
                    "དྲང",
                    "1"
                ],
                [
                    "དྲང་།_།",
                    "57"
                ]
            ],
            "སྣར་": [
                [
                    "དྲངས",
                    "45"
                ]
            ]
        },
        "9": {
            "པེ་": [],
            "སྡེ་": [],
            "སྣར་": []
        }
    },
    "non_standard_notes": [],
    "profile": {
        "1": [
            "པེ་ སྡེ་ སྣར་",
            "9.30%"
        ],
        "10": [
            "པེ་=སྣར་ སྡེ་",
            "86.05%"
        ],
        "11": [
            "པེ་ སྡེ་ སྣར་",
            "9.30%"
        ],
        "12": [
            "པེ་ སྡེ་ སྣར་",
            "9.30%"
        ],
        "13": [
            "པེ་=སྣར་ སྡེ་",
            "86.05%"
        ],
        "14": [
            "པེ་=སྣར་ སྡེ་",
            "86.05%"
        ],
        "15": [
            "པེ་=སྣར་ སྡེ་",
            "86.05%"
        ],
        "16": [
            "པེ་=སྣར་ སྡེ་",
            "86.05%"
        ],
        "17": [
            "པེ་=སྣར་ སྡེ་",
            "86.05%"
        ],
        "18": [
            "པེ་=སྣར་ སྡེ་",
            "86.05%"
        ],
        "19": [
            "པེ་=སྣར་ སྡེ་",
            "86.05%"
        ],
        "2": [
            "པེ་=སྣར་ སྡེ་",
            "86.05%"
        ],
        "20": [
            "པེ་=སྣར་ སྡེ་",
            "86.05%"
        ],
        "21": [
            "པེ་=སྣར་ སྡེ་",
            "86.05%"
        ],
        "22": [
            "པེ་=སྣར་ སྡེ་",
            "86.05%"
        ],
        "23": [
            "པེ་=སྣར་ སྡེ་",
            "86.05%"
        ],
        "24": [
            "པེ་=སྣར་ སྡེ་",
            "86.05%"
        ],
        "25": [
            "པེ་=སྣར་ སྡེ་",
            "86.05%"
        ],
        "26": [
            "པེ་=སྣར་ སྡེ་",
            "86.05%"
        ],
        "27": [
            "པེ་=སྣར་ སྡེ་",
            "86.05%"
        ],
        "28": [
            "པེ་=སྣར་ སྡེ་",
            "86.05%"
        ],
        "29": [
            "པེ་ སྡེ་ སྣར་",
            "9.30%"
        ],
        "3": [
            "པེ་=སྣར་ སྡེ་",
            "86.05%"
        ],
        "30": [
            "པེ་=སྣར་ སྡེ་",
            "86.05%"
        ],
        "31": [
            "པེ་=སྣར་ སྡེ་",
            "86.05%"
        ],
        "32": [
            "པེ་=སྣར་ སྡེ་",
            "86.05%"
        ],
        "33": [
            "པེ་=སྣར་ སྡེ་",
            "86.05%"
        ],
        "34": [
            "པེ་=སྣར་ སྡེ་",
            "86.05%"
        ],
        "35": [
            "པེ་=སྣར་ སྡེ་",
            "86.05%"
        ],
        "36": [
            "པེ་=སྣར་ སྡེ་",
            "86.05%"
        ],
        "37": [
            "པེ་=སྣར་ སྡེ་",
            "86.05%"
        ],
        "38": [
            "པེ་=སྣར་ སྡེ་",
            "86.05%"
        ],
        "39": [
            "པེ་=སྣར་ སྡེ་",
            "86.05%"
        ],
        "4": [
            "པེ་=སྣར་ སྡེ་",
            "86.05%"
        ],
        "40": [
            "པེ་=སྣར་ སྡེ་",
            "86.05%"
        ],
        "41": [
            "པེ་=སྣར་ སྡེ་",
            "86.05%"
        ],
        "42": [
            "པེ་=སྣར་ སྡེ་",
            "86.05%"
        ],
        "43": [
            "པེ་=སྡེ་=སྣར་",
            "2.33%"
        ],
        "5": [
            "པེ་=སྣར་ སྡེ་",
            "86.05%"
        ],
        "6": [
            "པེ་=སྣར་ སྡེ་",
            "86.05%"
        ],
        "7": [
            "པེ་=སྣར་ སྡེ་",
            "86.05%"
        ],
        "8": [
            "པེ་=སྡེ་ སྣར་",
            "2.33%"
        ],
        "9": [
            "པེ་=སྣར་ སྡེ་",
            "86.05%"
        ]
    }
}