﻿{
    "Stats": {
        "Categorised": "14 notes (66.67%)",
        "Notes’ total": 21,
        "Profiles": [
            "པེ་=སྣར་ སྡེ་: 85.71% (18 notes)",
            "པེ་=སྡེ་=སྣར་: 4.76% (1 notes)",
            "པེ་=སྡེ་ སྣར་: 4.76% (1 notes)",
            "པེ་ སྡེ་ སྣར་: 4.76% (1 notes)"
        ],
        "automatic_categorisation": {
            "min_mod": {
                "min_mod_groups": 2,
                "particle_groups": 4
            },
            "particle_issues": {
                "agreement_issue": 1
            },
            "spelling_mistake": {
                "non_word": {
                    "well_formed": 1
                }
            },
            "sskrt": 2,
            "verb_difference": {
                "diff_tense": 1,
                "diff_verb": 1,
                "not_sure": 1
            }
        },
        "dunno": {
            "no_diff": 3,
            "short_diff": 4
        },
        "empty_notes": 1,
        "manual_categorisation": {
            "long_difference": {},
            "manual_evaluation": {
                "meaning_difference": {}
            }
        },
        "ngram_freq": {},
        "profile": {}
    },
    "automatic_categorisation": {
        "min_mod": {
            "min_mod_groups": [
                {
                    "9": [
                        [
                            [
                                "ན",
                                "ནས"
                            ]
                        ],
                        {
                            "པེ་": [
                                "ལ་ ཆ་ ཤ ས་ ཀྱིས་ བརྟགས་",
                                "ན",
                                "།_ དེ་ ཡི་ རྡུལ་ ཕྲན་"
                            ],
                            "སྡེ་": [
                                "ལ་ ཆ་ ཤ ས་ ཀྱིས་ བརྟགས་",
                                "ནས",
                                "།_ དེ་ ཡི་ རྡུལ་ ཕྲན་"
                            ],
                            "སྣར་": [
                                "ལ་ ཆ་ ཤ ས་ ཀྱིས་ བརྟགས་",
                                "ན",
                                "།_ དེ་ ཡི་ རྡུལ་ ཕྲན་"
                            ]
                        }
                    ]
                },
                {
                    "19": [
                        [
                            [
                                "ན",
                                "ནས"
                            ]
                        ],
                        {
                            "པེ་": [
                                "བལྟ །_། ཡང་དག་ མཐོང་",
                                "ནས་",
                                "རྣམ་པར་ གྲོལ །_། འདི་"
                            ],
                            "སྡེ་": [
                                "བལྟ །_། ཡང་དག་ མཐོང་",
                                "ན་",
                                "རྣམ་པར་ གྲོལ །_། འདི་"
                            ],
                            "སྣར་": [
                                "བལྟ །_། ཡང་དག་ མཐོང་",
                                "ནས་",
                                "རྣམ་པར་ གྲོལ །_། འདི་"
                            ]
                        }
                    ]
                }
            ],
            "particle_groups": [
                {
                    "2": [
                        [
                            "dreldra",
                            "jedra"
                        ],
                        {
                            "པེ་": [
                                "མེད་ ཡོན་ཏན་ རྒྱ་མཚོ་",
                                "ཡི",
                                "།_། འཇམ་པ འི་ དཔལ་ ལ་"
                            ],
                            "སྡེ་": [
                                "མེད་ ཡོན་ཏན་ རྒྱ་མཚོ་",
                                "ཡི",
                                "།_། འཇམ་པ འི་ དཔལ་ ལ་"
                            ],
                            "སྣར་": [
                                "མེད་ ཡོན་ཏན་ རྒྱ་མཚོ་",
                                "ཡིས",
                                "།_། འཇམ་པ འི་ དཔལ་ ལ་"
                            ]
                        }
                    ]
                },
                {
                    "3": [
                        [
                            "dreldra",
                            "jedra"
                        ],
                        {
                            "པེ་": [
                                "རྟོགས་ བྱེད་པ །_། བདག་",
                                "གི་",
                                "བརྩེ་བ ས་ བྲི་ བར་ བྱ"
                            ],
                            "སྡེ་": [
                                "རྟོགས་ བྱེད་པ །_། བདག་",
                                "གིས་",
                                "བརྩེ་བ ས་ བྲི་ བར་ བྱ"
                            ],
                            "སྣར་": [
                                "རྟོགས་ བྱེད་པ །_། བདག་",
                                "གི་",
                                "བརྩེ་བ ས་ བྲི་ བར་ བྱ"
                            ]
                        }
                    ]
                },
                {
                    "4": [
                        [
                            "dreldra",
                            "jedra"
                        ],
                        {
                            "པེ་": [
                                "བྱ །_། དེ་ནས་ གཞན་",
                                "ཀྱི་",
                                "བརྒལ་བ་ དང་  །_ དགག་"
                            ],
                            "སྡེ་": [
                                "བྱ །_། དེ་ནས་ གཞན་",
                                "གྱིས་",
                                "བརྒལ་བ་ དང་  །_ དགག་"
                            ],
                            "སྣར་": [
                                "བྱ །_། དེ་ནས་ གཞན་",
                                "ཀྱི་",
                                "བརྒལ་བ་ དང་  །_ དགག་"
                            ]
                        }
                    ]
                },
                {
                    "10": [
                        [
                            "dreldra",
                            "jedra"
                        ],
                        {
                            "པེ་": [
                                "ཡིན་པ ར་ འགྱུར །_ གང་",
                                "གི་",
                                "དངོས་ དང་ དངོས་ མེད་ ཤེས"
                            ],
                            "སྡེ་": [
                                "ཡིན་པ ར་ འགྱུར །_ གང་",
                                "གིས་",
                                "དངོས་ དང་ དངོས་ མེད་ ཤེས"
                            ],
                            "སྣར་": [
                                "ཡིན་པ ར་ འགྱུར །_ གང་",
                                "གི་",
                                "དངོས་ དང་ དངོས་ མེད་ ཤེས"
                            ]
                        }
                    ]
                }
            ]
        },
        "particle_issues": {
            "added_particle": [],
            "agreement_issue": [
                {
                    "16": [
                        "lhakce",
                        {
                            "པེ་": [
                                "ངོ་བོ་ མེད་ དོ །_།",
                                "",
                                "གཅིག་ གི་ ངོ་བོ ར་ ཡང་"
                            ],
                            "སྡེ་": [
                                "ངོ་བོ་ མེད་ དོ །_།",
                                "དེ་",
                                "གཅིག་ གི་ ངོ་བོ ར་ ཡང་"
                            ],
                            "སྣར་": [
                                "ངོ་བོ་ མེད་ དོ །_།",
                                "",
                                "གཅིག་ གི་ ངོ་བོ ར་ ཡང་"
                            ]
                        }
                    ]
                }
            ],
            "different_particles": [],
            "other": [],
            "po-bo-pa-ba": []
        },
        "spelling_mistake": {
            "missing_vowel": [],
            "nga_da": [],
            "non_word": {
                "ill_formed": [],
                "well_formed": [
                    {
                        "17": [
                            {
                                "པེ་": [
                                    "ཞིག་ ཡོད་ ཅེ་ན །_",
                                    "འགལ་",
                                    "མེ འི་ འཁོར་ལོ་ སྤྲུལ་པ་"
                                ],
                                "སྡེ་": [
                                    "ཞིག་ ཡོད་ ཅེ་ན །_",
                                    "#མགལ་",
                                    "མེ འི་ འཁོར་ལོ་ སྤྲུལ་པ་"
                                ],
                                "སྣར་": [
                                    "ཞིག་ ཡོད་ ཅེ་ན །_",
                                    "འགལ་",
                                    "མེ འི་ འཁོར་ལོ་ སྤྲུལ་པ་"
                                ]
                            }
                        ]
                    }
                ]
            }
        },
        "sskrt": [
            {
                "1": [
                    {
                        "པེ་": [
                            "#བོདྷ་ #ཀནཱ་ མ་ #པྲ་",
                            "#ཀཱ་ ར་ ན",
                            "།_ བོད་ སྐད་ དུ ། "
                        ],
                        "སྡེ་": [
                            "#བོདྷ་ #ཀནཱ་ མ་ #པྲ་",
                            "ཀ་ ར་ #ཎ",
                            "།_ བོད་ སྐད་ དུ ། "
                        ],
                        "སྣར་": [
                            "#བོདྷ་ #ཀནཱ་ མ་ #པྲ་",
                            "#ཀཱ་ ར་ ན",
                            "།_ བོད་ སྐད་ དུ ། "
                        ]
                    }
                ]
            },
            {
                "20": [
                    {
                        "པེ་": [
                            "#ཏ་ #ཨནནྟ་ དང་  །_",
                            "ལོ་ཙཱ་བ་",
                            "གྲགས་ འབྱོར་ ཤེས་རབ་"
                        ],
                        "སྡེ་": [
                            "#ཏ་ #ཨནནྟ་ དང་  །_",
                            "#ལོཙྪ་བ་",
                            "གྲགས་ འབྱོར་ ཤེས་རབ་"
                        ],
                        "སྣར་": [
                            "#ཏ་ #ཨནནྟ་ དང་  །_",
                            "ལོ་ཙཱ་བ་",
                            "གྲགས་ འབྱོར་ ཤེས་རབ་"
                        ]
                    }
                ]
            }
        ],
        "verb_difference": {
            "diff_tense": [
                {
                    "14": [
                        [
                            "《བཟློག》ཞེས་པ།【〈ཟློག〉གི་ མ་འོངས་པ།】【〈ཟློག〉གི་ མ་འོངས་པ། ཐ་དད་པ།】",
                            "《ཟློག》ཞེས་པ།【〈ཟློག〉གི་ ད་ལྟ་བ།】【〈ཟློག〉གི་ ད་ལྟ་བ། ཐ་དད་པ།】"
                        ],
                        {
                            "པེ་": [
                                "གི་ སྐྱེ་བ་ གང་ གིས་",
                                "བཟློག་པ ར་",
                                "བྱེད །_ སྨྲས་པ"
                            ],
                            "སྡེ་": [
                                "གི་ སྐྱེ་བ་ གང་ གིས་",
                                "ཟློག་པ ར་",
                                "བྱེད །_ སྨྲས་པ"
                            ],
                            "སྣར་": [
                                "གི་ སྐྱེ་བ་ གང་ གིས་",
                                "བཟློག་པ ར་",
                                "བྱེད །_ སྨྲས་པ"
                            ]
                        }
                    ]
                }
            ],
            "diff_verb": [
                {
                    "6": [
                        [
                            "《རྟེན》ཞེས་པ།【〈བརྟེན〉གི་ ད་ལྟ་བ། ཐ་དད་པ།】【〈བརྟེན〉གི་ སྐུལ་ཚིག ཐ་དད་པ།】【〈རྟེན〉གི་ ད་ལྟ་བ། ཐ་མི་དད་པ།】【〈རྟེན〉གི་ སྐུལ་ཚིག ཐ་མི་དད་པ།】",
                            "《བརྟེན》ཞེས་པ།【〈བརྟེན〉གི་ མ་འོངས་པ། ཐ་དད་པ།】【〈བརྟེན〉གི་ འདས་པ། ཐ་དད་པ།】【〈རྟེན〉གི་ མ་འོངས་པ། ཐ་མི་དད་པ།】【〈རྟེན〉གི་ འདས་པ། ཐ་མི་དད་པ།】"
                        ],
                        {
                            "པེ་": [
                                "བུ་ བཞིན་ དུ་ རྟེན་ དང་",
                                "རྟེན་པ་",
                                "ཡང་ མ་ ཡིན་ ནོ"
                            ],
                            "སྡེ་": [
                                "བུ་ བཞིན་ དུ་ རྟེན་ དང་",
                                "བརྟེན་པ་",
                                "ཡང་ མ་ ཡིན་ ནོ"
                            ],
                            "སྣར་": [
                                "བུ་ བཞིན་ དུ་ རྟེན་ དང་",
                                "རྟེན་པ་",
                                "ཡང་ མ་ ཡིན་ ནོ"
                            ]
                        }
                    ]
                }
            ],
            "not_sure": [
                {
                    "15": [
                        [
                            "《འཇིག》ཞེས་པ།【〈འཇིག〉གི་ ད་ལྟ་བ། ཐ་དད་པ།】【〈འཇིག〉གི་ ད་ལྟ་བ། ཐ་མི་དད་པ།】【〈འཇིག〉གི་ མ་འོངས་པ། ཐ་མི་དད་པ།】",
                            "《འཇིགས》ཞེས་པ།【】"
                        ],
                        {
                            "པེ་": [
                                "ན །_ སྨྲས་པ །_",
                                "འཇིགས་པ་",
                                "ཡང་ ཡིན་ མོད་"
                            ],
                            "སྡེ་": [
                                "ན །_ སྨྲས་པ །_",
                                "འཇིག་པ་",
                                "ཡང་ ཡིན་ མོད་"
                            ],
                            "སྣར་": [
                                "ན །_ སྨྲས་པ །_",
                                "འཇིགས་པ་",
                                "ཡང་ ཡིན་ མོད་"
                            ]
                        }
                    ]
                }
            ]
        }
    },
    "dunno": {
        "long_diff": [],
        "no_diff": [
            {
                "5": [
                    {
                        "པེ་": [
                            "ཡོད་ དོ །_། དེ་ཡང་",
                            "རྟགས་པ་",
                            "དང་  །_ ཁྱབ་པ་"
                        ],
                        "སྡེ་": [
                            "ཡོད་ དོ །_། དེ་ཡང་",
                            "རྟག་པ་",
                            "དང་  །_ ཁྱབ་པ་"
                        ],
                        "སྣར་": [
                            "ཡོད་ དོ །_། དེ་ཡང་",
                            "རྟགས་པ་",
                            "དང་  །_ ཁྱབ་པ་"
                        ]
                    }
                ]
            },
            {
                "8": [
                    {
                        "པེ་": [
                            "ཉིད་ ཀྱི་ ཕྱིར་ རོ །_།",
                            "ལྷ ས་ བྱིན་བ་",
                            "ལང་ དང་ ལྡན་པ་"
                        ],
                        "སྡེ་": [
                            "ཉིད་ ཀྱི་ ཕྱིར་ རོ །_།",
                            "ལྷ་ སྦྱིན་བ་",
                            "ལང་ དང་ ལྡན་པ་"
                        ],
                        "སྣར་": [
                            "ཉིད་ ཀྱི་ ཕྱིར་ རོ །_།",
                            "ལྷ ས་ བྱིན་བ་",
                            "ལང་ དང་ ལྡན་པ་"
                        ]
                    }
                ]
            },
            {
                "12": [
                    {
                        "པེ་": [
                            "ན །_ བརྗོད་པ །_",
                            "ཇི་ ཞིག་",
                            "ཡོད་པ ར་ སྲིད་པ ར་"
                        ],
                        "སྡེ་": [
                            "ན །_ བརྗོད་པ །_",
                            "ཅི་ཞིག་",
                            "ཡོད་པ ར་ སྲིད་པ ར་"
                        ],
                        "སྣར་": [
                            "ན །_ བརྗོད་པ །_",
                            "ཇི་ ཞིག་",
                            "ཡོད་པ ར་ སྲིད་པ ར་"
                        ]
                    }
                ]
            }
        ],
        "short_diff": [
            {
                "7": [
                    {
                        "པེ་": [
                            "མ་ ཡིན་ ནོ །_།",
                            "འབྲས་",
                            "དང་ #ཤུན་པ་ བཞིན་ དུ་"
                        ],
                        "སྡེ་": [
                            "མ་ ཡིན་ ནོ །_།",
                            "འབྲས་བུ་",
                            "དང་ #ཤུན་པ་ བཞིན་ དུ་"
                        ],
                        "སྣར་": [
                            "མ་ ཡིན་ ནོ །_།",
                            "འབྲས་",
                            "དང་ #ཤུན་པ་ བཞིན་ དུ་"
                        ]
                    }
                ]
            },
            {
                "11": [
                    {
                        "པེ་": [
                            " །_ འཇིག་པ་ ཇི་ལྟར་",
                            "བར་",
                            "བྱ་ ཞེ་ན ། "
                        ],
                        "སྡེ་": [
                            " །_ འཇིག་པ་ ཇི་ལྟར་",
                            "བལྟ་བ ར་",
                            "བྱ་ ཞེ་ན ། "
                        ],
                        "སྣར་": [
                            " །_ འཇིག་པ་ ཇི་ལྟར་",
                            "ལྟ་བ ར་",
                            "བྱ་ ཞེ་ན ། "
                        ]
                    }
                ]
            },
            {
                "13": [
                    {
                        "པེ་": [
                            "ཅི་ཞིག་ ཡོད་པ ར་",
                            "སྲིད་",
                            "སྨྲས་པ །_ སྐྱེ་བ འོ"
                        ],
                        "སྡེ་": [
                            "ཅི་ཞིག་ ཡོད་པ ར་",
                            "སྲིད་པ ར་",
                            "སྨྲས་པ །_ སྐྱེ་བ འོ"
                        ],
                        "སྣར་": [
                            "ཅི་ཞིག་ ཡོད་པ ར་",
                            "སྲིད་",
                            "སྨྲས་པ །_ སྐྱེ་བ འོ"
                        ]
                    }
                ]
            },
            {
                "18": [
                    {
                        "པེ་": [
                            "ཡིན །_། འདི་ ལ་",
                            "བསལ་",
                            "ཅི་ཡང་ མེད །_། བསྣན་"
                        ],
                        "སྡེ་": [
                            "ཡིན །_། འདི་ ལ་",
                            "གསལ་ ཆ་",
                            "ཅི་ཡང་ མེད །_། བསྣན་"
                        ],
                        "སྣར་": [
                            "ཡིན །_། འདི་ ལ་",
                            "བསལ་",
                            "ཅི་ཡང་ མེད །_། བསྣན་"
                        ]
                    }
                ]
            }
        ]
    },
    "empty_notes": [
        {
            "21": [
                {
                    "པེ་": [
                        "རབ་ ཀྱིས་ བསྒྱུར་བ འོ །། ",
                        "",
                        "རབ་ ཀྱིས་ བསྒྱུར་བ འོ །། "
                    ],
                    "སྡེ་": [
                        "རབ་ ཀྱིས་ བསྒྱུར་བ འོ །། ",
                        "",
                        "རབ་ ཀྱིས་ བསྒྱུར་བ འོ །། "
                    ],
                    "སྣར་": [
                        "རབ་ ཀྱིས་ བསྒྱུར་བ འོ །། ",
                        "",
                        "རབ་ ཀྱིས་ བསྒྱུར་བ འོ །། "
                    ]
                }
            ]
        }
    ],
    "manual_categorisation": {
        "long_difference": {
            "differing_formulation": [],
            "major_modification": []
        },
        "manual_evaluation": {
            "derge_correct": [],
            "meaning_difference": {
                "great_diff": [],
                "medium_diff": [],
                "small_diff": []
            }
        }
    },
    "ngram_freq": {
        "1": {
            "པེ་": [],
            "སྡེ་": [],
            "སྣར་": []
        },
        "10": {
            "པེ་": [
                [
                    "གི",
                    "1276"
                ],
                [
                    "གང་གི",
                    "8014"
                ],
                [
                    "གི་དངོས",
                    "681"
                ]
            ],
            "སྡེ་": [
                [
                    "གིས",
                    "2588"
                ],
                [
                    "གང་གིས",
                    "183"
                ],
                [
                    "གིས་དངོས",
                    "100"
                ]
            ],
            "སྣར་": [
                [
                    "གི",
                    "1276"
                ],
                [
                    "གང་གི",
                    "8014"
                ],
                [
                    "གི་དངོས",
                    "681"
                ]
            ]
        },
        "11": {
            "པེ་": [
                [
                    "བར",
                    "1385"
                ],
                [
                    "བར་བྱ",
                    "8301"
                ]
            ],
            "སྡེ་": [
                [
                    "བལྟ་བར",
                    "1687"
                ],
                [
                    "བལྟ་བར་བྱ",
                    "173"
                ],
                [
                    "ཇི་ལྟར་བལྟ་བར",
                    "74"
                ]
            ],
            "སྣར་": [
                [
                    "ལྟ་བར",
                    "127"
                ]
            ]
        },
        "12": {
            "པེ་": [
                [
                    "ཇི་ཞིག",
                    "40"
                ]
            ],
            "སྡེ་": [
                [
                    "ཅི་ཞིག",
                    "2449"
                ],
                [
                    "།_ཅི་ཞིག",
                    "67"
                ]
            ],
            "སྣར་": [
                [
                    "ཇི་ཞིག",
                    "40"
                ]
            ]
        },
        "13": {
            "པེ་": [
                [
                    "སྲིད",
                    "188"
                ]
            ],
            "སྡེ་": [
                [
                    "སྲིད་པར",
                    "511"
                ]
            ],
            "སྣར་": [
                [
                    "སྲིད",
                    "188"
                ]
            ]
        },
        "14": {
            "པེ་": [
                [
                    "བཟློག་པར",
                    "524"
                ]
            ],
            "སྡེ་": [
                [
                    "ཟློག་པར",
                    "399"
                ],
                [
                    "ཟློག་པར་བྱེད",
                    "80"
                ]
            ],
            "སྣར་": [
                [
                    "བཟློག་པར",
                    "524"
                ]
            ]
        },
        "15": {
            "པེ་": [
                [
                    "འཇིགས་པ",
                    "133"
                ],
                [
                    "།_འཇིགས་པ",
                    "431"
                ],
                [
                    "འཇིགས་པ་ཡང",
                    "67"
                ]
            ],
            "སྡེ་": [
                [
                    "འཇིག་པ",
                    "54"
                ],
                [
                    "།_འཇིག་པ",
                    "426"
                ],
                [
                    "འཇིག་པ་ཡང",
                    "56"
                ]
            ],
            "སྣར་": [
                [
                    "འཇིགས་པ",
                    "133"
                ],
                [
                    "།_འཇིགས་པ",
                    "431"
                ],
                [
                    "འཇིགས་པ་ཡང",
                    "67"
                ]
            ]
        },
        "16": {
            "པེ་": [
                [
                    "",
                    "1"
                ],
                [
                    "།_།",
                    "997103"
                ],
                [
                    "གཅིག",
                    "620"
                ],
                [
                    "།_།གཅིག",
                    "1070"
                ],
                [
                    "དོ།_།གཅིག",
                    "49"
                ]
            ],
            "སྡེ་": [
                [
                    "དེ",
                    "1"
                ],
                [
                    "།_།དེ",
                    "137195"
                ],
                [
                    "དེ་གཅིག",
                    "200"
                ]
            ],
            "སྣར་": [
                [
                    "",
                    "1"
                ],
                [
                    "།_།",
                    "997103"
                ],
                [
                    "གཅིག",
                    "620"
                ],
                [
                    "།_།གཅིག",
                    "1070"
                ],
                [
                    "དོ།_།གཅིག",
                    "49"
                ]
            ]
        },
        "17": {
            "པེ་": [
                [
                    "འགལ",
                    "29"
                ],
                [
                    "།_འགལ",
                    "57"
                ]
            ],
            "སྡེ་": [
                [
                    "མགལ",
                    "109"
                ]
            ],
            "སྣར་": [
                [
                    "འགལ",
                    "29"
                ],
                [
                    "།_འགལ",
                    "57"
                ]
            ]
        },
        "18": {
            "པེ་": [
                [
                    "བསལ",
                    "105"
                ]
            ],
            "སྡེ་": [],
            "སྣར་": [
                [
                    "བསལ",
                    "105"
                ]
            ]
        },
        "19": {
            "པེ་": [
                [
                    "ནས",
                    "35333"
                ],
                [
                    "མཐོང་ནས",
                    "4492"
                ],
                [
                    "ནས་རྣམ་པར",
                    "645"
                ]
            ],
            "སྡེ་": [
                [
                    "ན",
                    "73509"
                ],
                [
                    "མཐོང་ན",
                    "1635"
                ],
                [
                    "ན་རྣམ་པར",
                    "1044"
                ]
            ],
            "སྣར་": [
                [
                    "ནས",
                    "35333"
                ],
                [
                    "མཐོང་ནས",
                    "4492"
                ],
                [
                    "ནས་རྣམ་པར",
                    "645"
                ]
            ]
        },
        "2": {
            "པེ་": [
                [
                    "ཡི",
                    "8322"
                ],
                [
                    "ཡི།_།",
                    "8252"
                ]
            ],
            "སྡེ་": [
                [
                    "ཡི",
                    "8322"
                ],
                [
                    "ཡི།_།",
                    "8252"
                ]
            ],
            "སྣར་": [
                [
                    "ཡིས",
                    "7433"
                ],
                [
                    "ཡིས།_།",
                    "7321"
                ]
            ]
        },
        "20": {
            "པེ་": [
                [
                    "ལོ་ཙཱ་བ",
                    "58"
                ]
            ],
            "སྡེ་": [
                [
                    "ལོཙྪ་བ",
                    "236"
                ],
                [
                    "།_ལོཙྪ་བ",
                    "49"
                ]
            ],
            "སྣར་": [
                [
                    "ལོ་ཙཱ་བ",
                    "58"
                ]
            ]
        },
        "21": {
            "པེ་": [
                [
                    "",
                    "1"
                ],
                [
                    "རབ",
                    "57"
                ],
                [
                    "རབ་ཀྱིས",
                    "44"
                ]
            ],
            "སྡེ་": [
                [
                    "",
                    "1"
                ],
                [
                    "རབ",
                    "57"
                ],
                [
                    "རབ་ཀྱིས",
                    "44"
                ]
            ],
            "སྣར་": [
                [
                    "",
                    "1"
                ],
                [
                    "རབ",
                    "57"
                ],
                [
                    "རབ་ཀྱིས",
                    "44"
                ]
            ]
        },
        "3": {
            "པེ་": [
                [
                    "གི",
                    "1276"
                ],
                [
                    "བདག་གི",
                    "11456"
                ]
            ],
            "སྡེ་": [
                [
                    "གིས",
                    "2588"
                ],
                [
                    "བདག་གིས",
                    "13868"
                ]
            ],
            "སྣར་": [
                [
                    "གི",
                    "1276"
                ],
                [
                    "བདག་གི",
                    "11456"
                ]
            ]
        },
        "4": {
            "པེ་": [
                [
                    "ཀྱི",
                    "5256"
                ]
            ],
            "སྡེ་": [
                [
                    "གྱིས",
                    "7492"
                ],
                [
                    "གཞན་གྱིས",
                    "1902"
                ]
            ],
            "སྣར་": [
                [
                    "ཀྱི",
                    "5256"
                ]
            ]
        },
        "5": {
            "པེ་": [],
            "སྡེ་": [
                [
                    "རྟག་པ",
                    "136"
                ],
                [
                    "རྟག་པ་དང",
                    "1037"
                ]
            ],
            "སྣར་": []
        },
        "6": {
            "པེ་": [
                [
                    "རྟེན་པ",
                    "69"
                ],
                [
                    "རྟེན་པ་ཡང",
                    "47"
                ]
            ],
            "སྡེ་": [
                [
                    "བརྟེན་པ",
                    "61"
                ]
            ],
            "སྣར་": [
                [
                    "རྟེན་པ",
                    "69"
                ],
                [
                    "རྟེན་པ་ཡང",
                    "47"
                ]
            ]
        },
        "7": {
            "པེ་": [
                [
                    "འབྲས",
                    "64"
                ],
                [
                    "འབྲས་དང",
                    "221"
                ],
                [
                    "།_།འབྲས",
                    "1096"
                ]
            ],
            "སྡེ་": [
                [
                    "འབྲས་བུ",
                    "49"
                ],
                [
                    "འབྲས་བུ་དང",
                    "1524"
                ],
                [
                    "།_།འབྲས་བུ",
                    "761"
                ]
            ],
            "སྣར་": [
                [
                    "འབྲས",
                    "64"
                ],
                [
                    "འབྲས་དང",
                    "221"
                ],
                [
                    "།_།འབྲས",
                    "1096"
                ]
            ]
        },
        "8": {
            "པེ་": [],
            "སྡེ་": [],
            "སྣར་": []
        },
        "9": {
            "པེ་": [
                [
                    "ན",
                    "73509"
                ],
                [
                    "ན།_",
                    "60485"
                ],
                [
                    "བརྟགས་ན",
                    "305"
                ],
                [
                    "བརྟགས་ན།_",
                    "474"
                ]
            ],
            "སྡེ་": [
                [
                    "ནས",
                    "35333"
                ],
                [
                    "ནས།_",
                    "25825"
                ],
                [
                    "བརྟགས་ནས",
                    "313"
                ],
                [
                    "བརྟགས་ནས།_",
                    "50"
                ]
            ],
            "སྣར་": [
                [
                    "ན",
                    "73509"
                ],
                [
                    "ན།_",
                    "60485"
                ],
                [
                    "བརྟགས་ན",
                    "305"
                ],
                [
                    "བརྟགས་ན།_",
                    "474"
                ]
            ]
        }
    },
    "non_standard_notes": [],
    "profile": {
        "1": [
            "པེ་=སྣར་ སྡེ་",
            "85.71%"
        ],
        "10": [
            "པེ་=སྣར་ སྡེ་",
            "85.71%"
        ],
        "11": [
            "པེ་ སྡེ་ སྣར་",
            "4.76%"
        ],
        "12": [
            "པེ་=སྣར་ སྡེ་",
            "85.71%"
        ],
        "13": [
            "པེ་=སྣར་ སྡེ་",
            "85.71%"
        ],
        "14": [
            "པེ་=སྣར་ སྡེ་",
            "85.71%"
        ],
        "15": [
            "པེ་=སྣར་ སྡེ་",
            "85.71%"
        ],
        "16": [
            "པེ་=སྣར་ སྡེ་",
            "85.71%"
        ],
        "17": [
            "པེ་=སྣར་ སྡེ་",
            "85.71%"
        ],
        "18": [
            "པེ་=སྣར་ སྡེ་",
            "85.71%"
        ],
        "19": [
            "པེ་=སྣར་ སྡེ་",
            "85.71%"
        ],
        "2": [
            "པེ་=སྡེ་ སྣར་",
            "4.76%"
        ],
        "20": [
            "པེ་=སྣར་ སྡེ་",
            "85.71%"
        ],
        "21": [
            "པེ་=སྡེ་=སྣར་",
            "4.76%"
        ],
        "3": [
            "པེ་=སྣར་ སྡེ་",
            "85.71%"
        ],
        "4": [
            "པེ་=སྣར་ སྡེ་",
            "85.71%"
        ],
        "5": [
            "པེ་=སྣར་ སྡེ་",
            "85.71%"
        ],
        "6": [
            "པེ་=སྣར་ སྡེ་",
            "85.71%"
        ],
        "7": [
            "པེ་=སྣར་ སྡེ་",
            "85.71%"
        ],
        "8": [
            "པེ་=སྣར་ སྡེ་",
            "85.71%"
        ],
        "9": [
            "པེ་=སྣར་ སྡེ་",
            "85.71%"
        ]
    }
}