﻿{
    "Stats": {
        "Categorised": "8 notes (80.00%)",
        "Notes’ total": 10,
        "Profiles": [
            "པེ་=སྣར་ སྡེ་: 88.89% (8 notes)",
            "པེ་=སྡེ་=སྣར་: 11.11% (1 notes)"
        ],
        "automatic_categorisation": {
            "min_mod": {
                "min_mod_groups": 1
            },
            "particle_issues": {
                "different_particles": 1,
                "po-bo-pa-ba": 1
            },
            "spelling_mistake": {
                "non_word": {}
            },
            "sskrt": 2,
            "verb_difference": {
                "diff_tense": 1,
                "diff_verb": 1
            }
        },
        "dunno": {
            "no_diff": 1,
            "short_diff": 1
        },
        "empty_notes": 1,
        "manual_categorisation": {
            "long_difference": {},
            "manual_evaluation": {
                "meaning_difference": {}
            }
        },
        "ngram_freq": {},
        "profile": {}
    },
    "automatic_categorisation": {
        "min_mod": {
            "min_mod_groups": [
                {
                    "4": [
                        [
                            [
                                "ལས",
                                "ལ"
                            ]
                        ],
                        {
                            "པེ་": [
                                "འཇིག་རྟེན་ རྣམ་པར་ རྟོག་",
                                "ལ་",
                                "འབྱུང་  །_། རྣམ་ རྟོག་ སེམས་"
                            ],
                            "སྡེ་": [
                                "འཇིག་རྟེན་ རྣམ་པར་ རྟོག་",
                                "ལས་",
                                "འབྱུང་  །_། རྣམ་ རྟོག་ སེམས་"
                            ],
                            "སྣར་": [
                                "འཇིག་རྟེན་ རྣམ་པར་ རྟོག་",
                                "ལ་",
                                "འབྱུང་  །_། རྣམ་ རྟོག་ སེམས་"
                            ]
                        }
                    ]
                }
            ],
            "particle_groups": []
        },
        "particle_issues": {
            "added_particle": [],
            "agreement_issue": [],
            "different_particles": [
                {
                    "5": [
                        "cing",
                        {
                            "པེ་": [
                                "མེད །_། སེམས་ བྱུང་ མེད་",
                                "དེ་",
                                "དངོས་པོ་ མེད །_། དེ་"
                            ],
                            "སྡེ་": [
                                "མེད །_། སེམས་ བྱུང་ མེད་",
                                "ཅིང་",
                                "དངོས་པོ་ མེད །_། དེ་"
                            ],
                            "སྣར་": [
                                "མེད །_། སེམས་ བྱུང་ མེད་",
                                "དེ་",
                                "དངོས་པོ་ མེད །_། དེ་"
                            ]
                        }
                    ]
                }
            ],
            "other": [],
            "po-bo-pa-ba": [
                {
                    "2": [
                        "dagdra_pa",
                        {
                            "པེ་": [
                                "དུ །_ དངོས་པོ་",
                                "སྦྱོང་",
                                "ཞེས་བྱ་བ །_ སངས་"
                            ],
                            "སྡེ་": [
                                "དུ །_ དངོས་པོ་",
                                "སྦྱོང་བ་",
                                "ཞེས་བྱ་བ །_ སངས་"
                            ],
                            "སྣར་": [
                                "དུ །_ དངོས་པོ་",
                                "སྦྱོང་",
                                "ཞེས་བྱ་བ །_ སངས་"
                            ]
                        }
                    ]
                }
            ]
        },
        "spelling_mistake": {
            "missing_vowel": [],
            "nga_da": [],
            "non_word": {
                "ill_formed": [],
                "well_formed": []
            }
        },
        "sskrt": [
            {
                "1": [
                    {
                        "པེ་": [
                            "རྒྱ་གར་ སྐད་ དུ །_",
                            "#བྷཱ་བ་",
                            "#སཉྩར་ #ནཱ་ མ ། "
                        ],
                        "སྡེ་": [
                            "རྒྱ་གར་ སྐད་ དུ །_",
                            "#བྷ་བ་",
                            "#སཉྩར་ #ནཱ་ མ ། "
                        ],
                        "སྣར་": [
                            "རྒྱ་གར་ སྐད་ དུ །_",
                            "#བྷཱ་བ་",
                            "#སཉྩར་ #ནཱ་ མ ། "
                        ]
                    }
                ]
            },
            {
                "7": [
                    {
                        "པེ་": [
                            "དང་  །_། བོད་ ཀྱི་",
                            "#ལོཙྪ་བ་",
                            "རྨ་ #བན་ ཆོས་ འབར་"
                        ],
                        "སྡེ་": [
                            "དང་  །_། བོད་ ཀྱི་",
                            "ལོ་ཙཱ་བ་",
                            "རྨ་ #བན་ ཆོས་ འབར་"
                        ],
                        "སྣར་": [
                            "དང་  །_། བོད་ ཀྱི་",
                            "#ལོཙྪ་བ་",
                            "རྨ་ #བན་ ཆོས་ འབར་"
                        ]
                    }
                ]
            }
        ],
        "verb_difference": {
            "diff_tense": [
                {
                    "3": [
                        [
                            "《གྱུར》ཞེས་པ།【〈འགྱུར〉གི་ འདས་པ། ཐ་མི་དད་པ།】",
                            "《འགྱུར》ཞེས་པ།【གཟུགས་མི་འགྱུར་བ།】【〈འགྱུར〉གི་ ད་ལྟ་བ། ཐ་མི་དད་པ།】【〈འགྱུར〉གི་ མ་འོངས་པ། ཐ་མི་དད་པ།】"
                        ],
                        {
                            "པེ་": [
                                " །_། དེ་ ཚེ་ སྐྱེ་བ ར་",
                                "གྱུར་",
                                "མ་ ཡིན །_། འཇིག་རྟེན་"
                            ],
                            "སྡེ་": [
                                " །_། དེ་ ཚེ་ སྐྱེ་བ ར་",
                                "འགྱུར་",
                                "མ་ ཡིན །_། འཇིག་རྟེན་"
                            ],
                            "སྣར་": [
                                " །_། དེ་ ཚེ་ སྐྱེ་བ ར་",
                                "གྱུར་",
                                "མ་ ཡིན །_། འཇིག་རྟེན་"
                            ]
                        }
                    ]
                }
            ],
            "diff_verb": [
                {
                    "6": [
                        [
                            "《བརྟགས》ཞེས་པ།【〈རྟོག〉གི་ འདས་པ། ཐ་དད་པ།】",
                            "《བཏགས》ཞེས་པ།【〈བཏག〉གི་ འདས་པ། ཐ་དད་པ།】【〈འཐག〉གི་ འདས་པ།】【〈འཐག〉གི་ འདས་པ། ཐ་དད་པ།】【〈འདོགས〉གི་ འདས་པ།】【〈འདོགས〉གི་ འདས་པ། ཐ་དད་པ།】"
                        ],
                        {
                            "པེ་": [
                                "མེད་པ ས །_། མིང་ ནི་",
                                "བརྟགས་པ་",
                                "ཙམ་ ཉིད་ དོ །_། "
                            ],
                            "སྡེ་": [
                                "མེད་པ ས །_། མིང་ ནི་",
                                "བཏགས་པ་",
                                "ཙམ་ ཉིད་ དོ །_། "
                            ],
                            "སྣར་": [
                                "མེད་པ ས །_། མིང་ ནི་",
                                "བརྟགས་པ་",
                                "ཙམ་ ཉིད་ དོ །_། "
                            ]
                        }
                    ]
                }
            ],
            "not_sure": []
        }
    },
    "dunno": {
        "long_diff": [],
        "no_diff": [
            {
                "8": [
                    {
                        "པེ་": [
                            "གཏན་ ལ་ ཕབ་པ འོ །།",
                            "དགེ འོ",
                            "།། བ་ རྨ་ #བན་ ཆོས་ འབར་"
                        ],
                        "སྡེ་": [
                            "གཏན་ ལ་ ཕབ་པ འོ །།",
                            "",
                            "།། བ་ རྨ་ #བན་ ཆོས་ འབར་"
                        ],
                        "སྣར་": [
                            "གཏན་ ལ་ ཕབ་པ འོ །།",
                            "དགེ འོ",
                            "།། བ་ རྨ་ #བན་ ཆོས་ འབར་"
                        ]
                    }
                ]
            }
        ],
        "short_diff": [
            {
                "2": [
                    {
                        "པེ་": [
                            "དུ །_ དངོས་པོ་",
                            "སྦྱོང་",
                            "ཞེས་བྱ་བ །_ སངས་"
                        ],
                        "སྡེ་": [
                            "དུ །_ དངོས་པོ་",
                            "སྦྱོང་བ་",
                            "ཞེས་བྱ་བ །_ སངས་"
                        ],
                        "སྣར་": [
                            "དུ །_ དངོས་པོ་",
                            "སྦྱོང་",
                            "ཞེས་བྱ་བ །_ སངས་"
                        ]
                    }
                ]
            }
        ]
    },
    "empty_notes": [
        {
            "9": [
                {
                    "པེ་": [
                        "གཏན་ ལ་ ཕབ་པ འོ །། ",
                        "",
                        "གཏན་ ལ་ ཕབ་པ འོ །། "
                    ],
                    "སྡེ་": [
                        "གཏན་ ལ་ ཕབ་པ འོ །། ",
                        "",
                        "གཏན་ ལ་ ཕབ་པ འོ །། "
                    ],
                    "སྣར་": [
                        "གཏན་ ལ་ ཕབ་པ འོ །། ",
                        "",
                        "གཏན་ ལ་ ཕབ་པ འོ །། "
                    ]
                }
            ]
        }
    ],
    "manual_categorisation": {
        "long_difference": {
            "differing_formulation": [],
            "major_modification": []
        },
        "manual_evaluation": {
            "derge_correct": [],
            "meaning_difference": {
                "great_diff": [],
                "medium_diff": [],
                "small_diff": []
            }
        }
    },
    "ngram_freq": {
        "1": {
            "པེ་": [
                [
                    "བྷཱ་བ",
                    "308"
                ]
            ],
            "སྡེ་": [
                [
                    "བྷ་བ",
                    "57"
                ]
            ],
            "སྣར་": [
                [
                    "བྷཱ་བ",
                    "308"
                ]
            ]
        },
        "2": {
            "པེ་": [
                [
                    "སྦྱོང",
                    "2"
                ]
            ],
            "སྡེ་": [
                [
                    "སྦྱོང་བ",
                    "88"
                ]
            ],
            "སྣར་": [
                [
                    "སྦྱོང",
                    "2"
                ]
            ]
        },
        "3": {
            "པེ་": [
                [
                    "གྱུར",
                    "4361"
                ],
                [
                    "གྱུར་མ",
                    "64"
                ]
            ],
            "སྡེ་": [
                [
                    "འགྱུར",
                    "31151"
                ],
                [
                    "འགྱུར་མ",
                    "110"
                ]
            ],
            "སྣར་": [
                [
                    "གྱུར",
                    "4361"
                ],
                [
                    "གྱུར་མ",
                    "64"
                ]
            ]
        },
        "4": {
            "པེ་": [
                [
                    "ལ",
                    "33965"
                ],
                [
                    "རྟོག་ལ",
                    "74"
                ],
                [
                    "ལ་འབྱུང",
                    "368"
                ]
            ],
            "སྡེ་": [
                [
                    "ལས",
                    "5885"
                ],
                [
                    "རྟོག་ལས",
                    "68"
                ],
                [
                    "ལས་འབྱུང",
                    "713"
                ]
            ],
            "སྣར་": [
                [
                    "ལ",
                    "33965"
                ],
                [
                    "རྟོག་ལ",
                    "74"
                ],
                [
                    "ལ་འབྱུང",
                    "368"
                ]
            ]
        },
        "5": {
            "པེ་": [
                [
                    "དེ",
                    "1"
                ],
                [
                    "མེད་དེ",
                    "3001"
                ],
                [
                    "དེ་དངོས་པོ",
                    "76"
                ]
            ],
            "སྡེ་": [
                [
                    "ཅིང",
                    "291"
                ],
                [
                    "མེད་ཅིང",
                    "5485"
                ],
                [
                    "ཅིང་དངོས་པོ",
                    "42"
                ]
            ],
            "སྣར་": [
                [
                    "དེ",
                    "1"
                ],
                [
                    "མེད་དེ",
                    "3001"
                ],
                [
                    "དེ་དངོས་པོ",
                    "76"
                ]
            ]
        },
        "6": {
            "པེ་": [
                [
                    "བརྟགས་པ",
                    "157"
                ]
            ],
            "སྡེ་": [
                [
                    "བཏགས་པ",
                    "86"
                ],
                [
                    "བཏགས་པ་ཙམ",
                    "386"
                ],
                [
                    "ནི་བཏགས་པ",
                    "176"
                ],
                [
                    "ནི་བཏགས་པ་ཙམ",
                    "153"
                ]
            ],
            "སྣར་": [
                [
                    "བརྟགས་པ",
                    "157"
                ]
            ]
        },
        "7": {
            "པེ་": [
                [
                    "ལོཙྪ་བ",
                    "236"
                ]
            ],
            "སྡེ་": [
                [
                    "ལོ་ཙཱ་བ",
                    "58"
                ]
            ],
            "སྣར་": [
                [
                    "ལོཙྪ་བ",
                    "236"
                ]
            ]
        },
        "8": {
            "པེ་": [
                [
                    "དགེའོ",
                    "28"
                ]
            ],
            "སྡེ་": [
                [
                    "",
                    "1"
                ],
                [
                    "།།",
                    "216"
                ],
                [
                    "།།།།",
                    "22"
                ]
            ],
            "སྣར་": [
                [
                    "དགེའོ",
                    "28"
                ]
            ]
        },
        "9": {
            "པེ་": [
                [
                    "",
                    "1"
                ],
                [
                    "གཏན",
                    "12"
                ],
                [
                    "གཏན་ལ",
                    "1245"
                ]
            ],
            "སྡེ་": [
                [
                    "",
                    "1"
                ],
                [
                    "གཏན",
                    "12"
                ],
                [
                    "གཏན་ལ",
                    "1245"
                ]
            ],
            "སྣར་": [
                [
                    "",
                    "1"
                ],
                [
                    "གཏན",
                    "12"
                ],
                [
                    "གཏན་ལ",
                    "1245"
                ]
            ]
        }
    },
    "non_standard_notes": [],
    "profile": {
        "1": [
            "པེ་=སྣར་ སྡེ་",
            "88.89%"
        ],
        "2": [
            "པེ་=སྣར་ སྡེ་",
            "88.89%"
        ],
        "3": [
            "པེ་=སྣར་ སྡེ་",
            "88.89%"
        ],
        "4": [
            "པེ་=སྣར་ སྡེ་",
            "88.89%"
        ],
        "5": [
            "པེ་=སྣར་ སྡེ་",
            "88.89%"
        ],
        "6": [
            "པེ་=སྣར་ སྡེ་",
            "88.89%"
        ],
        "7": [
            "པེ་=སྣར་ སྡེ་",
            "88.89%"
        ],
        "8": [
            "པེ་=སྣར་ སྡེ་",
            "88.89%"
        ],
        "9": [
            "པེ་=སྡེ་=སྣར་",
            "11.11%"
        ]
    }
}