﻿{
    "Stats": {
        "Categorised": "6 notes (40.00%)",
        "Notes’ total": 15,
        "Profiles": [
            "པེ་=སྣར་ སྡེ་: 93.33% (14 notes)",
            "པེ་=སྡེ་=སྣར་: 6.67% (1 notes)"
        ],
        "automatic_categorisation": {
            "min_mod": {
                "particle_groups": 2
            },
            "particle_issues": {},
            "spelling_mistake": {
                "non_word": {}
            },
            "sskrt": 1,
            "verb_difference": {
                "not_sure": 2
            }
        },
        "dunno": {
            "no_diff": 8,
            "short_diff": 1
        },
        "empty_notes": 1,
        "manual_categorisation": {
            "long_difference": {},
            "manual_evaluation": {
                "meaning_difference": {}
            }
        },
        "ngram_freq": {},
        "profile": {}
    },
    "automatic_categorisation": {
        "min_mod": {
            "min_mod_groups": [],
            "particle_groups": [
                {
                    "6": [
                        [
                            "jedra"
                        ],
                        {
                            "པེ་": [
                                "ལགས །_། རིང་ དང་",
                                "ཟླུམ་པ ས་",
                                "མ་ ལགས་ ལ །_། ཚད་"
                            ],
                            "སྡེ་": [
                                "ལགས །_། རིང་ དང་",
                                "ཟླུམ་པ་",
                                "མ་ ལགས་ ལ །_། ཚད་"
                            ],
                            "སྣར་": [
                                "ལགས །_། རིང་ དང་",
                                "ཟླུམ་པ ས་",
                                "མ་ ལགས་ ལ །_། ཚད་"
                            ]
                        }
                    ]
                },
                {
                    "9": [
                        [
                            "ladon"
                        ],
                        {
                            "པེ་": [
                                "བསྟོད་ བགྱི འམ །_། ཡང་ན་",
                                "འདི་",
                                "ནི་ ཅི་ཞིག་ བསྟོད །_། "
                            ],
                            "སྡེ་": [
                                "བསྟོད་ བགྱི འམ །_། ཡང་ན་",
                                "འདི ར་",
                                "ནི་ ཅི་ཞིག་ བསྟོད །_། "
                            ],
                            "སྣར་": [
                                "བསྟོད་ བགྱི འམ །_། ཡང་ན་",
                                "འདི་",
                                "ནི་ ཅི་ཞིག་ བསྟོད །_། "
                            ]
                        }
                    ]
                }
            ]
        },
        "particle_issues": {
            "added_particle": [],
            "agreement_issue": [],
            "different_particles": [],
            "other": [],
            "po-bo-pa-ba": []
        },
        "spelling_mistake": {
            "missing_vowel": [],
            "nga_da": [],
            "non_word": {
                "ill_formed": [],
                "well_formed": []
            }
        },
        "sskrt": [
            {
                "1": [
                    {
                        "པེ་": [
                            "དུ །_ པ་ ར་ མ་",
                            "#ཐཱརྠ་ #སྟ་བ",
                            "_། བོད་ སྐད་ དུ ། "
                        ],
                        "སྡེ་": [
                            "དུ །_ པ་ ར་ མ་",
                            "#ཨརྠ་ #སྟ་ #བཾ",
                            "_། བོད་ སྐད་ དུ ། "
                        ],
                        "སྣར་": [
                            "དུ །_ པ་ ར་ མ་",
                            "#ཐཱརྠ་ #སྟ་བ",
                            "_། བོད་ སྐད་ དུ ། "
                        ]
                    }
                ]
            }
        ],
        "verb_difference": {
            "diff_tense": [],
            "diff_verb": [],
            "not_sure": [
                {
                    "2": [
                        [
                            "《བསྟོད》ཞེས་པ།【】",
                            "《བརྗོད》ཞེས་པ།【〈བརྗོད〉གི་ མ་འོངས་པ། ཐ་དད་པ།】【〈བརྗོད〉གི་ འདས་པ། ཐ་དད་པ།】【〈རྗོད〉གི་ མ་འོངས་པ། ཐ་དད་པ།】【〈རྗོད〉གི་ འདས་པ། ཐ་དད་པ།】"
                        ],
                        {
                            "པེ་": [
                                " །_། མགོན་ ཁྱོད་ ཇི་ལྟར་",
                                "བརྗོད་པ ར་",
                                "བགྱི །_། དེ་ ལྟ་"
                            ],
                            "སྡེ་": [
                                " །_། མགོན་ ཁྱོད་ ཇི་ལྟར་",
                                "བསྟོད་པ ར་",
                                "བགྱི །_། དེ་ ལྟ་"
                            ],
                            "སྣར་": [
                                " །_། མགོན་ ཁྱོད་ ཇི་ལྟར་",
                                "བརྗོད་པ ར་",
                                "བགྱི །_། དེ་ ལྟ་"
                            ]
                        }
                    ]
                },
                {
                    "8": [
                        [
                            "《འདུད》ཞེས་པ།【〈འདུད〉གི་ ད་ལྟ་བ། ཐ་དད་པ།】",
                            "《བསྟོད》ཞེས་པ།【】"
                        ],
                        {
                            "པེ་": [
                                "མོ་ ཁྱོད་ ལ་ ཕྱག་ འཚལ་",
                                "འདུད",
                                "།_། དེ་ ལྟ འི་ བསྟོད་པ ས་"
                            ],
                            "སྡེ་": [
                                "མོ་ ཁྱོད་ ལ་ ཕྱག་ འཚལ་",
                                "བསྟོད",
                                "།_། དེ་ ལྟ འི་ བསྟོད་པ ས་"
                            ],
                            "སྣར་": [
                                "མོ་ ཁྱོད་ ལ་ ཕྱག་ འཚལ་",
                                "འདུད",
                                "།_། དེ་ ལྟ འི་ བསྟོད་པ ས་"
                            ]
                        }
                    ]
                }
            ]
        }
    },
    "dunno": {
        "long_diff": [],
        "no_diff": [
            {
                "3": [
                    {
                        "པེ་": [
                            " །_། ཁྱོད་ ལ་ སྐྱེ་བ་",
                            "ཡོངས་",
                            "མི་ མངའ །_། མགོན་ ཁྱོད་"
                        ],
                        "སྡེ་": [
                            " །_། ཁྱོད་ ལ་ སྐྱེ་བ་",
                            "ཡོང་",
                            "མི་ མངའ །_། མགོན་ ཁྱོད་"
                        ],
                        "སྣར་": [
                            " །_། ཁྱོད་ ལ་ སྐྱེ་བ་",
                            "ཡོངས་",
                            "མི་ མངའ །_། མགོན་ ཁྱོད་"
                        ]
                    }
                ]
            },
            {
                "4": [
                    {
                        "པེ་": [
                            "མདོག་ མིན །_། སེར་ དང་",
                            "ནག་",
                            "དང་ དཀ ར་ མ་ ལགས །_། "
                        ],
                        "སྡེ་": [
                            "མདོག་ མིན །_། སེར་ དང་",
                            "གནག་",
                            "དང་ དཀ ར་ མ་ ལགས །_། "
                        ],
                        "སྣར་": [
                            "མདོག་ མིན །_། སེར་ དང་",
                            "ནག་",
                            "དང་ དཀ ར་ མ་ ལགས །_། "
                        ]
                    }
                ]
            },
            {
                "5": [
                    {
                        "པེ་": [
                            " །_། ཁྱོད་ ལ་ ཁ་དོག་",
                            "ཡོངས་",
                            "མི་ དམིགས །_། མདོག་ མི་"
                        ],
                        "སྡེ་": [
                            " །_། ཁྱོད་ ལ་ ཁ་དོག་",
                            "ཡོང་",
                            "མི་ དམིགས །_། མདོག་ མི་"
                        ],
                        "སྣར་": [
                            " །_། ཁྱོད་ ལ་ ཁ་དོག་",
                            "ཡོངས་",
                            "མི་ དམིགས །_། མདོག་ མི་"
                        ]
                    }
                ]
            },
            {
                "7": [
                    {
                        "པེ་": [
                            " །_། མཆོག་ ཏུ་ ཟབ་པ་",
                            "ཉིད་",
                            "བརྙེས་པ །_། ཟབ་མོ་"
                        ],
                        "སྡེ་": [
                            " །_། མཆོག་ ཏུ་ ཟབ་པ་",
                            "གཉིས་",
                            "བརྙེས་པ །_། ཟབ་མོ་"
                        ],
                        "སྣར་": [
                            " །_། མཆོག་ ཏུ་ ཟབ་པ་",
                            "ཉིད་",
                            "བརྙེས་པ །_། ཟབ་མོ་"
                        ]
                    }
                ]
            },
            {
                "10": [
                    {
                        "པེ་": [
                            " །_། སྐྱེ་ དང་ འཇིག་པ་",
                            "རྣམས་",
                            "སྤངས་ ཤིང་  །_། གང་ ལ་"
                        ],
                        "སྡེ་": [
                            " །_། སྐྱེ་ དང་ འཇིག་པ་",
                            "རྣམ་",
                            "སྤངས་ ཤིང་  །_། གང་ ལ་"
                        ],
                        "སྣར་": [
                            " །_། སྐྱེ་ དང་ འཇིག་པ་",
                            "རྣམས་",
                            "སྤངས་ ཤིང་  །_། གང་ ལ་"
                        ]
                    }
                ]
            },
            {
                "11": [
                    {
                        "པེ་": [
                            "ལ་ མཐའ་ དང་ དབུས་",
                            "མེད་ ལ",
                            "།_། གཟུང་ དང་ འཛིན་པ་"
                        ],
                        "སྡེ་": [
                            "ལ་ མཐའ་ དང་ དབུས་",
                            "མེད་པ",
                            "།_། གཟུང་ དང་ འཛིན་པ་"
                        ],
                        "སྣར་": [
                            "ལ་ མཐའ་ དང་ དབུས་",
                            "མེད་ ལ",
                            "།_། གཟུང་ དང་ འཛིན་པ་"
                        ]
                    }
                ]
            },
            {
                "12": [
                    {
                        "པེ་": [
                            " །_། གཟུང་ དང་ འཛིན་པ་",
                            "མ་ མཆིས་པ ས",
                            "།_། འདི ར་ ནི་ ཁྱོད་ བསྟོད་"
                        ],
                        "སྡེ་": [
                            " །_། གཟུང་ དང་ འཛིན་པ་",
                            "མི་ མངའ་བ",
                            "།_། འདི ར་ ནི་ ཁྱོད་ བསྟོད་"
                        ],
                        "སྣར་": [
                            " །_། གཟུང་ དང་ འཛིན་པ་",
                            "མ་ མཆིས་པ ས",
                            "།_། འདི ར་ ནི་ ཁྱོད་ བསྟོད་"
                        ]
                    }
                ]
            },
            {
                "13": [
                    {
                        "པེ་": [
                            "སྤངས་ བདེ་བ ར་ གཤེགས་",
                            "བསྟོད་པ ས",
                            "།_། བསོད་ནམས་ དེ ས་ ནི་"
                        ],
                        "སྡེ་": [
                            "སྤངས་ བདེ་བ ར་ གཤེགས་",
                            "བསྟོད་པ འི",
                            "།_། བསོད་ནམས་ དེ ས་ ནི་"
                        ],
                        "སྣར་": [
                            "སྤངས་ བདེ་བ ར་ གཤེགས་",
                            "བསྟོད་པ ས",
                            "།_། བསོད་ནམས་ དེ ས་ ནི་"
                        ]
                    }
                ]
            }
        ],
        "short_diff": [
            {
                "14": [
                    {
                        "པེ་": [
                            "བསྟོད་པ །_ སློབ་དཔོན་",
                            "",
                            "ཀླུ་ སྒྲུབ་ ཀྱིས་ མཛད་པ་"
                        ],
                        "སྡེ་": [
                            "བསྟོད་པ །_ སློབ་དཔོན་",
                            "འཕགས་པ་",
                            "ཀླུ་ སྒྲུབ་ ཀྱིས་ མཛད་པ་"
                        ],
                        "སྣར་": [
                            "བསྟོད་པ །_ སློབ་དཔོན་",
                            "",
                            "ཀླུ་ སྒྲུབ་ ཀྱིས་ མཛད་པ་"
                        ]
                    }
                ]
            }
        ]
    },
    "empty_notes": [
        {
            "15": [
                {
                    "པེ་": [
                        "གཏན་ ལ་ ཕབ་པ འོ །།_།། ",
                        "",
                        "གཏན་ ལ་ ཕབ་པ འོ །།_།། "
                    ],
                    "སྡེ་": [
                        "གཏན་ ལ་ ཕབ་པ འོ །།_།། ",
                        "",
                        "གཏན་ ལ་ ཕབ་པ འོ །།_།། "
                    ],
                    "སྣར་": [
                        "གཏན་ ལ་ ཕབ་པ འོ །།_།། ",
                        "",
                        "གཏན་ ལ་ ཕབ་པ འོ །།_།། "
                    ]
                }
            ]
        }
    ],
    "manual_categorisation": {
        "long_difference": {
            "differing_formulation": [],
            "major_modification": []
        },
        "manual_evaluation": {
            "derge_correct": [],
            "meaning_difference": {
                "great_diff": [],
                "medium_diff": [],
                "small_diff": []
            }
        }
    },
    "ngram_freq": {
        "1": {
            "པེ་": [],
            "སྡེ་": [],
            "སྣར་": []
        },
        "10": {
            "པེ་": [
                [
                    "རྣམས",
                    "5469"
                ],
                [
                    "རྣམས་སྤངས",
                    "229"
                ]
            ],
            "སྡེ་": [
                [
                    "རྣམ",
                    "1"
                ],
                [
                    "རྣམ་སྤངས",
                    "317"
                ]
            ],
            "སྣར་": [
                [
                    "རྣམས",
                    "5469"
                ],
                [
                    "རྣམས་སྤངས",
                    "229"
                ]
            ]
        },
        "11": {
            "པེ་": [
                [
                    "མེད་ལ",
                    "663"
                ],
                [
                    "མེད་ལ།_།",
                    "176"
                ]
            ],
            "སྡེ་": [
                [
                    "མེད་པ",
                    "5438"
                ],
                [
                    "མེད་པ།_།",
                    "969"
                ],
                [
                    "དབུས་མེད་པ",
                    "213"
                ]
            ],
            "སྣར་": [
                [
                    "མེད་ལ",
                    "663"
                ],
                [
                    "མེད་ལ།_།",
                    "176"
                ]
            ]
        },
        "12": {
            "པེ་": [
                [
                    "མ་མཆིས་པས",
                    "80"
                ]
            ],
            "སྡེ་": [
                [
                    "མི་མངའ་བ",
                    "109"
                ],
                [
                    "མི་མངའ་བ།_།",
                    "56"
                ]
            ],
            "སྣར་": [
                [
                    "མ་མཆིས་པས",
                    "80"
                ]
            ]
        },
        "13": {
            "པེ་": [
                [
                    "བསྟོད་པས",
                    "64"
                ]
            ],
            "སྡེ་": [
                [
                    "བསྟོད་པའི",
                    "187"
                ]
            ],
            "སྣར་": [
                [
                    "བསྟོད་པས",
                    "64"
                ]
            ]
        },
        "14": {
            "པེ་": [
                [
                    "",
                    "1"
                ],
                [
                    "ཀླུ",
                    "42"
                ],
                [
                    "སློབ་དཔོན",
                    "2825"
                ]
            ],
            "སྡེ་": [
                [
                    "འཕགས་པ",
                    "119"
                ]
            ],
            "སྣར་": [
                [
                    "",
                    "1"
                ],
                [
                    "ཀླུ",
                    "42"
                ],
                [
                    "སློབ་དཔོན",
                    "2825"
                ]
            ]
        },
        "15": {
            "པེ་": [
                [
                    "",
                    "1"
                ],
                [
                    "གཏན",
                    "12"
                ],
                [
                    "གཏན་ལ",
                    "1245"
                ]
            ],
            "སྡེ་": [
                [
                    "",
                    "1"
                ],
                [
                    "གཏན",
                    "12"
                ],
                [
                    "གཏན་ལ",
                    "1245"
                ]
            ],
            "སྣར་": [
                [
                    "",
                    "1"
                ],
                [
                    "གཏན",
                    "12"
                ],
                [
                    "གཏན་ལ",
                    "1245"
                ]
            ]
        },
        "2": {
            "པེ་": [
                [
                    "བརྗོད་པར",
                    "4164"
                ],
                [
                    "བརྗོད་པར་བགྱི",
                    "58"
                ]
            ],
            "སྡེ་": [
                [
                    "བསྟོད་པར",
                    "172"
                ]
            ],
            "སྣར་": [
                [
                    "བརྗོད་པར",
                    "4164"
                ],
                [
                    "བརྗོད་པར་བགྱི",
                    "58"
                ]
            ]
        },
        "3": {
            "པེ་": [
                [
                    "ཡོངས",
                    "82397"
                ],
                [
                    "ཡོངས་མི",
                    "51"
                ],
                [
                    "སྐྱེ་བ་ཡོངས",
                    "180"
                ]
            ],
            "སྡེ་": [
                [
                    "ཡོང",
                    "650"
                ],
                [
                    "ཡོང་མི",
                    "324"
                ]
            ],
            "སྣར་": [
                [
                    "ཡོངས",
                    "82397"
                ],
                [
                    "ཡོངས་མི",
                    "51"
                ],
                [
                    "སྐྱེ་བ་ཡོངས",
                    "180"
                ]
            ]
        },
        "4": {
            "པེ་": [
                [
                    "ནག",
                    "28"
                ],
                [
                    "དང་ནག",
                    "88"
                ],
                [
                    "ནག་དང",
                    "160"
                ]
            ],
            "སྡེ་": [
                [
                    "གནག",
                    "68"
                ],
                [
                    "གནག་དང",
                    "62"
                ]
            ],
            "སྣར་": [
                [
                    "ནག",
                    "28"
                ],
                [
                    "དང་ནག",
                    "88"
                ],
                [
                    "ནག་དང",
                    "160"
                ]
            ]
        },
        "5": {
            "པེ་": [
                [
                    "ཡོངས",
                    "82397"
                ],
                [
                    "ཡོངས་མི",
                    "51"
                ]
            ],
            "སྡེ་": [
                [
                    "ཡོང",
                    "650"
                ],
                [
                    "ཡོང་མི",
                    "324"
                ]
            ],
            "སྣར་": [
                [
                    "ཡོངས",
                    "82397"
                ],
                [
                    "ཡོངས་མི",
                    "51"
                ]
            ]
        },
        "6": {
            "པེ་": [],
            "སྡེ་": [
                [
                    "ཟླུམ་པ",
                    "82"
                ]
            ],
            "སྣར་": []
        },
        "7": {
            "པེ་": [
                [
                    "ཉིད",
                    "4415"
                ],
                [
                    "ཟབ་པ་ཉིད",
                    "159"
                ]
            ],
            "སྡེ་": [
                [
                    "གཉིས",
                    "698"
                ]
            ],
            "སྣར་": [
                [
                    "ཉིད",
                    "4415"
                ],
                [
                    "ཟབ་པ་ཉིད",
                    "159"
                ]
            ]
        },
        "8": {
            "པེ་": [
                [
                    "འདུད",
                    "273"
                ],
                [
                    "འདུད།_།",
                    "257"
                ],
                [
                    "འཚལ་འདུད",
                    "42"
                ],
                [
                    "འཚལ་འདུད།_།",
                    "42"
                ],
                [
                    "ཕྱག་འཚལ་འདུད།_།",
                    "42"
                ]
            ],
            "སྡེ་": [
                [
                    "བསྟོད",
                    "575"
                ],
                [
                    "བསྟོད།_།",
                    "342"
                ],
                [
                    "འཚལ་བསྟོད",
                    "149"
                ],
                [
                    "འཚལ་བསྟོད།_།",
                    "146"
                ],
                [
                    "ཕྱག་འཚལ་བསྟོད།_།",
                    "146"
                ]
            ],
            "སྣར་": [
                [
                    "འདུད",
                    "273"
                ],
                [
                    "འདུད།_།",
                    "257"
                ],
                [
                    "འཚལ་འདུད",
                    "42"
                ],
                [
                    "འཚལ་འདུད།_།",
                    "42"
                ],
                [
                    "ཕྱག་འཚལ་འདུད།_།",
                    "42"
                ]
            ]
        },
        "9": {
            "པེ་": [
                [
                    "འདི",
                    "1651"
                ],
                [
                    "འདི་ནི",
                    "23970"
                ]
            ],
            "སྡེ་": [
                [
                    "འདིར",
                    "338"
                ],
                [
                    "འདིར་ནི",
                    "1375"
                ]
            ],
            "སྣར་": [
                [
                    "འདི",
                    "1651"
                ],
                [
                    "འདི་ནི",
                    "23970"
                ]
            ]
        }
    },
    "non_standard_notes": [],
    "profile": {
        "1": [
            "པེ་=སྣར་ སྡེ་",
            "93.33%"
        ],
        "10": [
            "པེ་=སྣར་ སྡེ་",
            "93.33%"
        ],
        "11": [
            "པེ་=སྣར་ སྡེ་",
            "93.33%"
        ],
        "12": [
            "པེ་=སྣར་ སྡེ་",
            "93.33%"
        ],
        "13": [
            "པེ་=སྣར་ སྡེ་",
            "93.33%"
        ],
        "14": [
            "པེ་=སྣར་ སྡེ་",
            "93.33%"
        ],
        "15": [
            "པེ་=སྡེ་=སྣར་",
            "6.67%"
        ],
        "2": [
            "པེ་=སྣར་ སྡེ་",
            "93.33%"
        ],
        "3": [
            "པེ་=སྣར་ སྡེ་",
            "93.33%"
        ],
        "4": [
            "པེ་=སྣར་ སྡེ་",
            "93.33%"
        ],
        "5": [
            "པེ་=སྣར་ སྡེ་",
            "93.33%"
        ],
        "6": [
            "པེ་=སྣར་ སྡེ་",
            "93.33%"
        ],
        "7": [
            "པེ་=སྣར་ སྡེ་",
            "93.33%"
        ],
        "8": [
            "པེ་=སྣར་ སྡེ་",
            "93.33%"
        ],
        "9": [
            "པེ་=སྣར་ སྡེ་",
            "93.33%"
        ]
    }
}