﻿{
    "Stats": {
        "Categorised": "5 notes (100.00%)",
        "Notes’ total": 5,
        "Profiles": [
            "པེ་ སྡེ་: 80.00% (4 notes)",
            "པེ་=སྡེ་: 20.00% (1 notes)"
        ],
        "automatic_categorisation": {
            "min_mod": {},
            "particle_issues": {},
            "spelling_mistake": {
                "non_word": {
                    "well_formed": 2
                }
            },
            "verb_difference": {
                "diff_verb": 1,
                "not_sure": 1
            }
        },
        "dunno": {},
        "empty_notes": 1,
        "manual_categorisation": {
            "long_difference": {},
            "manual_evaluation": {
                "meaning_difference": {}
            }
        },
        "ngram_freq": {},
        "profile": {}
    },
    "automatic_categorisation": {
        "min_mod": {
            "min_mod_groups": [],
            "particle_groups": []
        },
        "particle_issues": {
            "added_particle": [],
            "agreement_issue": [],
            "different_particles": [],
            "other": [],
            "po-bo-pa-ba": []
        },
        "spelling_mistake": {
            "missing_vowel": [],
            "nga_da": [],
            "non_word": {
                "ill_formed": [],
                "well_formed": [
                    {
                        "2": [
                            {
                                "པེ་": [
                                    "པ་ ཡི _། བར་ དུ་",
                                    "གཅོད་པ འི་",
                                    "གདོན་ #བགེགས་ རྣམས །_། "
                                ],
                                "སྡེ་": [
                                    "པ་ ཡི _། བར་ དུ་",
                                    "#བཅོད་པ འི་",
                                    "གདོན་ #བགེགས་ རྣམས །_། "
                                ]
                            }
                        ]
                    },
                    {
                        "4": [
                            {
                                "པེ་": [
                                    "མ་ ཚང་བ་ དང་ མ་",
                                    "#རྙེས་",
                                    "དང་  །_། ཉེས་པ འི་ དྲི་"
                                ],
                                "སྡེ་": [
                                    "མ་ ཚང་བ་ དང་ མ་",
                                    "སྙེས་",
                                    "དང་  །_། ཉེས་པ འི་ དྲི་"
                                ]
                            }
                        ]
                    }
                ]
            }
        },
        "sskrt": [],
        "verb_difference": {
            "diff_tense": [],
            "diff_verb": [
                {
                    "1": [
                        [
                            "《བསྐོར》ཞེས་པ།【〈བསྐོར〉གི་ མ་འོངས་པ། ཐ་དད་པ།】【〈བསྐོར〉གི་ འདས་པ། ཐ་དད་པ།】【〈སྐོར〉གི་ མ་འོངས་པ།】【〈སྐོར〉གི་ མ་འོངས་པ། ཐ་དད་པ།】【〈སྐོར〉གི་ འདས་པ།】【〈སྐོར〉གི་ འདས་པ། ཐ་དད་པ།】",
                            "《སྐོར》ཞེས་པ།【〈བསྐོར〉གི་ ད་ལྟ་བ། ཐ་དད་པ།】【〈བསྐོར〉གི་ སྐུལ་ཚིག ཐ་དད་པ།】【〈སྐོར〉གི་ ད་ལྟ་བ།】【〈སྐོར〉གི་ ད་ལྟ་བ། ཐ་དད་པ།】【〈སྐོར〉གི་ སྐུལ་ཚིག】【〈སྐོར〉གི་ སྐུལ་ཚིག ཐ་དད་པ།】"
                        ],
                        {
                            "པེ་": [
                                "དབུས་ ནས་ ཤར་ ནས་ གཡས་",
                                "སྐོར་",
                                "དུ །_། སྔོ་ དང་ དཀ ར་"
                            ],
                            "སྡེ་": [
                                "དབུས་ ནས་ ཤར་ ནས་ གཡས་",
                                "བསྐོར་",
                                "དུ །_། སྔོ་ དང་ དཀ ར་"
                            ]
                        }
                    ]
                }
            ],
            "not_sure": [
                {
                    "3": [
                        [
                            "《སྟོད》ཞེས་པ།【〈བསྟད〉གི་ ད་ལྟ་བ། ཐ་དད་པ།】【〈བསྟད〉གི་ སྐུལ་ཚིག ཐ་དད་པ།】【〈སྟོད〉གི་ ད་ལྟ་བ།】【〈སྟོད〉གི་ ད་ལྟ་བ། ཐ་དད་པ།】【〈སྟོད〉གི་ སྐུལ་ཚིག ཐ་དད་པ།】",
                            "《བསྟོད》ཞེས་པ།【】"
                        ],
                        {
                            "པེ་": [
                                "ཆེན་ ལ་སོགས་ བཀའ་",
                                "སྟོད་",
                                "#སྣེལ །_། དཀ ར་ གྱིས་ རྒྱན་"
                            ],
                            "སྡེ་": [
                                "ཆེན་ ལ་སོགས་ བཀའ་",
                                "བསྟོད་",
                                "#སྣེལ །_། དཀ ར་ གྱིས་ རྒྱན་"
                            ]
                        }
                    ]
                }
            ]
        }
    },
    "dunno": {
        "long_diff": [],
        "no_diff": [],
        "short_diff": []
    },
    "empty_notes": [
        {
            "5": [
                {
                    "པེ་": [
                        "མཛད་པ་ རྫོགས་ སོ །།_།། ",
                        "",
                        "མཛད་པ་ རྫོགས་ སོ །།_།། "
                    ],
                    "སྡེ་": [
                        "མཛད་པ་ རྫོགས་ སོ །།_།། ",
                        "",
                        "མཛད་པ་ རྫོགས་ སོ །།_།། "
                    ]
                }
            ]
        }
    ],
    "manual_categorisation": {
        "long_difference": {
            "differing_formulation": [],
            "major_modification": []
        },
        "manual_evaluation": {
            "derge_correct": [],
            "meaning_difference": {
                "great_diff": [],
                "medium_diff": [],
                "small_diff": []
            }
        }
    },
    "ngram_freq": {
        "1": {
            "པེ་": [
                [
                    "སྐོར",
                    "24"
                ],
                [
                    "གཡས་སྐོར",
                    "41"
                ]
            ],
            "སྡེ་": [
                [
                    "བསྐོར",
                    "685"
                ]
            ]
        },
        "2": {
            "པེ་": [
                [
                    "གཅོད་པའི",
                    "515"
                ],
                [
                    "དུ་གཅོད་པའི",
                    "113"
                ]
            ],
            "སྡེ་": []
        },
        "3": {
            "པེ་": [
                [
                    "སྟོད",
                    "51"
                ]
            ],
            "སྡེ་": [
                [
                    "བསྟོད",
                    "575"
                ]
            ]
        },
        "4": {
            "པེ་": [
                [
                    "རྙེས",
                    "2"
                ]
            ],
            "སྡེ་": [
                [
                    "སྙེས",
                    "14"
                ]
            ]
        },
        "5": {
            "པེ་": [
                [
                    "",
                    "1"
                ],
                [
                    "མཛད་པ",
                    "1162"
                ]
            ],
            "སྡེ་": [
                [
                    "",
                    "1"
                ],
                [
                    "མཛད་པ",
                    "1162"
                ]
            ]
        }
    },
    "non_standard_notes": [],
    "profile": {
        "1": [
            "པེ་ སྡེ་",
            "80.00%"
        ],
        "2": [
            "པེ་ སྡེ་",
            "80.00%"
        ],
        "3": [
            "པེ་ སྡེ་",
            "80.00%"
        ],
        "4": [
            "པེ་ སྡེ་",
            "80.00%"
        ],
        "5": [
            "པེ་=སྡེ་",
            "20.00%"
        ]
    }
}