﻿{
    "Stats": {
        "Categorised": "13 notes (76.47%)",
        "Notes’ total": 17,
        "Profiles": [
            "པེ་=སྣར་ སྡེ་: 47.06% (8 notes)",
            "པེ་=སྡེ་=སྣར་: 5.88% (1 notes)",
            "པེ་=སྡེ་ སྣར་: 23.53% (4 notes)",
            "པེ་ སྡེ་ སྣར་: 5.88% (1 notes)",
            "པེ་ སྡེ་=སྣར་: 17.65% (3 notes)"
        ],
        "automatic_categorisation": {
            "min_mod": {
                "min_mod_groups": 1,
                "particle_groups": 2
            },
            "particle_issues": {},
            "spelling_mistake": {
                "non_word": {}
            },
            "sskrt": 6,
            "verb_difference": {
                "diff_tense": 1,
                "diff_verb": 1,
                "not_sure": 1
            }
        },
        "dunno": {
            "long_diff": 2,
            "no_diff": 2
        },
        "empty_notes": 1,
        "manual_categorisation": {
            "long_difference": {},
            "manual_evaluation": {
                "meaning_difference": {}
            }
        },
        "ngram_freq": {},
        "profile": {}
    },
    "automatic_categorisation": {
        "min_mod": {
            "min_mod_groups": [
                {
                    "8": [
                        [
                            [
                                "ན",
                                "ནས"
                            ]
                        ],
                        {
                            "པེ་": [
                                "བྱ་བ་ དང་  །_།",
                                "ཁ་ ནས་ མ་ ཐོ་",
                                "སྤང་ ཕྱིར་ བཙུན་"
                            ],
                            "སྡེ་": [
                                "བྱ་བ་ དང་  །_།",
                                "ཁ་ན་མ་ཐོ་",
                                "སྤང་ ཕྱིར་ བཙུན་"
                            ],
                            "སྣར་": [
                                "བྱ་བ་ དང་  །_།",
                                "ཁ་ན་མ་ཐོ་",
                                "སྤང་ ཕྱིར་ བཙུན་"
                            ]
                        }
                    ]
                }
            ],
            "particle_groups": [
                {
                    "5": [
                        [
                            "dreldra",
                            "jedra"
                        ],
                        {
                            "པེ་": [
                                "གཞོན་ནུ་ སྟོབས་ ལྡན་ མི་",
                                "ཡིས་",
                                "སེང་གེ་ དེ ས །_།"
                            ],
                            "སྡེ་": [
                                "གཞོན་ནུ་ སྟོབས་ ལྡན་ མི་",
                                "ཡི་",
                                "སེང་གེ་ དེ ས །_།"
                            ],
                            "སྣར་": [
                                "གཞོན་ནུ་ སྟོབས་ ལྡན་ མི་",
                                "ཡིས་",
                                "སེང་གེ་ དེ ས །_།"
                            ]
                        }
                    ]
                },
                {
                    "13": [
                        [
                            "dreldra",
                            "jedra"
                        ],
                        {
                            "པེ་": [
                                "ལྷ་ མི་ འགྲོ་བ་ ཀུན་",
                                "གྱིས་",
                                "རབ་ མཆོད་པ །_། བསྟན་"
                            ],
                            "སྡེ་": [
                                "ལྷ་ མི་ འགྲོ་བ་ ཀུན་",
                                "གྱིས་",
                                "རབ་ མཆོད་པ །_། བསྟན་"
                            ],
                            "སྣར་": [
                                "ལྷ་ མི་ འགྲོ་བ་ ཀུན་",
                                "གྱི་",
                                "རབ་ མཆོད་པ །_། བསྟན་"
                            ]
                        }
                    ]
                }
            ]
        },
        "particle_issues": {
            "added_particle": [],
            "agreement_issue": [],
            "different_particles": [],
            "other": [],
            "po-bo-pa-ba": []
        },
        "spelling_mistake": {
            "missing_vowel": [],
            "nga_da": [],
            "non_word": {
                "ill_formed": [],
                "well_formed": []
            }
        },
        "sskrt": [
            {
                "1": [
                    {
                        "པེ་": [
                            "ར་ #ནཱ་ མ་ ན་",
                            "#ཡ་",
                            "#སྟོ་ #ཏྲཾ །_ བོད་ སྐད་"
                        ],
                        "སྡེ་": [
                            "ར་ #ནཱ་ མ་ ན་",
                            "#ཡ་",
                            "#སྟོ་ #ཏྲཾ །_ བོད་ སྐད་"
                        ],
                        "སྣར་": [
                            "ར་ #ནཱ་ མ་ ན་",
                            "#ཡཱ་",
                            "#སྟོ་ #ཏྲཾ །_ བོད་ སྐད་"
                        ]
                    }
                ]
            },
            {
                "3": [
                    {
                        "པེ་": [
                            "པོ་ ནི །_། བཀྲ་ཤིས་",
                            "#ལུམྦིའི་",
                            "ཚལ་ དུ་ བལྟམས་པ འི་ ཚེ"
                        ],
                        "སྡེ་": [
                            "པོ་ ནི །_། བཀྲ་ཤིས་",
                            "#ལུམྦིའི་",
                            "ཚལ་ དུ་ བལྟམས་པ འི་ ཚེ"
                        ],
                        "སྣར་": [
                            "པོ་ ནི །_། བཀྲ་ཤིས་",
                            "#ལུམ་ #བིའི་",
                            "ཚལ་ དུ་ བལྟམས་པ འི་ ཚེ"
                        ]
                    }
                ]
            },
            {
                "6": [
                    {
                        "པེ་": [
                            "སེང་གེ་ དེ ས །_། #ཨཾ་",
                            "ག་",
                            "མ་ ག་ #དྷཱ་ ར་ ནི་"
                        ],
                        "སྡེ་": [
                            "སེང་གེ་ དེ ས །_། #ཨཾ་",
                            "ག་",
                            "མ་ ག་ #དྷཱ་ ར་ ནི་"
                        ],
                        "སྣར་": [
                            "སེང་གེ་ དེ ས །_། #ཨཾ་",
                            "#ཨངྒ་",
                            "མ་ ག་ #དྷཱ་ ར་ ནི་"
                        ]
                    }
                ]
            },
            {
                "7": [
                    {
                        "པེ་": [
                            "ག་ མ་ ག་",
                            "#ངྷར་",
                            "ནི་ སྒྱུ་རྩལ་ བསྟན །_། "
                        ],
                        "སྡེ་": [
                            "ག་ མ་ ག་",
                            "#དྷཱར་",
                            "ནི་ སྒྱུ་རྩལ་ བསྟན །_། "
                        ],
                        "སྣར་": [
                            "ག་ མ་ ག་",
                            "#ངྷར་",
                            "ནི་ སྒྱུ་རྩལ་ བསྟན །_། "
                        ]
                    }
                ]
            },
            {
                "9": [
                    {
                        "པེ་": [
                            "ཡོད་ ཕྱིར །_། མ་ ག་",
                            "#ངྷ་",
                            "ཡི་ བྱང་ཆུབ་ ཤིང་ དྲུང་"
                        ],
                        "སྡེ་": [
                            "ཡོད་ ཕྱིར །_། མ་ ག་",
                            "#དྷྭ་",
                            "ཡི་ བྱང་ཆུབ་ ཤིང་ དྲུང་"
                        ],
                        "སྣར་": [
                            "ཡོད་ ཕྱིར །_། མ་ ག་",
                            "#ངྷ་",
                            "ཡི་ བྱང་ཆུབ་ ཤིང་ དྲུང་"
                        ]
                    }
                ]
            },
            {
                "10": [
                    {
                        "པེ་": [
                            "དུ་ གཟིགས་ ནས་ ནི །_།",
                            "#ཝ་ ར་ #ཎཱ་ #སེ་",
                            "ལ་སོགས་ གནས་ མཆོག་ ཏུ"
                        ],
                        "སྡེ་": [
                            "དུ་ གཟིགས་ ནས་ ནི །_།",
                            "བཱ་རཱ་ཎ་སཱི་",
                            "ལ་སོགས་ གནས་ མཆོག་ ཏུ"
                        ],
                        "སྣར་": [
                            "དུ་ གཟིགས་ ནས་ ནི །_།",
                            "#ཝ་ ར་ #ཎཱ་ #སེ་",
                            "ལ་སོགས་ གནས་ མཆོག་ ཏུ"
                        ]
                    }
                ]
            }
        ],
        "verb_difference": {
            "diff_tense": [
                {
                    "14": [
                        [
                            "《བཤིག》ཞེས་པ།【〈ཤིག〉གི་ མ་འོངས་པ། ཐ་དད་པ།】",
                            "《བཤིགས》ཞེས་པ།【〈ཤིག〉གི་ འདས་པ། ཐ་དད་པ།】"
                        ],
                        {
                            "པེ་": [
                                "རྡོ་རྗེ་ ལྟ་བུ འི་ སྐུ་",
                                "བཤིགས་",
                                "ནས །_། མྱ་ངན་ འདའ་"
                            ],
                            "སྡེ་": [
                                "རྡོ་རྗེ་ ལྟ་བུ འི་ སྐུ་",
                                "བཤིག་",
                                "ནས །_། མྱ་ངན་ འདའ་"
                            ],
                            "སྣར་": [
                                "རྡོ་རྗེ་ ལྟ་བུ འི་ སྐུ་",
                                "བཤིག་",
                                "ནས །_། མྱ་ངན་ འདའ་"
                            ]
                        }
                    ]
                }
            ],
            "diff_verb": [
                {
                    "12": [
                        [
                            "《བཏུལ》ཞེས་པ།【〈འདུལ〉གི་ འདས་པ།】【〈འདུལ〉གི་ འདས་པ། ཐ་དད་པ།】",
                            "《བཏུད》ཞེས་པ།【〈འདུད〉གི་ འདས་པ། ཐ་དད་པ།】"
                        ],
                        {
                            "པེ་": [
                                "གི་ ཡུལ་ དུ་ བདུད་ རྣམས་",
                                "བཏུད",
                                "།_། ཐུབ་པ་ གཡུལ་ ལས་"
                            ],
                            "སྡེ་": [
                                "གི་ ཡུལ་ དུ་ བདུད་ རྣམས་",
                                "བཏུལ",
                                "།_། ཐུབ་པ་ གཡུལ་ ལས་"
                            ],
                            "སྣར་": [
                                "གི་ ཡུལ་ དུ་ བདུད་ རྣམས་",
                                "བཏུལ",
                                "།_། ཐུབ་པ་ གཡུལ་ ལས་"
                            ]
                        }
                    ]
                }
            ],
            "not_sure": [
                {
                    "11": [
                        [
                            "《འཁོར》ཞེས་པ།【】",
                            "《ཁོར》ཞེས་པ།【〈དགར〉གི་ སྐུལ་ཚིག】【〈འགེར〉གི་ སྐུལ་ཚིག】【〈འགེར〉གི་ སྐུལ་ཚིག ཐ་དད་པ།】"
                        ],
                        {
                            "པེ་": [
                                "དང་ ལྷ ས་ བྱིན་ སོགས །_།",
                                "ཁོར་",
                                "མོ་ འཇིག་ གི་ ཡུལ་ དུ་"
                            ],
                            "སྡེ་": [
                                "དང་ ལྷ ས་ བྱིན་ སོགས །_།",
                                "འཁོར་",
                                "མོ་ འཇིག་ གི་ ཡུལ་ དུ་"
                            ],
                            "སྣར་": [
                                "དང་ ལྷ ས་ བྱིན་ སོགས །_།",
                                "ཁོར་",
                                "མོ་ འཇིག་ གི་ ཡུལ་ དུ་"
                            ]
                        }
                    ]
                }
            ]
        }
    },
    "dunno": {
        "long_diff": [
            {
                "2": [
                    {
                        "པེ་": [
                            "གཉིས་ ཀྱི་ ཚུལ་ ལ་",
                            "བསྟོད་པ་ ཞེས་བྱ་བ",
                            "།_ སངས་རྒྱས་ ཤཱཀྱ་ ཐུབ་"
                        ],
                        "སྡེ་": [
                            "གཉིས་ ཀྱི་ ཚུལ་ ལ་",
                            "བསྟོད་པ",
                            "།_ སངས་རྒྱས་ ཤཱཀྱ་ ཐུབ་"
                        ],
                        "སྣར་": [
                            "གཉིས་ ཀྱི་ ཚུལ་ ལ་",
                            "བསྟོད་པ་ ཞེས་བྱ་བ",
                            "།_ སངས་རྒྱས་ ཤཱཀྱ་ ཐུབ་"
                        ]
                    }
                ]
            },
            {
                "16": [
                    {
                        "པེ་": [
                            "ཞེས་བྱ་བ་ སློབ་དཔོན་",
                            "",
                            "ཀླུ་ སྒྲུབ་ ཀྱིས་ མཛད་པ་"
                        ],
                        "སྡེ་": [
                            "ཞེས་བྱ་བ་ སློབ་དཔོན་",
                            "ཆེན་པོ་ འཕགས་པ་",
                            "ཀླུ་ སྒྲུབ་ ཀྱིས་ མཛད་པ་"
                        ],
                        "སྣར་": [
                            "ཞེས་བྱ་བ་ སློབ་དཔོན་",
                            "",
                            "ཀླུ་ སྒྲུབ་ ཀྱིས་ མཛད་པ་"
                        ]
                    }
                ]
            }
        ],
        "no_diff": [
            {
                "4": [
                    {
                        "པེ་": [
                            "བྱང་ཆུབ་ རིགས་ སུ་ ངེས་",
                            "མཛད་",
                            "ཕྱག་ འཚལ་ ལོ །_། གཞོན་"
                        ],
                        "སྡེ་": [
                            "བྱང་ཆུབ་ རིགས་ སུ་ ངེས་",
                            "ལ་",
                            "ཕྱག་ འཚལ་ ལོ །_། གཞོན་"
                        ],
                        "སྣར་": [
                            "བྱང་ཆུབ་ རིགས་ སུ་ ངེས་",
                            "མཛད་",
                            "ཕྱག་ འཚལ་ ལོ །_། གཞོན་"
                        ]
                    }
                ]
            },
            {
                "15": [
                    {
                        "པེ་": [
                            "ཚུལ་ ལ་ མདོ་ ཙམ་",
                            "བསྟོད་པ་ ཡི",
                            "།_། དགེ་བ ས་ འགྲོ་བ་"
                        ],
                        "སྡེ་": [
                            "ཚུལ་ ལ་ མདོ་ ཙམ་",
                            "བསྟོད་པ་ ཡིས",
                            "།_། དགེ་བ ས་ འགྲོ་བ་"
                        ],
                        "སྣར་": [
                            "ཚུལ་ ལ་ མདོ་ ཙམ་",
                            "བསྟོད་བ་ ཡི",
                            "།_། དགེ་བ ས་ འགྲོ་བ་"
                        ]
                    }
                ]
            }
        ],
        "short_diff": []
    },
    "empty_notes": [
        {
            "17": [
                {
                    "པེ་": [
                        "མཛད་པ་ རྫོགས་ སོ །། ",
                        "",
                        "མཛད་པ་ རྫོགས་ སོ །། "
                    ],
                    "སྡེ་": [
                        "མཛད་པ་ རྫོགས་ སོ །། ",
                        "",
                        "མཛད་པ་ རྫོགས་ སོ །། "
                    ],
                    "སྣར་": [
                        "མཛད་པ་ རྫོགས་ སོ །། ",
                        "",
                        "མཛད་པ་ རྫོགས་ སོ །། "
                    ]
                }
            ]
        }
    ],
    "manual_categorisation": {
        "long_difference": {
            "differing_formulation": [],
            "major_modification": []
        },
        "manual_evaluation": {
            "derge_correct": [],
            "meaning_difference": {
                "great_diff": [],
                "medium_diff": [],
                "small_diff": []
            }
        }
    },
    "ngram_freq": {
        "1": {
            "པེ་": [
                [
                    "ཡ",
                    "7515"
                ],
                [
                    "ན་ཡ",
                    "73"
                ]
            ],
            "སྡེ་": [
                [
                    "ཡ",
                    "7515"
                ],
                [
                    "ན་ཡ",
                    "73"
                ]
            ],
            "སྣར་": [
                [
                    "ཡཱ",
                    "54"
                ]
            ]
        },
        "10": {
            "པེ་": [],
            "སྡེ་": [
                [
                    "བཱ་རཱ་ཎ་སཱི",
                    "346"
                ]
            ],
            "སྣར་": []
        },
        "11": {
            "པེ་": [
                [
                    "ཁོར",
                    "1098"
                ],
                [
                    "།_།ཁོར",
                    "75"
                ]
            ],
            "སྡེ་": [
                [
                    "འཁོར",
                    "300"
                ],
                [
                    "།_།འཁོར",
                    "3590"
                ]
            ],
            "སྣར་": [
                [
                    "ཁོར",
                    "1098"
                ],
                [
                    "།_།ཁོར",
                    "75"
                ]
            ]
        },
        "12": {
            "པེ་": [
                [
                    "བཏུད",
                    "31"
                ]
            ],
            "སྡེ་": [
                [
                    "བཏུལ",
                    "79"
                ],
                [
                    "བཏུལ།_།",
                    "55"
                ],
                [
                    "རྣམས་བཏུལ",
                    "45"
                ]
            ],
            "སྣར་": [
                [
                    "བཏུལ",
                    "79"
                ],
                [
                    "བཏུལ།_།",
                    "55"
                ],
                [
                    "རྣམས་བཏུལ",
                    "45"
                ]
            ]
        },
        "13": {
            "པེ་": [
                [
                    "གྱིས",
                    "7492"
                ],
                [
                    "གྱིས་རབ",
                    "403"
                ],
                [
                    "ཀུན་གྱིས",
                    "73"
                ],
                [
                    "ཀུན་གྱིས་རབ",
                    "69"
                ]
            ],
            "སྡེ་": [
                [
                    "གྱིས",
                    "7492"
                ],
                [
                    "གྱིས་རབ",
                    "403"
                ],
                [
                    "ཀུན་གྱིས",
                    "73"
                ],
                [
                    "ཀུན་གྱིས་རབ",
                    "69"
                ]
            ],
            "སྣར་": [
                [
                    "གྱི",
                    "3024"
                ],
                [
                    "གྱི་རབ",
                    "121"
                ],
                [
                    "ཀུན་གྱི",
                    "88"
                ]
            ]
        },
        "14": {
            "པེ་": [
                [
                    "བཤིགས",
                    "10"
                ]
            ],
            "སྡེ་": [
                [
                    "བཤིག",
                    "89"
                ],
                [
                    "བཤིག་ནས",
                    "52"
                ]
            ],
            "སྣར་": [
                [
                    "བཤིག",
                    "89"
                ],
                [
                    "བཤིག་ནས",
                    "52"
                ]
            ]
        },
        "15": {
            "པེ་": [],
            "སྡེ་": [],
            "སྣར་": []
        },
        "16": {
            "པེ་": [
                [
                    "",
                    "1"
                ],
                [
                    "ཀླུ",
                    "42"
                ],
                [
                    "སློབ་དཔོན",
                    "2825"
                ]
            ],
            "སྡེ་": [
                [
                    "ཆེན་པོ་འཕགས་པ",
                    "352"
                ]
            ],
            "སྣར་": [
                [
                    "",
                    "1"
                ],
                [
                    "ཀླུ",
                    "42"
                ],
                [
                    "སློབ་དཔོན",
                    "2825"
                ]
            ]
        },
        "17": {
            "པེ་": [
                [
                    "",
                    "1"
                ],
                [
                    "མཛད་པ",
                    "1162"
                ]
            ],
            "སྡེ་": [
                [
                    "",
                    "1"
                ],
                [
                    "མཛད་པ",
                    "1162"
                ]
            ],
            "སྣར་": [
                [
                    "",
                    "1"
                ],
                [
                    "མཛད་པ",
                    "1162"
                ]
            ]
        },
        "2": {
            "པེ་": [],
            "སྡེ་": [
                [
                    "བསྟོད་པ",
                    "266"
                ],
                [
                    "ལ་བསྟོད་པ",
                    "64"
                ],
                [
                    "བསྟོད་པ།_",
                    "216"
                ]
            ],
            "སྣར་": []
        },
        "3": {
            "པེ་": [
                [
                    "ལུམྦིའི",
                    "1"
                ]
            ],
            "སྡེ་": [
                [
                    "ལུམྦིའི",
                    "1"
                ]
            ],
            "སྣར་": []
        },
        "4": {
            "པེ་": [
                [
                    "མཛད",
                    "2928"
                ]
            ],
            "སྡེ་": [
                [
                    "ལ",
                    "33965"
                ],
                [
                    "ལ་ཕྱག",
                    "12940"
                ]
            ],
            "སྣར་": [
                [
                    "མཛད",
                    "2928"
                ]
            ]
        },
        "5": {
            "པེ་": [
                [
                    "ཡིས",
                    "7433"
                ],
                [
                    "མི་ཡིས",
                    "161"
                ]
            ],
            "སྡེ་": [
                [
                    "ཡི",
                    "8322"
                ],
                [
                    "མི་ཡི",
                    "1545"
                ],
                [
                    "ཡི་སེང་གེ",
                    "119"
                ],
                [
                    "མི་ཡི་སེང་གེ",
                    "117"
                ]
            ],
            "སྣར་": [
                [
                    "ཡིས",
                    "7433"
                ],
                [
                    "མི་ཡིས",
                    "161"
                ]
            ]
        },
        "6": {
            "པེ་": [
                [
                    "ག",
                    "330"
                ],
                [
                    "ག་མ",
                    "229"
                ]
            ],
            "སྡེ་": [
                [
                    "ག",
                    "330"
                ],
                [
                    "ག་མ",
                    "229"
                ]
            ],
            "སྣར་": [
                [
                    "ཨངྒ",
                    "1"
                ]
            ]
        },
        "7": {
            "པེ་": [],
            "སྡེ་": [
                [
                    "དྷཱར",
                    "1"
                ],
                [
                    "ག་དྷཱར",
                    "69"
                ]
            ],
            "སྣར་": []
        },
        "8": {
            "པེ་": [],
            "སྡེ་": [
                [
                    "ཁ་ན་མ་ཐོ",
                    "1389"
                ],
                [
                    "།_།ཁ་ན་མ་ཐོ",
                    "81"
                ]
            ],
            "སྣར་": [
                [
                    "ཁ་ན་མ་ཐོ",
                    "1389"
                ],
                [
                    "།_།ཁ་ན་མ་ཐོ",
                    "81"
                ]
            ]
        },
        "9": {
            "པེ་": [
                [
                    "ངྷ",
                    "1"
                ]
            ],
            "སྡེ་": [
                [
                    "དྷྭ",
                    "3"
                ]
            ],
            "སྣར་": [
                [
                    "ངྷ",
                    "1"
                ]
            ]
        }
    },
    "non_standard_notes": [],
    "profile": {
        "1": [
            "པེ་=སྡེ་ སྣར་",
            "23.53%"
        ],
        "10": [
            "པེ་=སྣར་ སྡེ་",
            "47.06%"
        ],
        "11": [
            "པེ་=སྣར་ སྡེ་",
            "47.06%"
        ],
        "12": [
            "པེ་ སྡེ་=སྣར་",
            "17.65%"
        ],
        "13": [
            "པེ་=སྡེ་ སྣར་",
            "23.53%"
        ],
        "14": [
            "པེ་ སྡེ་=སྣར་",
            "17.65%"
        ],
        "15": [
            "པེ་ སྡེ་ སྣར་",
            "5.88%"
        ],
        "16": [
            "པེ་=སྣར་ སྡེ་",
            "47.06%"
        ],
        "17": [
            "པེ་=སྡེ་=སྣར་",
            "5.88%"
        ],
        "2": [
            "པེ་=སྣར་ སྡེ་",
            "47.06%"
        ],
        "3": [
            "པེ་=སྡེ་ སྣར་",
            "23.53%"
        ],
        "4": [
            "པེ་=སྣར་ སྡེ་",
            "47.06%"
        ],
        "5": [
            "པེ་=སྣར་ སྡེ་",
            "47.06%"
        ],
        "6": [
            "པེ་=སྡེ་ སྣར་",
            "23.53%"
        ],
        "7": [
            "པེ་=སྣར་ སྡེ་",
            "47.06%"
        ],
        "8": [
            "པེ་ སྡེ་=སྣར་",
            "17.65%"
        ],
        "9": [
            "པེ་=སྣར་ སྡེ་",
            "47.06%"
        ]
    }
}