﻿{
    "Stats": {
        "Categorised": "4 notes (66.67%)",
        "Notes’ total": 6,
        "Profiles": [
            "ཅོ་ པེ་=སྡེ་=སྣར་: 80.00% (4 notes)",
            "ཅོ་=པེ་=སྡེ་=སྣར་: 20.00% (1 notes)"
        ],
        "automatic_categorisation": {
            "min_mod": {},
            "particle_issues": {
                "different_particles": 2,
                "po-bo-pa-ba": 1
            },
            "spelling_mistake": {
                "non_word": {}
            },
            "verb_difference": {}
        },
        "dunno": {
            "no_diff": 2
        },
        "empty_notes": 1,
        "manual_categorisation": {
            "long_difference": {},
            "manual_evaluation": {
                "meaning_difference": {}
            }
        },
        "ngram_freq": {},
        "profile": {}
    },
    "automatic_categorisation": {
        "min_mod": {
            "min_mod_groups": [],
            "particle_groups": []
        },
        "particle_issues": {
            "added_particle": [],
            "agreement_issue": [],
            "different_particles": [
                {
                    "2": [
                        "dagdra_po",
                        {
                            "ཅོ་": [
                                "པ་ ལ་ རྗེས་སུ་",
                                "སློབ་བོ",
                                "_།། རྗེས་སུ་ སྒྲུབ་པོ"
                            ],
                            "པེ་": [
                                "པ་ ལ་ རྗེས་སུ་",
                                "སློབ་པོ",
                                "_།། རྗེས་སུ་ སྒྲུབ་པོ"
                            ],
                            "སྡེ་": [
                                "པ་ ལ་ རྗེས་སུ་",
                                "སློབ་པོ",
                                "_།། རྗེས་སུ་ སྒྲུབ་པོ"
                            ],
                            "སྣར་": [
                                "པ་ ལ་ རྗེས་སུ་",
                                "སློབ་པོ",
                                "_།། རྗེས་སུ་ སྒྲུབ་པོ"
                            ]
                        }
                    ]
                },
                {
                    "3": [
                        "dagdra_po",
                        {
                            "ཅོ་": [
                                "པོ _།། རྗེས་སུ་",
                                "སྒྲུབ་བོ",
                                "_།། སེམས་ ཀྱི་ རྒྱན་ གྱི་"
                            ],
                            "པེ་": [
                                "པོ _།། རྗེས་སུ་",
                                "སྒྲུབ་པོ",
                                "_།། སེམས་ ཀྱི་ རྒྱན་ གྱི་"
                            ],
                            "སྡེ་": [
                                "པོ _།། རྗེས་སུ་",
                                "སྒྲུབ་པོ",
                                "_།། སེམས་ ཀྱི་ རྒྱན་ གྱི་"
                            ],
                            "སྣར་": [
                                "པོ _།། རྗེས་སུ་",
                                "སྒྲུབ་པོ",
                                "_།། སེམས་ ཀྱི་ རྒྱན་ གྱི་"
                            ]
                        }
                    ]
                }
            ],
            "other": [],
            "po-bo-pa-ba": [
                {
                    "1": [
                        "dagdra_pa",
                        {
                            "ཅོ་": [
                                "རྒྱན་ དང་ ཁ་དོག་",
                                "འཆང་བ་",
                                "ལས་ སླ ར་ ཟློག་པ ར་ བགྱི འོ"
                            ],
                            "པེ་": [
                                "རྒྱན་ དང་ ཁ་དོག་",
                                "འཆང་པ་",
                                "ལས་ སླ ར་ ཟློག་པ ར་ བགྱི འོ"
                            ],
                            "སྡེ་": [
                                "རྒྱན་ དང་ ཁ་དོག་",
                                "འཆང་པ་",
                                "ལས་ སླ ར་ ཟློག་པ ར་ བགྱི འོ"
                            ],
                            "སྣར་": [
                                "རྒྱན་ དང་ ཁ་དོག་",
                                "འཆང་པ་",
                                "ལས་ སླ ར་ ཟློག་པ ར་ བགྱི འོ"
                            ]
                        }
                    ]
                }
            ]
        },
        "spelling_mistake": {
            "missing_vowel": [],
            "nga_da": [],
            "non_word": {
                "ill_formed": [],
                "well_formed": []
            }
        },
        "sskrt": [],
        "verb_difference": {
            "diff_tense": [],
            "diff_verb": [],
            "not_sure": []
        }
    },
    "dunno": {
        "long_diff": [],
        "no_diff": [
            {
                "1": [
                    {
                        "ཅོ་": [
                            "རྒྱན་ དང་ ཁ་དོག་",
                            "འཆང་བ་",
                            "ལས་ སླ ར་ ཟློག་པ ར་ བགྱི འོ"
                        ],
                        "པེ་": [
                            "རྒྱན་ དང་ ཁ་དོག་",
                            "འཆང་པ་",
                            "ལས་ སླ ར་ ཟློག་པ ར་ བགྱི འོ"
                        ],
                        "སྡེ་": [
                            "རྒྱན་ དང་ ཁ་དོག་",
                            "འཆང་པ་",
                            "ལས་ སླ ར་ ཟློག་པ ར་ བགྱི འོ"
                        ],
                        "སྣར་": [
                            "རྒྱན་ དང་ ཁ་དོག་",
                            "འཆང་པ་",
                            "ལས་ སླ ར་ ཟློག་པ ར་ བགྱི འོ"
                        ]
                    }
                ]
            },
            {
                "4": [
                    {
                        "ཅོ་": [
                            "ཞལ་ #སྔ་ ནས་ གསུངས་པ་",
                            "རྩ་ ཐོང་",
                            "ལོ་ཙཱ་བ་ གཞོན་ནུ འི་"
                        ],
                        "པེ་": [
                            "ཞལ་ #སྔ་ ནས་ གསུངས་པ་",
                            "རྩེ་ ཐང་",
                            "ལོ་ཙཱ་བ་ གཞོན་ནུ འི་"
                        ],
                        "སྡེ་": [
                            "ཞལ་ #སྔ་ ནས་ གསུངས་པ་",
                            "རྩེ་ ཐང་",
                            "ལོ་ཙཱ་བ་ གཞོན་ནུ འི་"
                        ],
                        "སྣར་": [
                            "ཞལ་ #སྔ་ ནས་ གསུངས་པ་",
                            "རྩེ་ ཐང་",
                            "ལོ་ཙཱ་བ་ གཞོན་ནུ འི་"
                        ]
                    }
                ]
            }
        ],
        "short_diff": []
    },
    "empty_notes": [
        {
            "5": [
                {
                    "ཅོ་": [
                        "ནུ འི་ ཞབས་ ཀྱི་ འགྱུར །།_།། ",
                        "",
                        "ནུ འི་ ཞབས་ ཀྱི་ འགྱུར །།_།། "
                    ],
                    "པེ་": [
                        "ནུ འི་ ཞབས་ ཀྱི་ འགྱུར །།_།། ",
                        "",
                        "ནུ འི་ ཞབས་ ཀྱི་ འགྱུར །།_།། "
                    ],
                    "སྡེ་": [
                        "ནུ འི་ ཞབས་ ཀྱི་ འགྱུར །།_།། ",
                        "",
                        "ནུ འི་ ཞབས་ ཀྱི་ འགྱུར །།_།། "
                    ],
                    "སྣར་": [
                        "ནུ འི་ ཞབས་ ཀྱི་ འགྱུར །།_།། ",
                        "",
                        "ནུ འི་ ཞབས་ ཀྱི་ འགྱུར །།_།། "
                    ]
                }
            ]
        }
    ],
    "manual_categorisation": {
        "long_difference": {
            "differing_formulation": [],
            "major_modification": []
        },
        "manual_evaluation": {
            "derge_correct": [],
            "meaning_difference": {
                "great_diff": [],
                "medium_diff": [],
                "small_diff": []
            }
        }
    },
    "ngram_freq": {
        "1": {
            "ཅོ་": [
                [
                    "འཆང་བ",
                    "174"
                ]
            ],
            "པེ་": [],
            "སྡེ་": [],
            "སྣར་": []
        },
        "2": {
            "ཅོ་": [
                [
                    "སློབ་བོ",
                    "765"
                ]
            ],
            "པེ་": [],
            "སྡེ་": [],
            "སྣར་": []
        },
        "3": {
            "ཅོ་": [
                [
                    "སྒྲུབ་བོ",
                    "305"
                ]
            ],
            "པེ་": [
                [
                    "སྒྲུབ་པོ",
                    "165"
                ]
            ],
            "སྡེ་": [
                [
                    "སྒྲུབ་པོ",
                    "165"
                ]
            ],
            "སྣར་": [
                [
                    "སྒྲུབ་པོ",
                    "165"
                ]
            ]
        },
        "4": {
            "ཅོ་": [],
            "པེ་": [],
            "སྡེ་": [],
            "སྣར་": []
        },
        "5": {
            "ཅོ་": [
                [
                    "",
                    "1"
                ],
                [
                    "ནུ",
                    "34"
                ],
                [
                    "ནུའི",
                    "521"
                ]
            ],
            "པེ་": [
                [
                    "",
                    "1"
                ],
                [
                    "ནུ",
                    "34"
                ],
                [
                    "ནུའི",
                    "521"
                ]
            ],
            "སྡེ་": [
                [
                    "",
                    "1"
                ],
                [
                    "ནུ",
                    "34"
                ],
                [
                    "ནུའི",
                    "521"
                ]
            ],
            "སྣར་": [
                [
                    "",
                    "1"
                ],
                [
                    "ནུ",
                    "34"
                ],
                [
                    "ནུའི",
                    "521"
                ]
            ]
        }
    },
    "non_standard_notes": [],
    "profile": {
        "1": [
            "ཅོ་ པེ་=སྡེ་=སྣར་",
            "80.00%"
        ],
        "2": [
            "ཅོ་ པེ་=སྡེ་=སྣར་",
            "80.00%"
        ],
        "3": [
            "ཅོ་ པེ་=སྡེ་=སྣར་",
            "80.00%"
        ],
        "4": [
            "ཅོ་ པེ་=སྡེ་=སྣར་",
            "80.00%"
        ],
        "5": [
            "ཅོ་=པེ་=སྡེ་=སྣར་",
            "20.00%"
        ]
    }
}