﻿{
    "Stats": {
        "Categorised": "29 notes (82.86%)",
        "Notes’ total": 35,
        "Profiles": [
            "པེ་ སྡེ་: 97.14% (34 notes)",
            "པེ་=སྡེ་: 2.86% (1 notes)"
        ],
        "automatic_categorisation": {
            "min_mod": {
                "min_mod_groups": 1
            },
            "particle_issues": {},
            "spelling_mistake": {
                "nga_da": 2,
                "non_word": {
                    "well_formed": 8
                }
            },
            "sskrt": 2,
            "verb_difference": {
                "diff_tense": 3,
                "diff_verb": 8,
                "not_sure": 1
            }
        },
        "dunno": {
            "no_diff": 5,
            "short_diff": 1
        },
        "empty_notes": 4,
        "manual_categorisation": {
            "long_difference": {},
            "manual_evaluation": {
                "meaning_difference": {}
            }
        },
        "ngram_freq": {},
        "profile": {}
    },
    "automatic_categorisation": {
        "min_mod": {
            "min_mod_groups": [
                {
                    "12": [
                        [
                            [
                                "ལས",
                                "ལ"
                            ]
                        ],
                        {
                            "པེ་": [
                                "སྤྲུལ་པ འི་ ཕོ་ ཉ་ སྐུ་",
                                "ལ་",
                                "འཕྲོ་བ་ ཡིས །། སྣང་"
                            ],
                            "སྡེ་": [
                                "སྤྲུལ་པ འི་ ཕོ་ ཉ་ སྐུ་",
                                "ལས་",
                                "འཕྲོ་བ་ ཡིས །། སྣང་"
                            ]
                        }
                    ]
                }
            ],
            "particle_groups": []
        },
        "particle_issues": {
            "added_particle": [],
            "agreement_issue": [],
            "different_particles": [],
            "other": [],
            "po-bo-pa-ba": []
        },
        "spelling_mistake": {
            "missing_vowel": [],
            "nga_da": [
                {
                    "13": [
                        {
                            "སྡེ་": "གདོད་"
                        },
                        {
                            "པེ་": [
                                "རྩི་ འདི །། བྱ་ #རོག་",
                                "སྡོང་",
                                "གི་ ཞལ་ དུ་ བཞེས །། "
                            ],
                            "སྡེ་": [
                                "རྩི་ འདི །། བྱ་ #རོག་",
                                "#གདོང་",
                                "གི་ ཞལ་ དུ་ བཞེས །། "
                            ]
                        }
                    ]
                },
                {
                    "31": [
                        {
                            "སྡེ་": "བཏོད་"
                        },
                        {
                            "པེ་": [
                                "གནོད་ སྦྱིན་ མ་ མོ འི་ རྦོད་",
                                "སྟོང་",
                                "བཟློག ། གླུ་ དང་ ས་"
                            ],
                            "སྡེ་": [
                                "གནོད་ སྦྱིན་ མ་ མོ འི་ རྦོད་",
                                "#བཏོང་",
                                "བཟློག ། གླུ་ དང་ ས་"
                            ]
                        }
                    ]
                }
            ],
            "non_word": {
                "ill_formed": [],
                "well_formed": [
                    {
                        "10": [
                            {
                                "པེ་": [
                                    "གི་ #ལྤགས་པ འི་པ་",
                                    "#སྡུལ་",
                                    "ཆེན་པོ་ ཡིས །། ང་"
                                ],
                                "སྡེ་": [
                                    "གི་ #ལྤགས་པ འི་པ་",
                                    "#བསྡུལ་",
                                    "ཆེན་པོ་ ཡིས །། ང་"
                                ]
                            }
                        ]
                    },
                    {
                        "19": [
                            {
                                "པེ་": [
                                    " །། ཤར་ ཕྱོགས་ #བྱད་ ཁ་",
                                    "",
                                    "ཐམས་ཅད་ བཟློག །"
                                ],
                                "སྡེ་": [
                                    " །། ཤར་ ཕྱོགས་ #བྱད་ ཁ་",
                                    "#ཐམས་",
                                    "ཐམས་ཅད་ བཟློག །"
                                ]
                            }
                        ]
                    },
                    {
                        "24": [
                            {
                                "པེ་": [
                                    "ནི ། #ཁྱུང་ དང་",
                                    "ཁ་",
                                    "ད་ #ཤང་ ཤ་པ །། "
                                ],
                                "སྡེ་": [
                                    "ནི ། #ཁྱུང་ དང་",
                                    "#ཁྭ་",
                                    "ད་ #ཤང་ ཤ་པ །། "
                                ]
                            }
                        ]
                    },
                    {
                        "25": [
                            {
                                "པེ་": [
                                    "པ་ ནི །། #ལྕགས་",
                                    "#ཅང་",
                                    "#འབུམ་ ནི་ ངུ་ #ཟུགས[་"
                                ],
                                "སྡེ་": [
                                    "པ་ ནི །། #ལྕགས་",
                                    "སྤྱང་",
                                    "#འབུམ་ ནི་ ངུ་ #ཟུགས[་"
                                ]
                            }
                        ]
                    },
                    {
                        "26": [
                            {
                                "པེ་": [
                                    " །། དམར་ གྱི་ #རཀྟ་",
                                    "རྩི་",
                                    "#ཏ་ སྙིང་ ཆེན་ གྱིས །། "
                                ],
                                "སྡེ་": [
                                    " །། དམར་ གྱི་ #རཀྟ་",
                                    "#ཙི་",
                                    "#ཏ་ སྙིང་ ཆེན་ གྱིས །། "
                                ]
                            }
                        ]
                    },
                    {
                        "29": [
                            {
                                "པེ་": [
                                    " ། ལས་ ཀྱི་ རླུང་ དམར་",
                                    "#ཕྱིབས་",
                                    "སུ་ #ཅིབས །། དམ་ ལ་"
                                ],
                                "སྡེ་": [
                                    " ། ལས་ ཀྱི་ རླུང་ དམར་",
                                    "ཆིབས་",
                                    "སུ་ #ཅིབས །། དམ་ ལ་"
                                ]
                            }
                        ]
                    },
                    {
                        "32": [
                            {
                                "པེ་": [
                                    "ཆད་པ་ བཟློག །",
                                    "#སྨུ་",
                                    "དང་ འགོང་པོ འི་ གནོད་པ་"
                                ],
                                "སྡེ་": [
                                    "ཆད་པ་ བཟློག །",
                                    "#སྨུག་",
                                    "དང་ འགོང་པོ འི་ གནོད་པ་"
                                ]
                            }
                        ]
                    },
                    {
                        "34": [
                            {
                                "པེ་": [
                                    "། མ་ #ཧཱ་ ཀ་",
                                    "#ལི་",
                                    "#ཐུན་ #བྷྱོ ། #ཀཾ་ ཀ་"
                                ],
                                "སྡེ་": [
                                    "། མ་ #ཧཱ་ ཀ་",
                                    "ལ་",
                                    "#ཐུན་ #བྷྱོ ། #ཀཾ་ ཀ་"
                                ]
                            }
                        ]
                    }
                ]
            }
        },
        "sskrt": [
            {
                "1": [
                    {
                        "པེ་": [
                            "དང་  ། རོལ་ མོ འི་ སྒྲ་",
                            "#སྒྲག _། དར་ འཆར",
                            "། གསུར་ ཆེན་ གྱི་ དུད་"
                        ],
                        "སྡེ་": [
                            "དང་  ། རོལ་ མོ འི་ སྒྲ་",
                            "བསྒྲགས །། དར་ འཕྱར",
                            "། གསུར་ ཆེན་ གྱི་ དུད་"
                        ]
                    }
                ]
            },
            {
                "22": [
                    {
                        "པེ་": [
                            " །། སྲོག་ རྩ་ ལ་",
                            "#ཁཱ །།_།",
                            "#ཧཱུཾ་ ནུབ་ ཕྱོགས་ དམར་"
                        ],
                        "སྡེ་": [
                            " །། སྲོག་ རྩ་ ལ་",
                            "#ཁཱ་ #ཧི །_",
                            "#ཧཱུཾ་ ནུབ་ ཕྱོགས་ དམར་"
                        ]
                    }
                ]
            }
        ],
        "verb_difference": {
            "diff_tense": [
                {
                    "3": [
                        [
                            "《བླངས》ཞེས་པ།【〈ལེན〉གི་ འདས་པ།】【〈ལེན〉གི་ འདས་པ། ཐ་དད་པ།】",
                            "《བླང》ཞེས་པ།【〈ལེན〉གི་ མ་འོངས་པ།】【〈ལེན〉གི་ མ་འོངས་པ། ཐ་དད་པ།】"
                        ],
                        {
                            "པེ་": [
                                "རུ །། ཇི་ལྟར་ ཁ ས་",
                                "བླངས་",
                                "དམ་ བཅས་པ འི །། བསྟན་"
                            ],
                            "སྡེ་": [
                                "རུ །། ཇི་ལྟར་ ཁ ས་",
                                "བླང་",
                                "དམ་ བཅས་པ འི །། བསྟན་"
                            ]
                        }
                    ]
                },
                {
                    "4": [
                        [
                            "《བསྒྲུབ》ཞེས་པ།【〈སྒྲུབ〉གི་ མ་འོངས་པ།】【〈སྒྲུབ〉གི་ མ་འོངས་པ། ཐ་དད་པ།】",
                            "《བསྒྲུབས》ཞེས་པ།【〈སྒྲུབ〉གི་ འདས་པ།】【〈སྒྲུབ〉གི་ འདས་པ། ཐ་དད་པ།】"
                        ],
                        {
                            "པེ་": [
                                "ལ་ བྱོན །། འདི་ ནི་",
                                "བསྒྲུབ་པ འི་",
                                "གཞལ་ ཡས་ ཁང་  །། "
                            ],
                            "སྡེ་": [
                                "ལ་ བྱོན །། འདི་ ནི་",
                                "བསྒྲུབས་པ འི་",
                                "གཞལ་ ཡས་ ཁང་  །། "
                            ]
                        }
                    ]
                },
                {
                    "17": [
                        [
                            "《གཏང》ཞེས་པ།【〈གཏོང〉གི་ མ་འོངས་པ།】【〈གཏོང〉གི་ མ་འོངས་པ། ཐ་དད་པ།】",
                            "《བཏང》ཞེས་པ།【〈གཏོང〉གི་ འདས་པ།】【〈གཏོང〉གི་ འདས་པ། ཐ་དད་པ།】"
                        ],
                        {
                            "པེ་": [
                                "སྐྱེ་བོ འི་ #ཡ་ ག ར་ མ་",
                                "གཏང་",
                                "ཅིག ། མི་ ནག་ གི་"
                            ],
                            "སྡེ་": [
                                "སྐྱེ་བོ འི་ #ཡ་ ག ར་ མ་",
                                "བཏང་",
                                "ཅིག ། མི་ ནག་ གི་"
                            ]
                        }
                    ]
                }
            ],
            "diff_verb": [
                {
                    "5": [
                        [
                            "《ཕྱོར》ཞེས་པ།【〈ཕྱར〉གི་ སྐུལ་ཚིག ཐ་དད་པ།】【〈འཕྱར〉གི་ སྐུལ་ཚིག】【〈འཕྱར〉གི་ སྐུལ་ཚིག ཐ་དད་པ།】",
                            "《ཆོར》ཞེས་པ།【〈གཅར〉གི་ སྐུལ་ཚིག】"
                        ],
                        {
                            "པེ་": [
                                "རུ་ དར་ དགྲ་ ལ་",
                                "ཆོར",
                                "།། མགོན་པོ འི་ མདུན་ དྲངས་"
                            ],
                            "སྡེ་": [
                                "རུ་ དར་ དགྲ་ ལ་",
                                "ཕྱོར",
                                "།། མགོན་པོ འི་ མདུན་ དྲངས་"
                            ]
                        }
                    ]
                },
                {
                    "6": [
                        [
                            "《ཆོད》ཞེས་པ།【གཟུགས་མི་འགྱུར་བ།】【〈གཅོད〉གི་ སྐུལ་ཚིག】【〈གཅོད〉གི་ སྐུལ་ཚིག ཐ་དད་པ།】【〈གཅོད〉གི་ སྐུལ་ཚིག ཐ་མི་དད་པ།】【〈འཆད〉གི་ སྐུལ་ཚིག ཐ་མི་དད་པ།】",
                            "《ཆོས》ཞེས་པ།【〈ཆོས〉གི་ སྐུལ་ཚིག ཐ་དད་པ།】【〈བཅའ〉གི་ སྐུལ་ཚིག ཐ་དད་པ།】【〈བཅོས〉གི་ སྐུལ་ཚིག】【〈འཆའ〉གི་ སྐུལ་ཚིག】【〈འཆའ〉གི་ སྐུལ་ཚིག ཐ་དད་པ།】【〈འཆའ〉གི་ སྐུལ་ཚིག ཐ་མི་དད་པ།】【〈འཆོས〉གི་ སྐུལ་ཚིག】【〈འཆོས〉གི་ སྐུལ་ཚིག ཐ་དད་པ།】"
                        ],
                        {
                            "པེ་": [
                                "མདུན་ དྲངས་ དགྲ་ ལ་",
                                "ཆོད",
                                "།། མགོན་པོ འི་ #ཁྲམ་ ཁ་"
                            ],
                            "སྡེ་": [
                                "མདུན་ དྲངས་ དགྲ་ ལ་",
                                "ཆོས",
                                "།། མགོན་པོ འི་ #ཁྲམ་ ཁ་"
                            ]
                        }
                    ]
                },
                {
                    "8": [
                        [
                            "《ལྡིང》ཞེས་པ།【〈ལྡིང〉གི་ ད་ལྟ་བ།】【〈ལྡིང〉གི་ ད་ལྟ་བ། ཐ་མི་དད་པ།】【〈ལྡིང〉གི་ མ་འོངས་པ།】【〈ལྡིང〉གི་ མ་འོངས་པ། ཐ་མི་དད་པ།】",
                            "《འདིང》ཞེས་པ།【〈འདིང〉གི་ ད་ལྟ་བ། ཐ་དད་པ།】"
                        ],
                        {
                            "པེ་": [
                                "ལ་སོགས་ མཁའ་ ལ་",
                                "འདིང་",
                                " །། #གཅན་ #ཟན་ ཅེ་སྤྱང་"
                            ],
                            "སྡེ་": [
                                "ལ་སོགས་ མཁའ་ ལ་",
                                "ལྡིང་",
                                " །། #གཅན་ #ཟན་ ཅེ་སྤྱང་"
                            ]
                        }
                    ]
                },
                {
                    "11": [
                        [
                            "《ལྡིང》ཞེས་པ།【〈ལྡིང〉གི་ ད་ལྟ་བ།】【〈ལྡིང〉གི་ ད་ལྟ་བ། ཐ་མི་དད་པ།】【〈ལྡིང〉གི་ མ་འོངས་པ།】【〈ལྡིང〉གི་ མ་འོངས་པ། ཐ་མི་དད་པ།】",
                            "《འདིང》ཞེས་པ།【〈འདིང〉གི་ ད་ལྟ་བ། ཐ་དད་པ།】"
                        ],
                        {
                            "པེ་": [
                                "དབྱིངས་ ནས་ བྱ་ #ཁྱུང་",
                                "འདིང་བ་",
                                "ཡིས །། ས་ བདག་"
                            ],
                            "སྡེ་": [
                                "དབྱིངས་ ནས་ བྱ་ #ཁྱུང་",
                                "ལྡིང་བ་",
                                "ཡིས །། ས་ བདག་"
                            ]
                        }
                    ]
                },
                {
                    "18": [
                        [
                            "《འཆར》ཞེས་པ།【〈འཆར〉གི་ ད་ལྟ་བ།】【〈འཆར〉གི་ ད་ལྟ་བ། ཐ་མི་དད་པ།】【〈འཆར〉གི་ མ་འོངས་པ།】【〈འཆར〉གི་ མ་འོངས་པ། ཐ་མི་དད་པ།】",
                            "《འཕྱར》ཞེས་པ།【〈ཕྱར〉གི་ ད་ལྟ་བ། ཐ་དད་པ།】【〈འཕྱར〉གི་ ད་ལྟ་བ།】【〈འཕྱར〉གི་ ད་ལྟ་བ། ཐ་དད་པ།】【〈འཕྱར〉གི་ མ་འོངས་པ།】"
                        ],
                        {
                            "པེ་": [
                                "པོ་ སྟོང་ གིས་ རུ་ དར་",
                                "འཆར",
                                "།། #བྷྱོ་ #བྷྱོ་ སྡང་བ འི་"
                            ],
                            "སྡེ་": [
                                "པོ་ སྟོང་ གིས་ རུ་ དར་",
                                "འཕྱར",
                                "།། #བྷྱོ་ #བྷྱོ་ སྡང་བ འི་"
                            ]
                        }
                    ]
                },
                {
                    "20": [
                        [
                            "《རྫི》ཞེས་པ།【〈རྫི〉གི་ ད་ལྟ་བ།】【〈རྫི〉གི་ ད་ལྟ་བ། ཐ་དད་པ།】",
                            "《རྩི》ཞེས་པ།【〈རྩི〉གི་ ད་ལྟ་བ། ཐ་དད་པ།】"
                        ],
                        {
                            "པེ་": [
                                "དམར་ ཆེན་ ཤ་ ཁྲག་",
                                "རྫི་",
                                "#ཏ་ ཡིས །། གནོད་ སྦྱིན་"
                            ],
                            "སྡེ་": [
                                "དམར་ ཆེན་ ཤ་ ཁྲག་",
                                "རྩི་",
                                "#ཏ་ ཡིས །། གནོད་ སྦྱིན་"
                            ]
                        }
                    ]
                },
                {
                    "27": [
                        [
                            "《ལྡག》ཞེས་པ།【〈བལྡགས〉གི་ ད་ལྟ་བ། ཐ་དད་པ།】【〈ལྡག〉གི་ ད་ལྟ་བ། ཐ་དད་པ།】",
                            "《འདག》ཞེས་པ།【〈འདག〉གི་ ད་ལྟ་བ། ཐ་མི་དད་པ།】【〈འདག〉གི་ མ་འོངས་པ། ཐ་མི་དད་པ།】"
                        ],
                        {
                            "པེ་": [
                                "འཇིབ་ ཁྲག་ འཐུང་ རྐང་",
                                "འདག་",
                                "མ །། སྐུ་ མདོག་ དམར་"
                            ],
                            "སྡེ་": [
                                "འཇིབ་ ཁྲག་ འཐུང་ རྐང་",
                                "ལྡག་",
                                "མ །། སྐུ་ མདོག་ དམར་"
                            ]
                        }
                    ]
                },
                {
                    "28": [
                        [
                            "《སྟོད》ཞེས་པ།【〈བསྟད〉གི་ ད་ལྟ་བ། ཐ་དད་པ།】【〈བསྟད〉གི་ སྐུལ་ཚིག ཐ་དད་པ།】【〈སྟོད〉གི་ ད་ལྟ་བ།】【〈སྟོད〉གི་ ད་ལྟ་བ། ཐ་དད་པ།】【〈སྟོད〉གི་ སྐུལ་ཚིག ཐ་དད་པ།】",
                            "《སྟོབ》ཞེས་པ།【〈སྟོབ〉གི་ ད་ལྟ་བ། ཐ་དད་པ།】"
                        ],
                        {
                            "པེ་": [
                                "དགྲ་བོ འི་ ཤ་ ཁྲག་",
                                "སྟོད་",
                                "ཅིང་ འཆང་  །། དམར་ གྱི་"
                            ],
                            "སྡེ་": [
                                "དགྲ་བོ འི་ ཤ་ ཁྲག་",
                                "སྟོབ་",
                                "ཅིང་ འཆང་  །། དམར་ གྱི་"
                            ]
                        }
                    ]
                }
            ],
            "not_sure": [
                {
                    "15": [
                        [
                            "《བརྡོས》ཞེས་པ།【】",
                            "《རྡོས》ཞེས་པ།【】"
                        ],
                        {
                            "པེ་": [
                                "སློབ་དཔོན་ སྐུ་ ལ་",
                                "བརྡོས",
                                "།། རྒྱལ་ ཁམས་ ཕུང་ ཞིང་"
                            ],
                            "སྡེ་": [
                                "སློབ་དཔོན་ སྐུ་ ལ་",
                                "རྡོས",
                                "།། རྒྱལ་ ཁམས་ ཕུང་ ཞིང་"
                            ]
                        }
                    ]
                }
            ]
        }
    },
    "dunno": {
        "long_diff": [],
        "no_diff": [
            {
                "7": [
                    {
                        "པེ་": [
                            "ལ་ བབ །། བདག་ཅག་",
                            "རྒྱུ་",
                            "སྦྱོར་ འཁོར་ བཅས་ ལ །། "
                        ],
                        "སྡེ་": [
                            "ལ་ བབ །། བདག་ཅག་",
                            "སྒྱུ་",
                            "སྦྱོར་ འཁོར་ བཅས་ ལ །། "
                        ]
                    }
                ]
            },
            {
                "9": [
                    {
                        "པེ་": [
                            "ཡིས །། ཉོན་མོངས་",
                            "ཤེས་པ འི་",
                            "བག་ཆགས་ ཐམས་ཅད་ བཟློག"
                        ],
                        "སྡེ་": [
                            "ཡིས །། ཉོན་མོངས་",
                            "ཤེས་བྱ འི་",
                            "བག་ཆགས་ ཐམས་ཅད་ བཟློག"
                        ]
                    }
                ]
            },
            {
                "14": [
                    {
                        "པེ་": [
                            "དང་ མི་ #མེན་ གྱི །།",
                            "རིགས་",
                            "སྔགས་ #བྱད་ ཁ་ རྦོད་ སྟོང་"
                        ],
                        "སྡེ་": [
                            "དང་ མི་ #མེན་ གྱི །།",
                            "རིག་",
                            "སྔགས་ #བྱད་ ཁ་ རྦོད་ སྟོང་"
                        ]
                    }
                ]
            },
            {
                "16": [
                    {
                        "པེ་": [
                            "བརྒྱད་ སྟེང་ འོག་ བཅུ འི །།",
                            "རིགས་",
                            "སྔགས་ #བྱད་ ཁ་ རྦོད་ སྟོང་"
                        ],
                        "སྡེ་": [
                            "བརྒྱད་ སྟེང་ འོག་ བཅུ འི །།",
                            "རིག་",
                            "སྔགས་ #བྱད་ ཁ་ རྦོད་ སྟོང་"
                        ]
                    }
                ]
            },
            {
                "33": [
                    {
                        "པེ་": [
                            "སྟེ །། བསིལ་བ་",
                            "ཚལ་",
                            "གྱི་ དུར་ཁྲོད་ དུ །། "
                        ],
                        "སྡེ་": [
                            "སྟེ །། བསིལ་བ་",
                            "འཚལ་",
                            "གྱི་ དུར་ཁྲོད་ དུ །། "
                        ]
                    }
                ]
            }
        ],
        "short_diff": [
            {
                "21": [
                    {
                        "པེ་": [
                            "#གདོང་ གི་ ཐུགས་ དམ་",
                            "བསྐངས",
                            "།། ཐུགས་ དམ་ བསྐོངས་ ལ་"
                        ],
                        "སྡེ་": [
                            "#གདོང་ གི་ ཐུགས་ དམ་",
                            "བསྐང་ ",
                            "།། ཐུགས་ དམ་ བསྐོངས་ ལ་"
                        ]
                    }
                ]
            }
        ]
    },
    "empty_notes": [
        {
            "2": [
                {
                    "པེ་": [
                        "པ འི་ དཔུང་ ལ་ བྱོན",
                        "།།",
                        "#ཧཱུཾ་ ནག་པོ་ སྟོང་ གི་"
                    ],
                    "སྡེ་": [
                        "པ འི་ དཔུང་ ལ་ བྱོན",
                        "།།_།།",
                        "#ཧཱུཾ་ ནག་པོ་ སྟོང་ གི་"
                    ]
                }
            ]
        },
        {
            "23": [
                {
                    "པེ་": [
                        "རྦོད་ སྟོང་ ཐམས་ཅད་ བཟློག",
                        "_།",
                        "#ཧཱུཾ་ སྟེང་ གི་ #ཕྱོོགས་ ནས་"
                    ],
                    "སྡེ་": [
                        "རྦོད་ སྟོང་ ཐམས་ཅད་ བཟློག",
                        "།_།།",
                        "#ཧཱུཾ་ སྟེང་ གི་ #ཕྱོོགས་ ནས་"
                    ]
                }
            ]
        },
        {
            "30": [
                {
                    "པེ་": [
                        "ཕྲིན་ལས་ འདི་ བཏང་ ངོ",
                        "།།_།།",
                        "#ཧཱུཾ་ མ་ གཡེལ་ མ་ གཡེལ་"
                    ],
                    "སྡེ་": [
                        "ཕྲིན་ལས་ འདི་ བཏང་ ངོ",
                        "།།",
                        "#ཧཱུཾ་ མ་ གཡེལ་ མ་ གཡེལ་"
                    ]
                }
            ]
        },
        {
            "35": [
                {
                    "པེ་": [
                        "མཛད་པ་ རྫོགས་ སོ །།།། ",
                        "",
                        "མཛད་པ་ རྫོགས་ སོ །།།། "
                    ],
                    "སྡེ་": [
                        "མཛད་པ་ རྫོགས་ སོ །།།། ",
                        "",
                        "མཛད་པ་ རྫོགས་ སོ །།།། "
                    ]
                }
            ]
        }
    ],
    "manual_categorisation": {
        "long_difference": {
            "differing_formulation": [],
            "major_modification": []
        },
        "manual_evaluation": {
            "derge_correct": [],
            "meaning_difference": {
                "great_diff": [],
                "medium_diff": [],
                "small_diff": []
            }
        }
    },
    "ngram_freq": {
        "1": {
            "པེ་": [],
            "སྡེ་": []
        },
        "10": {
            "པེ་": [],
            "སྡེ་": []
        },
        "11": {
            "པེ་": [],
            "སྡེ་": [
                [
                    "ལྡིང་བ",
                    "49"
                ]
            ]
        },
        "12": {
            "པེ་": [
                [
                    "ལ",
                    "33965"
                ],
                [
                    "སྐུ་ལ",
                    "837"
                ]
            ],
            "སྡེ་": [
                [
                    "ལས",
                    "5885"
                ],
                [
                    "སྐུ་ལས",
                    "157"
                ]
            ]
        },
        "13": {
            "པེ་": [
                [
                    "སྡོང",
                    "1255"
                ]
            ],
            "སྡེ་": [
                [
                    "གདོང",
                    "1992"
                ],
                [
                    "གདོང་གི",
                    "142"
                ]
            ]
        },
        "14": {
            "པེ་": [
                [
                    "རིགས",
                    "336"
                ]
            ],
            "སྡེ་": [
                [
                    "རིག",
                    "265"
                ],
                [
                    "རིག་སྔགས",
                    "4815"
                ]
            ]
        },
        "15": {
            "པེ་": [
                [
                    "བརྡོས",
                    "3"
                ]
            ],
            "སྡེ་": [
                [
                    "རྡོས",
                    "73"
                ]
            ]
        },
        "16": {
            "པེ་": [
                [
                    "རིགས",
                    "336"
                ]
            ],
            "སྡེ་": [
                [
                    "རིག",
                    "265"
                ],
                [
                    "རིག་སྔགས",
                    "4815"
                ]
            ]
        },
        "17": {
            "པེ་": [
                [
                    "གཏང",
                    "4"
                ],
                [
                    "མ་གཏང",
                    "55"
                ]
            ],
            "སྡེ་": [
                [
                    "བཏང",
                    "4"
                ],
                [
                    "མ་བཏང",
                    "886"
                ]
            ]
        },
        "18": {
            "པེ་": [
                [
                    "འཆར",
                    "89"
                ]
            ],
            "སྡེ་": [
                [
                    "འཕྱར",
                    "30"
                ]
            ]
        },
        "19": {
            "པེ་": [
                [
                    "",
                    "1"
                ],
                [
                    "ཁ",
                    "195"
                ],
                [
                    "ཐམས་ཅད",
                    "165"
                ]
            ],
            "སྡེ་": [
                [
                    "ཐམས",
                    "1"
                ]
            ]
        },
        "2": {
            "པེ་": [
                [
                    "།།",
                    "216"
                ]
            ],
            "སྡེ་": [
                [
                    "།།_།།",
                    "7586"
                ]
            ]
        },
        "20": {
            "པེ་": [
                [
                    "རྫི",
                    "8"
                ]
            ],
            "སྡེ་": [
                [
                    "རྩི",
                    "13"
                ]
            ]
        },
        "21": {
            "པེ་": [
                [
                    "བསྐངས",
                    "4"
                ]
            ],
            "སྡེ་": [
                [
                    "བསྐང",
                    "186"
                ]
            ]
        },
        "22": {
            "པེ་": [],
            "སྡེ་": [
                [
                    "ཁཱ་ཧི།_",
                    "97"
                ]
            ]
        },
        "23": {
            "པེ་": [
                [
                    "_།",
                    "50430"
                ],
                [
                    "བཟློག_།",
                    "189"
                ]
            ],
            "སྡེ་": [
                [
                    "།_།།",
                    "103"
                ]
            ]
        },
        "24": {
            "པེ་": [
                [
                    "ཁ",
                    "195"
                ],
                [
                    "དང་ཁ",
                    "1116"
                ]
            ],
            "སྡེ་": [
                [
                    "ཁྭ",
                    "2"
                ]
            ]
        },
        "25": {
            "པེ་": [
                [
                    "ཅང",
                    "3485"
                ]
            ],
            "སྡེ་": [
                [
                    "སྤྱང",
                    "394"
                ]
            ]
        },
        "26": {
            "པེ་": [
                [
                    "རྩི",
                    "13"
                ]
            ],
            "སྡེ་": [
                [
                    "ཙི",
                    "77"
                ],
                [
                    "ཙི་ཏ",
                    "58"
                ]
            ]
        },
        "27": {
            "པེ་": [
                [
                    "འདག",
                    "23"
                ]
            ],
            "སྡེ་": [
                [
                    "ལྡག",
                    "2"
                ]
            ]
        },
        "28": {
            "པེ་": [
                [
                    "སྟོད",
                    "51"
                ]
            ],
            "སྡེ་": [
                [
                    "སྟོབ",
                    "2"
                ]
            ]
        },
        "29": {
            "པེ་": [],
            "སྡེ་": [
                [
                    "ཆིབས",
                    "30"
                ]
            ]
        },
        "3": {
            "པེ་": [
                [
                    "བླངས",
                    "153"
                ]
            ],
            "སྡེ་": [
                [
                    "བླང",
                    "9"
                ]
            ]
        },
        "30": {
            "པེ་": [
                [
                    "།།_།།",
                    "7586"
                ]
            ],
            "སྡེ་": [
                [
                    "།།",
                    "216"
                ]
            ]
        },
        "31": {
            "པེ་": [
                [
                    "སྟོང",
                    "5"
                ]
            ],
            "སྡེ་": [
                [
                    "བཏོང",
                    "3"
                ]
            ]
        },
        "32": {
            "པེ་": [],
            "སྡེ་": [
                [
                    "སྨུག",
                    "1"
                ]
            ]
        },
        "33": {
            "པེ་": [
                [
                    "ཚལ",
                    "93"
                ],
                [
                    "ཚལ་གྱི",
                    "759"
                ]
            ],
            "སྡེ་": [
                [
                    "འཚལ",
                    "1146"
                ]
            ]
        },
        "34": {
            "པེ་": [
                [
                    "ལི",
                    "963"
                ],
                [
                    "ཀ་ལི",
                    "195"
                ]
            ],
            "སྡེ་": [
                [
                    "ལ",
                    "33965"
                ],
                [
                    "ཀ་ལ",
                    "67"
                ],
                [
                    "ལ་ཐུན",
                    "57"
                ]
            ]
        },
        "35": {
            "པེ་": [
                [
                    "",
                    "1"
                ],
                [
                    "མཛད་པ",
                    "1162"
                ]
            ],
            "སྡེ་": [
                [
                    "",
                    "1"
                ],
                [
                    "མཛད་པ",
                    "1162"
                ]
            ]
        },
        "4": {
            "པེ་": [
                [
                    "བསྒྲུབ་པའི",
                    "1015"
                ]
            ],
            "སྡེ་": [
                [
                    "བསྒྲུབས་པའི",
                    "313"
                ]
            ]
        },
        "5": {
            "པེ་": [
                [
                    "ཆོར",
                    "3"
                ]
            ],
            "སྡེ་": []
        },
        "6": {
            "པེ་": [
                [
                    "ཆོད",
                    "31"
                ]
            ],
            "སྡེ་": [
                [
                    "ཆོས",
                    "602"
                ],
                [
                    "ལ་ཆོས",
                    "5043"
                ]
            ]
        },
        "7": {
            "པེ་": [
                [
                    "རྒྱུ",
                    "523"
                ]
            ],
            "སྡེ་": [
                [
                    "སྒྱུ",
                    "1"
                ]
            ]
        },
        "8": {
            "པེ་": [
                [
                    "འདིང",
                    "102"
                ]
            ],
            "སྡེ་": [
                [
                    "ལྡིང",
                    "2045"
                ]
            ]
        },
        "9": {
            "པེ་": [
                [
                    "ཤེས་པའི",
                    "7340"
                ]
            ],
            "སྡེ་": [
                [
                    "ཤེས་བྱའི",
                    "141"
                ]
            ]
        }
    },
    "non_standard_notes": [],
    "profile": {
        "1": [
            "པེ་ སྡེ་",
            "97.14%"
        ],
        "10": [
            "པེ་ སྡེ་",
            "97.14%"
        ],
        "11": [
            "པེ་ སྡེ་",
            "97.14%"
        ],
        "12": [
            "པེ་ སྡེ་",
            "97.14%"
        ],
        "13": [
            "པེ་ སྡེ་",
            "97.14%"
        ],
        "14": [
            "པེ་ སྡེ་",
            "97.14%"
        ],
        "15": [
            "པེ་ སྡེ་",
            "97.14%"
        ],
        "16": [
            "པེ་ སྡེ་",
            "97.14%"
        ],
        "17": [
            "པེ་ སྡེ་",
            "97.14%"
        ],
        "18": [
            "པེ་ སྡེ་",
            "97.14%"
        ],
        "19": [
            "པེ་ སྡེ་",
            "97.14%"
        ],
        "2": [
            "པེ་ སྡེ་",
            "97.14%"
        ],
        "20": [
            "པེ་ སྡེ་",
            "97.14%"
        ],
        "21": [
            "པེ་ སྡེ་",
            "97.14%"
        ],
        "22": [
            "པེ་ སྡེ་",
            "97.14%"
        ],
        "23": [
            "པེ་ སྡེ་",
            "97.14%"
        ],
        "24": [
            "པེ་ སྡེ་",
            "97.14%"
        ],
        "25": [
            "པེ་ སྡེ་",
            "97.14%"
        ],
        "26": [
            "པེ་ སྡེ་",
            "97.14%"
        ],
        "27": [
            "པེ་ སྡེ་",
            "97.14%"
        ],
        "28": [
            "པེ་ སྡེ་",
            "97.14%"
        ],
        "29": [
            "པེ་ སྡེ་",
            "97.14%"
        ],
        "3": [
            "པེ་ སྡེ་",
            "97.14%"
        ],
        "30": [
            "པེ་ སྡེ་",
            "97.14%"
        ],
        "31": [
            "པེ་ སྡེ་",
            "97.14%"
        ],
        "32": [
            "པེ་ སྡེ་",
            "97.14%"
        ],
        "33": [
            "པེ་ སྡེ་",
            "97.14%"
        ],
        "34": [
            "པེ་ སྡེ་",
            "97.14%"
        ],
        "35": [
            "པེ་=སྡེ་",
            "2.86%"
        ],
        "4": [
            "པེ་ སྡེ་",
            "97.14%"
        ],
        "5": [
            "པེ་ སྡེ་",
            "97.14%"
        ],
        "6": [
            "པེ་ སྡེ་",
            "97.14%"
        ],
        "7": [
            "པེ་ སྡེ་",
            "97.14%"
        ],
        "8": [
            "པེ་ སྡེ་",
            "97.14%"
        ],
        "9": [
            "པེ་ སྡེ་",
            "97.14%"
        ]
    }
}