﻿{
    "Stats": {
        "Categorised": "16 notes (80.00%)",
        "Notes’ total": 20,
        "Profiles": [
            "པེ་ སྡེ་: 100.00% (20 notes)"
        ],
        "automatic_categorisation": {
            "min_mod": {},
            "particle_issues": {
                "agreement_issue": 1
            },
            "spelling_mistake": {
                "non_word": {
                    "ill_formed": 1,
                    "well_formed": 8
                }
            },
            "sskrt": 4,
            "verb_difference": {
                "diff_tense": 1,
                "diff_verb": 1
            }
        },
        "dunno": {
            "no_diff": 4
        },
        "manual_categorisation": {
            "long_difference": {},
            "manual_evaluation": {
                "meaning_difference": {}
            }
        },
        "ngram_freq": {},
        "profile": {}
    },
    "automatic_categorisation": {
        "min_mod": {
            "min_mod_groups": [],
            "particle_groups": []
        },
        "particle_issues": {
            "added_particle": [],
            "agreement_issue": [
                {
                    "7": [
                        "cing",
                        {
                            "པེ་": [
                                " ། ཟས་ ནོར་ ཐམས་ཅད་",
                                "ཅིང་",
                                "འཕེལ་བ ར་ གྱུར་ ཅིག"
                            ],
                            "སྡེ་": [
                                " ། ཟས་ ནོར་ ཐམས་ཅད་",
                                "",
                                "འཕེལ་བ ར་ གྱུར་ ཅིག"
                            ]
                        }
                    ]
                }
            ],
            "different_particles": [],
            "other": [],
            "po-bo-pa-ba": []
        },
        "spelling_mistake": {
            "missing_vowel": [],
            "nga_da": [],
            "non_word": {
                "ill_formed": [
                    {
                        "14": [
                            {
                                "པེ་": [
                                    "སུ་ མེད་པ ར་",
                                    "གཏིམ །_། གཏིམ་པ འི་",
                                    "རྫ འི་ གླང་པོ་ དེ"
                                ],
                                "སྡེ་": [
                                    "སུ་ མེད་པ ར་",
                                    "བསྟིམ །_། བསྟིམ་པ འི་",
                                    "རྫ འི་ གླང་པོ་ དེ"
                                ]
                            }
                        ]
                    }
                ],
                "well_formed": [
                    {
                        "2": [
                            {
                                "པེ་": [
                                    " །། དེ་ ཡི་ ནང་ དུ་",
                                    "#བཞུག་པ་",
                                    "ནི །། སྔགས་ དང་"
                                ],
                                "སྡེ་": [
                                    " །། དེ་ ཡི་ ནང་ དུ་",
                                    "གཞུག་པ་",
                                    "ནི །། སྔགས་ དང་"
                                ]
                            }
                        ]
                    },
                    {
                        "3": [
                            {
                                "པེ་": [
                                    " །། ཨོཾ་ #མཧ་ #ཧ་",
                                    "#ཏི་",
                                    "#རད་ ན་ #སརྦ་ #སིངྡྷི་ ཕ་"
                                ],
                                "སྡེ་": [
                                    " །། ཨོཾ་ #མཧ་ #ཧ་",
                                    "སྟི་",
                                    "#རད་ ན་ #སརྦ་ #སིངྡྷི་ ཕ་"
                                ]
                            }
                        ]
                    },
                    {
                        "9": [
                            {
                                "པེ་": [
                                    "སྣོན་ ཅིག །",
                                    "#སྨ་བ་",
                                    "ཐམས་ཅད་ ཁོང་ ཅིག"
                                ],
                                "སྡེ་": [
                                    "སྣོན་ ཅིག །",
                                    "དམའ་བ་",
                                    "ཐམས་ཅད་ ཁོང་ ཅིག"
                                ]
                            }
                        ]
                    },
                    {
                        "10": [
                            {
                                "པེ་": [
                                    "ནས་ གླང་ཆེན་ ཁོག་པ ར་",
                                    "#བཞུག",
                                    "། གཉིས་པ་ རྫས་ ཀྱི་"
                                ],
                                "སྡེ་": [
                                    "ནས་ གླང་ཆེན་ ཁོག་པ ར་",
                                    "གཞུག",
                                    "། གཉིས་པ་ རྫས་ ཀྱི་"
                                ]
                            }
                        ]
                    },
                    {
                        "13": [
                            {
                                "པེ་": [
                                    "ལུས་ གླང་ཆེན་ ཁོག་པ ར་",
                                    "#བཞུག",
                                    "། རྟེན་ འབྲེལ་ སྙིང་པོ་"
                                ],
                                "སྡེ་": [
                                    "ལུས་ གླང་ཆེན་ ཁོག་པ ར་",
                                    "གཞུག",
                                    "། རྟེན་ འབྲེལ་ སྙིང་པོ་"
                                ]
                            }
                        ]
                    },
                    {
                        "15": [
                            {
                                "པེ་": [
                                    "གི་ མཛོད་ དམ་ ཕུགས་ སུ་",
                                    "#བཞུག་",
                                    "བཞག་ ཟེར །། ནས་ ཚུགས་"
                                ],
                                "སྡེ་": [
                                    "གི་ མཛོད་ དམ་ ཕུགས་ སུ་",
                                    "གཞུག་",
                                    "བཞག་ ཟེར །། ནས་ ཚུགས་"
                                ]
                            }
                        ]
                    },
                    {
                        "17": [
                            {
                                "པེ་": [
                                    "ཐོ་ #ཡུགས་ མི་",
                                    "#རྟང་",
                                    " །། ཤིན་ཏུ་ ཅེས་"
                                ],
                                "སྡེ་": [
                                    "ཐོ་ #ཡུགས་ མི་",
                                    "བཏང་",
                                    " །། ཤིན་ཏུ་ ཅེས་"
                                ]
                            }
                        ]
                    },
                    {
                        "18": [
                            {
                                "པེ་": [
                                    "གླང་པོ་ཆེ འི་ ནང་ དུ་",
                                    "#བཞུག་",
                                    "གོ །། བདག་ འཆང་བ་"
                                ],
                                "སྡེ་": [
                                    "གླང་པོ་ཆེ འི་ ནང་ དུ་",
                                    "གཞུག་",
                                    "གོ །། བདག་ འཆང་བ་"
                                ]
                            }
                        ]
                    }
                ]
            }
        },
        "sskrt": [
            {
                "1": [
                    {
                        "པེ་": [
                            "",
                            "#ཨུ་པ་ #དྷེ་ ཤ །",
                            "གླང་པོ་ རིན་པོ་ཆེ་"
                        ],
                        "སྡེ་": [
                            "",
                            "",
                            "གླང་པོ་ རིན་པོ་ཆེ་"
                        ]
                    }
                ]
            },
            {
                "4": [
                    {
                        "པེ་": [
                            "#རད་ ན་ #སརྦ་",
                            "#སིདྡྷི་",
                            "ཕ་ ལ་ #ཧཱུཾ །"
                        ],
                        "སྡེ་": [
                            "#རད་ ན་ #སརྦ་",
                            "#སིདྷི་",
                            "ཕ་ ལ་ #ཧཱུཾ །"
                        ]
                    }
                ]
            },
            {
                "19": [
                    {
                        "པེ་": [
                            "མཛད་པ འོ །། #མངྒཱལཾ །།",
                            "#མངྒཱ་ #ལཾ",
                            "།། "
                        ],
                        "སྡེ་": [
                            "མཛད་པ འོ །། #མངྒཱལཾ །།",
                            "",
                            "།། "
                        ]
                    }
                ]
            },
            {
                "20": [
                    {
                        "པེ་": [
                            "པ འོ །།",
                            "#མངྒཱལཾ",
                            "།། "
                        ],
                        "སྡེ་": [
                            "པ འོ །།",
                            "",
                            "།། "
                        ]
                    }
                ]
            }
        ],
        "verb_difference": {
            "diff_tense": [
                {
                    "8": [
                        [
                            "《སྡུས》ཞེས་པ།【〈སྡུད〉གི་ སྐུལ་ཚིག】【〈སྡུད〉གི་ སྐུལ་ཚིག ཐ་དད་པ།】",
                            "《སྡུད》ཞེས་པ།【〈སྡུད〉གི་ ད་ལྟ་བ།】【〈སྡུད〉གི་ ད་ལྟ་བ། ཐ་དད་པ།】"
                        ],
                        {
                            "པེ་": [
                                "འཐོར་བ་ ཐམས་ཅད་",
                                "སྡུས་",
                                "ཅིག ། ཉམས་པ་"
                            ],
                            "སྡེ་": [
                                "འཐོར་བ་ ཐམས་ཅད་",
                                "སྡུད་",
                                "ཅིག ། ཉམས་པ་"
                            ]
                        }
                    ]
                }
            ],
            "diff_verb": [
                {
                    "12": [
                        [
                            "《རྟོགས》ཞེས་པ།【〈རྟོག〉གི་ སྐུལ་ཚིག ཐ་དད་པ།】",
                            "《གཏོགས》ཞེས་པ།【〈གཏག〉གི་ སྐུལ་ཚིག】【〈གཏག〉གི་ སྐུལ་ཚིག ཐ་དད་པ།】【〈གཏོགས〉གི་ འདས་པ། ཐ་དད་པ།】【〈གཏོགས〉གི་ སྐུལ་ཚིག ཐ་དད་པ།】【〈གཏོག〉གི་ འདས་པ།】【〈གཏོག〉གི་ འདས་པ། ཐ་དད་པ།】【〈གཏོག〉གི་ སྐུལ་ཚིག】【〈གཏོག〉གི་ སྐུལ་ཚིག ཐ་དད་པ།】"
                        ],
                        {
                            "པེ་": [
                                " །། #མཛོ་ དང་ #དྲེའུ་ མ་",
                                "རྟོགས་པ",
                                "།། ཕྱུག་ མ་"
                            ],
                            "སྡེ་": [
                                " །། #མཛོ་ དང་ #དྲེའུ་ མ་",
                                "གཏོགས་པ",
                                "།། ཕྱུག་ མ་"
                            ]
                        }
                    ]
                }
            ],
            "not_sure": []
        }
    },
    "dunno": {
        "long_diff": [],
        "no_diff": [
            {
                "5": [
                    {
                        "པེ་": [
                            "། ཨ་ ཁེ་ མུ་",
                            "ཨ་",
                            "ཁེ་ མུ་ ར་ #གེ ། "
                        ],
                        "སྡེ་": [
                            "། ཨ་ ཁེ་ མུ་",
                            "",
                            "ཁེ་ མུ་ ར་ #གེ ། "
                        ]
                    }
                ]
            },
            {
                "6": [
                    {
                        "པེ་": [
                            "འབྲུ་ དང་ ལོངས་སྤྱོད་ ཀྱི་",
                            "ཆ ར་",
                            "འབབ་པ ར་ གྱུར་ ཅིག ། "
                        ],
                        "སྡེ་": [
                            "འབྲུ་ དང་ ལོངས་སྤྱོད་ ཀྱི་",
                            "འཆར་",
                            "འབབ་པ ར་ གྱུར་ ཅིག ། "
                        ]
                    }
                ]
            },
            {
                "11": [
                    {
                        "པེ་": [
                            "དང་ མ ར་ གསུམ་ དང་ ནི་",
                            "དངར་",
                            "ཀ་ ར་ བུ་ རམ་"
                        ],
                        "སྡེ་": [
                            "དང་ མ ར་ གསུམ་ དང་ ནི་",
                            "མངར་",
                            "ཀ་ ར་ བུ་ རམ་"
                        ]
                    }
                ]
            },
            {
                "16": [
                    {
                        "པེ་": [
                            "བཞག་པ འི་ ཐབས་ ནི་",
                            "འདི་ ལྟ་",
                            "རེ །། དར་ སྣ་ ལྔ འི་ སྣ་"
                        ],
                        "སྡེ་": [
                            "བཞག་པ འི་ ཐབས་ ནི་",
                            "འདི་ལྟར་",
                            "རེ །། དར་ སྣ་ ལྔ འི་ སྣ་"
                        ]
                    }
                ]
            }
        ],
        "short_diff": []
    },
    "empty_notes": [],
    "manual_categorisation": {
        "long_difference": {
            "differing_formulation": [],
            "major_modification": []
        },
        "manual_evaluation": {
            "derge_correct": [],
            "meaning_difference": {
                "great_diff": [],
                "medium_diff": [],
                "small_diff": []
            }
        }
    },
    "ngram_freq": {
        "1": {
            "པེ་": [],
            "སྡེ་": [
                [
                    "",
                    "1"
                ],
                [
                    "གླང་པོ",
                    "2768"
                ],
                [
                    "གླང་པོ་རིན་པོ་ཆེ",
                    "80"
                ]
            ]
        },
        "10": {
            "པེ་": [
                [
                    "བཞུག",
                    "2"
                ]
            ],
            "སྡེ་": [
                [
                    "གཞུག",
                    "392"
                ]
            ]
        },
        "11": {
            "པེ་": [
                [
                    "དངར",
                    "1"
                ]
            ],
            "སྡེ་": [
                [
                    "མངར",
                    "7"
                ]
            ]
        },
        "12": {
            "པེ་": [
                [
                    "རྟོགས་པ",
                    "218"
                ],
                [
                    "མ་རྟོགས་པ",
                    "85"
                ]
            ],
            "སྡེ་": [
                [
                    "གཏོགས་པ",
                    "79"
                ],
                [
                    "མ་གཏོགས་པ",
                    "49"
                ]
            ]
        },
        "13": {
            "པེ་": [
                [
                    "བཞུག",
                    "2"
                ]
            ],
            "སྡེ་": [
                [
                    "གཞུག",
                    "392"
                ]
            ]
        },
        "14": {
            "པེ་": [],
            "སྡེ་": []
        },
        "15": {
            "པེ་": [
                [
                    "བཞུག",
                    "2"
                ]
            ],
            "སྡེ་": [
                [
                    "གཞུག",
                    "392"
                ],
                [
                    "སུ་གཞུག",
                    "67"
                ]
            ]
        },
        "16": {
            "པེ་": [
                [
                    "འདི་ལྟ",
                    "20767"
                ],
                [
                    "ནི་འདི་ལྟ",
                    "1761"
                ]
            ],
            "སྡེ་": [
                [
                    "འདི་ལྟར",
                    "49"
                ],
                [
                    "ནི་འདི་ལྟར",
                    "3303"
                ]
            ]
        },
        "17": {
            "པེ་": [],
            "སྡེ་": [
                [
                    "བཏང",
                    "4"
                ]
            ]
        },
        "18": {
            "པེ་": [
                [
                    "བཞུག",
                    "2"
                ]
            ],
            "སྡེ་": [
                [
                    "གཞུག",
                    "392"
                ],
                [
                    "གཞུག་གོ",
                    "120"
                ],
                [
                    "དུ་གཞུག",
                    "176"
                ],
                [
                    "དུ་གཞུག་གོ",
                    "73"
                ]
            ]
        },
        "19": {
            "པེ་": [],
            "སྡེ་": [
                [
                    "",
                    "1"
                ],
                [
                    "།།",
                    "216"
                ],
                [
                    "།།།།",
                    "22"
                ]
            ]
        },
        "2": {
            "པེ་": [],
            "སྡེ་": [
                [
                    "གཞུག་པ",
                    "462"
                ],
                [
                    "དུ་གཞུག་པ",
                    "120"
                ]
            ]
        },
        "20": {
            "པེ་": [],
            "སྡེ་": [
                [
                    "",
                    "1"
                ],
                [
                    "།།",
                    "216"
                ],
                [
                    "།།།།",
                    "22"
                ]
            ]
        },
        "3": {
            "པེ་": [
                [
                    "ཏི",
                    "1484"
                ]
            ],
            "སྡེ་": [
                [
                    "སྟི",
                    "37"
                ]
            ]
        },
        "4": {
            "པེ་": [
                [
                    "སིདྡྷི",
                    "47"
                ]
            ],
            "སྡེ་": []
        },
        "5": {
            "པེ་": [
                [
                    "ཨ",
                    "188"
                ]
            ],
            "སྡེ་": [
                [
                    "",
                    "1"
                ],
                [
                    "ཁེ",
                    "106"
                ],
                [
                    "མུ",
                    "86"
                ],
                [
                    "མུ་ཁེ",
                    "60"
                ]
            ]
        },
        "6": {
            "པེ་": [
                [
                    "ཆར",
                    "71"
                ],
                [
                    "ཀྱི་ཆར",
                    "468"
                ],
                [
                    "ཆར་འབབ་པ",
                    "90"
                ]
            ],
            "སྡེ་": [
                [
                    "འཆར",
                    "89"
                ]
            ]
        },
        "7": {
            "པེ་": [
                [
                    "ཅིང",
                    "291"
                ]
            ],
            "སྡེ་": [
                [
                    "",
                    "1"
                ],
                [
                    "འཕེལ་བ",
                    "1664"
                ],
                [
                    "ཐམས་ཅད",
                    "165"
                ]
            ]
        },
        "8": {
            "པེ་": [
                [
                    "སྡུས",
                    "47"
                ]
            ],
            "སྡེ་": [
                [
                    "སྡུད",
                    "93"
                ],
                [
                    "ཐམས་ཅད་སྡུད",
                    "80"
                ]
            ]
        },
        "9": {
            "པེ་": [],
            "སྡེ་": [
                [
                    "དམའ་བ",
                    "295"
                ]
            ]
        }
    },
    "non_standard_notes": [],
    "profile": {
        "1": [
            "པེ་ སྡེ་",
            "100.00%"
        ],
        "10": [
            "པེ་ སྡེ་",
            "100.00%"
        ],
        "11": [
            "པེ་ སྡེ་",
            "100.00%"
        ],
        "12": [
            "པེ་ སྡེ་",
            "100.00%"
        ],
        "13": [
            "པེ་ སྡེ་",
            "100.00%"
        ],
        "14": [
            "པེ་ སྡེ་",
            "100.00%"
        ],
        "15": [
            "པེ་ སྡེ་",
            "100.00%"
        ],
        "16": [
            "པེ་ སྡེ་",
            "100.00%"
        ],
        "17": [
            "པེ་ སྡེ་",
            "100.00%"
        ],
        "18": [
            "པེ་ སྡེ་",
            "100.00%"
        ],
        "19": [
            "པེ་ སྡེ་",
            "100.00%"
        ],
        "2": [
            "པེ་ སྡེ་",
            "100.00%"
        ],
        "20": [
            "པེ་ སྡེ་",
            "100.00%"
        ],
        "3": [
            "པེ་ སྡེ་",
            "100.00%"
        ],
        "4": [
            "པེ་ སྡེ་",
            "100.00%"
        ],
        "5": [
            "པེ་ སྡེ་",
            "100.00%"
        ],
        "6": [
            "པེ་ སྡེ་",
            "100.00%"
        ],
        "7": [
            "པེ་ སྡེ་",
            "100.00%"
        ],
        "8": [
            "པེ་ སྡེ་",
            "100.00%"
        ],
        "9": [
            "པེ་ སྡེ་",
            "100.00%"
        ]
    }
}