﻿{
    "Stats": {
        "Categorised": "6 notes (54.55%)",
        "Notes’ total": 11,
        "Profiles": [
            "པེ་=སྣར་ སྡེ་: 54.55% (6 notes)",
            "པེ་=སྡེ་=སྣར་: 9.09% (1 notes)",
            "པེ་=སྡེ་ སྣར་: 18.18% (2 notes)",
            "པེ་ སྡེ་=སྣར་: 18.18% (2 notes)"
        ],
        "automatic_categorisation": {
            "min_mod": {
                "particle_groups": 2
            },
            "particle_issues": {},
            "spelling_mistake": {
                "non_word": {
                    "well_formed": 1
                }
            },
            "sskrt": 1,
            "verb_difference": {}
        },
        "dunno": {
            "no_diff": 2,
            "short_diff": 3
        },
        "empty_notes": 2,
        "manual_categorisation": {
            "long_difference": {},
            "manual_evaluation": {
                "meaning_difference": {}
            }
        },
        "ngram_freq": {},
        "profile": {}
    },
    "automatic_categorisation": {
        "min_mod": {
            "min_mod_groups": [],
            "particle_groups": [
                {
                    "7": [
                        [
                            "jedra",
                            "jungkhung"
                        ],
                        {
                            "པེ་": [
                                "ནི་ སྦར་ བྱས་ #ཧཱུཾ་ #ཡིག་",
                                "ལས་",
                                "ནི་ འབར་ གྱུར་བ ས །_། "
                            ],
                            "སྡེ་": [
                                "ནི་ སྦར་ བྱས་ #ཧཱུཾ་ #ཡིག་",
                                "གིས་",
                                "ནི་ འབར་ གྱུར་བ ས །_། "
                            ],
                            "སྣར་": [
                                "ནི་ སྦར་ བྱས་ #ཧཱུཾ་ #ཡིག་",
                                "གིས་",
                                "ནི་ འབར་ གྱུར་བ ས །_། "
                            ]
                        }
                    ]
                },
                {
                    "9": [
                        [
                            "dreldra",
                            "jedra"
                        ],
                        {
                            "པེ་": [
                                "ལ །_། མ་ #ཡེངས་ སེམས་",
                                "ཀྱིས་",
                                "སྐྱོན་ སྤངས་ སྔགས་ ནི་ རབ་"
                            ],
                            "སྡེ་": [
                                "ལ །_། མ་ #ཡེངས་ སེམས་",
                                "ཀྱི་",
                                "སྐྱོན་ སྤངས་ སྔགས་ ནི་ རབ་"
                            ],
                            "སྣར་": [
                                "ལ །_། མ་ #ཡེངས་ སེམས་",
                                "ཀྱིས་",
                                "སྐྱོན་ སྤངས་ སྔགས་ ནི་ རབ་"
                            ]
                        }
                    ]
                }
            ]
        },
        "particle_issues": {
            "added_particle": [],
            "agreement_issue": [],
            "different_particles": [],
            "other": [],
            "po-bo-pa-ba": []
        },
        "spelling_mistake": {
            "missing_vowel": [],
            "nga_da": [],
            "non_word": {
                "ill_formed": [],
                "well_formed": [
                    {
                        "8": [
                            {
                                "པེ་": [
                                    "རབ་ཏུ་ #ཚ་བ འི་ མེ་",
                                    "#ལྕེའི་",
                                    "སྒྲ་ ལས་ རིགས་པ འི་ སྒྲ་"
                                ],
                                "སྡེ་": [
                                    "རབ་ཏུ་ #ཚ་བ འི་ མེ་",
                                    "#ལྕེའི་",
                                    "སྒྲ་ ལས་ རིགས་པ འི་ སྒྲ་"
                                ],
                                "སྣར་": [
                                    "རབ་ཏུ་ #ཚ་བ འི་ མེ་",
                                    "#ལྷེའི་",
                                    "སྒྲ་ ལས་ རིགས་པ འི་ སྒྲ་"
                                ]
                            }
                        ]
                    }
                ]
            }
        },
        "sskrt": [
            {
                "4": [
                    {
                        "པེ་": [
                            "ཡི་ དངོས་ ཉིད་ ཡི་གེ་",
                            "",
                            "བལྟ །_། འོག་ ཏུ་ དབུགས་"
                        ],
                        "སྡེ་": [
                            "ཡི་ དངོས་ ཉིད་ ཡི་གེ་",
                            "#ཧཱུཾ་ དུ་",
                            "བལྟ །_། འོག་ ཏུ་ དབུགས་"
                        ],
                        "སྣར་": [
                            "ཡི་ དངོས་ ཉིད་ ཡི་གེ་",
                            "",
                            "བལྟ །_། འོག་ ཏུ་ དབུགས་"
                        ]
                    }
                ]
            }
        ],
        "verb_difference": {
            "diff_tense": [],
            "diff_verb": [],
            "not_sure": []
        }
    },
    "dunno": {
        "long_diff": [],
        "no_diff": [
            {
                "2": [
                    {
                        "པེ་": [
                            "ནས _།། དེ་ རྗེས་སུ་",
                            "",
                            "སྔར་ ཉིད་ པདྨ འི་ རང་བཞིན་"
                        ],
                        "སྡེ་": [
                            "ནས _།། དེ་ རྗེས་སུ་",
                            "ནི་",
                            "སྔར་ ཉིད་ པདྨ འི་ རང་བཞིན་"
                        ],
                        "སྣར་": [
                            "ནས _།། དེ་ རྗེས་སུ་",
                            "",
                            "སྔར་ ཉིད་ པདྨ འི་ རང་བཞིན་"
                        ]
                    }
                ]
            },
            {
                "3": [
                    {
                        "པེ་": [
                            "ཉིད་ པདྨ འི་ རང་བཞིན་ སྙིང་",
                            "ཉིད་",
                            "#པཾ་ ལས་ དེ ར་ བསམ་ བྱ"
                        ],
                        "སྡེ་": [
                            "ཉིད་ པདྨ འི་ རང་བཞིན་ སྙིང་",
                            "ག ར་",
                            "#པཾ་ ལས་ དེ ར་ བསམ་ བྱ"
                        ],
                        "སྣར་": [
                            "ཉིད་ པདྨ འི་ རང་བཞིན་ སྙིང་",
                            "ཉིད་",
                            "#པཾ་ ལས་ དེ ར་ བསམ་ བྱ"
                        ]
                    }
                ]
            }
        ],
        "short_diff": [
            {
                "1": [
                    {
                        "པེ་": [
                            "བདུན་ རབ་ཏུ་ རྫོགས་ བྱས་",
                            "ནས་ ནི",
                            "_།། དེ་ རྗེས་སུ་ ནི་"
                        ],
                        "སྡེ་": [
                            "བདུན་ རབ་ཏུ་ རྫོགས་ བྱས་",
                            "ནས",
                            "_།། དེ་ རྗེས་སུ་ ནི་"
                        ],
                        "སྣར་": [
                            "བདུན་ རབ་ཏུ་ རྫོགས་ བྱས་",
                            "ནས་ ནི",
                            "_།། དེ་ རྗེས་སུ་ ནི་"
                        ]
                    }
                ]
            },
            {
                "5": [
                    {
                        "པེ་": [
                            "གཡོ་བ འི་བ་ #དན་ གྱིས་",
                            "མཚན་",
                            "དེ་ གཡོས་པ ས་ ནི་ རབ་"
                        ],
                        "སྡེ་": [
                            "གཡོ་བ འི་བ་ #དན་ གྱིས་",
                            "མཚན་",
                            "དེ་ གཡོས་པ ས་ ནི་ རབ་"
                        ],
                        "སྣར་": [
                            "གཡོ་བ འི་བ་ #དན་ གྱིས་",
                            "མཚན་ཉིད་",
                            "དེ་ གཡོས་པ ས་ ནི་ རབ་"
                        ]
                    }
                ]
            },
            {
                "6": [
                    {
                        "པེ་": [
                            "གྱིས་ མཚན་ དེ་",
                            "གཡོས་པ་ ཡིས་",
                            "ནི་ རབ་ དཀྲུགས་ ནས །_། "
                        ],
                        "སྡེ་": [
                            "གྱིས་ མཚན་ དེ་",
                            "གཡོས་པ ས་",
                            "ནི་ རབ་ དཀྲུགས་ ནས །_། "
                        ],
                        "སྣར་": [
                            "གྱིས་ མཚན་ དེ་",
                            "གཡོས་པ་ ཡིས་",
                            "ནི་ རབ་ དཀྲུགས་ ནས །_། "
                        ]
                    }
                ]
            }
        ]
    },
    "empty_notes": [
        {
            "10": [
                {
                    "པེ་": [
                        "ཤར་ བསམ་ བསྲེག་པ ར་ བྱ",
                        "།།_།།",
                        "འཕགས་པ་ ཀླུ་ སྒྲུབ་ ཀྱིས་"
                    ],
                    "སྡེ་": [
                        "ཤར་ བསམ་ བསྲེག་པ ར་ བྱ",
                        "།_།",
                        "འཕགས་པ་ ཀླུ་ སྒྲུབ་ ཀྱིས་"
                    ],
                    "སྣར་": [
                        "ཤར་ བསམ་ བསྲེག་པ ར་ བྱ",
                        "།_།",
                        "འཕགས་པ་ ཀླུ་ སྒྲུབ་ ཀྱིས་"
                    ]
                }
            ]
        },
        {
            "11": [
                {
                    "པེ་": [
                        "མཛད་པ་ རྫོགས་ སོ །།_།། ",
                        "",
                        "མཛད་པ་ རྫོགས་ སོ །།_།། "
                    ],
                    "སྡེ་": [
                        "མཛད་པ་ རྫོགས་ སོ །།_།། ",
                        "",
                        "མཛད་པ་ རྫོགས་ སོ །།_།། "
                    ],
                    "སྣར་": [
                        "མཛད་པ་ རྫོགས་ སོ །།_།། ",
                        "",
                        "མཛད་པ་ རྫོགས་ སོ །།_།། "
                    ]
                }
            ]
        }
    ],
    "manual_categorisation": {
        "long_difference": {
            "differing_formulation": [],
            "major_modification": []
        },
        "manual_evaluation": {
            "derge_correct": [],
            "meaning_difference": {
                "great_diff": [],
                "medium_diff": [],
                "small_diff": []
            }
        }
    },
    "ngram_freq": {
        "1": {
            "པེ་": [
                [
                    "ནས་ནི",
                    "1022"
                ],
                [
                    "བྱས་ནས་ནི",
                    "450"
                ]
            ],
            "སྡེ་": [
                [
                    "ནས",
                    "35333"
                ],
                [
                    "བྱས་ནས",
                    "6811"
                ]
            ],
            "སྣར་": [
                [
                    "ནས་ནི",
                    "1022"
                ],
                [
                    "བྱས་ནས་ནི",
                    "450"
                ]
            ]
        },
        "10": {
            "པེ་": [
                [
                    "།།_།།",
                    "7586"
                ],
                [
                    "།།_།།འཕགས་པ",
                    "446"
                ]
            ],
            "སྡེ་": [
                [
                    "།_།",
                    "997103"
                ],
                [
                    "བྱ།_།",
                    "22355"
                ],
                [
                    "།_།འཕགས་པ",
                    "1532"
                ]
            ],
            "སྣར་": [
                [
                    "།_།",
                    "997103"
                ],
                [
                    "བྱ།_།",
                    "22355"
                ],
                [
                    "།_།འཕགས་པ",
                    "1532"
                ]
            ]
        },
        "11": {
            "པེ་": [
                [
                    "",
                    "1"
                ],
                [
                    "མཛད་པ",
                    "1162"
                ]
            ],
            "སྡེ་": [
                [
                    "",
                    "1"
                ],
                [
                    "མཛད་པ",
                    "1162"
                ]
            ],
            "སྣར་": [
                [
                    "",
                    "1"
                ],
                [
                    "མཛད་པ",
                    "1162"
                ]
            ]
        },
        "2": {
            "པེ་": [
                [
                    "",
                    "1"
                ],
                [
                    "སྔར",
                    "14"
                ],
                [
                    "རྗེས་སུ",
                    "26239"
                ]
            ],
            "སྡེ་": [
                [
                    "ནི",
                    "44237"
                ],
                [
                    "ནི་སྔར",
                    "174"
                ]
            ],
            "སྣར་": [
                [
                    "",
                    "1"
                ],
                [
                    "སྔར",
                    "14"
                ],
                [
                    "རྗེས་སུ",
                    "26239"
                ]
            ]
        },
        "3": {
            "པེ་": [
                [
                    "ཉིད",
                    "4415"
                ]
            ],
            "སྡེ་": [
                [
                    "གར",
                    "56"
                ],
                [
                    "སྙིང་གར",
                    "1006"
                ]
            ],
            "སྣར་": [
                [
                    "ཉིད",
                    "4415"
                ]
            ]
        },
        "4": {
            "པེ་": [
                [
                    "",
                    "1"
                ],
                [
                    "བལྟ",
                    "300"
                ],
                [
                    "ཡི་གེ",
                    "6157"
                ]
            ],
            "སྡེ་": [],
            "སྣར་": [
                [
                    "",
                    "1"
                ],
                [
                    "བལྟ",
                    "300"
                ],
                [
                    "ཡི་གེ",
                    "6157"
                ]
            ]
        },
        "5": {
            "པེ་": [
                [
                    "མཚན",
                    "372"
                ],
                [
                    "མཚན་དེ",
                    "128"
                ],
                [
                    "གྱིས་མཚན",
                    "103"
                ]
            ],
            "སྡེ་": [
                [
                    "མཚན",
                    "372"
                ],
                [
                    "མཚན་དེ",
                    "128"
                ],
                [
                    "གྱིས་མཚན",
                    "103"
                ]
            ],
            "སྣར་": [
                [
                    "མཚན་ཉིད",
                    "161"
                ],
                [
                    "མཚན་ཉིད་དེ",
                    "197"
                ]
            ]
        },
        "6": {
            "པེ་": [],
            "སྡེ་": [
                [
                    "གཡོས་པས",
                    "47"
                ]
            ],
            "སྣར་": []
        },
        "7": {
            "པེ་": [
                [
                    "ལས",
                    "5885"
                ],
                [
                    "ལས་ནི",
                    "2987"
                ],
                [
                    "ཡིག་ལས",
                    "119"
                ]
            ],
            "སྡེ་": [
                [
                    "གིས",
                    "2588"
                ],
                [
                    "གིས་ནི",
                    "3142"
                ],
                [
                    "ཡིག་གིས",
                    "225"
                ]
            ],
            "སྣར་": [
                [
                    "གིས",
                    "2588"
                ],
                [
                    "གིས་ནི",
                    "3142"
                ],
                [
                    "ཡིག་གིས",
                    "225"
                ]
            ]
        },
        "8": {
            "པེ་": [
                [
                    "ལྕེའི",
                    "4609"
                ],
                [
                    "མེ་ལྕེའི",
                    "51"
                ]
            ],
            "སྡེ་": [
                [
                    "ལྕེའི",
                    "4609"
                ],
                [
                    "མེ་ལྕེའི",
                    "51"
                ]
            ],
            "སྣར་": []
        },
        "9": {
            "པེ་": [
                [
                    "ཀྱིས",
                    "6156"
                ],
                [
                    "སེམས་ཀྱིས",
                    "199"
                ]
            ],
            "སྡེ་": [
                [
                    "ཀྱི",
                    "5256"
                ],
                [
                    "སེམས་ཀྱི",
                    "4733"
                ],
                [
                    "ཀྱི་སྐྱོན",
                    "246"
                ]
            ],
            "སྣར་": [
                [
                    "ཀྱིས",
                    "6156"
                ],
                [
                    "སེམས་ཀྱིས",
                    "199"
                ]
            ]
        }
    },
    "non_standard_notes": [],
    "profile": {
        "1": [
            "པེ་=སྣར་ སྡེ་",
            "54.55%"
        ],
        "10": [
            "པེ་ སྡེ་=སྣར་",
            "18.18%"
        ],
        "11": [
            "པེ་=སྡེ་=སྣར་",
            "9.09%"
        ],
        "2": [
            "པེ་=སྣར་ སྡེ་",
            "54.55%"
        ],
        "3": [
            "པེ་=སྣར་ སྡེ་",
            "54.55%"
        ],
        "4": [
            "པེ་=སྣར་ སྡེ་",
            "54.55%"
        ],
        "5": [
            "པེ་=སྡེ་ སྣར་",
            "18.18%"
        ],
        "6": [
            "པེ་=སྣར་ སྡེ་",
            "54.55%"
        ],
        "7": [
            "པེ་ སྡེ་=སྣར་",
            "18.18%"
        ],
        "8": [
            "པེ་=སྡེ་ སྣར་",
            "18.18%"
        ],
        "9": [
            "པེ་=སྣར་ སྡེ་",
            "54.55%"
        ]
    }
}