﻿{
    "Stats": {
        "Categorised": "3 notes (100.00%)",
        "Notes’ total": 3,
        "Profiles": [
            "པེ་=སྣར་ སྡེ་: 33.33% (1 notes)",
            "པེ་=སྡེ་=སྣར་: 33.33% (1 notes)",
            "པེ་ སྡེ་=སྣར་: 33.33% (1 notes)"
        ],
        "automatic_categorisation": {
            "min_mod": {},
            "particle_issues": {},
            "spelling_mistake": {
                "non_word": {
                    "well_formed": 2
                }
            },
            "verb_difference": {}
        },
        "dunno": {},
        "empty_notes": 1,
        "manual_categorisation": {
            "long_difference": {},
            "manual_evaluation": {
                "meaning_difference": {}
            }
        },
        "ngram_freq": {},
        "profile": {}
    },
    "automatic_categorisation": {
        "min_mod": {
            "min_mod_groups": [],
            "particle_groups": []
        },
        "particle_issues": {
            "added_particle": [],
            "agreement_issue": [],
            "different_particles": [],
            "other": [],
            "po-bo-pa-ba": []
        },
        "spelling_mistake": {
            "missing_vowel": [],
            "nga_da": [],
            "non_word": {
                "ill_formed": [],
                "well_formed": [
                    {
                        "1": [
                            {
                                "པེ་": [
                                    "ཤེས་རབ་ ཚོགས །_། གཟུགས་",
                                    "#རྙན་",
                                    "ལྟ་བུ ར་ ཤེས་པ ར་ བྱ"
                                ],
                                "སྡེ་": [
                                    "ཤེས་རབ་ ཚོགས །_། གཟུགས་",
                                    "བརྙན་",
                                    "ལྟ་བུ ར་ ཤེས་པ ར་ བྱ"
                                ],
                                "སྣར་": [
                                    "ཤེས་རབ་ ཚོགས །_། གཟུགས་",
                                    "བརྙན་",
                                    "ལྟ་བུ ར་ ཤེས་པ ར་ བྱ"
                                ]
                            }
                        ]
                    },
                    {
                        "2": [
                            {
                                "པེ་": [
                                    "རྗེ འི་ རོ་ ཡིས་ ཐ་དད་",
                                    "#བརྩོད་པ་",
                                    "སྤངས །_། དེ ར་ ནི་"
                                ],
                                "སྡེ་": [
                                    "རྗེ འི་ རོ་ ཡིས་ ཐ་དད་",
                                    "རྩོད་པ་",
                                    "སྤངས །_། དེ ར་ ནི་"
                                ],
                                "སྣར་": [
                                    "རྗེ འི་ རོ་ ཡིས་ ཐ་དད་",
                                    "#བརྩོད་པ་",
                                    "སྤངས །_། དེ ར་ ནི་"
                                ]
                            }
                        ]
                    }
                ]
            }
        },
        "sskrt": [],
        "verb_difference": {
            "diff_tense": [],
            "diff_verb": [],
            "not_sure": []
        }
    },
    "dunno": {
        "long_diff": [],
        "no_diff": [],
        "short_diff": []
    },
    "empty_notes": [
        {
            "3": [
                {
                    "པེ་": [
                        "ཀྱི་ གླུ་ རྫོགས་ སོ །།_།། ",
                        "",
                        "ཀྱི་ གླུ་ རྫོགས་ སོ །།_།། "
                    ],
                    "སྡེ་": [
                        "ཀྱི་ གླུ་ རྫོགས་ སོ །།_།། ",
                        "",
                        "ཀྱི་ གླུ་ རྫོགས་ སོ །།_།། "
                    ],
                    "སྣར་": [
                        "ཀྱི་ གླུ་ རྫོགས་ སོ །།_།། ",
                        "",
                        "ཀྱི་ གླུ་ རྫོགས་ སོ །།_།། "
                    ]
                }
            ]
        }
    ],
    "manual_categorisation": {
        "long_difference": {
            "differing_formulation": [],
            "major_modification": []
        },
        "manual_evaluation": {
            "derge_correct": [],
            "meaning_difference": {
                "great_diff": [],
                "medium_diff": [],
                "small_diff": []
            }
        }
    },
    "ngram_freq": {
        "1": {
            "པེ་": [],
            "སྡེ་": [
                [
                    "བརྙན",
                    "3"
                ],
                [
                    "གཟུགས་བརྙན",
                    "2176"
                ],
                [
                    "བརྙན་ལྟ་བུ",
                    "150"
                ],
                [
                    "གཟུགས་བརྙན་ལྟ་བུ",
                    "54"
                ],
                [
                    "གཟུགས་བརྙན་ལྟ་བུར",
                    "55"
                ]
            ],
            "སྣར་": [
                [
                    "བརྙན",
                    "3"
                ],
                [
                    "གཟུགས་བརྙན",
                    "2176"
                ],
                [
                    "བརྙན་ལྟ་བུ",
                    "150"
                ],
                [
                    "གཟུགས་བརྙན་ལྟ་བུ",
                    "54"
                ],
                [
                    "གཟུགས་བརྙན་ལྟ་བུར",
                    "55"
                ]
            ]
        },
        "2": {
            "པེ་": [],
            "སྡེ་": [
                [
                    "རྩོད་པ",
                    "1637"
                ]
            ],
            "སྣར་": []
        },
        "3": {
            "པེ་": [
                [
                    "",
                    "1"
                ],
                [
                    "ཀྱི",
                    "5256"
                ],
                [
                    "ཀྱི་གླུ",
                    "52"
                ]
            ],
            "སྡེ་": [
                [
                    "",
                    "1"
                ],
                [
                    "ཀྱི",
                    "5256"
                ],
                [
                    "ཀྱི་གླུ",
                    "52"
                ]
            ],
            "སྣར་": [
                [
                    "",
                    "1"
                ],
                [
                    "ཀྱི",
                    "5256"
                ],
                [
                    "ཀྱི་གླུ",
                    "52"
                ]
            ]
        }
    },
    "non_standard_notes": [],
    "profile": {
        "1": [
            "པེ་ སྡེ་=སྣར་",
            "33.33%"
        ],
        "2": [
            "པེ་=སྣར་ སྡེ་",
            "33.33%"
        ],
        "3": [
            "པེ་=སྡེ་=སྣར་",
            "33.33%"
        ]
    }
}