﻿{
    "Stats": {
        "Categorised": "13 notes (81.25%)",
        "Notes’ total": 16,
        "Profiles": [
            "པེ་=སྡེ་ སྣར་: 6.67% (1 notes)",
            "པེ་=སྣར་ སྡེ་: 53.33% (8 notes)",
            "པེ་=སྡེ་=སྣར་: 6.67% (1 notes)",
            "པེ་ སྡེ་ སྣར་: 20.00% (3 notes)",
            "པེ་ སྡེ་=སྣར་: 13.33% (2 notes)"
        ],
        "automatic_categorisation": {
            "min_mod": {
                "particle_groups": 4
            },
            "particle_issues": {
                "different_particles": 1,
                "po-bo-pa-ba": 1
            },
            "spelling_mistake": {
                "non_word": {}
            },
            "sskrt": 6,
            "verb_difference": {}
        },
        "dunno": {
            "no_diff": 1,
            "short_diff": 2
        },
        "empty_notes": 1,
        "manual_categorisation": {
            "long_difference": {},
            "manual_evaluation": {
                "meaning_difference": {}
            }
        },
        "ngram_freq": {},
        "profile": {}
    },
    "automatic_categorisation": {
        "min_mod": {
            "min_mod_groups": [],
            "particle_groups": [
                {
                    "5": [
                        [
                            "ladon"
                        ],
                        {
                            "པེ་": [
                                "གི་ ལུས་ དཔག་ ཏུ་",
                                "མེད་པ་",
                                "སྤྲུལ་ ནས་ ཡིད་ ཀྱིས་ ཕྱག་"
                            ],
                            "སྡེ་": [
                                "གི་ ལུས་ དཔག་ ཏུ་",
                                "མེད་པ ར་",
                                "སྤྲུལ་ ནས་ ཡིད་ ཀྱིས་ ཕྱག་"
                            ],
                            "སྣར་": [
                                "གི་ ལུས་ དཔག་ ཏུ་",
                                "མེད་པ་",
                                "སྤྲུལ་ ནས་ ཡིད་ ཀྱིས་ ཕྱག་"
                            ]
                        }
                    ]
                },
                {
                    "9": [
                        [
                            "dreldra",
                            "jedra"
                        ],
                        {
                            "པེ་": [
                                "སངས་རྒྱས་ འོད་ དཔག་ མེད་",
                                "ཀྱི་",
                                "དབུ་ བརྒྱན་པ །_"
                            ],
                            "སྡེ་": [
                                "སངས་རྒྱས་ འོད་ དཔག་ མེད་",
                                "ཀྱིས་",
                                "དབུ་ བརྒྱན་པ །_"
                            ],
                            "སྣར་": [
                                "སངས་རྒྱས་ འོད་ དཔག་ མེད་",
                                "ཀྱིས་",
                                "དབུ་ བརྒྱན་པ །_"
                            ]
                        }
                    ]
                },
                {
                    "11": [
                        [
                            "dreldra",
                            "jedra"
                        ],
                        {
                            "པེ་": [
                                "བསྒོམ་ ཞིང་  །_ དེ་ རྣམས་",
                                "ཀྱིས་",
                                "ངག་ ཏུ་ སྒྲ་ ཅི་ གྲག་"
                            ],
                            "སྡེ་": [
                                "བསྒོམ་ ཞིང་  །_ དེ་ རྣམས་",
                                "ཀྱི་",
                                "ངག་ ཏུ་ སྒྲ་ ཅི་ གྲག་"
                            ],
                            "སྣར་": [
                                "བསྒོམ་ ཞིང་  །_ དེ་ རྣམས་",
                                "ཀྱིས་",
                                "ངག་ ཏུ་ སྒྲ་ ཅི་ གྲག་"
                            ]
                        }
                    ]
                },
                {
                    "14": [
                        [
                            "ladon"
                        ],
                        {
                            "པེ་": [
                                "",
                                "ཉུང་ངུ་",
                                "བསྡུས་ ཏེ་ བསྒྱུར་བ འོ །_། "
                            ],
                            "སྡེ་": [
                                "",
                                "ཉུང་ངུ ར་",
                                "བསྡུས་ ཏེ་ བསྒྱུར་བ འོ །_། "
                            ],
                            "སྣར་": [
                                "",
                                "ཉུང་ངུ་",
                                "བསྡུས་ ཏེ་ བསྒྱུར་བ འོ །_། "
                            ]
                        }
                    ]
                }
            ]
        },
        "particle_issues": {
            "added_particle": [],
            "agreement_issue": [],
            "different_particles": [
                {
                    "12": [
                        "jedra",
                        {
                            "པེ་": [
                                "ཡི་གེ་ དྲུག་པ་",
                                "ཟློས་པ ས་",
                                "བསམ །_ རང་ གིས་ ཟློས་"
                            ],
                            "སྡེ་": [
                                "ཡི་གེ་ དྲུག་པ་",
                                "ཟློས་པ ར་",
                                "བསམ །_ རང་ གིས་ ཟློས་"
                            ],
                            "སྣར་": [
                                "ཡི་གེ་ དྲུག་པ་",
                                "ཟློས་པ་",
                                "བསམ །_ རང་ གིས་ ཟློས་"
                            ]
                        }
                    ]
                }
            ],
            "other": [],
            "po-bo-pa-ba": [
                {
                    "4": [
                        "dagdra_po",
                        {
                            "པེ་": [
                                "ཟེར་ འཕྲོས་པ ས་",
                                "རི་བོ་པོ་",
                                "#ཏ་ ལ་ ན་ རྗེ་ བཙུན་"
                            ],
                            "སྡེ་": [
                                "ཟེར་ འཕྲོས་པ ས་",
                                "རི་བོ་",
                                "#ཏ་ ལ་ ན་ རྗེ་ བཙུན་"
                            ],
                            "སྣར་": [
                                "ཟེར་ འཕྲོས་པ ས་",
                                "རི་བོ་པོ་",
                                "#ཏ་ ལ་ ན་ རྗེ་ བཙུན་"
                            ]
                        }
                    ]
                }
            ]
        },
        "spelling_mistake": {
            "missing_vowel": [],
            "nga_da": [],
            "non_word": {
                "ill_formed": [],
                "well_formed": []
            }
        },
        "sskrt": [
            {
                "1": [
                    {
                        "པེ་": [
                            "དེ འི་ སྟེང་ དུ་ ཡི་གེ་",
                            "#ཧྲི་ དཀར་པོ་",
                            "གཅིག་ བསྒོམ་པ ར་ བྱ འོ"
                        ],
                        "སྡེ་": [
                            "དེ འི་ སྟེང་ དུ་ ཡི་གེ་",
                            "#ཧྲཱིཿདཀར་པོ་",
                            "གཅིག་ བསྒོམ་པ ར་ བྱ འོ"
                        ],
                        "སྣར་": [
                            "དེ འི་ སྟེང་ དུ་ ཡི་གེ་",
                            "#ཧྲཱིཿདཀར་པོ་",
                            "གཅིག་ བསྒོམ་པ ར་ བྱ འོ"
                        ]
                    }
                ]
            },
            {
                "6": [
                    {
                        "པེ་": [
                            "པ ར་ བསམ་ ཞིང་ སྙིང་ ག འི་",
                            "#ཧྲཱིའི་",
                            "འོད་ ཟེར་ གྱིས་ མཆོད་པ་"
                        ],
                        "སྡེ་": [
                            "པ ར་ བསམ་ ཞིང་ སྙིང་ ག འི་",
                            "#ཧྲཱིཿའི་",
                            "འོད་ ཟེར་ གྱིས་ མཆོད་པ་"
                        ],
                        "སྣར་": [
                            "པ ར་ བསམ་ ཞིང་ སྙིང་ ག འི་",
                            "#ཧྲཱིའི་",
                            "འོད་ ཟེར་ གྱིས་ མཆོད་པ་"
                        ]
                    }
                ]
            },
            {
                "7": [
                    {
                        "པེ་": [
                            "དེ འི་ ཐུགས་ ཀ འི་ ཡི་གེ་",
                            "#ཧྲི་ ལས་",
                            "འོད་ ཟེར་ བྱུང་ སྟེ"
                        ],
                        "སྡེ་": [
                            "དེ འི་ ཐུགས་ ཀ འི་ ཡི་གེ་",
                            "#ཧྲཱིཿལས་",
                            "འོད་ ཟེར་ བྱུང་ སྟེ"
                        ],
                        "སྣར་": [
                            "དེ འི་ ཐུགས་ ཀ འི་ ཡི་གེ་",
                            "#ཧྲཱི་ ལས་",
                            "འོད་ ཟེར་ བྱུང་ སྟེ"
                        ]
                    }
                ]
            },
            {
                "8": [
                    {
                        "པེ་": [
                            "གི་ སྙིང་ ག འི་",
                            "#ཧྲི་ ལ་",
                            "ཐིམ་ དེ་ ལས་ འོད་"
                        ],
                        "སྡེ་": [
                            "གི་ སྙིང་ ག འི་",
                            "ཡི་གེ་ #ཧྲཱིཿལ་",
                            "ཐིམ་ དེ་ ལས་ འོད་"
                        ],
                        "སྣར་": [
                            "གི་ སྙིང་ ག འི་",
                            "ཡི་གེ་ #ཧྲཱི་ ལ་",
                            "ཐིམ་ དེ་ ལས་ འོད་"
                        ]
                    }
                ]
            },
            {
                "10": [
                    {
                        "པེ་": [
                            "གི་ སྙིང་ ག འི་ ཡི་གེ་",
                            "#ཧྲི་ ལས་",
                            "འོད་ ཟེར་ འཕྲོས་པ ས་"
                        ],
                        "སྡེ་": [
                            "གི་ སྙིང་ ག འི་ ཡི་གེ་",
                            "#ཧྲཱིཿལས་",
                            "འོད་ ཟེར་ འཕྲོས་པ ས་"
                        ],
                        "སྣར་": [
                            "གི་ སྙིང་ ག འི་ ཡི་གེ་",
                            "#ཧྲི་ ལས་",
                            "འོད་ ཟེར་ འཕྲོས་པ ས་"
                        ]
                    }
                ]
            },
            {
                "13": [
                    {
                        "པེ་": [
                            "མཛད་པ །_ ཆག་",
                            "ལོ་ #ཙ་བ་",
                            "ཆོས་ རྗེ་ དཔལ་ གྱིས་"
                        ],
                        "སྡེ་": [
                            "མཛད་པ །_ ཆག་",
                            "ལོ་ཙཱ་བ་",
                            "ཆོས་ རྗེ་ དཔལ་ གྱིས་"
                        ],
                        "སྣར་": [
                            "མཛད་པ །_ ཆག་",
                            "ལོ་ #ཙ་བ་",
                            "ཆོས་ རྗེ་ དཔལ་ གྱིས་"
                        ]
                    }
                ]
            }
        ],
        "verb_difference": {
            "diff_tense": [],
            "diff_verb": [],
            "not_sure": []
        }
    },
    "dunno": {
        "long_diff": [],
        "no_diff": [
            {
                "2": [
                    {
                        "པེ་": [
                            "ཡི་གེ་ #ཧྲཱིཿདཀར་པོ་",
                            "གཅིག་",
                            "བསྒོམ་པ ར་ བྱ འོ _།། དེ་ ལས་"
                        ],
                        "སྡེ་": [
                            "ཡི་གེ་ #ཧྲཱིཿདཀར་པོ་",
                            "གཅིག་",
                            "བསྒོམ་པ ར་ བྱ འོ _།། དེ་ ལས་"
                        ],
                        "སྣར་": [
                            "ཡི་གེ་ #ཧྲཱིཿདཀར་པོ་",
                            "ཞིག་",
                            "བསྒོམ་པ ར་ བྱ འོ _།། དེ་ ལས་"
                        ]
                    }
                ]
            }
        ],
        "short_diff": [
            {
                "3": [
                    {
                        "པེ་": [
                            "གཅིག་",
                            "བསྒོམ",
                            "_།། དེ་ ལས་ འོད་ ཟེར་"
                        ],
                        "སྡེ་": [
                            "གཅིག་",
                            "བསྒོམ་པ ར་ བྱ འོ",
                            "_།། དེ་ ལས་ འོད་ ཟེར་"
                        ],
                        "སྣར་": [
                            "གཅིག་",
                            "བསྒོམ",
                            "_།། དེ་ ལས་ འོད་ ཟེར་"
                        ]
                    }
                ]
            },
            {
                "4": [
                    {
                        "པེ་": [
                            "ཟེར་ འཕྲོས་པ ས་",
                            "རི་བོ་པོ་",
                            "#ཏ་ ལ་ ན་ རྗེ་ བཙུན་"
                        ],
                        "སྡེ་": [
                            "ཟེར་ འཕྲོས་པ ས་",
                            "རི་བོ་",
                            "#ཏ་ ལ་ ན་ རྗེ་ བཙུན་"
                        ],
                        "སྣར་": [
                            "ཟེར་ འཕྲོས་པ ས་",
                            "རི་བོ་པོ་",
                            "#ཏ་ ལ་ ན་ རྗེ་ བཙུན་"
                        ]
                    }
                ]
            }
        ]
    },
    "empty_notes": [
        {
            "15": [
                {
                    "པེ་": [
                        "དུར་ བསྡུས་ ཏེ་ བསྒྱུར་བ འོ །_། ",
                        "",
                        "དུར་ བསྡུས་ ཏེ་ བསྒྱུར་བ འོ །_། "
                    ],
                    "སྡེ་": [
                        "དུར་ བསྡུས་ ཏེ་ བསྒྱུར་བ འོ །_། ",
                        "",
                        "དུར་ བསྡུས་ ཏེ་ བསྒྱུར་བ འོ །_། "
                    ],
                    "སྣར་": [
                        "དུར་ བསྡུས་ ཏེ་ བསྒྱུར་བ འོ །_། ",
                        "",
                        "དུར་ བསྡུས་ ཏེ་ བསྒྱུར་བ འོ །_། "
                    ]
                }
            ]
        }
    ],
    "manual_categorisation": {
        "long_difference": {
            "differing_formulation": [],
            "major_modification": []
        },
        "manual_evaluation": {
            "derge_correct": [],
            "meaning_difference": {
                "great_diff": [],
                "medium_diff": [],
                "small_diff": []
            }
        }
    },
    "ngram_freq": {
        "1": {
            "པེ་": [],
            "སྡེ་": [],
            "སྣར་": []
        },
        "10": {
            "པེ་": [],
            "སྡེ་": [
                [
                    "ཧྲཱིཿལས",
                    "16"
                ]
            ],
            "སྣར་": []
        },
        "11": {
            "པེ་": [
                [
                    "ཀྱིས",
                    "6156"
                ],
                [
                    "རྣམས་ཀྱིས",
                    "952"
                ]
            ],
            "སྡེ་": [
                [
                    "ཀྱི",
                    "5256"
                ],
                [
                    "ཀྱི་ངག",
                    "58"
                ],
                [
                    "རྣམས་ཀྱི",
                    "571"
                ]
            ],
            "སྣར་": [
                [
                    "ཀྱིས",
                    "6156"
                ],
                [
                    "རྣམས་ཀྱིས",
                    "952"
                ]
            ]
        },
        "12": {
            "པེ་": [
                [
                    "ཟློས་པས",
                    "59"
                ]
            ],
            "སྡེ་": [],
            "སྣར་": [
                [
                    "ཟློས་པ",
                    "175"
                ]
            ]
        },
        "13": {
            "པེ་": [],
            "སྡེ་": [
                [
                    "ལོ་ཙཱ་བ",
                    "58"
                ]
            ],
            "སྣར་": []
        },
        "14": {
            "པེ་": [
                [
                    "ཉུང་ངུ",
                    "260"
                ]
            ],
            "སྡེ་": [],
            "སྣར་": [
                [
                    "ཉུང་ངུ",
                    "260"
                ]
            ]
        },
        "15": {
            "པེ་": [
                [
                    "",
                    "1"
                ],
                [
                    "དུར",
                    "2"
                ],
                [
                    "།_།དུར",
                    "621"
                ]
            ],
            "སྡེ་": [
                [
                    "",
                    "1"
                ],
                [
                    "དུར",
                    "2"
                ],
                [
                    "།_།དུར",
                    "621"
                ]
            ],
            "སྣར་": [
                [
                    "",
                    "1"
                ],
                [
                    "དུར",
                    "2"
                ],
                [
                    "།_།དུར",
                    "621"
                ]
            ]
        },
        "2": {
            "པེ་": [
                [
                    "གཅིག",
                    "620"
                ]
            ],
            "སྡེ་": [
                [
                    "གཅིག",
                    "620"
                ]
            ],
            "སྣར་": [
                [
                    "ཞིག",
                    "798"
                ]
            ]
        },
        "3": {
            "པེ་": [
                [
                    "བསྒོམ",
                    "1273"
                ]
            ],
            "སྡེ་": [
                [
                    "བསྒོམ་པར་བྱའོ",
                    "115"
                ]
            ],
            "སྣར་": [
                [
                    "བསྒོམ",
                    "1273"
                ]
            ]
        },
        "4": {
            "པེ་": [],
            "སྡེ་": [
                [
                    "རི་བོ",
                    "975"
                ]
            ],
            "སྣར་": []
        },
        "5": {
            "པེ་": [
                [
                    "མེད་པ",
                    "5438"
                ],
                [
                    "ཏུ་མེད་པ",
                    "118"
                ]
            ],
            "སྡེ་": [
                [
                    "མེད་པར",
                    "15663"
                ],
                [
                    "ཏུ་མེད་པར",
                    "283"
                ]
            ],
            "སྣར་": [
                [
                    "མེད་པ",
                    "5438"
                ],
                [
                    "ཏུ་མེད་པ",
                    "118"
                ]
            ]
        },
        "6": {
            "པེ་": [
                [
                    "ཧྲཱིའི",
                    "2"
                ]
            ],
            "སྡེ་": [
                [
                    "ཧྲཱིཿའི",
                    "6"
                ]
            ],
            "སྣར་": [
                [
                    "ཧྲཱིའི",
                    "2"
                ]
            ]
        },
        "7": {
            "པེ་": [],
            "སྡེ་": [
                [
                    "ཧྲཱིཿལས",
                    "16"
                ]
            ],
            "སྣར་": []
        },
        "8": {
            "པེ་": [],
            "སྡེ་": [],
            "སྣར་": []
        },
        "9": {
            "པེ་": [
                [
                    "ཀྱི",
                    "5256"
                ],
                [
                    "མེད་ཀྱི",
                    "107"
                ],
                [
                    "ཀྱི་དབུ",
                    "101"
                ]
            ],
            "སྡེ་": [
                [
                    "ཀྱིས",
                    "6156"
                ],
                [
                    "མེད་ཀྱིས",
                    "105"
                ]
            ],
            "སྣར་": [
                [
                    "ཀྱིས",
                    "6156"
                ],
                [
                    "མེད་ཀྱིས",
                    "105"
                ]
            ]
        }
    },
    "non_standard_notes": [],
    "profile": {
        "1": [
            "པེ་ སྡེ་=སྣར་",
            "13.33%"
        ],
        "10": [
            "པེ་=སྣར་ སྡེ་",
            "53.33%"
        ],
        "11": [
            "པེ་=སྣར་ སྡེ་",
            "53.33%"
        ],
        "12": [
            "པེ་ སྡེ་ སྣར་",
            "20.00%"
        ],
        "13": [
            "པེ་=སྣར་ སྡེ་",
            "53.33%"
        ],
        "14": [
            "པེ་=སྣར་ སྡེ་",
            "53.33%"
        ],
        "15": [
            "པེ་=སྡེ་=སྣར་",
            "6.67%"
        ],
        "2": [
            "པེ་=སྡེ་ སྣར་",
            "6.67%"
        ],
        "3": [
            "པེ་=སྣར་ སྡེ་",
            "53.33%"
        ],
        "4": [
            "པེ་=སྣར་ སྡེ་",
            "53.33%"
        ],
        "5": [
            "པེ་=སྣར་ སྡེ་",
            "53.33%"
        ],
        "6": [
            "པེ་=སྣར་ སྡེ་",
            "53.33%"
        ],
        "7": [
            "པེ་ སྡེ་ སྣར་",
            "20.00%"
        ],
        "8": [
            "པེ་ སྡེ་ སྣར་",
            "20.00%"
        ],
        "9": [
            "པེ་ སྡེ་=སྣར་",
            "13.33%"
        ]
    }
}