﻿{
    "Stats": {
        "Categorised": "22 notes (66.67%)",
        "Notes’ total": 33,
        "Profiles": [
            "པེ་=སྣར་ སྡེ་: 9.38% (3 notes)",
            "པེ་=སྡེ་=སྣར་: 3.12% (1 notes)",
            "པེ་=སྡེ་ སྣར་: 56.25% (18 notes)",
            "པེ་ སྡེ་ སྣར་: 6.25% (2 notes)",
            "པེ་ སྡེ་=སྣར་: 25.00% (8 notes)"
        ],
        "automatic_categorisation": {
            "min_mod": {
                "min_mod_groups": 1,
                "particle_groups": 3
            },
            "particle_issues": {
                "agreement_issue": 1,
                "po-bo-pa-ba": 1
            },
            "spelling_mistake": {
                "non_word": {
                    "ill_formed": 1,
                    "well_formed": 2
                }
            },
            "sskrt": 10,
            "verb_difference": {
                "diff_tense": 1,
                "diff_verb": 1
            }
        },
        "dunno": {
            "no_diff": 10,
            "short_diff": 1
        },
        "empty_notes": 1,
        "manual_categorisation": {
            "long_difference": {},
            "manual_evaluation": {
                "meaning_difference": {}
            }
        },
        "ngram_freq": {},
        "profile": {}
    },
    "automatic_categorisation": {
        "min_mod": {
            "min_mod_groups": [
                {
                    "1": [
                        [
                            [
                                "ལས",
                                "ལ"
                            ]
                        ],
                        {
                            "པེ་": [
                                "ནི །_། བདེ་བ འི་ སྟན་",
                                "ལས་",
                                "འདུག་ ནས་ ནི །_། རང་"
                            ],
                            "སྡེ་": [
                                "ནི །_། བདེ་བ འི་ སྟན་",
                                "ལ་",
                                "འདུག་ ནས་ ནི །_། རང་"
                            ],
                            "སྣར་": [
                                "ནི །_། བདེ་བ འི་ སྟན་",
                                "ལ་",
                                "འདུག་ ནས་ ནི །_། རང་"
                            ]
                        }
                    ]
                }
            ],
            "particle_groups": [
                {
                    "3": [
                        [
                            "dreldra",
                            "jedra"
                        ],
                        {
                            "པེ་": [
                                "ཟེར་ དེ་ ལས་ བྱུང་བ་",
                                "ཡིས",
                                "_།། མེ་ཏོག་ སོགས་ ཀྱིས་"
                            ],
                            "སྡེ་": [
                                "ཟེར་ དེ་ ལས་ བྱུང་བ་",
                                "ཡི",
                                "_།། མེ་ཏོག་ སོགས་ ཀྱིས་"
                            ],
                            "སྣར་": [
                                "ཟེར་ དེ་ ལས་ བྱུང་བ་",
                                "ཡི",
                                "_།། མེ་ཏོག་ སོགས་ ཀྱིས་"
                            ]
                        }
                    ]
                },
                {
                    "25": [
                        [
                            "jedra"
                        ],
                        {
                            "པེ་": [
                                "རེ་ #ཏུཏྟཱ་ རེ་ ཏུ་ རེ་",
                                "ལྷ ས་",
                                "སྦྱིན་ ལ་ #རཀྵ་ #རཀྵ་"
                            ],
                            "སྡེ་": [
                                "རེ་ #ཏུཏྟཱ་ རེ་ ཏུ་ རེ་",
                                "ལྷ་",
                                "སྦྱིན་ ལ་ #རཀྵ་ #རཀྵ་"
                            ],
                            "སྣར་": [
                                "རེ་ #ཏུཏྟཱ་ རེ་ ཏུ་ རེ་",
                                "ལྷ་",
                                "སྦྱིན་ ལ་ #རཀྵ་ #རཀྵ་"
                            ]
                        }
                    ]
                },
                {
                    "26": [
                        [
                            "dreldra",
                            "jedra"
                        ],
                        {
                            "པེ་": [
                                "བ་ དེ་ ཡིས་ རྒྱལ་པོ་",
                                "ཡི",
                                "།_། #བཙོན་ ར་ ལ་སོགས་"
                            ],
                            "སྡེ་": [
                                "བ་ དེ་ ཡིས་ རྒྱལ་པོ་",
                                "ཡི",
                                "།_། #བཙོན་ ར་ ལ་སོགས་"
                            ],
                            "སྣར་": [
                                "བ་ དེ་ ཡིས་ རྒྱལ་པོ་",
                                "ཡིས",
                                "།_། #བཙོན་ ར་ ལ་སོགས་"
                            ]
                        }
                    ]
                }
            ]
        },
        "particle_issues": {
            "added_particle": [],
            "agreement_issue": [
                {
                    "29": [
                        "lhakce",
                        {
                            "པེ་": [
                                "དུ་ བྱ་བ ར་ བསྟན་པ་",
                                "དེ",
                                "།_། འཁོར་ལོ་ སྔ་མ་"
                            ],
                            "སྡེ་": [
                                "དུ་ བྱ་བ ར་ བསྟན་པ་",
                                "དེ",
                                "།_། འཁོར་ལོ་ སྔ་མ་"
                            ],
                            "སྣར་": [
                                "དུ་ བྱ་བ ར་ བསྟན་པ་",
                                "སྟེ",
                                "།_། འཁོར་ལོ་ སྔ་མ་"
                            ]
                        }
                    ]
                }
            ],
            "different_particles": [],
            "other": [],
            "po-bo-pa-ba": [
                {
                    "6": [
                        "dagdra_pa",
                        {
                            "པེ་": [
                                "དེ་ འོག་ #པད་ འདབ་",
                                "བརྒྱད་",
                                "དང་  །_། ཟླ་བ འི་ དབུས་"
                            ],
                            "སྡེ་": [
                                "དེ་ འོག་ #པད་ འདབ་",
                                "བརྒྱད་པ་",
                                "དང་  །_། ཟླ་བ འི་ དབུས་"
                            ],
                            "སྣར་": [
                                "དེ་ འོག་ #པད་ འདབ་",
                                "བརྒྱད་",
                                "དང་  །_། ཟླ་བ འི་ དབུས་"
                            ]
                        }
                    ]
                }
            ]
        },
        "spelling_mistake": {
            "missing_vowel": [],
            "nga_da": [],
            "non_word": {
                "ill_formed": [
                    {
                        "24": [
                            {
                                "པེ་": [
                                    "བ འི་ སྐབས་ སུ་ ཕྲེང་བ འི་ སྔགས །_།",
                                    "ལྷ ས་ བྱིན་",
                                    "#ཏཱ་ རེ་ #ཏུཏྟཱ་ རེ་ ཏུ་"
                                ],
                                "སྡེ་": [
                                    "བ འི་ སྐབས་ སུ་ ཕྲེང་བ འི་ སྔགས །_།",
                                    "ཨོཾ་",
                                    "#ཏཱ་ རེ་ #ཏུཏྟཱ་ རེ་ ཏུ་"
                                ],
                                "སྣར་": [
                                    "བ འི་ སྐབས་ སུ་ ཕྲེང་བ འི་ སྔགས །_།",
                                    "ཨོཾ་",
                                    "#ཏཱ་ རེ་ #ཏུཏྟཱ་ རེ་ ཏུ་"
                                ]
                            }
                        ]
                    }
                ],
                "well_formed": [
                    {
                        "5": [
                            {
                                "པེ་": [
                                    "པ ར་ བསྒོམ །_། དེ་ འོག་",
                                    "པདྨ་",
                                    "འདབ་ བརྒྱད་པ་ དང་  །_། "
                                ],
                                "སྡེ་": [
                                    "པ ར་ བསྒོམ །_། དེ་ འོག་",
                                    "#པད་",
                                    "འདབ་ བརྒྱད་པ་ དང་  །_། "
                                ],
                                "སྣར་": [
                                    "པ ར་ བསྒོམ །_། དེ་ འོག་",
                                    "པདྨ་",
                                    "འདབ་ བརྒྱད་པ་ དང་  །_། "
                                ]
                            }
                        ]
                    },
                    {
                        "30": [
                            {
                                "པེ་": [
                                    "དེ །_། འཁོར་ལོ་",
                                    "སྔ་མ་",
                                    "དེ་ཉིད་ ལས །_། སྔགས་"
                                ],
                                "སྡེ་": [
                                    "དེ །_། འཁོར་ལོ་",
                                    "སྔ་མ་",
                                    "དེ་ཉིད་ ལས །_། སྔགས་"
                                ],
                                "སྣར་": [
                                    "དེ །_། འཁོར་ལོ་",
                                    "#སྔ་ ལྔ་",
                                    "དེ་ཉིད་ ལས །_། སྔགས་"
                                ]
                            }
                        ]
                    }
                ]
            }
        },
        "sskrt": [
            {
                "9": [
                    {
                        "པེ་": [
                            "ཏུ་ དགོད་པ་ ནི །_།",
                            "ཨོཾ་",
                            "#ཏཱ་ རེ་ #སྭཱ་ #ཧཱ ། "
                        ],
                        "སྡེ་": [
                            "ཏུ་ དགོད་པ་ ནི །_།",
                            "ཨོཾ་",
                            "#ཏཱ་ རེ་ #སྭཱ་ #ཧཱ ། "
                        ],
                        "སྣར་": [
                            "ཏུ་ དགོད་པ་ ནི །_།",
                            "#ཨཱོཾ་",
                            "#ཏཱ་ རེ་ #སྭཱ་ #ཧཱ ། "
                        ]
                    }
                ]
            },
            {
                "10": [
                    {
                        "པེ་": [
                            "རེ་ #སྭཱ་ #ཧཱ །_",
                            "ཨོཾ་",
                            "ཏུ་ རེ་ #སྭཱ་ #ཧཱ ། "
                        ],
                        "སྡེ་": [
                            "རེ་ #སྭཱ་ #ཧཱ །_",
                            "ཨོཾ་",
                            "ཏུ་ རེ་ #སྭཱ་ #ཧཱ ། "
                        ],
                        "སྣར་": [
                            "རེ་ #སྭཱ་ #ཧཱ །_",
                            "#ཨཱོཾ་",
                            "ཏུ་ རེ་ #སྭཱ་ #ཧཱ ། "
                        ]
                    }
                ]
            },
            {
                "11": [
                    {
                        "པེ་": [
                            "ཏུ་ རེ་ #སྭཱ་ #ཧཱ །_",
                            "ཨོཾ་",
                            "ཏུ་ #སྭཱ་ #ཧཱ །_ ཨོཾ་"
                        ],
                        "སྡེ་": [
                            "ཏུ་ རེ་ #སྭཱ་ #ཧཱ །_",
                            "ཨོཾ་",
                            "ཏུ་ #སྭཱ་ #ཧཱ །_ ཨོཾ་"
                        ],
                        "སྣར་": [
                            "ཏུ་ རེ་ #སྭཱ་ #ཧཱ །_",
                            "#ཨཱོཾ་",
                            "ཏུ་ #སྭཱ་ #ཧཱ །_ ཨོཾ་"
                        ]
                    }
                ]
            },
            {
                "12": [
                    {
                        "པེ་": [
                            "ཨོཾ་ ཏུ་ #སྭཱ་ #ཧཱ །_",
                            "ཨོཾ་",
                            "རེ་ #སྭཱ་ #ཧཱ །_ ཨོཾ་"
                        ],
                        "སྡེ་": [
                            "ཨོཾ་ ཏུ་ #སྭཱ་ #ཧཱ །_",
                            "ཨོཾ་",
                            "རེ་ #སྭཱ་ #ཧཱ །_ ཨོཾ་"
                        ],
                        "སྣར་": [
                            "ཨོཾ་ ཏུ་ #སྭཱ་ #ཧཱ །_",
                            "#ཨཱོཾ་",
                            "རེ་ #སྭཱ་ #ཧཱ །_ ཨོཾ་"
                        ]
                    }
                ]
            },
            {
                "13": [
                    {
                        "པེ་": [
                            "ཨོཾ་ རེ་ #སྭཱ་ #ཧཱ །_",
                            "ཨོཾ་",
                            "#ཏཱ་ རེ་ ནི་ #སྭཱ་"
                        ],
                        "སྡེ་": [
                            "ཨོཾ་ རེ་ #སྭཱ་ #ཧཱ །_",
                            "ཨོཾ་",
                            "#ཏཱ་ རེ་ ནི་ #སྭཱ་"
                        ],
                        "སྣར་": [
                            "ཨོཾ་ རེ་ #སྭཱ་ #ཧཱ །_",
                            "#ཨཱོཾ་",
                            "#ཏཱ་ རེ་ ནི་ #སྭཱ་"
                        ]
                    }
                ]
            },
            {
                "14": [
                    {
                        "པེ་": [
                            "།_ ཨོཾ་ #ཏཱ་ རེ་",
                            "#ནཱི་",
                            "#སྭཱ་ #ཧཱ་ ཞེས་བྱ་བ་"
                        ],
                        "སྡེ་": [
                            "།_ ཨོཾ་ #ཏཱ་ རེ་",
                            "ནི་",
                            "#སྭཱ་ #ཧཱ་ ཞེས་བྱ་བ་"
                        ],
                        "སྣར་": [
                            "།_ ཨོཾ་ #ཏཱ་ རེ་",
                            "ནི་",
                            "#སྭཱ་ #ཧཱ་ ཞེས་བྱ་བ་"
                        ]
                    }
                ]
            },
            {
                "18": [
                    {
                        "པེ་": [
                            "དེ འི་ སྟེང་ དུ་ ས་བོན་",
                            "#ཏཱཾ་ #ལྗང་ #གུ་",
                            "བསམས་ ལ །_ ཨོཾ་"
                        ],
                        "སྡེ་": [
                            "དེ འི་ སྟེང་ དུ་ ས་བོན་",
                            "#ཏཱཾ་ #ལྗང་ #གུ་",
                            "བསམས་ ལ །_ ཨོཾ་"
                        ],
                        "སྣར་": [
                            "དེ འི་ སྟེང་ དུ་ ས་བོན་",
                            "#ཏཾ་ #ལྗང་ ཁུ་",
                            "བསམས་ ལ །_ ཨོཾ་"
                        ]
                    }
                ]
            },
            {
                "21": [
                    {
                        "པེ་": [
                            "བ་ ལ །_། ཐོག་ མ འི་",
                            "ཨོཾ་",
                            "དང་ ཐ་མ འི་ #ཧཱ །_། "
                        ],
                        "སྡེ་": [
                            "བ་ ལ །_། ཐོག་ མ འི་",
                            "ཨོཾ་",
                            "དང་ ཐ་མ འི་ #ཧཱ །_། "
                        ],
                        "སྣར་": [
                            "བ་ ལ །_། ཐོག་ མ འི་",
                            "#ཨཱོཾ་",
                            "དང་ ཐ་མ འི་ #ཧཱ །_། "
                        ]
                    }
                ]
            },
            {
                "22": [
                    {
                        "པེ་": [
                            "པ ར་ བྱ །_། བསྲུང་བ་",
                            "ཨོཾ་ ལྷ ས་ བྱིན་",
                            "ལ་ #རཀྵ་ #ཧཱ་ ཞེས་པ་"
                        ],
                        "སྡེ་": [
                            "པ ར་ བྱ །_། བསྲུང་བ་",
                            "ཨོཾ་ ལྷ་ སྦྱིན་",
                            "ལ་ #རཀྵ་ #ཧཱ་ ཞེས་པ་"
                        ],
                        "སྣར་": [
                            "པ ར་ བྱ །_། བསྲུང་བ་",
                            "#ཨཱོཾ་ ལྷ་ སྦྱིན་",
                            "ལ་ #རཀྵ་ #ཧཱ་ ཞེས་པ་"
                        ]
                    }
                ]
            },
            {
                "23": [
                    {
                        "པེ་": [
                            " །_། #ཏཱ་ རེ་ #ཏུཏྟཱ་ རེ་",
                            "#སྭཱ་",
                            "ཞེས་པ་ རྣམས་ ནི ། "
                        ],
                        "སྡེ་": [
                            " །_། #ཏཱ་ རེ་ #ཏུཏྟཱ་ རེ་",
                            "#སྭཱ་",
                            "ཞེས་པ་ རྣམས་ ནི ། "
                        ],
                        "སྣར་": [
                            " །_། #ཏཱ་ རེ་ #ཏུཏྟཱ་ རེ་",
                            "#ཨཱོཾ་",
                            "ཞེས་པ་ རྣམས་ ནི ། "
                        ]
                    }
                ]
            }
        ],
        "verb_difference": {
            "diff_tense": [
                {
                    "4": [
                        [
                            "《བསྒོམ》ཞེས་པ།【〈སྒོམ〉གི་ མ་འོངས་པ། ཐ་དད་པ།】",
                            "《སྒོམ》ཞེས་པ།【〈སྒོམ〉གི་ ད་ལྟ་བ། ཐ་དད་པ།】"
                        ],
                        {
                            "པེ་": [
                                " །_། དེ་ནས་ ལྷ་ རུ་",
                                "སྒོམ་",
                                "བྱ་ སྟེ །_། དང་པོ ར་"
                            ],
                            "སྡེ་": [
                                " །_། དེ་ནས་ ལྷ་ རུ་",
                                "བསྒོམ་",
                                "བྱ་ སྟེ །_། དང་པོ ར་"
                            ],
                            "སྣར་": [
                                " །_། དེ་ནས་ ལྷ་ རུ་",
                                "བསྒོམ་",
                                "བྱ་ སྟེ །_། དང་པོ ར་"
                            ]
                        }
                    ]
                }
            ],
            "diff_verb": [
                {
                    "31": [
                        [
                            "《བསྐོར》ཞེས་པ།【〈བསྐོར〉གི་ མ་འོངས་པ། ཐ་དད་པ།】【〈བསྐོར〉གི་ འདས་པ། ཐ་དད་པ།】【〈སྐོར〉གི་ མ་འོངས་པ།】【〈སྐོར〉གི་ མ་འོངས་པ། ཐ་དད་པ།】【〈སྐོར〉གི་ འདས་པ།】【〈སྐོར〉གི་ འདས་པ། ཐ་དད་པ།】",
                            "《སྐོར》ཞེས་པ།【〈བསྐོར〉གི་ ད་ལྟ་བ། ཐ་དད་པ།】【〈བསྐོར〉གི་ སྐུལ་ཚིག ཐ་དད་པ།】【〈སྐོར〉གི་ ད་ལྟ་བ།】【〈སྐོར〉གི་ ད་ལྟ་བ། ཐ་དད་པ།】【〈སྐོར〉གི་ སྐུལ་ཚིག】【〈སྐོར〉གི་ སྐུལ་ཚིག ཐ་དད་པ།】"
                        ],
                        {
                            "པེ་": [
                                "ལས །_། སྔགས་ རྣམས་ གཡོན་",
                                "བསྐོར་",
                                "དག་ ཏུ་ དགོད །_། མུ་"
                            ],
                            "སྡེ་": [
                                "ལས །_། སྔགས་ རྣམས་ གཡོན་",
                                "སྐོར་",
                                "དག་ ཏུ་ དགོད །_། མུ་"
                            ],
                            "སྣར་": [
                                "ལས །_། སྔགས་ རྣམས་ གཡོན་",
                                "སྐོར་",
                                "དག་ ཏུ་ དགོད །_། མུ་"
                            ]
                        }
                    ]
                }
            ],
            "not_sure": []
        }
    },
    "dunno": {
        "long_diff": [],
        "no_diff": [
            {
                "2": [
                    {
                        "པེ་": [
                            "ནི །_། རང་ གི་ སྙིང་",
                            "ཀ ར་",
                            "ས་བོན་ བསམ །_། དེ་"
                        ],
                        "སྡེ་": [
                            "ནི །_། རང་ གི་ སྙིང་",
                            "ག ར་",
                            "ས་བོན་ བསམ །_། དེ་"
                        ],
                        "སྣར་": [
                            "ནི །_། རང་ གི་ སྙིང་",
                            "ཁ ར་",
                            "ས་བོན་ བསམ །_། དེ་"
                        ]
                    }
                ]
            },
            {
                "7": [
                    {
                        "པེ་": [
                            "སུ་ བསྒོམ །_། ཕྱག་ གཡས་",
                            "མ་",
                            "འཇིགས་ སྟེར་བ འོ །_། གཡོན་"
                        ],
                        "སྡེ་": [
                            "སུ་ བསྒོམ །_། ཕྱག་ གཡས་",
                            "མི་",
                            "འཇིགས་ སྟེར་བ འོ །_། གཡོན་"
                        ],
                        "སྣར་": [
                            "སུ་ བསྒོམ །_། ཕྱག་ གཡས་",
                            "མི་",
                            "འཇིགས་ སྟེར་བ འོ །_། གཡོན་"
                        ]
                    }
                ]
            },
            {
                "8": [
                    {
                        "པེ་": [
                            "ནི །_། འདབ་མ་",
                            "རྣ་བ་",
                            "མ་ རེག་པ འོ །_། སྐུ་"
                        ],
                        "སྡེ་": [
                            "ནི །_། འདབ་མ་",
                            "རྣ་ བར་",
                            "མ་ རེག་པ འོ །_། སྐུ་"
                        ],
                        "སྣར་": [
                            "ནི །_། འདབ་མ་",
                            "རྣ་བ་",
                            "མ་ རེག་པ འོ །_། སྐུ་"
                        ]
                    }
                ]
            },
            {
                "15": [
                    {
                        "པེ་": [
                            " །_ #ལྕེ་ དང་  །_ སྙིང་",
                            "ག་",
                            "དང་  །_ སྤྱི་ བོར་ གོ་"
                        ],
                        "སྡེ་": [
                            " །_ #ལྕེ་ དང་  །_ སྙིང་",
                            "ག་",
                            "དང་  །_ སྤྱི་ བོར་ གོ་"
                        ],
                        "སྣར་": [
                            " །_ #ལྕེ་ དང་  །_ སྙིང་",
                            "ཁ་",
                            "དང་  །_ སྤྱི་ བོར་ གོ་"
                        ]
                    }
                ]
            },
            {
                "16": [
                    {
                        "པེ་": [
                            "དང་  །_ སྤྱི་ བོར་",
                            "གོ་རིམས་",
                            "བཞིན་ དགོད་ དོ །_། དེ་"
                        ],
                        "སྡེ་": [
                            "དང་  །_ སྤྱི་ བོར་",
                            "གོ་རིམས་",
                            "བཞིན་ དགོད་ དོ །_། དེ་"
                        ],
                        "སྣར་": [
                            "དང་  །_ སྤྱི་ བོར་",
                            "གོ་ རིམ་",
                            "བཞིན་ དགོད་ དོ །_། དེ་"
                        ]
                    }
                ]
            },
            {
                "17": [
                    {
                        "པེ་": [
                            "དོ །_། དེ་ནས་ སྙིང་",
                            "ག ར་",
                            "པདྨ་ འདབ་མ་ བརྒྱད་ ཀྱི་"
                        ],
                        "སྡེ་": [
                            "དོ །_། དེ་ནས་ སྙིང་",
                            "ག ར་",
                            "པདྨ་ འདབ་མ་ བརྒྱད་ ཀྱི་"
                        ],
                        "སྣར་": [
                            "དོ །_། དེ་ནས་ སྙིང་",
                            "ཁ ར་",
                            "པདྨ་ འདབ་མ་ བརྒྱད་ ཀྱི་"
                        ]
                    }
                ]
            },
            {
                "19": [
                    {
                        "པེ་": [
                            "མུ་ཁྱུད་ བསྐོར་བ་ སྙིང་",
                            "ག ར་",
                            "བསམ །_། འཁོར་ལོ་ ཁ་"
                        ],
                        "སྡེ་": [
                            "མུ་ཁྱུད་ བསྐོར་བ་ སྙིང་",
                            "ག ར་",
                            "བསམ །_། འཁོར་ལོ་ ཁ་"
                        ],
                        "སྣར་": [
                            "མུ་ཁྱུད་ བསྐོར་བ་ སྙིང་",
                            "ཁ ར་",
                            "བསམ །_། འཁོར་ལོ་ ཁ་"
                        ]
                    }
                ]
            },
            {
                "20": [
                    {
                        "པེ་": [
                            "ལོ་ ཁ་དོག་ #ལྗང་ སྔོན་",
                            "ནོ",
                            "།_། འཁོར་ལོ འི་ དབུས་ ཀྱི་"
                        ],
                        "སྡེ་": [
                            "ལོ་ ཁ་དོག་ #ལྗང་ སྔོན་",
                            "ནོ",
                            "།_། འཁོར་ལོ འི་ དབུས་ ཀྱི་"
                        ],
                        "སྣར་": [
                            "ལོ་ ཁ་དོག་ #ལྗང་ སྔོན་",
                            "ནི",
                            "།_། འཁོར་ལོ འི་ དབུས་ ཀྱི་"
                        ]
                    }
                ]
            },
            {
                "27": [
                    {
                        "པེ་": [
                            "ལས་ རྣམས་ ཡང་དག་ བསྒྲུབ་",
                            "བྱ་ སྟེ",
                            "།_། ནད་ སོགས་ ཞི་བ འི་"
                        ],
                        "སྡེ་": [
                            "ལས་ རྣམས་ ཡང་དག་ བསྒྲུབ་",
                            "བྱ་ སྟེ",
                            "།_། ནད་ སོགས་ ཞི་བ འི་"
                        ],
                        "སྣར་": [
                            "ལས་ རྣམས་ ཡང་དག་ བསྒྲུབ་",
                            "བྱས་ ཏེ",
                            "།_། ནད་ སོགས་ ཞི་བ འི་"
                        ]
                    }
                ]
            },
            {
                "28": [
                    {
                        "པེ་": [
                            " །_། བསྒྲུབ་ བྱ་ ཤེས་རབ་",
                            "ཞན་པ་",
                            "དང་  །_། ལེ་ལོ་"
                        ],
                        "སྡེ་": [
                            " །_། བསྒྲུབ་ བྱ་ ཤེས་རབ་",
                            "ཞན་པ་",
                            "དང་  །_། ལེ་ལོ་"
                        ],
                        "སྣར་": [
                            " །_། བསྒྲུབ་ བྱ་ ཤེས་རབ་",
                            "གཞན་པ་",
                            "དང་  །_། ལེ་ལོ་"
                        ]
                    }
                ]
            }
        ],
        "short_diff": [
            {
                "6": [
                    {
                        "པེ་": [
                            "དེ་ འོག་ #པད་ འདབ་",
                            "བརྒྱད་",
                            "དང་  །_། ཟླ་བ འི་ དབུས་"
                        ],
                        "སྡེ་": [
                            "དེ་ འོག་ #པད་ འདབ་",
                            "བརྒྱད་པ་",
                            "དང་  །_། ཟླ་བ འི་ དབུས་"
                        ],
                        "སྣར་": [
                            "དེ་ འོག་ #པད་ འདབ་",
                            "བརྒྱད་",
                            "དང་  །_། ཟླ་བ འི་ དབུས་"
                        ]
                    }
                ]
            }
        ]
    },
    "empty_notes": [
        {
            "32": [
                {
                    "པེ་": [
                        "མཛད་པ་ རྫོགས་ སོ །། ",
                        "",
                        "མཛད་པ་ རྫོགས་ སོ །། "
                    ],
                    "སྡེ་": [
                        "མཛད་པ་ རྫོགས་ སོ །། ",
                        "",
                        "མཛད་པ་ རྫོགས་ སོ །། "
                    ],
                    "སྣར་": [
                        "མཛད་པ་ རྫོགས་ སོ །། ",
                        "",
                        "མཛད་པ་ རྫོགས་ སོ །། "
                    ]
                }
            ]
        }
    ],
    "manual_categorisation": {
        "long_difference": {
            "differing_formulation": [],
            "major_modification": []
        },
        "manual_evaluation": {
            "derge_correct": [],
            "meaning_difference": {
                "great_diff": [],
                "medium_diff": [],
                "small_diff": []
            }
        }
    },
    "ngram_freq": {
        "1": {
            "པེ་": [
                [
                    "ལས",
                    "5885"
                ],
                [
                    "སྟན་ལས",
                    "1148"
                ]
            ],
            "སྡེ་": [
                [
                    "ལ",
                    "33965"
                ],
                [
                    "སྟན་ལ",
                    "618"
                ],
                [
                    "ལ་འདུག",
                    "120"
                ],
                [
                    "སྟན་ལ་འདུག",
                    "213"
                ]
            ],
            "སྣར་": [
                [
                    "ལ",
                    "33965"
                ],
                [
                    "སྟན་ལ",
                    "618"
                ],
                [
                    "ལ་འདུག",
                    "120"
                ],
                [
                    "སྟན་ལ་འདུག",
                    "213"
                ]
            ]
        },
        "10": {
            "པེ་": [
                [
                    "ཨོཾ",
                    "71"
                ],
                [
                    "།_ཨོཾ",
                    "2197"
                ]
            ],
            "སྡེ་": [
                [
                    "ཨོཾ",
                    "71"
                ],
                [
                    "།_ཨོཾ",
                    "2197"
                ]
            ],
            "སྣར་": [
                [
                    "ཨཱོཾ",
                    "1"
                ]
            ]
        },
        "11": {
            "པེ་": [
                [
                    "ཨོཾ",
                    "71"
                ],
                [
                    "།_ཨོཾ",
                    "2197"
                ]
            ],
            "སྡེ་": [
                [
                    "ཨོཾ",
                    "71"
                ],
                [
                    "།_ཨོཾ",
                    "2197"
                ]
            ],
            "སྣར་": [
                [
                    "ཨཱོཾ",
                    "1"
                ]
            ]
        },
        "12": {
            "པེ་": [
                [
                    "ཨོཾ",
                    "71"
                ],
                [
                    "།_ཨོཾ",
                    "2197"
                ]
            ],
            "སྡེ་": [
                [
                    "ཨོཾ",
                    "71"
                ],
                [
                    "།_ཨོཾ",
                    "2197"
                ]
            ],
            "སྣར་": [
                [
                    "ཨཱོཾ",
                    "1"
                ]
            ]
        },
        "13": {
            "པེ་": [
                [
                    "ཨོཾ",
                    "71"
                ],
                [
                    "།_ཨོཾ",
                    "2197"
                ],
                [
                    "ཨོཾ་ཏཱ",
                    "67"
                ]
            ],
            "སྡེ་": [
                [
                    "ཨོཾ",
                    "71"
                ],
                [
                    "།_ཨོཾ",
                    "2197"
                ],
                [
                    "ཨོཾ་ཏཱ",
                    "67"
                ]
            ],
            "སྣར་": [
                [
                    "ཨཱོཾ",
                    "1"
                ]
            ]
        },
        "14": {
            "པེ་": [
                [
                    "ནཱི",
                    "97"
                ]
            ],
            "སྡེ་": [
                [
                    "ནི",
                    "44237"
                ],
                [
                    "ནི་སྭཱ",
                    "359"
                ]
            ],
            "སྣར་": [
                [
                    "ནི",
                    "44237"
                ],
                [
                    "ནི་སྭཱ",
                    "359"
                ]
            ]
        },
        "15": {
            "པེ་": [
                [
                    "ག",
                    "330"
                ],
                [
                    "ག་དང",
                    "947"
                ],
                [
                    "སྙིང་ག",
                    "310"
                ],
                [
                    "སྙིང་ག་དང",
                    "52"
                ]
            ],
            "སྡེ་": [
                [
                    "ག",
                    "330"
                ],
                [
                    "ག་དང",
                    "947"
                ],
                [
                    "སྙིང་ག",
                    "310"
                ],
                [
                    "སྙིང་ག་དང",
                    "52"
                ]
            ],
            "སྣར་": [
                [
                    "ཁ",
                    "195"
                ],
                [
                    "ཁ་དང",
                    "243"
                ]
            ]
        },
        "16": {
            "པེ་": [
                [
                    "གོ་རིམས",
                    "416"
                ],
                [
                    "གོ་རིམས་བཞིན",
                    "47"
                ]
            ],
            "སྡེ་": [
                [
                    "གོ་རིམས",
                    "416"
                ],
                [
                    "གོ་རིམས་བཞིན",
                    "47"
                ]
            ],
            "སྣར་": []
        },
        "17": {
            "པེ་": [
                [
                    "གར",
                    "56"
                ],
                [
                    "སྙིང་གར",
                    "1006"
                ]
            ],
            "སྡེ་": [
                [
                    "གར",
                    "56"
                ],
                [
                    "སྙིང་གར",
                    "1006"
                ]
            ],
            "སྣར་": [
                [
                    "ཁར",
                    "23"
                ],
                [
                    "སྙིང་ཁར",
                    "59"
                ]
            ]
        },
        "18": {
            "པེ་": [],
            "སྡེ་": [],
            "སྣར་": []
        },
        "19": {
            "པེ་": [
                [
                    "གར",
                    "56"
                ],
                [
                    "སྙིང་གར",
                    "1006"
                ]
            ],
            "སྡེ་": [
                [
                    "གར",
                    "56"
                ],
                [
                    "སྙིང་གར",
                    "1006"
                ]
            ],
            "སྣར་": [
                [
                    "ཁར",
                    "23"
                ],
                [
                    "སྙིང་ཁར",
                    "59"
                ]
            ]
        },
        "2": {
            "པེ་": [
                [
                    "ཀར",
                    "14"
                ]
            ],
            "སྡེ་": [
                [
                    "གར",
                    "56"
                ],
                [
                    "སྙིང་གར",
                    "1006"
                ]
            ],
            "སྣར་": [
                [
                    "ཁར",
                    "23"
                ],
                [
                    "སྙིང་ཁར",
                    "59"
                ]
            ]
        },
        "20": {
            "པེ་": [
                [
                    "ནོ",
                    "4158"
                ],
                [
                    "ནོ།_།",
                    "37154"
                ]
            ],
            "སྡེ་": [
                [
                    "ནོ",
                    "4158"
                ],
                [
                    "ནོ།_།",
                    "37154"
                ]
            ],
            "སྣར་": [
                [
                    "ནི",
                    "44237"
                ],
                [
                    "ནི།_།",
                    "28227"
                ],
                [
                    "སྔོན་ནི",
                    "167"
                ]
            ]
        },
        "21": {
            "པེ་": [
                [
                    "ཨོཾ",
                    "71"
                ]
            ],
            "སྡེ་": [
                [
                    "ཨོཾ",
                    "71"
                ]
            ],
            "སྣར་": [
                [
                    "ཨཱོཾ",
                    "1"
                ]
            ]
        },
        "22": {
            "པེ་": [],
            "སྡེ་": [],
            "སྣར་": []
        },
        "23": {
            "པེ་": [
                [
                    "སྭཱ",
                    "1"
                ],
                [
                    "རེ་སྭཱ",
                    "595"
                ]
            ],
            "སྡེ་": [
                [
                    "སྭཱ",
                    "1"
                ],
                [
                    "རེ་སྭཱ",
                    "595"
                ]
            ],
            "སྣར་": [
                [
                    "ཨཱོཾ",
                    "1"
                ]
            ]
        },
        "24": {
            "པེ་": [
                [
                    "ལྷས་བྱིན",
                    "310"
                ]
            ],
            "སྡེ་": [
                [
                    "ཨོཾ",
                    "71"
                ],
                [
                    "ཨོཾ་ཏཱ",
                    "67"
                ],
                [
                    "།_།ཨོཾ",
                    "1915"
                ]
            ],
            "སྣར་": [
                [
                    "ཨོཾ",
                    "71"
                ],
                [
                    "ཨོཾ་ཏཱ",
                    "67"
                ],
                [
                    "།_།ཨོཾ",
                    "1915"
                ]
            ]
        },
        "25": {
            "པེ་": [
                [
                    "ལྷས",
                    "17"
                ]
            ],
            "སྡེ་": [
                [
                    "ལྷ",
                    "477"
                ],
                [
                    "ལྷ་སྦྱིན",
                    "661"
                ]
            ],
            "སྣར་": [
                [
                    "ལྷ",
                    "477"
                ],
                [
                    "ལྷ་སྦྱིན",
                    "661"
                ]
            ]
        },
        "26": {
            "པེ་": [
                [
                    "ཡི",
                    "8322"
                ],
                [
                    "ཡི།_།",
                    "8252"
                ],
                [
                    "རྒྱལ་པོ་ཡི",
                    "61"
                ],
                [
                    "རྒྱལ་པོ་ཡི།_།",
                    "61"
                ]
            ],
            "སྡེ་": [
                [
                    "ཡི",
                    "8322"
                ],
                [
                    "ཡི།_།",
                    "8252"
                ],
                [
                    "རྒྱལ་པོ་ཡི",
                    "61"
                ],
                [
                    "རྒྱལ་པོ་ཡི།_།",
                    "61"
                ]
            ],
            "སྣར་": [
                [
                    "ཡིས",
                    "7433"
                ],
                [
                    "ཡིས།_།",
                    "7321"
                ],
                [
                    "རྒྱལ་པོ་ཡིས",
                    "66"
                ],
                [
                    "རྒྱལ་པོ་ཡིས།_།",
                    "65"
                ]
            ]
        },
        "27": {
            "པེ་": [
                [
                    "བྱ་སྟེ",
                    "1392"
                ],
                [
                    "བྱ་སྟེ།_།",
                    "1196"
                ]
            ],
            "སྡེ་": [
                [
                    "བྱ་སྟེ",
                    "1392"
                ],
                [
                    "བྱ་སྟེ།_།",
                    "1196"
                ]
            ],
            "སྣར་": [
                [
                    "བྱས་ཏེ",
                    "3943"
                ],
                [
                    "བྱས་ཏེ།_།",
                    "1277"
                ]
            ]
        },
        "28": {
            "པེ་": [
                [
                    "ཞན་པ",
                    "136"
                ],
                [
                    "ཞན་པ་དང",
                    "46"
                ]
            ],
            "སྡེ་": [
                [
                    "ཞན་པ",
                    "136"
                ],
                [
                    "ཞན་པ་དང",
                    "46"
                ]
            ],
            "སྣར་": [
                [
                    "གཞན་པ",
                    "650"
                ]
            ]
        },
        "29": {
            "པེ་": [
                [
                    "དེ",
                    "1"
                ],
                [
                    "དེ།_།",
                    "4260"
                ],
                [
                    "བསྟན་པ་དེ",
                    "777"
                ]
            ],
            "སྡེ་": [
                [
                    "དེ",
                    "1"
                ],
                [
                    "དེ།_།",
                    "4260"
                ],
                [
                    "བསྟན་པ་དེ",
                    "777"
                ]
            ],
            "སྣར་": [
                [
                    "སྟེ",
                    "27897"
                ],
                [
                    "སྟེ།_།",
                    "13701"
                ],
                [
                    "བསྟན་པ་སྟེ",
                    "49"
                ],
                [
                    "བསྟན་པ་སྟེ།_།",
                    "83"
                ]
            ]
        },
        "3": {
            "པེ་": [
                [
                    "ཡིས",
                    "7433"
                ]
            ],
            "སྡེ་": [
                [
                    "ཡི",
                    "8322"
                ],
                [
                    "བྱུང་བ་ཡི",
                    "163"
                ]
            ],
            "སྣར་": [
                [
                    "ཡི",
                    "8322"
                ],
                [
                    "བྱུང་བ་ཡི",
                    "163"
                ]
            ]
        },
        "30": {
            "པེ་": [
                [
                    "སྔ་མ",
                    "3097"
                ],
                [
                    "སྔ་མ་དེ་ཉིད",
                    "61"
                ]
            ],
            "སྡེ་": [
                [
                    "སྔ་མ",
                    "3097"
                ],
                [
                    "སྔ་མ་དེ་ཉིད",
                    "61"
                ]
            ],
            "སྣར་": []
        },
        "31": {
            "པེ་": [
                [
                    "བསྐོར",
                    "685"
                ]
            ],
            "སྡེ་": [
                [
                    "སྐོར",
                    "24"
                ]
            ],
            "སྣར་": [
                [
                    "སྐོར",
                    "24"
                ]
            ]
        },
        "32": {
            "པེ་": [
                [
                    "",
                    "1"
                ],
                [
                    "མཛད་པ",
                    "1162"
                ]
            ],
            "སྡེ་": [
                [
                    "",
                    "1"
                ],
                [
                    "མཛད་པ",
                    "1162"
                ]
            ],
            "སྣར་": [
                [
                    "",
                    "1"
                ],
                [
                    "མཛད་པ",
                    "1162"
                ]
            ]
        },
        "4": {
            "པེ་": [
                [
                    "སྒོམ",
                    "123"
                ]
            ],
            "སྡེ་": [
                [
                    "བསྒོམ",
                    "1273"
                ],
                [
                    "བསྒོམ་བྱ",
                    "136"
                ]
            ],
            "སྣར་": [
                [
                    "བསྒོམ",
                    "1273"
                ],
                [
                    "བསྒོམ་བྱ",
                    "136"
                ]
            ]
        },
        "5": {
            "པེ་": [
                [
                    "པདྨ",
                    "66"
                ],
                [
                    "པདྨ་འདབ",
                    "209"
                ]
            ],
            "སྡེ་": [
                [
                    "པད",
                    "10"
                ]
            ],
            "སྣར་": [
                [
                    "པདྨ",
                    "66"
                ],
                [
                    "པདྨ་འདབ",
                    "209"
                ]
            ]
        },
        "6": {
            "པེ་": [
                [
                    "བརྒྱད",
                    "316"
                ],
                [
                    "བརྒྱད་དང",
                    "1633"
                ],
                [
                    "འདབ་བརྒྱད",
                    "110"
                ]
            ],
            "སྡེ་": [
                [
                    "བརྒྱད་པ",
                    "247"
                ],
                [
                    "བརྒྱད་པ་དང",
                    "346"
                ]
            ],
            "སྣར་": [
                [
                    "བརྒྱད",
                    "316"
                ],
                [
                    "བརྒྱད་དང",
                    "1633"
                ],
                [
                    "འདབ་བརྒྱད",
                    "110"
                ]
            ]
        },
        "7": {
            "པེ་": [
                [
                    "མ",
                    "4286"
                ],
                [
                    "མ་འཇིགས",
                    "227"
                ]
            ],
            "སྡེ་": [
                [
                    "མི",
                    "406"
                ],
                [
                    "མི་འཇིགས",
                    "2921"
                ]
            ],
            "སྣར་": [
                [
                    "མི",
                    "406"
                ],
                [
                    "མི་འཇིགས",
                    "2921"
                ]
            ]
        },
        "8": {
            "པེ་": [
                [
                    "རྣ་བ",
                    "2774"
                ],
                [
                    "རྣ་བ་མ",
                    "50"
                ]
            ],
            "སྡེ་": [
                [
                    "རྣ་བར",
                    "146"
                ]
            ],
            "སྣར་": [
                [
                    "རྣ་བ",
                    "2774"
                ],
                [
                    "རྣ་བ་མ",
                    "50"
                ]
            ]
        },
        "9": {
            "པེ་": [
                [
                    "ཨོཾ",
                    "71"
                ],
                [
                    "ཨོཾ་ཏཱ",
                    "67"
                ],
                [
                    "།_།ཨོཾ",
                    "1915"
                ]
            ],
            "སྡེ་": [
                [
                    "ཨོཾ",
                    "71"
                ],
                [
                    "ཨོཾ་ཏཱ",
                    "67"
                ],
                [
                    "།_།ཨོཾ",
                    "1915"
                ]
            ],
            "སྣར་": [
                [
                    "ཨཱོཾ",
                    "1"
                ]
            ]
        }
    },
    "non_standard_notes": [],
    "profile": {
        "1": [
            "པེ་ སྡེ་=སྣར་",
            "25.00%"
        ],
        "10": [
            "པེ་=སྡེ་ སྣར་",
            "56.25%"
        ],
        "11": [
            "པེ་=སྡེ་ སྣར་",
            "56.25%"
        ],
        "12": [
            "པེ་=སྡེ་ སྣར་",
            "56.25%"
        ],
        "13": [
            "པེ་=སྡེ་ སྣར་",
            "56.25%"
        ],
        "14": [
            "པེ་ སྡེ་=སྣར་",
            "25.00%"
        ],
        "15": [
            "པེ་=སྡེ་ སྣར་",
            "56.25%"
        ],
        "16": [
            "པེ་=སྡེ་ སྣར་",
            "56.25%"
        ],
        "17": [
            "པེ་=སྡེ་ སྣར་",
            "56.25%"
        ],
        "18": [
            "པེ་=སྡེ་ སྣར་",
            "56.25%"
        ],
        "19": [
            "པེ་=སྡེ་ སྣར་",
            "56.25%"
        ],
        "2": [
            "པེ་ སྡེ་ སྣར་",
            "6.25%"
        ],
        "20": [
            "པེ་=སྡེ་ སྣར་",
            "56.25%"
        ],
        "21": [
            "པེ་=སྡེ་ སྣར་",
            "56.25%"
        ],
        "22": [
            "པེ་ སྡེ་ སྣར་",
            "6.25%"
        ],
        "23": [
            "པེ་=སྡེ་ སྣར་",
            "56.25%"
        ],
        "24": [
            "པེ་ སྡེ་=སྣར་",
            "25.00%"
        ],
        "25": [
            "པེ་ སྡེ་=སྣར་",
            "25.00%"
        ],
        "26": [
            "པེ་=སྡེ་ སྣར་",
            "56.25%"
        ],
        "27": [
            "པེ་=སྡེ་ སྣར་",
            "56.25%"
        ],
        "28": [
            "པེ་=སྡེ་ སྣར་",
            "56.25%"
        ],
        "29": [
            "པེ་=སྡེ་ སྣར་",
            "56.25%"
        ],
        "3": [
            "པེ་ སྡེ་=སྣར་",
            "25.00%"
        ],
        "30": [
            "པེ་=སྡེ་ སྣར་",
            "56.25%"
        ],
        "31": [
            "པེ་ སྡེ་=སྣར་",
            "25.00%"
        ],
        "32": [
            "པེ་=སྡེ་=སྣར་",
            "3.12%"
        ],
        "4": [
            "པེ་ སྡེ་=སྣར་",
            "25.00%"
        ],
        "5": [
            "པེ་=སྣར་ སྡེ་",
            "9.38%"
        ],
        "6": [
            "པེ་=སྣར་ སྡེ་",
            "9.38%"
        ],
        "7": [
            "པེ་ སྡེ་=སྣར་",
            "25.00%"
        ],
        "8": [
            "པེ་=སྣར་ སྡེ་",
            "9.38%"
        ],
        "9": [
            "པེ་=སྡེ་ སྣར་",
            "56.25%"
        ]
    }
}