﻿{
    "Stats": {
        "Categorised": "25 notes (83.33%)",
        "Notes’ total": 30,
        "Profiles": [
            "པེ་=སྣར་ སྡེ་: 83.33% (25 notes)",
            "པེ་=སྡེ་=སྣར་: 3.33% (1 notes)",
            "པེ་ སྡེ་=སྣར་: 13.33% (4 notes)"
        ],
        "automatic_categorisation": {
            "min_mod": {
                "particle_groups": 2
            },
            "particle_issues": {
                "agreement_issue": 1,
                "different_particles": 1
            },
            "spelling_mistake": {
                "non_word": {
                    "well_formed": 4
                }
            },
            "sskrt": 4,
            "verb_difference": {
                "diff_tense": 5,
                "diff_verb": 4,
                "not_sure": 3
            }
        },
        "dunno": {
            "no_diff": 3,
            "short_diff": 2
        },
        "empty_notes": 1,
        "manual_categorisation": {
            "long_difference": {},
            "manual_evaluation": {
                "meaning_difference": {}
            }
        },
        "ngram_freq": {},
        "profile": {}
    },
    "automatic_categorisation": {
        "min_mod": {
            "min_mod_groups": [],
            "particle_groups": [
                {
                    "4": [
                        [
                            "dreldra",
                            "jedra"
                        ],
                        {
                            "པེ་": [
                                "ཅེས་ དྲག་པོ འི་ སྒྲ་",
                                "ཡི་",
                                "སྲིད་པ་ གསུམ་ གྱི་ ཁོངས་"
                            ],
                            "སྡེ་": [
                                "ཅེས་ དྲག་པོ འི་ སྒྲ་",
                                "ཡིས་",
                                "སྲིད་པ་ གསུམ་ གྱི་ ཁོངས་"
                            ],
                            "སྣར་": [
                                "ཅེས་ དྲག་པོ འི་ སྒྲ་",
                                "ཡི་",
                                "སྲིད་པ་ གསུམ་ གྱི་ ཁོངས་"
                            ]
                        }
                    ]
                },
                {
                    "27": [
                        [
                            "dreldra",
                            "jedra"
                        ],
                        {
                            "པེ་": [
                                "སྐྱོང་ བར་ མཛད་པ་ ཁྱོད་",
                                "ཀྱི་",
                                "འགྲོ་བ འི་ ལུས་ རྣམས་ མ་"
                            ],
                            "སྡེ་": [
                                "སྐྱོང་ བར་ མཛད་པ་ ཁྱོད་",
                                "ཀྱིས་",
                                "འགྲོ་བ འི་ ལུས་ རྣམས་ མ་"
                            ],
                            "སྣར་": [
                                "སྐྱོང་ བར་ མཛད་པ་ ཁྱོད་",
                                "ཀྱི་",
                                "འགྲོ་བ འི་ ལུས་ རྣམས་ མ་"
                            ]
                        }
                    ]
                }
            ]
        },
        "particle_issues": {
            "added_particle": [],
            "agreement_issue": [
                {
                    "20": [
                        "cing",
                        {
                            "པེ་": [
                                "རོལ་པ ས་ རོལ་པ་ སེལ་",
                                "ཅིང་",
                                "མི་ ཡིས་ གང་བ འི་ མཚོ་"
                            ],
                            "སྡེ་": [
                                "རོལ་པ ས་ རོལ་པ་ སེལ་",
                                "ཞིང་",
                                "མི་ ཡིས་ གང་བ འི་ མཚོ་"
                            ],
                            "སྣར་": [
                                "རོལ་པ ས་ རོལ་པ་ སེལ་",
                                "ཅིང་",
                                "མི་ ཡིས་ གང་བ འི་ མཚོ་"
                            ]
                        }
                    ]
                }
            ],
            "different_particles": [
                {
                    "10": [
                        "dagdra_po",
                        {
                            "པེ་": [
                                "#ཁཾ་ #ཁཾ་ ཞེས་",
                                "གཏུམ་པོ འི་",
                                "ཕྱག་ གཡས་ #གྲི་ #གུག་ རལ་"
                            ],
                            "སྡེ་": [
                                "#ཁཾ་ #ཁཾ་ ཞེས་",
                                "གཏུམ་ མོ འི་",
                                "ཕྱག་ གཡས་ #གྲི་ #གུག་ རལ་"
                            ],
                            "སྣར་": [
                                "#ཁཾ་ #ཁཾ་ ཞེས་",
                                "གཏུམ་པོ འི་",
                                "ཕྱག་ གཡས་ #གྲི་ #གུག་ རལ་"
                            ]
                        }
                    ]
                }
            ],
            "other": [],
            "po-bo-pa-ba": []
        },
        "spelling_mistake": {
            "missing_vowel": [],
            "nga_da": [],
            "non_word": {
                "ill_formed": [],
                "well_formed": [
                    {
                        "6": [
                            {
                                "པེ་": [
                                    " །_། #ཀཾ་ #ཀཾ་ #ཀཾ་ ཞེས་",
                                    "#པོད་པ འི་",
                                    "ཕྲེང་བ ས་ དབུ་ ལ་"
                                ],
                                "སྡེ་": [
                                    " །_། #ཀཾ་ #ཀཾ་ #ཀཾ་ ཞེས་",
                                    "ཐོད་པ འི་",
                                    "ཕྲེང་བ ས་ དབུ་ ལ་"
                                ],
                                "སྣར་": [
                                    " །_། #ཀཾ་ #ཀཾ་ #ཀཾ་ ཞེས་",
                                    "#པོད་པ འི་",
                                    "ཕྲེང་བ ས་ དབུ་ ལ་"
                                ]
                            }
                        ]
                    },
                    {
                        "13": [
                            {
                                "པེ་": [
                                    "སྣ་ཚོགས་ མནན་ ནས་ ཀ་",
                                    "#ཧ་ ཀ་",
                                    "#ཧ་ བརྗོད་ མཛད་ ཆ ར་ སྤྲིན་ སྔོན་"
                                ],
                                "སྡེ་": [
                                    "སྣ་ཚོགས་ མནན་ ནས་ ཀ་",
                                    "ཀ་ #ཧ་",
                                    "#ཧ་ བརྗོད་ མཛད་ ཆ ར་ སྤྲིན་ སྔོན་"
                                ],
                                "སྣར་": [
                                    "སྣ་ཚོགས་ མནན་ ནས་ ཀ་",
                                    "#ཧ་ ཀ་",
                                    "#ཧ་ བརྗོད་ མཛད་ ཆ ར་ སྤྲིན་ སྔོན་"
                                ]
                            }
                        ]
                    },
                    {
                        "14": [
                            {
                                "པེ་": [
                                    "དང་ རྒྱུ་ མ ས་",
                                    "འབྲེལ་བ ས་",
                                    "ཀུན་ ནས་ བརྒྱན་ ཅིང་ ཞལ་"
                                ],
                                "སྡེ་": [
                                    "དང་ རྒྱུ་ མ ས་",
                                    "#བྲེལ་བ འི་ རྒྱན་ གྱིས་",
                                    "ཀུན་ ནས་ བརྒྱན་ ཅིང་ ཞལ་"
                                ],
                                "སྣར་": [
                                    "དང་ རྒྱུ་ མ ས་",
                                    "འབྲེལ་བ ས་",
                                    "ཀུན་ ནས་ བརྒྱན་ ཅིང་ ཞལ་"
                                ]
                            }
                        ]
                    },
                    {
                        "29": [
                            {
                                "པེ་": [
                                    "མཚུངས་ མེད་ དང་  །_། ས་",
                                    "སྟེང་",
                                    "དང་ ནི་ མཐོ་ རིས་ སུ འང་"
                                ],
                                "སྡེ་": [
                                    "མཚུངས་ མེད་ དང་  །_། ས་",
                                    "#སྟེངས་",
                                    "དང་ ནི་ མཐོ་ རིས་ སུ འང་"
                                ],
                                "སྣར་": [
                                    "མཚུངས་ མེད་ དང་  །_། ས་",
                                    "སྟེང་",
                                    "དང་ ནི་ མཐོ་ རིས་ སུ འང་"
                                ]
                            }
                        ]
                    }
                ]
            }
        },
        "sskrt": [
            {
                "1": [
                    {
                        "པེ་": [
                            "མ་ #ཧཱ་ #ཀཱ་ ལ་ #སྱཱ་",
                            "#སྱ་ #ཨཥྚ་ #མནྟྲ་",
                            "#སྟོ་ #ཏྲ་ #ནཱ་ མ ། "
                        ],
                        "སྡེ་": [
                            "མ་ #ཧཱ་ #ཀཱ་ ལ་ #སྱཱ་",
                            "#ཥྚ་པ་ ད་",
                            "#སྟོ་ #ཏྲ་ #ནཱ་ མ ། "
                        ],
                        "སྣར་": [
                            "མ་ #ཧཱ་ #ཀཱ་ ལ་ #སྱཱ་",
                            "#སྱ་ #ཨཥྚ་ #མནྟྲ་",
                            "#སྟོ་ #ཏྲ་ #ནཱ་ མ ། "
                        ]
                    }
                ]
            },
            {
                "17": [
                    {
                        "པེ་": [
                            "རབ་ཏུ་ གསོལ །_། #ཧྲཱིཾ་",
                            "#ཀྵཾ་",
                            "#ཤྲཱི་ ནས་ སྔགས་ ཀྱི་ གསུངས་"
                        ],
                        "སྡེ་": [
                            "རབ་ཏུ་ གསོལ །_། #ཧྲཱིཾ་",
                            "#ཀྵུཾ་",
                            "#ཤྲཱི་ ནས་ སྔགས་ ཀྱི་ གསུངས་"
                        ],
                        "སྣར་": [
                            "རབ་ཏུ་ གསོལ །_། #ཧྲཱིཾ་",
                            "#ཀྵཾ་",
                            "#ཤྲཱི་ ནས་ སྔགས་ ཀྱི་ གསུངས་"
                        ]
                    }
                ]
            },
            {
                "25": [
                    {
                        "པེ་": [
                            "རྟེན་ སྣང་ མཛད་པ །_།",
                            "#ཀྲིཾ་ #ཀྲིཾ་ #ཀྲིཾ་",
                            "ཞེས་ གཤེགས་པ ས་ དགྲ་བོ་"
                        ],
                        "སྡེ་": [
                            "རྟེན་ སྣང་ མཛད་པ །_།",
                            "#ཀྲཾ་ #ཀྲཾ་ #ཀྲཾ་",
                            "ཞེས་ གཤེགས་པ ས་ དགྲ་བོ་"
                        ],
                        "སྣར་": [
                            "རྟེན་ སྣང་ མཛད་པ །_།",
                            "#ཀྲཾ་ #ཀྲཾ་ #ཀྲཾ་",
                            "ཞེས་ གཤེགས་པ ས་ དགྲ་བོ་"
                        ]
                    }
                ]
            },
            {
                "26": [
                    {
                        "པེ་": [
                            "བྱེད་ མཁྱེན །_།",
                            "#ཀླི་ #ཀླིཾ་ #ཀླི་ #ཀླིཾ་ #ཀླ་",
                            "ཞེས་ གདུག་པ འི་ གཟུགས་ ཀྱིས་"
                        ],
                        "སྡེ་": [
                            "བྱེད་ མཁྱེན །_།",
                            "#ཀླིཾ་ #ཀླིཾ་ #ཀླིཾ་",
                            "ཞེས་ གདུག་པ འི་ གཟུགས་ ཀྱིས་"
                        ],
                        "སྣར་": [
                            "བྱེད་ མཁྱེན །_།",
                            "#ཀླི་ #ཀླིཾ་ #ཀླི་ #ཀླིཾ་ #ཀླ་",
                            "ཞེས་ གདུག་པ འི་ གཟུགས་ ཀྱིས་"
                        ]
                    }
                ]
            }
        ],
        "verb_difference": {
            "diff_tense": [
                {
                    "11": [
                        [
                            "《བསྲུངས》ཞེས་པ།【〈སྲུང〉གི་ འདས་པ།】【〈སྲུང〉གི་ འདས་པ། ཐ་དད་པ།】",
                            "《སྲུངས》ཞེས་པ།【〈སྲུང〉གི་ སྐུལ་ཚིག】【〈སྲུང〉གི་ སྐུལ་ཚིག ཐ་དད་པ།】"
                        ],
                        {
                            "པེ་": [
                                "བཅས་ ཞིང་ སྐྱོང་ ཁྱོད་ ཀྱིས་",
                                "བསྲུངས",
                                "།_། རབ་ཏུ་ རྔམ་ ཞིང་"
                            ],
                            "སྡེ་": [
                                "བཅས་ ཞིང་ སྐྱོང་ ཁྱོད་ ཀྱིས་",
                                "སྲུངས",
                                "།_། རབ་ཏུ་ རྔམ་ ཞིང་"
                            ],
                            "སྣར་": [
                                "བཅས་ ཞིང་ སྐྱོང་ ཁྱོད་ ཀྱིས་",
                                "བསྲུངས",
                                "།_། རབ་ཏུ་ རྔམ་ ཞིང་"
                            ]
                        }
                    ]
                },
                {
                    "16": [
                        [
                            "《བཟུང》ཞེས་པ།【〈འཛིན〉གི་ འདས་པ།】【〈འཛིན〉གི་ འདས་པ། ཐ་དད་པ།】",
                            "《གཟུང》ཞེས་པ།【〈འཛིན〉གི་ མ་འོངས་པ།】【〈འཛིན〉གི་ མ་འོངས་པ། ཐ་དད་པ།】"
                        ],
                        {
                            "པེ་": [
                                "ལངས་ ཚོགས །_། མ་ ལུས་",
                                "གཟུང་",
                                "ནས་ མྱུར་ དུ་ བསད་པ་"
                            ],
                            "སྡེ་": [
                                "ལངས་ ཚོགས །_། མ་ ལུས་",
                                "བཟུང་",
                                "ནས་ མྱུར་ དུ་ བསད་པ་"
                            ],
                            "སྣར་": [
                                "ལངས་ ཚོགས །_། མ་ ལུས་",
                                "བཟུང་",
                                "ནས་ མྱུར་ དུ་ བསད་པ་"
                            ]
                        }
                    ]
                },
                {
                    "19": [
                        [
                            "《བསྲེགས》ཞེས་པ།【〈སྲེག〉གི་ འདས་པ།】【〈སྲེག〉གི་ འདས་པ། ཐ་དད་པ།】",
                            "《བསྲེག》ཞེས་པ།【〈སྲེག〉གི་ མ་འོངས་པ།】【〈སྲེག〉གི་ མ་འོངས་པ། ཐ་དད་པ།】"
                        ],
                        {
                            "པེ་": [
                                "ཀྱིས་ #བགེགས་ རྣམས་ རབ་ཏུ་",
                                "བསྲེག",
                                "།_། རོལ་པ ས་ རོལ་པ་"
                            ],
                            "སྡེ་": [
                                "ཀྱིས་ #བགེགས་ རྣམས་ རབ་ཏུ་",
                                "བསྲེགས",
                                "།_། རོལ་པ ས་ རོལ་པ་"
                            ],
                            "སྣར་": [
                                "ཀྱིས་ #བགེགས་ རྣམས་ རབ་ཏུ་",
                                "བསྲེག",
                                "།_། རོལ་པ ས་ རོལ་པ་"
                            ]
                        }
                    ]
                },
                {
                    "22": [
                        [
                            "《བསྒྲུབ》ཞེས་པ།【〈སྒྲུབ〉གི་ མ་འོངས་པ།】【〈སྒྲུབ〉གི་ མ་འོངས་པ། ཐ་དད་པ།】",
                            "《སྒྲུབ》ཞེས་པ།【〈སྒྲུབ〉གི་ ད་ལྟ་བ།】【〈སྒྲུབ〉གི་ ད་ལྟ་བ། ཐ་དད་པ།】"
                        ],
                        {
                            "པེ་": [
                                "ལུས་ ཅན་ སྲུང་བ ར་ མཛད་ ཅིང་",
                                "བསྒྲུབ་པ་",
                                "རྣམས་ ཀྱི་ ཞིང་ རྣམས་"
                            ],
                            "སྡེ་": [
                                "ལུས་ ཅན་ སྲུང་བ ར་ མཛད་ ཅིང་",
                                "སྒྲུབ་པ་",
                                "རྣམས་ ཀྱི་ ཞིང་ རྣམས་"
                            ],
                            "སྣར་": [
                                "ལུས་ ཅན་ སྲུང་བ ར་ མཛད་ ཅིང་",
                                "བསྒྲུབ་པ་",
                                "རྣམས་ ཀྱི་ ཞིང་ རྣམས་"
                            ]
                        }
                    ]
                },
                {
                    "23": [
                        [
                            "《སྡིགས》ཞེས་པ།【〈སྡིག〉གི་ སྐུལ་ཚིག】【〈སྡིག〉གི་ སྐུལ་ཚིག ཐ་དད་པ།】",
                            "《སྡིག》ཞེས་པ།【〈སྡིག〉གི་ ད་ལྟ་བ།】【〈སྡིག〉གི་ ད་ལྟ་བ། ཐ་དད་པ།】"
                        ],
                        {
                            "པེ་": [
                                "རེ་ བཞིན་ དུ་ #བགེགས་ དང་",
                                "སྡིགས་",
                                "འཇོམས་ དྲི་ མེད་ བརྙེས་པ་"
                            ],
                            "སྡེ་": [
                                "རེ་ བཞིན་ དུ་ #བགེགས་ དང་",
                                "སྡིག་",
                                "འཇོམས་ དྲི་ མེད་ བརྙེས་པ་"
                            ],
                            "སྣར་": [
                                "རེ་ བཞིན་ དུ་ #བགེགས་ དང་",
                                "སྡིགས་",
                                "འཇོམས་ དྲི་ མེད་ བརྙེས་པ་"
                            ]
                        }
                    ]
                }
            ],
            "diff_verb": [
                {
                    "9": [
                        [
                            "《བསྒྱུར》ཞེས་པ།【〈བསྒྱུར〉གི་ མ་འོངས་པ། ཐ་དད་པ།】【〈བསྒྱུར〉གི་ འདས་པ། ཐ་དད་པ།】【〈སྒྱུར〉གི་ མ་འོངས་པ།】【〈སྒྱུར〉གི་ མ་འོངས་པ། ཐ་དད་པ།】【〈སྒྱུར〉གི་ འདས་པ།】【〈སྒྱུར〉གི་ འདས་པ། ཐ་དད་པ།】",
                            "《སྒྱུར》ཞེས་པ།【〈བསྒྱུར〉གི་ ད་ལྟ་བ། ཐ་དད་པ།】【〈བསྒྱུར〉གི་ སྐུལ་ཚིག ཐ་དད་པ།】【〈སྒྱུར〉གི་ ད་ལྟ་བ།】【〈སྒྱུར〉གི་ ད་ལྟ་བ། ཐ་དད་པ།】【〈སྒྱུར〉གི་ སྐུལ་ཚིག】【〈སྒྱུར〉གི་ སྐུལ་ཚིག ཐ་དད་པ།】"
                        ],
                        {
                            "པེ་": [
                                "ཞེས་ སྤྱན་ དམར་ འཁྱུག་ ཅིང་",
                                "སྒྱུར་",
                                "མཛད་ #ཀྲུཾ་ #ཀྲུཾ་ #ཀྲུཾ་ ཞེས་"
                            ],
                            "སྡེ་": [
                                "ཞེས་ སྤྱན་ དམར་ འཁྱུག་ ཅིང་",
                                "བསྒྱུར་",
                                "མཛད་ #ཀྲུཾ་ #ཀྲུཾ་ #ཀྲུཾ་ ཞེས་"
                            ],
                            "སྣར་": [
                                "ཞེས་ སྤྱན་ དམར་ འཁྱུག་ ཅིང་",
                                "སྒྱུར་",
                                "མཛད་ #ཀྲུཾ་ #ཀྲུཾ་ #ཀྲུཾ་ ཞེས་"
                            ]
                        }
                    ]
                },
                {
                    "12": [
                        [
                            "《ཤུགས》ཞེས་པ།【〈ཤུག〉གི་ སྐུལ་ཚིག ཐ་དད་པ།】",
                            "《གཟུགས》ཞེས་པ།【〈འཛུགས〉གི་ མ་འོངས་པ།】【〈འཛུགས〉གི་ མ་འོངས་པ། ཐ་དད་པ།】"
                        ],
                        {
                            "པེ་": [
                                "#ཀྵཾ་ ཞེས་ བཟོད་པ འི་",
                                "གཟུགས་",
                                "ཅན་ ཅ་ཅོ་ སྒྲོགས་པ ར་"
                            ],
                            "སྡེ་": [
                                "#ཀྵཾ་ ཞེས་ བཟོད་པ འི་",
                                "ཤུགས་",
                                "ཅན་ ཅ་ཅོ་ སྒྲོགས་པ ར་"
                            ],
                            "སྣར་": [
                                "#ཀྵཾ་ ཞེས་ བཟོད་པ འི་",
                                "གཟུགས་",
                                "ཅན་ ཅ་ཅོ་ སྒྲོགས་པ ར་"
                            ]
                        }
                    ]
                },
                {
                    "18": [
                        [
                            "《གསུང》ཞེས་པ།【〈གསུངས〉གི་ ད་ལྟ་བ། ཐ་དད་པ།】【〈གསུངས〉གི་ མ་འོངས་པ། ཐ་དད་པ།】【〈གསུང〉གི་ ད་ལྟ་བ། ཐ་དད་པ།】【〈གསུང〉གི་ མ་འོངས་པ། ཐ་དད་པ།】",
                            "《གསུངས》ཞེས་པ།【〈གསུངས〉གི་ འདས་པ། ཐ་དད་པ།】【〈གསུངས〉གི་ སྐུལ་ཚིག ཐ་དད་པ།】【〈གསུང〉གི་ འདས་པ། ཐ་དད་པ།】【〈གསུང〉གི་ སྐུལ་ཚིག ཐ་དད་པ།】"
                        ],
                        {
                            "པེ་": [
                                "ནས་ སྔགས་ ཀྱི་",
                                "གསུང་",
                                "ཅན་པ་ #ཙ་པ་"
                            ],
                            "སྡེ་": [
                                "ནས་ སྔགས་ ཀྱི་",
                                "གསུངས་",
                                "ཅན་པ་ #ཙ་པ་"
                            ],
                            "སྣར་": [
                                "ནས་ སྔགས་ ཀྱི་",
                                "གསུང་",
                                "ཅན་པ་ #ཙ་པ་"
                            ]
                        }
                    ]
                },
                {
                    "28": [
                        [
                            "《སྐྱོང》ཞེས་པ།【〈བསྐྱངས〉གི་ ད་ལྟ་བ། ཐ་དད་པ།】【〈བསྐྱང〉གི་ ད་ལྟ་བ། ཐ་དད་པ།】【〈སྐྱོང〉གི་ ད་ལྟ་བ།】【〈སྐྱོང〉གི་ ད་ལྟ་བ། ཐ་དད་པ།】",
                            "《བསྐྱང》ཞེས་པ།【〈བསྐྱངས〉གི་ མ་འོངས་པ། ཐ་དད་པ།】【〈བསྐྱང〉གི་ མ་འོངས་པ། ཐ་དད་པ།】【〈སྐྱོང〉གི་ མ་འོངས་པ།】【〈སྐྱོང〉གི་ མ་འོངས་པ། ཐ་དད་པ།】"
                        ],
                        {
                            "པེ་": [
                                "མ་ ལུས་ ཡུན་ རིང་",
                                "བསྐྱང་",
                                "དུ་ གསོལ །_། སྒྲུབ་པ་པོ་"
                            ],
                            "སྡེ་": [
                                "མ་ ལུས་ ཡུན་ རིང་",
                                "སྐྱོང་",
                                "དུ་ གསོལ །_། སྒྲུབ་པ་པོ་"
                            ],
                            "སྣར་": [
                                "མ་ ལུས་ ཡུན་ རིང་",
                                "བསྐྱང་",
                                "དུ་ གསོལ །_། སྒྲུབ་པ་པོ་"
                            ]
                        }
                    ]
                }
            ],
            "not_sure": [
                {
                    "3": [
                        [
                            "《སྟོད》ཞེས་པ།【〈བསྟད〉གི་ ད་ལྟ་བ། ཐ་དད་པ།】【〈བསྟད〉གི་ སྐུལ་ཚིག ཐ་དད་པ།】【〈སྟོད〉གི་ ད་ལྟ་བ།】【〈སྟོད〉གི་ ད་ལྟ་བ། ཐ་དད་པ།】【〈སྟོད〉གི་ སྐུལ་ཚིག ཐ་དད་པ།】",
                            "《བསྟོད》ཞེས་པ།【】"
                        ],
                        {
                            "པེ་": [
                                " །_ དཔལ་ ནག་པོ་ ཆེན་པོ འི་",
                                "སྟོད་པ་",
                                "རྐང་པ་ བརྒྱད་པ་"
                            ],
                            "སྡེ་": [
                                " །_ དཔལ་ ནག་པོ་ ཆེན་པོ འི་",
                                "བསྟོད་པ་",
                                "རྐང་པ་ བརྒྱད་པ་"
                            ],
                            "སྣར་": [
                                " །_ དཔལ་ ནག་པོ་ ཆེན་པོ འི་",
                                "བསྟོད་པ་",
                                "རྐང་པ་ བརྒྱད་པ་"
                            ]
                        }
                    ]
                },
                {
                    "15": [
                        [
                            "《གདུག》ཞེས་པ།【〈གདུག〉གི་ ད་ལྟ་བ། ཐ་དད་པ།】",
                            "《སྡུག》ཞེས་པ།【】"
                        ],
                        {
                            "པེ་": [
                                "འདོད་པ འི་ གཟུགས་ དང་ མི་",
                                "གདུག་",
                                "གཟུགས་ ཅན་ གྱི་ ནི་ འབྱུང་"
                            ],
                            "སྡེ་": [
                                "འདོད་པ འི་ གཟུགས་ དང་ མི་",
                                "སྡུག་",
                                "གཟུགས་ ཅན་ གྱི་ ནི་ འབྱུང་"
                            ],
                            "སྣར་": [
                                "འདོད་པ འི་ གཟུགས་ དང་ མི་",
                                "གདུག་",
                                "གཟུགས་ ཅན་ གྱི་ ནི་ འབྱུང་"
                            ]
                        }
                    ]
                },
                {
                    "24": [
                        [
                            "《བརྙེས》ཞེས་པ།【】",
                            "《བསྙེམས》ཞེས་པ།【〈སྙེམ〉གི་ འདས་པ། ཐ་དད་པ།】"
                        ],
                        {
                            "པེ་": [
                                "སྡིག་ འཇོམས་ དྲི་ མེད་",
                                "བསྙེམས་པ་",
                                "ཆུ་ #ཉི་ བཞིན །_།"
                            ],
                            "སྡེ་": [
                                "སྡིག་ འཇོམས་ དྲི་ མེད་",
                                "བརྙེས་པ་",
                                "ཆུ་ #ཉི་ བཞིན །_།"
                            ],
                            "སྣར་": [
                                "སྡིག་ འཇོམས་ དྲི་ མེད་",
                                "བསྙེམས་པ་",
                                "ཆུ་ #ཉི་ བཞིན །_།"
                            ]
                        }
                    ]
                }
            ]
        }
    },
    "dunno": {
        "long_diff": [],
        "no_diff": [
            {
                "7": [
                    {
                        "པེ་": [
                            "གདངས་ ཤ་ ཟ་ ཞིང་  །_།",
                            "དབུས་ སྐྲ་",
                            "དང་ ནི་ #སྨ་ ར་"
                        ],
                        "སྡེ་": [
                            "གདངས་ ཤ་ ཟ་ ཞིང་  །_།",
                            "དབུ་སྐྲ་",
                            "དང་ ནི་ #སྨ་ ར་"
                        ],
                        "སྣར་": [
                            "གདངས་ ཤ་ ཟ་ ཞིང་  །_།",
                            "དབུ་སྐྲ་",
                            "དང་ ནི་ #སྨ་ ར་"
                        ]
                    }
                ]
            },
            {
                "8": [
                    {
                        "པེ་": [
                            "པ འི་ ཞིང་ སྐྱོང་ ཁྱོད་ ཀྱིས་",
                            "བསྲུང་ བར་",
                            "མཛོད །_། #རཾ་"
                        ],
                        "སྡེ་": [
                            "པ འི་ ཞིང་ སྐྱོང་ ཁྱོད་ ཀྱིས་",
                            "སྲུང་བ ར་",
                            "མཛོད །_། #རཾ་"
                        ],
                        "སྣར་": [
                            "པ འི་ ཞིང་ སྐྱོང་ ཁྱོད་ ཀྱིས་",
                            "བསྲུང་ བར་",
                            "མཛོད །_། #རཾ་"
                        ]
                    }
                ]
            },
            {
                "21": [
                    {
                        "པེ་": [
                            " །_། རིགས་ ཀྱི་ ལུས་ ཅན་",
                            "སྐྲོད་པ ར་",
                            "མཛད་ ཅིང་ སྒྲུབ་པ་ རྣམས་"
                        ],
                        "སྡེ་": [
                            " །_། རིགས་ ཀྱི་ ལུས་ ཅན་",
                            "སྲུང་བ ར་",
                            "མཛད་ ཅིང་ སྒྲུབ་པ་ རྣམས་"
                        ],
                        "སྣར་": [
                            " །_། རིགས་ ཀྱི་ ལུས་ ཅན་",
                            "སྐྲོད་པ ར་",
                            "མཛད་ ཅིང་ སྒྲུབ་པ་ རྣམས་"
                        ]
                    }
                ]
            }
        ],
        "short_diff": [
            {
                "2": [
                    {
                        "པེ་": [
                            "སྐད་ དུ །_ དཔལ་",
                            "ནག་པོ འི་",
                            "བསྟོད་པ་ རྐང་པ་"
                        ],
                        "སྡེ་": [
                            "སྐད་ དུ །_ དཔལ་",
                            "ནག་པོ་ ཆེན་པོ འི་",
                            "བསྟོད་པ་ རྐང་པ་"
                        ],
                        "སྣར་": [
                            "སྐད་ དུ །_ དཔལ་",
                            "ནག་པོ འི་",
                            "བསྟོད་པ་ རྐང་པ་"
                        ]
                    }
                ]
            },
            {
                "5": [
                    {
                        "པེ་": [
                            "ཞིག་ དུས་ ཀུན་ དུ་ ནི་",
                            "",
                            "ཤིན་ཏུ་ འཇིགས་ མཛད་ ཅིང"
                        ],
                        "སྡེ་": [
                            "ཞིག་ དུས་ ཀུན་ དུ་ ནི་",
                            "བདུད་ སྡེ་",
                            "ཤིན་ཏུ་ འཇིགས་ མཛད་ ཅིང"
                        ],
                        "སྣར་": [
                            "ཞིག་ དུས་ ཀུན་ དུ་ ནི་",
                            "",
                            "ཤིན་ཏུ་ འཇིགས་ མཛད་ ཅིང"
                        ]
                    }
                ]
            }
        ]
    },
    "empty_notes": [
        {
            "30": [
                {
                    "པེ་": [
                        "མཛད་པ་ རྫོགས་ སོ །།_།། ",
                        "",
                        "མཛད་པ་ རྫོགས་ སོ །།_།། "
                    ],
                    "སྡེ་": [
                        "མཛད་པ་ རྫོགས་ སོ །།_།། ",
                        "",
                        "མཛད་པ་ རྫོགས་ སོ །།_།། "
                    ],
                    "སྣར་": [
                        "མཛད་པ་ རྫོགས་ སོ །།_།། ",
                        "",
                        "མཛད་པ་ རྫོགས་ སོ །།_།། "
                    ]
                }
            ]
        }
    ],
    "manual_categorisation": {
        "long_difference": {
            "differing_formulation": [],
            "major_modification": []
        },
        "manual_evaluation": {
            "derge_correct": [],
            "meaning_difference": {
                "great_diff": [],
                "medium_diff": [],
                "small_diff": []
            }
        }
    },
    "ngram_freq": {
        "1": {
            "པེ་": [],
            "སྡེ་": [],
            "སྣར་": []
        },
        "10": {
            "པེ་": [
                [
                    "གཏུམ་པོའི",
                    "71"
                ]
            ],
            "སྡེ་": [
                [
                    "གཏུམ་མོའི",
                    "41"
                ]
            ],
            "སྣར་": [
                [
                    "གཏུམ་པོའི",
                    "71"
                ]
            ]
        },
        "11": {
            "པེ་": [
                [
                    "བསྲུངས",
                    "86"
                ],
                [
                    "བསྲུངས།_།",
                    "43"
                ]
            ],
            "སྡེ་": [
                [
                    "སྲུངས",
                    "44"
                ],
                [
                    "སྲུངས།_།",
                    "44"
                ]
            ],
            "སྣར་": [
                [
                    "བསྲུངས",
                    "86"
                ],
                [
                    "བསྲུངས།_།",
                    "43"
                ]
            ]
        },
        "12": {
            "པེ་": [
                [
                    "གཟུགས",
                    "768"
                ],
                [
                    "གཟུགས་ཅན",
                    "60"
                ]
            ],
            "སྡེ་": [
                [
                    "ཤུགས",
                    "18"
                ],
                [
                    "ཤུགས་ཅན",
                    "124"
                ]
            ],
            "སྣར་": [
                [
                    "གཟུགས",
                    "768"
                ],
                [
                    "གཟུགས་ཅན",
                    "60"
                ]
            ]
        },
        "13": {
            "པེ་": [
                [
                    "ཧ་ཀ",
                    "51"
                ]
            ],
            "སྡེ་": [
                [
                    "ཀ་ཧ",
                    "80"
                ]
            ],
            "སྣར་": [
                [
                    "ཧ་ཀ",
                    "51"
                ]
            ]
        },
        "14": {
            "པེ་": [],
            "སྡེ་": [],
            "སྣར་": []
        },
        "15": {
            "པེ་": [
                [
                    "གདུག",
                    "14"
                ]
            ],
            "སྡེ་": [
                [
                    "སྡུག",
                    "109"
                ],
                [
                    "མི་སྡུག",
                    "1228"
                ]
            ],
            "སྣར་": [
                [
                    "གདུག",
                    "14"
                ]
            ]
        },
        "16": {
            "པེ་": [
                [
                    "གཟུང",
                    "5"
                ]
            ],
            "སྡེ་": [
                [
                    "བཟུང",
                    "11"
                ],
                [
                    "བཟུང་ནས",
                    "1069"
                ]
            ],
            "སྣར་": [
                [
                    "བཟུང",
                    "11"
                ],
                [
                    "བཟུང་ནས",
                    "1069"
                ]
            ]
        },
        "17": {
            "པེ་": [
                [
                    "ཀྵཾ",
                    "2"
                ]
            ],
            "སྡེ་": [
                [
                    "ཀྵུཾ",
                    "3"
                ]
            ],
            "སྣར་": [
                [
                    "ཀྵཾ",
                    "2"
                ]
            ]
        },
        "18": {
            "པེ་": [
                [
                    "གསུང",
                    "16"
                ],
                [
                    "ཀྱི་གསུང",
                    "448"
                ]
            ],
            "སྡེ་": [
                [
                    "གསུངས",
                    "2338"
                ]
            ],
            "སྣར་": [
                [
                    "གསུང",
                    "16"
                ],
                [
                    "ཀྱི་གསུང",
                    "448"
                ]
            ]
        },
        "19": {
            "པེ་": [
                [
                    "བསྲེག",
                    "120"
                ]
            ],
            "སྡེ་": [
                [
                    "བསྲེགས",
                    "78"
                ],
                [
                    "བསྲེགས།_།",
                    "70"
                ]
            ],
            "སྣར་": [
                [
                    "བསྲེག",
                    "120"
                ]
            ]
        },
        "2": {
            "པེ་": [
                [
                    "ནག་པོའི",
                    "626"
                ]
            ],
            "སྡེ་": [
                [
                    "ནག་པོ་ཆེན་པོའི",
                    "106"
                ]
            ],
            "སྣར་": [
                [
                    "ནག་པོའི",
                    "626"
                ]
            ]
        },
        "20": {
            "པེ་": [
                [
                    "ཅིང",
                    "291"
                ],
                [
                    "ཅིང་མི",
                    "1151"
                ],
                [
                    "སེལ་ཅིང",
                    "66"
                ]
            ],
            "སྡེ་": [
                [
                    "ཞིང",
                    "278"
                ],
                [
                    "ཞིང་མི",
                    "777"
                ]
            ],
            "སྣར་": [
                [
                    "ཅིང",
                    "291"
                ],
                [
                    "ཅིང་མི",
                    "1151"
                ],
                [
                    "སེལ་ཅིང",
                    "66"
                ]
            ]
        },
        "21": {
            "པེ་": [
                [
                    "སྐྲོད་པར",
                    "154"
                ]
            ],
            "སྡེ་": [
                [
                    "སྲུང་བར",
                    "617"
                ]
            ],
            "སྣར་": [
                [
                    "སྐྲོད་པར",
                    "154"
                ]
            ]
        },
        "22": {
            "པེ་": [
                [
                    "བསྒྲུབ་པ",
                    "54"
                ]
            ],
            "སྡེ་": [
                [
                    "སྒྲུབ་པ",
                    "166"
                ]
            ],
            "སྣར་": [
                [
                    "བསྒྲུབ་པ",
                    "54"
                ]
            ]
        },
        "23": {
            "པེ་": [
                [
                    "སྡིགས",
                    "1"
                ]
            ],
            "སྡེ་": [
                [
                    "སྡིག",
                    "16"
                ],
                [
                    "དང་སྡིག",
                    "195"
                ]
            ],
            "སྣར་": [
                [
                    "སྡིགས",
                    "1"
                ]
            ]
        },
        "24": {
            "པེ་": [
                [
                    "བསྙེམས་པ",
                    "48"
                ]
            ],
            "སྡེ་": [
                [
                    "བརྙེས་པ",
                    "260"
                ]
            ],
            "སྣར་": [
                [
                    "བསྙེམས་པ",
                    "48"
                ]
            ]
        },
        "25": {
            "པེ་": [],
            "སྡེ་": [],
            "སྣར་": []
        },
        "26": {
            "པེ་": [],
            "སྡེ་": [],
            "སྣར་": []
        },
        "27": {
            "པེ་": [
                [
                    "ཀྱི",
                    "5256"
                ],
                [
                    "ཁྱོད་ཀྱི",
                    "3668"
                ],
                [
                    "ཀྱི་འགྲོ་བ",
                    "109"
                ]
            ],
            "སྡེ་": [
                [
                    "ཀྱིས",
                    "6156"
                ],
                [
                    "ཁྱོད་ཀྱིས",
                    "55"
                ],
                [
                    "ཀྱིས་འགྲོ་བ",
                    "105"
                ]
            ],
            "སྣར་": [
                [
                    "ཀྱི",
                    "5256"
                ],
                [
                    "ཁྱོད་ཀྱི",
                    "3668"
                ],
                [
                    "ཀྱི་འགྲོ་བ",
                    "109"
                ]
            ]
        },
        "28": {
            "པེ་": [
                [
                    "བསྐྱང",
                    "486"
                ]
            ],
            "སྡེ་": [
                [
                    "སྐྱོང",
                    "5"
                ]
            ],
            "སྣར་": [
                [
                    "བསྐྱང",
                    "486"
                ]
            ]
        },
        "29": {
            "པེ་": [
                [
                    "སྟེང",
                    "2"
                ],
                [
                    "ས་སྟེང",
                    "292"
                ],
                [
                    "སྟེང་དང",
                    "317"
                ]
            ],
            "སྡེ་": [
                [
                    "སྟེངས",
                    "1"
                ],
                [
                    "ས་སྟེངས",
                    "203"
                ]
            ],
            "སྣར་": [
                [
                    "སྟེང",
                    "2"
                ],
                [
                    "ས་སྟེང",
                    "292"
                ],
                [
                    "སྟེང་དང",
                    "317"
                ]
            ]
        },
        "3": {
            "པེ་": [
                [
                    "སྟོད་པ",
                    "102"
                ]
            ],
            "སྡེ་": [
                [
                    "བསྟོད་པ",
                    "266"
                ]
            ],
            "སྣར་": [
                [
                    "བསྟོད་པ",
                    "266"
                ]
            ]
        },
        "30": {
            "པེ་": [
                [
                    "",
                    "1"
                ],
                [
                    "མཛད་པ",
                    "1162"
                ]
            ],
            "སྡེ་": [
                [
                    "",
                    "1"
                ],
                [
                    "མཛད་པ",
                    "1162"
                ]
            ],
            "སྣར་": [
                [
                    "",
                    "1"
                ],
                [
                    "མཛད་པ",
                    "1162"
                ]
            ]
        },
        "4": {
            "པེ་": [
                [
                    "ཡི",
                    "8322"
                ],
                [
                    "སྒྲ་ཡི",
                    "174"
                ]
            ],
            "སྡེ་": [
                [
                    "ཡིས",
                    "7433"
                ],
                [
                    "སྒྲ་ཡིས",
                    "142"
                ]
            ],
            "སྣར་": [
                [
                    "ཡི",
                    "8322"
                ],
                [
                    "སྒྲ་ཡི",
                    "174"
                ]
            ]
        },
        "5": {
            "པེ་": [
                [
                    "",
                    "1"
                ],
                [
                    "ནི",
                    "44237"
                ],
                [
                    "ཤིན་ཏུ",
                    "26358"
                ],
                [
                    "ནི་ཤིན་ཏུ",
                    "1630"
                ]
            ],
            "སྡེ་": [
                [
                    "བདུད་སྡེ",
                    "54"
                ]
            ],
            "སྣར་": [
                [
                    "",
                    "1"
                ],
                [
                    "ནི",
                    "44237"
                ],
                [
                    "ཤིན་ཏུ",
                    "26358"
                ],
                [
                    "ནི་ཤིན་ཏུ",
                    "1630"
                ]
            ]
        },
        "6": {
            "པེ་": [],
            "སྡེ་": [
                [
                    "ཐོད་པའི",
                    "381"
                ],
                [
                    "ཐོད་པའི་ཕྲེང་བ",
                    "47"
                ]
            ],
            "སྣར་": []
        },
        "7": {
            "པེ་": [],
            "སྡེ་": [
                [
                    "དབུ་སྐྲ",
                    "303"
                ],
                [
                    "།_།དབུ་སྐྲ",
                    "73"
                ],
                [
                    "དབུ་སྐྲ་དང",
                    "102"
                ]
            ],
            "སྣར་": [
                [
                    "དབུ་སྐྲ",
                    "303"
                ],
                [
                    "།_།དབུ་སྐྲ",
                    "73"
                ],
                [
                    "དབུ་སྐྲ་དང",
                    "102"
                ]
            ]
        },
        "8": {
            "པེ་": [
                [
                    "བསྲུང་བར",
                    "977"
                ]
            ],
            "སྡེ་": [
                [
                    "སྲུང་བར",
                    "617"
                ]
            ],
            "སྣར་": [
                [
                    "བསྲུང་བར",
                    "977"
                ]
            ]
        },
        "9": {
            "པེ་": [
                [
                    "སྒྱུར",
                    "104"
                ]
            ],
            "སྡེ་": [
                [
                    "བསྒྱུར",
                    "187"
                ]
            ],
            "སྣར་": [
                [
                    "སྒྱུར",
                    "104"
                ]
            ]
        }
    },
    "non_standard_notes": [],
    "profile": {
        "1": [
            "པེ་=སྣར་ སྡེ་",
            "83.33%"
        ],
        "10": [
            "པེ་=སྣར་ སྡེ་",
            "83.33%"
        ],
        "11": [
            "པེ་=སྣར་ སྡེ་",
            "83.33%"
        ],
        "12": [
            "པེ་=སྣར་ སྡེ་",
            "83.33%"
        ],
        "13": [
            "པེ་=སྣར་ སྡེ་",
            "83.33%"
        ],
        "14": [
            "པེ་=སྣར་ སྡེ་",
            "83.33%"
        ],
        "15": [
            "པེ་=སྣར་ སྡེ་",
            "83.33%"
        ],
        "16": [
            "པེ་ སྡེ་=སྣར་",
            "13.33%"
        ],
        "17": [
            "པེ་=སྣར་ སྡེ་",
            "83.33%"
        ],
        "18": [
            "པེ་=སྣར་ སྡེ་",
            "83.33%"
        ],
        "19": [
            "པེ་=སྣར་ སྡེ་",
            "83.33%"
        ],
        "2": [
            "པེ་=སྣར་ སྡེ་",
            "83.33%"
        ],
        "20": [
            "པེ་=སྣར་ སྡེ་",
            "83.33%"
        ],
        "21": [
            "པེ་=སྣར་ སྡེ་",
            "83.33%"
        ],
        "22": [
            "པེ་=སྣར་ སྡེ་",
            "83.33%"
        ],
        "23": [
            "པེ་=སྣར་ སྡེ་",
            "83.33%"
        ],
        "24": [
            "པེ་=སྣར་ སྡེ་",
            "83.33%"
        ],
        "25": [
            "པེ་ སྡེ་=སྣར་",
            "13.33%"
        ],
        "26": [
            "པེ་=སྣར་ སྡེ་",
            "83.33%"
        ],
        "27": [
            "པེ་=སྣར་ སྡེ་",
            "83.33%"
        ],
        "28": [
            "པེ་=སྣར་ སྡེ་",
            "83.33%"
        ],
        "29": [
            "པེ་=སྣར་ སྡེ་",
            "83.33%"
        ],
        "3": [
            "པེ་ སྡེ་=སྣར་",
            "13.33%"
        ],
        "30": [
            "པེ་=སྡེ་=སྣར་",
            "3.33%"
        ],
        "4": [
            "པེ་=སྣར་ སྡེ་",
            "83.33%"
        ],
        "5": [
            "པེ་=སྣར་ སྡེ་",
            "83.33%"
        ],
        "6": [
            "པེ་=སྣར་ སྡེ་",
            "83.33%"
        ],
        "7": [
            "པེ་ སྡེ་=སྣར་",
            "13.33%"
        ],
        "8": [
            "པེ་=སྣར་ སྡེ་",
            "83.33%"
        ],
        "9": [
            "པེ་=སྣར་ སྡེ་",
            "83.33%"
        ]
    }
}