﻿{
    "Stats": {
        "Categorised": "18 notes (75.00%)",
        "Notes’ total": 24,
        "Profiles": [
            "པེ་=སྣར་ སྡེ་: 78.95% (15 notes)",
            "པེ་=སྡེ་=སྣར་: 5.26% (1 notes)",
            "པེ་=སྡེ་ སྣར་: 5.26% (1 notes)",
            "པེ་ སྡེ་=སྣར་: 10.53% (2 notes)"
        ],
        "automatic_categorisation": {
            "min_mod": {
                "min_mod_groups": 1,
                "particle_groups": 3
            },
            "particle_issues": {
                "po-bo-pa-ba": 5
            },
            "spelling_mistake": {
                "non_word": {}
            },
            "sskrt": 4,
            "verb_difference": {
                "diff_tense": 2,
                "diff_verb": 2
            }
        },
        "dunno": {
            "no_diff": 1,
            "short_diff": 5
        },
        "empty_notes": 1,
        "manual_categorisation": {
            "long_difference": {},
            "manual_evaluation": {
                "meaning_difference": {}
            }
        },
        "ngram_freq": {},
        "profile": {}
    },
    "automatic_categorisation": {
        "min_mod": {
            "min_mod_groups": [
                {
                    "12": [
                        [
                            [
                                "ན",
                                "ནི"
                            ]
                        ],
                        {
                            "པེ་": [
                                "དོ །_། དེ་ཉིད་ ཀྱིས་",
                                "ན་",
                                "མི་ འགྱུར་བ་ སྟེ་ རང་"
                            ],
                            "སྡེ་": [
                                "དོ །_། དེ་ཉིད་ ཀྱིས་",
                                "ན་",
                                "མི་ འགྱུར་བ་ སྟེ་ རང་"
                            ],
                            "སྣར་": [
                                "དོ །_། དེ་ཉིད་ ཀྱིས་",
                                "ནི་",
                                "མི་ འགྱུར་བ་ སྟེ་ རང་"
                            ]
                        }
                    ]
                }
            ],
            "particle_groups": [
                {
                    "1": [
                        [
                            "dreldra",
                            "jedra"
                        ],
                        {
                            "པེ་": [
                                "ཀྱིས་ མཛད་པ །_། གཞན་",
                                "གྱིས་",
                                "གསོལ་བ ས་ བསྐུལ་བ ས་ ན"
                            ],
                            "སྡེ་": [
                                "ཀྱིས་ མཛད་པ །_། གཞན་",
                                "གྱི་",
                                "གསོལ་བ ས་ བསྐུལ་བ ས་ ན"
                            ],
                            "སྣར་": [
                                "ཀྱིས་ མཛད་པ །_། གཞན་",
                                "གྱིས་",
                                "གསོལ་བ ས་ བསྐུལ་བ ས་ ན"
                            ]
                        }
                    ]
                },
                {
                    "7": [
                        [
                            "dreldra",
                            "jedra"
                        ],
                        {
                            "པེ་": [
                                "པ འི་ བག་ཆགས་ ཀྱི་ སྟོབས་",
                                "ཀྱི་",
                                "སྣོད་ དང་ #བཅུད་ ཀྱི་ ཚུལ་"
                            ],
                            "སྡེ་": [
                                "པ འི་ བག་ཆགས་ ཀྱི་ སྟོབས་",
                                "ཀྱིས་",
                                "སྣོད་ དང་ #བཅུད་ ཀྱི་ ཚུལ་"
                            ],
                            "སྣར་": [
                                "པ འི་ བག་ཆགས་ ཀྱི་ སྟོབས་",
                                "ཀྱི་",
                                "སྣོད་ དང་ #བཅུད་ ཀྱི་ ཚུལ་"
                            ]
                        }
                    ]
                },
                {
                    "17": [
                        [
                            "dreldra",
                            "jedra"
                        ],
                        {
                            "པེ་": [
                                " །_ སླ ར་ ཡང་ དགའ་ ལྡན་",
                                "གྱིས་",
                                "གནས་ མཆོག་ ཏུ་ བཞུགས་པ འི་"
                            ],
                            "སྡེ་": [
                                " །_ སླ ར་ ཡང་ དགའ་ ལྡན་",
                                "གྱི་",
                                "གནས་ མཆོག་ ཏུ་ བཞུགས་པ འི་"
                            ],
                            "སྣར་": [
                                " །_ སླ ར་ ཡང་ དགའ་ ལྡན་",
                                "གྱིས་",
                                "གནས་ མཆོག་ ཏུ་ བཞུགས་པ འི་"
                            ]
                        }
                    ]
                }
            ]
        },
        "particle_issues": {
            "added_particle": [],
            "agreement_issue": [],
            "different_particles": [],
            "other": [],
            "po-bo-pa-ba": [
                {
                    "4": [
                        "dagdra_pa",
                        {
                            "པེ་": [
                                "དུ་མ་ སྟེ །_",
                                "གཉིས་པ་",
                                "ནི་ གཉིས་ མེད་པ་ ཉིད་"
                            ],
                            "སྡེ་": [
                                "དུ་མ་ སྟེ །_",
                                "གཉིས་",
                                "ནི་ གཉིས་ མེད་པ་ ཉིད་"
                            ],
                            "སྣར་": [
                                "དུ་མ་ སྟེ །_",
                                "གཉིས་པ་",
                                "ནི་ གཉིས་ མེད་པ་ ཉིད་"
                            ]
                        }
                    ]
                },
                {
                    "10": [
                        "dagdra_pa",
                        {
                            "པེ་": [
                                "དངོས་ མིན་ དངོས་པོ་",
                                "མེད་པ་",
                                "མ་ ཡིན །_། ཞེས་ བྱ་"
                            ],
                            "སྡེ་": [
                                "དངོས་ མིན་ དངོས་པོ་",
                                "མེད་",
                                "མ་ ཡིན །_། ཞེས་ བྱ་"
                            ],
                            "སྣར་": [
                                "དངོས་ མིན་ དངོས་པོ་",
                                "མེད་པ་",
                                "མ་ ཡིན །_། ཞེས་ བྱ་"
                            ]
                        }
                    ]
                },
                {
                    "11": [
                        "dagdra_pa",
                        {
                            "པེ་": [
                                "མ་ ཡིན །_།",
                                "ཞེས་ བྱ་",
                                "སྟེ་ ཡོད་པ་ དང་ མེད་"
                            ],
                            "སྡེ་": [
                                "མ་ ཡིན །_།",
                                "ཞེས་བྱ་བ་",
                                "སྟེ་ ཡོད་པ་ དང་ མེད་"
                            ],
                            "སྣར་": [
                                "མ་ ཡིན །_།",
                                "ཞེས་ བྱ་",
                                "སྟེ་ ཡོད་པ་ དང་ མེད་"
                            ]
                        }
                    ]
                },
                {
                    "15": [
                        "dagdra_pa",
                        {
                            "པེ་": [
                                "པ་ གསུམ་ གྱི་ འཇིགས་",
                                "སེལ་བ་",
                                "ཞེས་བྱ་བ་ སྟེ ། "
                            ],
                            "སྡེ་": [
                                "པ་ གསུམ་ གྱི་ འཇིགས་",
                                "སེལ་",
                                "ཞེས་བྱ་བ་ སྟེ ། "
                            ],
                            "སྣར་": [
                                "པ་ གསུམ་ གྱི་ འཇིགས་",
                                "སེལ་བ་",
                                "ཞེས་བྱ་བ་ སྟེ ། "
                            ]
                        }
                    ]
                },
                {
                    "16": [
                        "dagdra_pa",
                        {
                            "པེ་": [
                                "པ འི་ སྐུས་ དེ་ བཞིན་",
                                "གཤེགས་",
                                "ཐམས་ཅད་ ལོངས་སྤྱོད་ རྫོགས་"
                            ],
                            "སྡེ་": [
                                "པ འི་ སྐུས་ དེ་ བཞིན་",
                                "གཤེགས་པ་",
                                "ཐམས་ཅད་ ལོངས་སྤྱོད་ རྫོགས་"
                            ],
                            "སྣར་": [
                                "པ འི་ སྐུས་ དེ་ བཞིན་",
                                "གཤེགས་པ་",
                                "ཐམས་ཅད་ ལོངས་སྤྱོད་ རྫོགས་"
                            ]
                        }
                    ]
                }
            ]
        },
        "spelling_mistake": {
            "missing_vowel": [],
            "nga_da": [],
            "non_word": {
                "ill_formed": [],
                "well_formed": []
            }
        },
        "sskrt": [
            {
                "5": [
                    {
                        "པེ་": [
                            "དེ་ མ་ མཐོང་ སྟེ །_",
                            "ས་",
                            "ལུ་ ལ་སོགས་པ འི་ ས་"
                        ],
                        "སྡེ་": [
                            "དེ་ མ་ མཐོང་ སྟེ །_",
                            "#སཱ་",
                            "ལུ་ ལ་སོགས་པ འི་ ས་"
                        ],
                        "སྣར་": [
                            "དེ་ མ་ མཐོང་ སྟེ །_",
                            "ས་",
                            "ལུ་ ལ་སོགས་པ འི་ ས་"
                        ]
                    }
                ]
            },
            {
                "6": [
                    {
                        "པེ་": [
                            "པ འི་ ས་བོན་ ལས་ ནི་",
                            "ས་",
                            "ལུ འི་ འབྲས་བུ འོ །_། དེ་"
                        ],
                        "སྡེ་": [
                            "པ འི་ ས་བོན་ ལས་ ནི་",
                            "#སཱ་",
                            "ལུ འི་ འབྲས་བུ འོ །_། དེ་"
                        ],
                        "སྣར་": [
                            "པ འི་ ས་བོན་ ལས་ ནི་",
                            "ས་",
                            "ལུ འི་ འབྲས་བུ འོ །_། དེ་"
                        ]
                    }
                ]
            },
            {
                "13": [
                    {
                        "པེ་": [
                            "ཆོས་ ཀྱི་ འཁོར་ལོ་",
                            "ནི་བ་ ར་ #ཎཱ་ #སིར་",
                            "དྲང་ སྲོང་ སྨྲ་བ་ རི་"
                        ],
                        "སྡེ་": [
                            "ཆོས་ ཀྱི་ འཁོར་ལོ་",
                            "ནི་ བཱ་རཱ་ཎ་སཱི ར་",
                            "དྲང་ སྲོང་ སྨྲ་བ་ རི་"
                        ],
                        "སྣར་": [
                            "ཆོས་ ཀྱི་ འཁོར་ལོ་",
                            "ནི་བ་ ར་ #ཎཱ་ #སིར་",
                            "དྲང་ སྲོང་ སྨྲ་བ་ རི་"
                        ]
                    }
                ]
            },
            {
                "18": [
                    {
                        "པེ་": [
                            "རྒྱ་གར་ གྱི་ མཁན་པོ་",
                            "#ཤྲངྡྷྲཱ་",
                            "ཀ་ ར་ #ཝརྨ་ དང་  ། "
                        ],
                        "སྡེ་": [
                            "རྒྱ་གར་ གྱི་ མཁན་པོ་",
                            "#ཤྲདྡྷཱ་",
                            "ཀ་ ར་ #ཝརྨ་ དང་  ། "
                        ],
                        "སྣར་": [
                            "རྒྱ་གར་ གྱི་ མཁན་པོ་",
                            "#ཤྲདྡྷཱ་",
                            "ཀ་ ར་ #ཝརྨ་ དང་  ། "
                        ]
                    }
                ]
            }
        ],
        "verb_difference": {
            "diff_tense": [
                {
                    "3": [
                        [
                            "《བསྒྲུབ》ཞེས་པ།【〈སྒྲུབ〉གི་ མ་འོངས་པ།】【〈སྒྲུབ〉གི་ མ་འོངས་པ། ཐ་དད་པ།】",
                            "《སྒྲུབ》ཞེས་པ།【〈སྒྲུབ〉གི་ ད་ལྟ་བ།】【〈སྒྲུབ〉གི་ ད་ལྟ་བ། ཐ་དད་པ།】"
                        ],
                        {
                            "པེ་": [
                                "པ འམ །_ སྒྲུབ་པ་ དང་",
                                "སྒྲུབ་པ ར་",
                                "བྱ་བ འི་ མཚན་ཉིད་"
                            ],
                            "སྡེ་": [
                                "པ འམ །_ སྒྲུབ་པ་ དང་",
                                "བསྒྲུབ་པ ར་",
                                "བྱ་བ འི་ མཚན་ཉིད་"
                            ],
                            "སྣར་": [
                                "པ འམ །_ སྒྲུབ་པ་ དང་",
                                "སྒྲུབ་པ ར་",
                                "བྱ་བ འི་ མཚན་ཉིད་"
                            ]
                        }
                    ]
                },
                {
                    "9": [
                        [
                            "《ལྟ》ཞེས་པ།【〈ལྟ〉གི་ ད་ལྟ་བ།】【〈ལྟ〉གི་ ད་ལྟ་བ། ཐ་དད་པ།】",
                            "《བལྟ》ཞེས་པ།【〈ལྟ〉གི་ མ་འོངས་པ།】【〈ལྟ〉གི་ མ་འོངས་པ། ཐ་དད་པ།】"
                        ],
                        {
                            "པེ་": [
                                "དག་ ཉིད་ ལ་ ཡང་དག་",
                                "བལྟ",
                                "།_། ཡང་དག་ མཐོང་ ན་"
                            ],
                            "སྡེ་": [
                                "དག་ ཉིད་ ལ་ ཡང་དག་",
                                "ལྟ",
                                "།_། ཡང་དག་ མཐོང་ ན་"
                            ],
                            "སྣར་": [
                                "དག་ ཉིད་ ལ་ ཡང་དག་",
                                "བལྟ",
                                "།_། ཡང་དག་ མཐོང་ ན་"
                            ]
                        }
                    ]
                }
            ],
            "diff_verb": [
                {
                    "2": [
                        [
                            "《བརྗོད》ཞེས་པ།【〈བརྗོད〉གི་ མ་འོངས་པ། ཐ་དད་པ།】【〈བརྗོད〉གི་ འདས་པ། ཐ་དད་པ།】【〈རྗོད〉གི་ མ་འོངས་པ། ཐ་དད་པ།】【〈རྗོད〉གི་ འདས་པ། ཐ་དད་པ།】",
                            "《རྗོད》ཞེས་པ།【〈བརྗོད〉གི་ ད་ལྟ་བ། ཐ་དད་པ།】【〈བརྗོད〉གི་ སྐུལ་ཚིག ཐ་དད་པ།】【〈རྗོད〉གི་ ད་ལྟ་བ། ཐ་དད་པ།】【〈རྗོད〉གི་ སྐུལ་ཚིག ཐ་དད་པ།】"
                        ],
                        {
                            "པེ་": [
                                "ཚིགས་ སུ་ བཅད་པ་ དག་",
                                "བརྗོད་པ་",
                                "དང་ བརྗོད་པ ར་ བྱ་"
                            ],
                            "སྡེ་": [
                                "ཚིགས་ སུ་ བཅད་པ་ དག་",
                                "རྗོད་པ་",
                                "དང་ བརྗོད་པ ར་ བྱ་"
                            ],
                            "སྣར་": [
                                "ཚིགས་ སུ་ བཅད་པ་ དག་",
                                "བརྗོད་པ་",
                                "དང་ བརྗོད་པ ར་ བྱ་"
                            ]
                        }
                    ]
                },
                {
                    "8": [
                        [
                            "《བཞག》ཞེས་པ།【〈འཇོག〉གི་ འདས་པ།】【〈འཇོག〉གི་ འདས་པ། ཐ་དད་པ།】",
                            "《གཞལ》ཞེས་པ།【〈འཇལ〉གི་ མ་འོངས་པ།】【〈འཇལ〉གི་ མ་འོངས་པ། ཐ་དད་པ།】"
                        ],
                        {
                            "པེ་": [
                                "བྱ་ ཅི་ཡང་ མེད །_།",
                                "བཞག་",
                                "བར་ བྱ་བ་ གང་ ཡང་"
                            ],
                            "སྡེ་": [
                                "བྱ་ ཅི་ཡང་ མེད །_།",
                                "གཞལ་",
                                "བར་ བྱ་བ་ གང་ ཡང་"
                            ],
                            "སྣར་": [
                                "བྱ་ ཅི་ཡང་ མེད །_།",
                                "བཞག་",
                                "བར་ བྱ་བ་ གང་ ཡང་"
                            ]
                        }
                    ]
                }
            ],
            "not_sure": []
        }
    },
    "dunno": {
        "long_diff": [],
        "no_diff": [
            {
                "14": [
                    {
                        "པེ་": [
                            "སྨྲ་བ་ རི་ དགས་ ཀྱི་",
                            "གནས་",
                            "སུ འོ །_། རབ་ཏུ་ ཞི་"
                        ],
                        "སྡེ་": [
                            "སྨྲ་བ་ རི་ དགས་ ཀྱི་",
                            "ནགས་",
                            "སུ འོ །_། རབ་ཏུ་ ཞི་"
                        ],
                        "སྣར་": [
                            "སྨྲ་བ་ རི་ དགས་ ཀྱི་",
                            "གནས་",
                            "སུ འོ །_། རབ་ཏུ་ ཞི་"
                        ]
                    }
                ]
            }
        ],
        "short_diff": [
            {
                "4": [
                    {
                        "པེ་": [
                            "དུ་མ་ སྟེ །_",
                            "གཉིས་པ་",
                            "ནི་ གཉིས་ མེད་པ་ ཉིད་"
                        ],
                        "སྡེ་": [
                            "དུ་མ་ སྟེ །_",
                            "གཉིས་",
                            "ནི་ གཉིས་ མེད་པ་ ཉིད་"
                        ],
                        "སྣར་": [
                            "དུ་མ་ སྟེ །_",
                            "གཉིས་པ་",
                            "ནི་ གཉིས་ མེད་པ་ ཉིད་"
                        ]
                    }
                ]
            },
            {
                "10": [
                    {
                        "པེ་": [
                            "དངོས་ མིན་ དངོས་པོ་",
                            "མེད་པ་",
                            "མ་ ཡིན །_། ཞེས་ བྱ་"
                        ],
                        "སྡེ་": [
                            "དངོས་ མིན་ དངོས་པོ་",
                            "མེད་",
                            "མ་ ཡིན །_། ཞེས་ བྱ་"
                        ],
                        "སྣར་": [
                            "དངོས་ མིན་ དངོས་པོ་",
                            "མེད་པ་",
                            "མ་ ཡིན །_། ཞེས་ བྱ་"
                        ]
                    }
                ]
            },
            {
                "11": [
                    {
                        "པེ་": [
                            "མ་ ཡིན །_།",
                            "ཞེས་ བྱ་",
                            "སྟེ་ ཡོད་པ་ དང་ མེད་"
                        ],
                        "སྡེ་": [
                            "མ་ ཡིན །_།",
                            "ཞེས་བྱ་བ་",
                            "སྟེ་ ཡོད་པ་ དང་ མེད་"
                        ],
                        "སྣར་": [
                            "མ་ ཡིན །_།",
                            "ཞེས་ བྱ་",
                            "སྟེ་ ཡོད་པ་ དང་ མེད་"
                        ]
                    }
                ]
            },
            {
                "15": [
                    {
                        "པེ་": [
                            "པ་ གསུམ་ གྱི་ འཇིགས་",
                            "སེལ་བ་",
                            "ཞེས་བྱ་བ་ སྟེ ། "
                        ],
                        "སྡེ་": [
                            "པ་ གསུམ་ གྱི་ འཇིགས་",
                            "སེལ་",
                            "ཞེས་བྱ་བ་ སྟེ ། "
                        ],
                        "སྣར་": [
                            "པ་ གསུམ་ གྱི་ འཇིགས་",
                            "སེལ་བ་",
                            "ཞེས་བྱ་བ་ སྟེ ། "
                        ]
                    }
                ]
            },
            {
                "16": [
                    {
                        "པེ་": [
                            "པ འི་ སྐུས་ དེ་ བཞིན་",
                            "གཤེགས་",
                            "ཐམས་ཅད་ ལོངས་སྤྱོད་ རྫོགས་"
                        ],
                        "སྡེ་": [
                            "པ འི་ སྐུས་ དེ་ བཞིན་",
                            "གཤེགས་པ་",
                            "ཐམས་ཅད་ ལོངས་སྤྱོད་ རྫོགས་"
                        ],
                        "སྣར་": [
                            "པ འི་ སྐུས་ དེ་ བཞིན་",
                            "གཤེགས་པ་",
                            "ཐམས་ཅད་ ལོངས་སྤྱོད་ རྫོགས་"
                        ]
                    }
                ]
            }
        ]
    },
    "empty_notes": [
        {
            "19": [
                {
                    "པེ་": [
                        "ཞུས་པ་ ལགས་ སོ །། ",
                        "",
                        "ཞུས་པ་ ལགས་ སོ །། "
                    ],
                    "སྡེ་": [
                        "ཞུས་པ་ ལགས་ སོ །། ",
                        "",
                        "ཞུས་པ་ ལགས་ སོ །། "
                    ],
                    "སྣར་": [
                        "ཞུས་པ་ ལགས་ སོ །། ",
                        "",
                        "ཞུས་པ་ ལགས་ སོ །། "
                    ]
                }
            ]
        }
    ],
    "manual_categorisation": {
        "long_difference": {
            "differing_formulation": [],
            "major_modification": []
        },
        "manual_evaluation": {
            "derge_correct": [],
            "meaning_difference": {
                "great_diff": [],
                "medium_diff": [],
                "small_diff": []
            }
        }
    },
    "ngram_freq": {
        "1": {
            "པེ་": [
                [
                    "གྱིས",
                    "7492"
                ],
                [
                    "གཞན་གྱིས",
                    "1902"
                ]
            ],
            "སྡེ་": [
                [
                    "གྱི",
                    "3024"
                ],
                [
                    "གཞན་གྱི",
                    "3364"
                ]
            ],
            "སྣར་": [
                [
                    "གྱིས",
                    "7492"
                ],
                [
                    "གཞན་གྱིས",
                    "1902"
                ]
            ]
        },
        "10": {
            "པེ་": [
                [
                    "མེད་པ",
                    "5438"
                ],
                [
                    "མེད་པ་མ",
                    "532"
                ],
                [
                    "དངོས་པོ་མེད་པ",
                    "49"
                ],
                [
                    "དངོས་པོ་མེད་པ་མ",
                    "104"
                ],
                [
                    "དངོས་པོ་མེད་པ་མ་ཡིན",
                    "98"
                ]
            ],
            "སྡེ་": [
                [
                    "མེད",
                    "12565"
                ],
                [
                    "མེད་མ",
                    "284"
                ],
                [
                    "དངོས་པོ་མེད",
                    "81"
                ]
            ],
            "སྣར་": [
                [
                    "མེད་པ",
                    "5438"
                ],
                [
                    "མེད་པ་མ",
                    "532"
                ],
                [
                    "དངོས་པོ་མེད་པ",
                    "49"
                ],
                [
                    "དངོས་པོ་མེད་པ་མ",
                    "104"
                ],
                [
                    "དངོས་པོ་མེད་པ་མ་ཡིན",
                    "98"
                ]
            ]
        },
        "11": {
            "པེ་": [
                [
                    "ཞེས་བྱ",
                    "58539"
                ],
                [
                    "།_།ཞེས་བྱ",
                    "673"
                ],
                [
                    "ཞེས་བྱ་སྟེ",
                    "304"
                ]
            ],
            "སྡེ་": [
                [
                    "ཞེས་བྱ་བ",
                    "535"
                ],
                [
                    "།_།ཞེས་བྱ་བ",
                    "361"
                ],
                [
                    "ཞེས་བྱ་བ་སྟེ",
                    "212"
                ]
            ],
            "སྣར་": [
                [
                    "ཞེས་བྱ",
                    "58539"
                ],
                [
                    "།_།ཞེས་བྱ",
                    "673"
                ],
                [
                    "ཞེས་བྱ་སྟེ",
                    "304"
                ]
            ]
        },
        "12": {
            "པེ་": [
                [
                    "ན",
                    "73509"
                ],
                [
                    "ན་མི",
                    "2653"
                ],
                [
                    "ཀྱིས་ན",
                    "91"
                ]
            ],
            "སྡེ་": [
                [
                    "ན",
                    "73509"
                ],
                [
                    "ན་མི",
                    "2653"
                ],
                [
                    "ཀྱིས་ན",
                    "91"
                ]
            ],
            "སྣར་": [
                [
                    "ནི",
                    "44237"
                ],
                [
                    "ནི་མི",
                    "4953"
                ],
                [
                    "ཀྱིས་ནི",
                    "2449"
                ],
                [
                    "ཀྱིས་ནི་མི",
                    "73"
                ]
            ]
        },
        "13": {
            "པེ་": [],
            "སྡེ་": [],
            "སྣར་": []
        },
        "14": {
            "པེ་": [
                [
                    "གནས",
                    "6157"
                ],
                [
                    "གནས་སུ",
                    "111"
                ],
                [
                    "ཀྱི་གནས",
                    "110"
                ],
                [
                    "ཀྱི་གནས་སུ",
                    "299"
                ]
            ],
            "སྡེ་": [
                [
                    "ནགས",
                    "10"
                ],
                [
                    "ནགས་སུ",
                    "193"
                ],
                [
                    "ཀྱི་ནགས",
                    "323"
                ],
                [
                    "ཀྱི་ནགས་སུ",
                    "61"
                ]
            ],
            "སྣར་": [
                [
                    "གནས",
                    "6157"
                ],
                [
                    "གནས་སུ",
                    "111"
                ],
                [
                    "ཀྱི་གནས",
                    "110"
                ],
                [
                    "ཀྱི་གནས་སུ",
                    "299"
                ]
            ]
        },
        "15": {
            "པེ་": [
                [
                    "སེལ་བ",
                    "101"
                ]
            ],
            "སྡེ་": [
                [
                    "སེལ",
                    "271"
                ]
            ],
            "སྣར་": [
                [
                    "སེལ་བ",
                    "101"
                ]
            ]
        },
        "16": {
            "པེ་": [
                [
                    "གཤེགས",
                    "620"
                ],
                [
                    "བཞིན་གཤེགས",
                    "362"
                ]
            ],
            "སྡེ་": [
                [
                    "གཤེགས་པ",
                    "503"
                ],
                [
                    "བཞིན་གཤེགས་པ",
                    "39167"
                ],
                [
                    "གཤེགས་པ་ཐམས་ཅད",
                    "4817"
                ],
                [
                    "བཞིན་གཤེགས་པ་ཐམས་ཅད",
                    "4797"
                ],
                [
                    "དེ་བཞིན་གཤེགས་པ་ཐམས་ཅད",
                    "4794"
                ]
            ],
            "སྣར་": [
                [
                    "གཤེགས་པ",
                    "503"
                ],
                [
                    "བཞིན་གཤེགས་པ",
                    "39167"
                ],
                [
                    "གཤེགས་པ་ཐམས་ཅད",
                    "4817"
                ],
                [
                    "བཞིན་གཤེགས་པ་ཐམས་ཅད",
                    "4797"
                ],
                [
                    "དེ་བཞིན་གཤེགས་པ་ཐམས་ཅད",
                    "4794"
                ]
            ]
        },
        "17": {
            "པེ་": [
                [
                    "གྱིས",
                    "7492"
                ],
                [
                    "ལྡན་གྱིས",
                    "67"
                ],
                [
                    "གྱིས་གནས",
                    "1292"
                ]
            ],
            "སྡེ་": [
                [
                    "གྱི",
                    "3024"
                ],
                [
                    "གྱི་གནས",
                    "67"
                ],
                [
                    "ལྡན་གྱི",
                    "999"
                ],
                [
                    "ལྡན་གྱི་གནས",
                    "223"
                ],
                [
                    "དགའ་ལྡན་གྱི་གནས",
                    "215"
                ]
            ],
            "སྣར་": [
                [
                    "གྱིས",
                    "7492"
                ],
                [
                    "ལྡན་གྱིས",
                    "67"
                ],
                [
                    "གྱིས་གནས",
                    "1292"
                ]
            ]
        },
        "18": {
            "པེ་": [],
            "སྡེ་": [
                [
                    "ཤྲདྡྷཱ",
                    "2"
                ]
            ],
            "སྣར་": [
                [
                    "ཤྲདྡྷཱ",
                    "2"
                ]
            ]
        },
        "19": {
            "པེ་": [
                [
                    "",
                    "1"
                ],
                [
                    "ཞུས་པ",
                    "995"
                ]
            ],
            "སྡེ་": [
                [
                    "",
                    "1"
                ],
                [
                    "ཞུས་པ",
                    "995"
                ]
            ],
            "སྣར་": [
                [
                    "",
                    "1"
                ],
                [
                    "ཞུས་པ",
                    "995"
                ]
            ]
        },
        "2": {
            "པེ་": [
                [
                    "བརྗོད་པ",
                    "349"
                ],
                [
                    "བརྗོད་པ་དང",
                    "926"
                ]
            ],
            "སྡེ་": [
                [
                    "རྗོད་པ",
                    "479"
                ],
                [
                    "རྗོད་པ་དང",
                    "116"
                ]
            ],
            "སྣར་": [
                [
                    "བརྗོད་པ",
                    "349"
                ],
                [
                    "བརྗོད་པ་དང",
                    "926"
                ]
            ]
        },
        "3": {
            "པེ་": [
                [
                    "སྒྲུབ་པར",
                    "1384"
                ]
            ],
            "སྡེ་": [
                [
                    "བསྒྲུབ་པར",
                    "3518"
                ],
                [
                    "བསྒྲུབ་པར་བྱ་བ",
                    "119"
                ]
            ],
            "སྣར་": [
                [
                    "སྒྲུབ་པར",
                    "1384"
                ]
            ]
        },
        "4": {
            "པེ་": [
                [
                    "གཉིས་པ",
                    "438"
                ],
                [
                    "།_གཉིས་པ",
                    "106"
                ],
                [
                    "གཉིས་པ་ནི",
                    "255"
                ]
            ],
            "སྡེ་": [
                [
                    "གཉིས",
                    "698"
                ],
                [
                    "།_གཉིས",
                    "1668"
                ],
                [
                    "གཉིས་ནི",
                    "1042"
                ]
            ],
            "སྣར་": [
                [
                    "གཉིས་པ",
                    "438"
                ],
                [
                    "།_གཉིས་པ",
                    "106"
                ],
                [
                    "གཉིས་པ་ནི",
                    "255"
                ]
            ]
        },
        "5": {
            "པེ་": [
                [
                    "ས",
                    "542"
                ],
                [
                    "།_ས",
                    "3373"
                ]
            ],
            "སྡེ་": [
                [
                    "སཱ",
                    "17"
                ],
                [
                    "།_སཱ",
                    "205"
                ],
                [
                    "སཱ་ལུ",
                    "296"
                ]
            ],
            "སྣར་": [
                [
                    "ས",
                    "542"
                ],
                [
                    "།_ས",
                    "3373"
                ]
            ]
        },
        "6": {
            "པེ་": [
                [
                    "ས",
                    "542"
                ],
                [
                    "ནི་ས",
                    "1431"
                ]
            ],
            "སྡེ་": [
                [
                    "སཱ",
                    "17"
                ],
                [
                    "སཱ་ལུ",
                    "296"
                ]
            ],
            "སྣར་": [
                [
                    "ས",
                    "542"
                ],
                [
                    "ནི་ས",
                    "1431"
                ]
            ]
        },
        "7": {
            "པེ་": [
                [
                    "ཀྱི",
                    "5256"
                ],
                [
                    "ཀྱི་སྣོད",
                    "550"
                ],
                [
                    "སྟོབས་ཀྱི",
                    "863"
                ]
            ],
            "སྡེ་": [
                [
                    "ཀྱིས",
                    "6156"
                ],
                [
                    "སྟོབས་ཀྱིས",
                    "49"
                ]
            ],
            "སྣར་": [
                [
                    "ཀྱི",
                    "5256"
                ],
                [
                    "ཀྱི་སྣོད",
                    "550"
                ],
                [
                    "སྟོབས་ཀྱི",
                    "863"
                ]
            ]
        },
        "8": {
            "པེ་": [
                [
                    "བཞག",
                    "491"
                ],
                [
                    "།_།བཞག",
                    "59"
                ]
            ],
            "སྡེ་": [
                [
                    "གཞལ",
                    "11"
                ],
                [
                    "།_།གཞལ",
                    "210"
                ],
                [
                    "གཞལ་བར",
                    "62"
                ]
            ],
            "སྣར་": [
                [
                    "བཞག",
                    "491"
                ],
                [
                    "།_།བཞག",
                    "59"
                ]
            ]
        },
        "9": {
            "པེ་": [
                [
                    "བལྟ",
                    "300"
                ],
                [
                    "བལྟ།_།",
                    "265"
                ]
            ],
            "སྡེ་": [
                [
                    "ལྟ",
                    "472"
                ],
                [
                    "ལྟ།_།",
                    "254"
                ],
                [
                    "ཡང་དག་ལྟ",
                    "46"
                ]
            ],
            "སྣར་": [
                [
                    "བལྟ",
                    "300"
                ],
                [
                    "བལྟ།_།",
                    "265"
                ]
            ]
        }
    },
    "non_standard_notes": [],
    "profile": {
        "1": [
            "པེ་=སྣར་ སྡེ་",
            "78.95%"
        ],
        "10": [
            "པེ་=སྣར་ སྡེ་",
            "78.95%"
        ],
        "11": [
            "པེ་=སྣར་ སྡེ་",
            "78.95%"
        ],
        "12": [
            "པེ་=སྡེ་ སྣར་",
            "5.26%"
        ],
        "13": [
            "པེ་=སྣར་ སྡེ་",
            "78.95%"
        ],
        "14": [
            "པེ་=སྣར་ སྡེ་",
            "78.95%"
        ],
        "15": [
            "པེ་=སྣར་ སྡེ་",
            "78.95%"
        ],
        "16": [
            "པེ་ སྡེ་=སྣར་",
            "10.53%"
        ],
        "17": [
            "པེ་=སྣར་ སྡེ་",
            "78.95%"
        ],
        "18": [
            "པེ་ སྡེ་=སྣར་",
            "10.53%"
        ],
        "19": [
            "པེ་=སྡེ་=སྣར་",
            "5.26%"
        ],
        "2": [
            "པེ་=སྣར་ སྡེ་",
            "78.95%"
        ],
        "3": [
            "པེ་=སྣར་ སྡེ་",
            "78.95%"
        ],
        "4": [
            "པེ་=སྣར་ སྡེ་",
            "78.95%"
        ],
        "5": [
            "པེ་=སྣར་ སྡེ་",
            "78.95%"
        ],
        "6": [
            "པེ་=སྣར་ སྡེ་",
            "78.95%"
        ],
        "7": [
            "པེ་=སྣར་ སྡེ་",
            "78.95%"
        ],
        "8": [
            "པེ་=སྣར་ སྡེ་",
            "78.95%"
        ],
        "9": [
            "པེ་=སྣར་ སྡེ་",
            "78.95%"
        ]
    }
}