﻿{
    "Stats": {
        "Categorised": "32 notes (65.31%)",
        "Notes’ total": 49,
        "Profiles": [
            "པེ་=སྣར་ སྡེ་: 91.84% (45 notes)",
            "པེ་=སྡེ་=སྣར་: 2.04% (1 notes)",
            "པེ་ སྡེ་ སྣར་: 4.08% (2 notes)",
            "པེ་ སྡེ་=སྣར་: 2.04% (1 notes)"
        ],
        "automatic_categorisation": {
            "min_mod": {
                "min_mod_groups": 1,
                "particle_groups": 3
            },
            "particle_issues": {
                "agreement_issue": 1,
                "different_particles": 1
            },
            "spelling_mistake": {
                "non_word": {
                    "well_formed": 7
                }
            },
            "sskrt": 11,
            "verb_difference": {
                "diff_tense": 2,
                "diff_verb": 3,
                "not_sure": 2
            }
        },
        "dunno": {
            "no_diff": 15,
            "short_diff": 2
        },
        "empty_notes": 1,
        "manual_categorisation": {
            "long_difference": {},
            "manual_evaluation": {
                "meaning_difference": {}
            }
        },
        "ngram_freq": {},
        "profile": {}
    },
    "automatic_categorisation": {
        "min_mod": {
            "min_mod_groups": [
                {
                    "39": [
                        [
                            [
                                "གང",
                                "འགའ"
                            ]
                        ],
                        {
                            "པེ་": [
                                "པ་པོ་ ཡི་ སློབ་དཔོན་",
                                "གང་ཞིག་",
                                "དམ་ ཚིག་ གང་ཞིག་ བློ་"
                            ],
                            "སྡེ་": [
                                "པ་པོ་ ཡི་ སློབ་དཔོན་",
                                "འགའ་ཞིག་",
                                "དམ་ ཚིག་ གང་ཞིག་ བློ་"
                            ],
                            "སྣར་": [
                                "པ་པོ་ ཡི་ སློབ་དཔོན་",
                                "གང་ཞིག་",
                                "དམ་ ཚིག་ གང་ཞིག་ བློ་"
                            ]
                        }
                    ]
                }
            ],
            "particle_groups": [
                {
                    "26": [
                        [
                            "jedra"
                        ],
                        {
                            "པེ་": [
                                "#ཕེཾ་ #ཕཊ་ ཅེས་",
                                "སྒྲོགས་པ ས་",
                                "སོ་སོ ར་ བསྐྱོད་པ འི་ མེ་"
                            ],
                            "སྡེ་": [
                                "#ཕེཾ་ #ཕཊ་ ཅེས་",
                                "སྒྲོགས་པ་",
                                "སོ་སོ ར་ བསྐྱོད་པ འི་ མེ་"
                            ],
                            "སྣར་": [
                                "#ཕེཾ་ #ཕཊ་ ཅེས་",
                                "སྒྲོགས་པ ས་",
                                "སོ་སོ ར་ བསྐྱོད་པ འི་ མེ་"
                            ]
                        }
                    ]
                },
                {
                    "29": [
                        [
                            "dreldra",
                            "jedra"
                        ],
                        {
                            "པེ་": [
                                "མཛོད་ ཅིག་ སྒྲུབ་པོ་ རྣམས་",
                                "ཀྱིས་",
                                "ཞིང་ རྣམས་ ངེས་པར་ སྐྱོང་"
                            ],
                            "སྡེ་": [
                                "མཛོད་ ཅིག་ སྒྲུབ་པོ་ རྣམས་",
                                "ཀྱི་",
                                "ཞིང་ རྣམས་ ངེས་པར་ སྐྱོང་"
                            ],
                            "སྣར་": [
                                "མཛོད་ ཅིག་ སྒྲུབ་པོ་ རྣམས་",
                                "ཀྱིས་",
                                "ཞིང་ རྣམས་ ངེས་པར་ སྐྱོང་"
                            ]
                        }
                    ]
                },
                {
                    "37": [
                        [
                            "dreldra",
                            "jedra"
                        ],
                        {
                            "པེ་": [
                                "སྔགས་ ཀྱི་ ལུས་ ཅན་ ཐུགས་",
                                "ཀྱིས་",
                                "སྔགས་པ་ རྣམས་ ལ་ འབྲས་བུ་ བློ་གྲོས་"
                            ],
                            "སྡེ་": [
                                "སྔགས་ ཀྱི་ ལུས་ ཅན་ ཐུགས་",
                                "ཀྱི་",
                                "སྔགས་པ་ རྣམས་ ལ་ འབྲས་བུ་ བློ་གྲོས་"
                            ],
                            "སྣར་": [
                                "སྔགས་ ཀྱི་ ལུས་ ཅན་ ཐུགས་",
                                "ཀྱིས་",
                                "སྔགས་པ་ རྣམས་ ལ་ འབྲས་བུ་ བློ་གྲོས་"
                            ]
                        }
                    ]
                }
            ]
        },
        "particle_issues": {
            "added_particle": [],
            "agreement_issue": [
                {
                    "30": [
                        "cig",
                        {
                            "པེ་": [
                                "རྣམས་ ངེས་པར་ སྐྱོང་",
                                "མཛོད །",
                                "#ཕྱུགས་ རྣམས་ ཀྱིས་ ནི་"
                            ],
                            "སྡེ་": [
                                "རྣམས་ ངེས་པར་ སྐྱོང་",
                                "མཛོད་ ཅིག །",
                                "#ཕྱུགས་ རྣམས་ ཀྱིས་ ནི་"
                            ],
                            "སྣར་": [
                                "རྣམས་ ངེས་པར་ སྐྱོང་",
                                "མཛོད་",
                                "#ཕྱུགས་ རྣམས་ ཀྱིས་ ནི་"
                            ]
                        }
                    ]
                }
            ],
            "different_particles": [
                {
                    "4": [
                        "cing",
                        {
                            "པེ་": [
                                "ནི་ ཤིན་ཏུ་ འཇིགས་",
                                "མཛད་པ",
                                "_།། #ཀཾ་ #ཀཾ་ #ཀཾ་ ཞེས་"
                            ],
                            "སྡེ་": [
                                "ནི་ ཤིན་ཏུ་ འཇིགས་",
                                "མཛད་ ཅིང་ ",
                                "_།། #ཀཾ་ #ཀཾ་ #ཀཾ་ ཞེས་"
                            ],
                            "སྣར་": [
                                "ནི་ ཤིན་ཏུ་ འཇིགས་",
                                "མཛད་པ",
                                "_།། #ཀཾ་ #ཀཾ་ #ཀཾ་ ཞེས་"
                            ]
                        }
                    ]
                }
            ],
            "other": [],
            "po-bo-pa-ba": []
        },
        "spelling_mistake": {
            "missing_vowel": [],
            "nga_da": [],
            "non_word": {
                "ill_formed": [],
                "well_formed": [
                    {
                        "6": [
                            {
                                "པེ་": [
                                    "གཉེར་ འཇིགས་ མཛད་ འཇིགས་པ་",
                                    "",
                                    "གདངས་ ཤ་ ཟ་ ཞིང་  །_། "
                                ],
                                "སྡེ་": [
                                    "གཉེར་ འཇིགས་ མཛད་ འཇིགས་པ་",
                                    "#ཁྭ་",
                                    "གདངས་ ཤ་ ཟ་ ཞིང་  །_། "
                                ],
                                "སྣར་": [
                                    "གཉེར་ འཇིགས་ མཛད་ འཇིགས་པ་",
                                    "",
                                    "གདངས་ ཤ་ ཟ་ ཞིང་  །_། "
                                ]
                            }
                        ]
                    },
                    {
                        "7": [
                            {
                                "པེ་": [
                                    " །_། དབུ་སྐྲ་ དང་ ནི་",
                                    "རྨ་ ར་ ཆེ ར་",
                                    "སེར་ ཉེ་བར་ སྤྱོད་པ འི་"
                                ],
                                "སྡེ་": [
                                    " །_། དབུ་སྐྲ་ དང་ ནི་",
                                    "#སྨ་ ར་ ཆེས་",
                                    "སེར་ ཉེ་བར་ སྤྱོད་པ འི་"
                                ],
                                "སྣར་": [
                                    " །_། དབུ་སྐྲ་ དང་ ནི་",
                                    "རྨ་ ར་ ཆེ ར་",
                                    "སེར་ ཉེ་བར་ སྤྱོད་པ འི་"
                                ]
                            }
                        ]
                    },
                    {
                        "17": [
                            {
                                "པེ་": [
                                    " །_། གཅིག་པུ ས་ སྣ་ཚོགས་",
                                    "བསྣན་ ཅིང་ བསྣན་ ནས་ ཀ་ #ཧ་ ཀ་ #ཧ་",
                                    "བརྗོད་ མཛད་ ཆ ར་ སྤྲིན་ སྔོན་"
                                ],
                                "སྡེ་": [
                                    " །_། གཅིག་པུ ས་ སྣ་ཚོགས་",
                                    "མནན་ ཅིང་ མནན་ ནས་ #ཧ་ ཀ་ #ཧ་ ཀ་",
                                    "བརྗོད་ མཛད་ ཆ ར་ སྤྲིན་ སྔོན་"
                                ],
                                "སྣར་": [
                                    " །_། གཅིག་པུ ས་ སྣ་ཚོགས་",
                                    "བསྣན་ ཅིང་ བསྣན་ ནས་ ཀ་ #ཧ་ ཀ་ #ཧ་",
                                    "བརྗོད་ མཛད་ ཆ ར་ སྤྲིན་ སྔོན་"
                                ]
                            }
                        ]
                    },
                    {
                        "18": [
                            {
                                "པེ་": [
                                    "མི་ ཡི་ ཤ་ དང་ རྒྱུ་",
                                    "མ་ སྦྲེལ་བ འི་",
                                    "རྒྱན་ གྱིས་ ཀུན་ ནས་ བརྒྱན་"
                                ],
                                "སྡེ་": [
                                    "མི་ ཡི་ ཤ་ དང་ རྒྱུ་",
                                    "མ ས་ #བྲེལ་བ འི་",
                                    "རྒྱན་ གྱིས་ ཀུན་ ནས་ བརྒྱན་"
                                ],
                                "སྣར་": [
                                    "མི་ ཡི་ ཤ་ དང་ རྒྱུ་",
                                    "མ་ སྦྲེལ་བ འི་",
                                    "རྒྱན་ གྱིས་ ཀུན་ ནས་ བརྒྱན་"
                                ]
                            }
                        ]
                    },
                    {
                        "27": [
                            {
                                "པེ་": [
                                    "དཔུང་ ཆེན་པོ འི་ དབུས་ སུ་",
                                    "#གཞུགས་",
                                    "ནས་ སུ །_། རིགས་ ཀྱི་"
                                ],
                                "སྡེ་": [
                                    "དཔུང་ ཆེན་པོ འི་ དབུས་ སུ་",
                                    "བཞུགས་",
                                    "ནས་ སུ །_། རིགས་ ཀྱི་"
                                ],
                                "སྣར་": [
                                    "དཔུང་ ཆེན་པོ འི་ དབུས་ སུ་",
                                    "བཞུགས་",
                                    "ནས་ སུ །_། རིགས་ ཀྱི་"
                                ]
                            }
                        ]
                    },
                    {
                        "45": [
                            {
                                "པེ་": [
                                    "པ་ ཀླུ་ སྒྲུབ་ ཀྱི་ ཞལ་",
                                    "#སྔ་",
                                    "ནས་ མཛད་པ འོ །།_།། རྒྱ་གར་ གྱི་ མཁན་པོ་ #ཤྲཱི་ #བཻ་ རོ་"
                                ],
                                "སྡེ་": [
                                    "པ་ ཀླུ་ སྒྲུབ་ ཀྱི་ ཞལ་",
                                    "མངའ་",
                                    "ནས་ མཛད་པ འོ །།_།། རྒྱ་གར་ གྱི་ མཁན་པོ་ #ཤྲཱི་ #བཻ་ རོ་"
                                ],
                                "སྣར་": [
                                    "པ་ ཀླུ་ སྒྲུབ་ ཀྱི་ ཞལ་",
                                    "#སྔ་",
                                    "ནས་ མཛད་པ འོ །།_།། རྒྱ་གར་ གྱི་ མཁན་པོ་ #ཤྲཱི་ #བཻ་ རོ་"
                                ]
                            }
                        ]
                    },
                    {
                        "48": [
                            {
                                "པེ་": [
                                    "ཀྱི་ ལོ་ཙཱ་བ་ #བནྡེ་",
                                    "#དིང་",
                                    "རི་ ཆོས་ གྲགས་ ཀྱིས་ བསྒྱུར་"
                                ],
                                "སྡེ་": [
                                    "ཀྱི་ ལོ་ཙཱ་བ་ #བནྡེ་",
                                    "#ལྡི་",
                                    "རི་ ཆོས་ གྲགས་ ཀྱིས་ བསྒྱུར་"
                                ],
                                "སྣར་": [
                                    "ཀྱི་ ལོ་ཙཱ་བ་ #བནྡེ་",
                                    "#དིང་",
                                    "རི་ ཆོས་ གྲགས་ ཀྱིས་ བསྒྱུར་"
                                ]
                            }
                        ]
                    }
                ]
            }
        },
        "sskrt": [
            {
                "1": [
                    {
                        "པེ་": [
                            "མ་ #ཧཱ་ #ཀཱ་ ལ་",
                            "#སྱཱཥྚ་",
                            "#མནྟྲ་ #སྟོ་ #ཏྲ་ #ནཱ་ མ"
                        ],
                        "སྡེ་": [
                            "མ་ #ཧཱ་ #ཀཱ་ ལ་",
                            "#སྱ་ #ཥྚ་",
                            "#མནྟྲ་ #སྟོ་ #ཏྲ་ #ནཱ་ མ"
                        ],
                        "སྣར་": [
                            "མ་ #ཧཱ་ #ཀཱ་ ལ་",
                            "#སྱཱཥྚ་",
                            "#མནྟྲ་ #སྟོ་ #ཏྲ་ #ནཱ་ མ"
                        ]
                    }
                ]
            },
            {
                "2": [
                    {
                        "པེ་": [
                            "ལུས་ འགེངས་ ནུས་པ འི །_།",
                            "#ཧཱ་ #ཧཱ་ #ཊྚ་ #ཊྚ་",
                            "ཞེས་ བཞད་ སྒྲ་ ཡིས་ གང་ཞིག་"
                        ],
                        "སྡེ་": [
                            "ལུས་ འགེངས་ ནུས་པ འི །_།",
                            "#ཧ་ #ཧ་ #ཊ་ #ཊ་",
                            "ཞེས་ བཞད་ སྒྲ་ ཡིས་ གང་ཞིག་"
                        ],
                        "སྣར་": [
                            "ལུས་ འགེངས་ ནུས་པ འི །_།",
                            "#ཧཱ་ #ཧཱ་ #ཊྚཱ་ #ཊྚ་",
                            "ཞེས་ བཞད་ སྒྲ་ ཡིས་ གང་ཞིག་"
                        ]
                    }
                ]
            },
            {
                "10": [
                    {
                        "པེ་": [
                            " །_། #ཧ་ #ཧ་ #ཧཱུཾ་ དང་",
                            "#ཀི་ #ལི་ #ཀི་",
                            "#ལི་ ཞེས་ སྒྲོགས་ ཕྱག་ གཡོན་"
                        ],
                        "སྡེ་": [
                            " །_། #ཧ་ #ཧ་ #ཧཱུཾ་ དང་",
                            "#ཀཱི་ #ལི་ #ཀཱི་",
                            "#ལི་ ཞེས་ སྒྲོགས་ ཕྱག་ གཡོན་"
                        ],
                        "སྣར་": [
                            " །_། #ཧ་ #ཧ་ #ཧཱུཾ་ དང་",
                            "#ཀི་ #ལི་ #ཀི་",
                            "#ལི་ ཞེས་ སྒྲོགས་ ཕྱག་ གཡོན་"
                        ]
                    }
                ]
            },
            {
                "12": [
                    {
                        "པེ་": [
                            "རྣམས་ ལ་ ནི་ རོལ་",
                            "མཛད་པ །_། #ཌཾ་ #ཌཾ་ #ཌཾ་",
                            "ཞེས་ #ཌ་ མ་ རུ་ ཅན་"
                        ],
                        "སྡེ་": [
                            "རྣམས་ ལ་ ནི་ རོལ་",
                            "མཛད་པ འི །_། #ཊཾ་ #ཊཾ་ #ཊཾ་",
                            "ཞེས་ #ཌ་ མ་ རུ་ ཅན་"
                        ],
                        "སྣར་": [
                            "རྣམས་ ལ་ ནི་ རོལ་",
                            "མཛད་པ །_། #ཌཾ་ #ཌཾ་ #ཌཾ་",
                            "ཞེས་ #ཌ་ མ་ རུ་ ཅན་"
                        ]
                    }
                ]
            },
            {
                "14": [
                    {
                        "པེ་": [
                            "པ འི་ སྐུ་ བརྒྱན་ ཅིང་  །_།",
                            "#ཀྵཱིཾ་ #ཀྵཱིཾ་ #ཀྵཱིཾ་",
                            "ཞེས་ བཟོད་པ འི་ ཐུགས་ ཅན་"
                        ],
                        "སྡེ་": [
                            "པ འི་ སྐུ་ བརྒྱན་ ཅིང་  །_།",
                            "#ཀྵཾ་ #ཀྵཾ་ #ཀྵཾ་",
                            "ཞེས་ བཟོད་པ འི་ ཐུགས་ ཅན་"
                        ],
                        "སྣར་": [
                            "པ འི་ སྐུ་ བརྒྱན་ ཅིང་  །_།",
                            "#ཀྵཱིཾ་ #ཀྵཱིཾ་ #ཀྵཱིཾ་",
                            "ཞེས་ བཟོད་པ འི་ ཐུགས་ ཅན་"
                        ]
                    }
                ]
            },
            {
                "23": [
                    {
                        "པེ་": [
                            "རབ་ཏུ་ གསོལ །_། #ཧྲིཾ་",
                            "#ཀྵུཾ་ #ཤྟིཾ་",
                            "གི་ སྔགས་ ཀྱི་ གསུངས་ ཅན་"
                        ],
                        "སྡེ་": [
                            "རབ་ཏུ་ གསོལ །_། #ཧྲིཾ་",
                            "#ཀྵིཾ་ #ཤྲཱིཾ་",
                            "གི་ སྔགས་ ཀྱི་ གསུངས་ ཅན་"
                        ],
                        "སྣར་": [
                            "རབ་ཏུ་ གསོལ །_། #ཧྲིཾ་",
                            "#ཀྵུཾ་ #ཤྟིཾ་",
                            "གི་ སྔགས་ ཀྱི་ གསུངས་ ཅན་"
                        ]
                    }
                ]
            },
            {
                "32": [
                    {
                        "པེ་": [
                            "རྟེན་ སྣང་ མཛད་པ །_།",
                            "#ཀྲཾ་ #ཀྲཾ་ #ཀྲཾ་",
                            "ཞེས་ གཤེགས་པ ས་ དགྲ་བོ་"
                        ],
                        "སྡེ་": [
                            "རྟེན་ སྣང་ མཛད་པ །_།",
                            "#ཀྲིཾ་ #ཀྲིཾ་ #ཀྲིཾ་",
                            "ཞེས་ གཤེགས་པ ས་ དགྲ་བོ་"
                        ],
                        "སྣར་": [
                            "རྟེན་ སྣང་ མཛད་པ །_།",
                            "#ཀྲཾ་ #ཀྲཾ་ #ཀྲཾ་",
                            "ཞེས་ གཤེགས་པ ས་ དགྲ་བོ་"
                        ]
                    }
                ]
            },
            {
                "35": [
                    {
                        "པེ་": [
                            "རྟེན་ གནོད་ བྱེད་ མཁྱེན །_།",
                            "#ཀླཱྃ་ #ཀླཱྃ་ #ཀླཱྃ་",
                            "ཞེས་ གདུག་པ འི་ གཟུགས་ ཀྱིས་ སྲིད་ གསུམ་ ཉིན་ མཚན་ དུས་ ཀུན་ ཉོན་མོངས་ གྱུར་པ་ གང་  །__། #པཾ་ #པཾ་ #པཾ་ ཞེས་"
                        ],
                        "སྡེ་": [
                            "རྟེན་ གནོད་ བྱེད་ མཁྱེན །_།",
                            "#ཀླིཾ་ #ཀླིཾ་ #ཀླིཾ་",
                            "ཞེས་ གདུག་པ འི་ གཟུགས་ ཀྱིས་ སྲིད་ གསུམ་ ཉིན་ མཚན་ དུས་ ཀུན་ ཉོན་མོངས་ གྱུར་པ་ གང་  །__། #པཾ་ #པཾ་ #པཾ་ ཞེས་"
                        ],
                        "སྣར་": [
                            "རྟེན་ གནོད་ བྱེད་ མཁྱེན །_།",
                            "#ཀླཱྃ་ #ཀླཱྃ་ #ཀླཱྃ་",
                            "ཞེས་ གདུག་པ འི་ གཟུགས་ ཀྱིས་ སྲིད་ གསུམ་ ཉིན་ མཚན་ དུས་ ཀུན་ ཉོན་མོངས་ གྱུར་པ་ གང་  །__། #པཾ་ #པཾ་ #པཾ་ ཞེས་"
                        ]
                    }
                ]
            },
            {
                "36": [
                    {
                        "པེ་": [
                            "གནོད་ བྱེད་ མཁྱེན །_། #ཀླིཾ་ #ཀླིཾ་ #ཀླིཾ་ ཞེས་ གདུག་པ འི་ གཟུགས་ ཀྱིས་ སྲིད་ གསུམ་ ཉིན་ མཚན་ དུས་ ཀུན་ ཉོན་མོངས་ གྱུར་པ་ གང་ ",
                            "།_ #ཀྵཾ་ #ཀྵཾ་ #ཀྵཾ་ ཞེས་ ཕན་པ ར་ མཛད་ ཅིང་ གནོད་པ་ སྐད་ཅིག་ གིས་ སེལ་ ཞིང་ སྐྱོང་ ཁྱོད་ ཀྱིས་ སྐྱོངས",
                            "།__། #པཾ་ #པཾ་ #པཾ་ ཞེས་ ཐུགས་"
                        ],
                        "སྡེ་": [
                            "གནོད་ བྱེད་ མཁྱེན །_། #ཀླིཾ་ #ཀླིཾ་ #ཀླིཾ་ ཞེས་ གདུག་པ འི་ གཟུགས་ ཀྱིས་ སྲིད་ གསུམ་ ཉིན་ མཚན་ དུས་ ཀུན་ ཉོན་མོངས་ གྱུར་པ་ གང་ ",
                            "",
                            "།__། #པཾ་ #པཾ་ #པཾ་ ཞེས་ ཐུགས་"
                        ],
                        "སྣར་": [
                            "གནོད་ བྱེད་ མཁྱེན །_། #ཀླིཾ་ #ཀླིཾ་ #ཀླིཾ་ ཞེས་ གདུག་པ འི་ གཟུགས་ ཀྱིས་ སྲིད་ གསུམ་ ཉིན་ མཚན་ དུས་ ཀུན་ ཉོན་མོངས་ གྱུར་པ་ གང་ ",
                            "།_ #ཀྵཾ་ #ཀྵཾ་ #ཀྵཾ་ ཞེས་ ཕན་པ ར་ མཛད་ ཅིང་ གནོད་པ་ སྐད་ཅིག་ གིས་ སེལ་ ཞིང་ སྐྱོང་ ཁྱོད་ ཀྱིས་ སྐྱོངས",
                            "།__། #པཾ་ #པཾ་ #པཾ་ ཞེས་ ཐུགས་"
                        ]
                    }
                ]
            },
            {
                "46": [
                    {
                        "པེ་": [
                            "ཀྱི་ ཞལ་ མངའ་ ནས་ མཛད་པ འོ །།_།། རྒྱ་གར་ གྱི་ མཁན་པོ་",
                            "#ཀོ་ ས་ ལ འི་ རྣལ་འབྱོར་པ་ #ཤྲི་",
                            "#བཻ་ རོ་ #ཙ་ ན་"
                        ],
                        "སྡེ་": [
                            "ཀྱི་ ཞལ་ མངའ་ ནས་ མཛད་པ འོ །།_།། རྒྱ་གར་ གྱི་ མཁན་པོ་",
                            "#ཤྲཱི་",
                            "#བཻ་ རོ་ #ཙ་ ན་"
                        ],
                        "སྣར་": [
                            "ཀྱི་ ཞལ་ མངའ་ ནས་ མཛད་པ འོ །།_།། རྒྱ་གར་ གྱི་ མཁན་པོ་",
                            "#ཀོ་ ས་ ལ འི་ རྣལ་འབྱོར་པ་ #ཤྲི་",
                            "#བཻ་ རོ་ #ཙ་ ན་"
                        ]
                    }
                ]
            },
            {
                "47": [
                    {
                        "པེ་": [
                            "དང་  །_ བོད་ ཀྱི་",
                            "ལོ་ #ཙ་བ་",
                            "#བནྡེ་ #ལྡི་ རི་ ཆོས་"
                        ],
                        "སྡེ་": [
                            "དང་  །_ བོད་ ཀྱི་",
                            "ལོ་ཙཱ་བ་",
                            "#བནྡེ་ #ལྡི་ རི་ ཆོས་"
                        ],
                        "སྣར་": [
                            "དང་  །_ བོད་ ཀྱི་",
                            "ལོ་ #ཙ་བ་",
                            "#བནྡེ་ #ལྡི་ རི་ ཆོས་"
                        ]
                    }
                ]
            }
        ],
        "verb_difference": {
            "diff_tense": [
                {
                    "16": [
                        [
                            "《བཟུང》ཞེས་པ།【〈འཛིན〉གི་ འདས་པ།】【〈འཛིན〉གི་ འདས་པ། ཐ་དད་པ།】",
                            "《གཟུང》ཞེས་པ།【〈འཛིན〉གི་ མ་འོངས་པ།】【〈འཛིན〉གི་ མ་འོངས་པ། ཐ་དད་པ།】"
                        ],
                        {
                            "པེ་": [
                                "བྱེད་པ འི་ གདུག་པ་ རྣམས་",
                                "གཟུང་",
                                "སྟེ །_། གཅིག་པུ ས་ སྣ་"
                            ],
                            "སྡེ་": [
                                "བྱེད་པ འི་ གདུག་པ་ རྣམས་",
                                "བཟུང་",
                                "སྟེ །_། གཅིག་པུ ས་ སྣ་"
                            ],
                            "སྣར་": [
                                "བྱེད་པ འི་ གདུག་པ་ རྣམས་",
                                "གཟུང་",
                                "སྟེ །_། གཅིག་པུ ས་ སྣ་"
                            ]
                        }
                    ]
                },
                {
                    "21": [
                        [
                            "《བཟུང》ཞེས་པ།【〈འཛིན〉གི་ འདས་པ།】【〈འཛིན〉གི་ འདས་པ། ཐ་དད་པ།】",
                            "《གཟུང》ཞེས་པ།【〈འཛིན〉གི་ མ་འོངས་པ།】【〈འཛིན〉གི་ མ་འོངས་པ། ཐ་དད་པ།】"
                        ],
                        {
                            "པེ་": [
                                "ལངས་ ཚོགས །_། མ་ ལུས་",
                                "གཟུང་",
                                "ནས་ མྱུར་ དུ་ བསད་པ་"
                            ],
                            "སྡེ་": [
                                "ལངས་ ཚོགས །_། མ་ ལུས་",
                                "བཟུང་",
                                "ནས་ མྱུར་ དུ་ བསད་པ་"
                            ],
                            "སྣར་": [
                                "ལངས་ ཚོགས །_། མ་ ལུས་",
                                "གཟུང་",
                                "ནས་ མྱུར་ དུ་ བསད་པ་"
                            ]
                        }
                    ]
                }
            ],
            "diff_verb": [
                {
                    "9": [
                        [
                            "《བསྒྱུར》ཞེས་པ།【〈བསྒྱུར〉གི་ མ་འོངས་པ། ཐ་དད་པ།】【〈བསྒྱུར〉གི་ འདས་པ། ཐ་དད་པ།】【〈སྒྱུར〉གི་ མ་འོངས་པ།】【〈སྒྱུར〉གི་ མ་འོངས་པ། ཐ་དད་པ།】【〈སྒྱུར〉གི་ འདས་པ།】【〈སྒྱུར〉གི་ འདས་པ། ཐ་དད་པ།】",
                            "《སྒྱུར》ཞེས་པ།【〈བསྒྱུར〉གི་ ད་ལྟ་བ། ཐ་དད་པ།】【〈བསྒྱུར〉གི་ སྐུལ་ཚིག ཐ་དད་པ།】【〈སྒྱུར〉གི་ ད་ལྟ་བ།】【〈སྒྱུར〉གི་ ད་ལྟ་བ། ཐ་དད་པ།】【〈སྒྱུར〉གི་ སྐུལ་ཚིག】【〈སྒྱུར〉གི་ སྐུལ་ཚིག ཐ་དད་པ།】"
                        ],
                        {
                            "པེ་": [
                                "ཞེས་ སྤྱན་ མ ར་ འཁྲུག་ ཅིང་",
                                "སྒྱུར་",
                                "མཛད་ #ཀྲུཾ་ #ཀྲུཾ་ #ཀྲུཾ་ ཞེས་"
                            ],
                            "སྡེ་": [
                                "ཞེས་ སྤྱན་ མ ར་ འཁྲུག་ ཅིང་",
                                "བསྒྱུར་",
                                "མཛད་ #ཀྲུཾ་ #ཀྲུཾ་ #ཀྲུཾ་ ཞེས་"
                            ],
                            "སྣར་": [
                                "ཞེས་ སྤྱན་ མ ར་ འཁྲུག་ ཅིང་",
                                "སྒྱུར་",
                                "མཛད་ #ཀྲུཾ་ #ཀྲུཾ་ #ཀྲུཾ་ ཞེས་"
                            ]
                        }
                    ]
                },
                {
                    "13": [
                        [
                            "《མཛད》ཞེས་པ།【〈མཛད〉གི་ ད་ལྟ་བ། ཐ་དད་པ།】【〈མཛད〉གི་ མ་འོངས་པ། ཐ་དད་པ།】【〈མཛད〉གི་ འདས་པ། ཐ་དད་པ།】【〈མཛོད〉གི་ ད་ལྟ་བ། ཐ་དད་པ།】【〈མཛོད〉གི་ མ་འོངས་པ། ཐ་དད་པ།】【〈མཛོད〉གི་ འདས་པ། ཐ་དད་པ།】",
                            "《ཚད》ཞེས་པ།【〈ཚད〉གི་ ད་ལྟ་བ།】【〈ཚད〉གི་ ད་ལྟ་བ། ཐ་དད་པ།】【〈ཚད〉གི་ མ་འོངས་པ།】【〈ཚད〉གི་ མ་འོངས་པ། ཐ་དད་པ།】【〈ཚད〉གི་ འདས་པ།】【〈ཚད〉གི་ འདས་པ། ཐ་དད་པ།】"
                        ],
                        {
                            "པེ་": [
                                "རུ་ ཅན་ འདི་ ཡིས་ འདུལ་",
                                "མཛད་",
                                "འཁོར་ བཅས་ ཞིང་ སྐྱོང་ ཁྱོད་"
                            ],
                            "སྡེ་": [
                                "རུ་ ཅན་ འདི་ ཡིས་ འདུལ་",
                                "ཚད་",
                                "འཁོར་ བཅས་ ཞིང་ སྐྱོང་ ཁྱོད་"
                            ],
                            "སྣར་": [
                                "རུ་ ཅན་ འདི་ ཡིས་ འདུལ་",
                                "མཛད་",
                                "འཁོར་ བཅས་ ཞིང་ སྐྱོང་ ཁྱོད་"
                            ]
                        }
                    ]
                },
                {
                    "34": [
                        [
                            "《འགྲོ》ཞེས་པ།【〈འགྲོ〉གི་ ད་ལྟ་བ།】【〈འགྲོ〉གི་ ད་ལྟ་བ། ཐ་མི་དད་པ།】【〈འགྲོ〉གི་ མ་འོངས་པ།】【〈འགྲོ〉གི་ མ་འོངས་པ། ཐ་མི་དད་པ།】【〈སོང〉གི་ ད་ལྟ་བ། ཐ་མི་དད་པ།】【〈སོང〉གི་ མ་འོངས་པ། ཐ་མི་དད་པ།】",
                            "《ཁྲོ》ཞེས་པ།【〈ཁྲོས〉གི་ ད་ལྟ་བ། ཐ་དད་པ།】【〈ཁྲོས〉གི་ མ་འོངས་པ། ཐ་དད་པ།】【〈ཁྲོ〉གི་ ད་ལྟ་བ། ཐ་མི་དད་པ།】【〈ཁྲོ〉གི་ མ་འོངས་པ། ཐ་མི་དད་པ།】"
                        ],
                        {
                            "པེ་": [
                                "ཞེས་ གཤིན་རྗེ་ ལྟར་",
                                "ཁྲོ་",
                                "དྲི་ མ་ མེད་པ འི་ སྣ་"
                            ],
                            "སྡེ་": [
                                "ཞེས་ གཤིན་རྗེ་ ལྟར་",
                                "འགྲོ་",
                                "དྲི་ མ་ མེད་པ འི་ སྣ་"
                            ],
                            "སྣར་": [
                                "ཞེས་ གཤིན་རྗེ་ ལྟར་",
                                "ཁྲོ་",
                                "དྲི་ མ་ མེད་པ འི་ སྣ་"
                            ]
                        }
                    ]
                }
            ],
            "not_sure": [
                {
                    "20": [
                        [
                            "《ཆགས》ཞེས་པ།【〈འཆག〉གི་ འདས་པ།】",
                            "《ཚོགས》ཞེས་པ།【】"
                        ],
                        {
                            "པེ་": [
                                "ནི་ འབྱུང་པོ་ རོ་ ལངས་",
                                "ཆགས",
                                "།_། མ་ ལུས་ བཟུང་ ནས་"
                            ],
                            "སྡེ་": [
                                "ནི་ འབྱུང་པོ་ རོ་ ལངས་",
                                "ཚོགས",
                                "།_། མ་ ལུས་ བཟུང་ ནས་"
                            ],
                            "སྣར་": [
                                "ནི་ འབྱུང་པོ་ རོ་ ལངས་",
                                "ཆགས",
                                "།_། མ་ ལུས་ བཟུང་ ནས་"
                            ]
                        }
                    ]
                },
                {
                    "31": [
                        [
                            "《བརྙེས》ཞེས་པ།【】",
                            "《མཉེས》ཞེས་པ།【〈ཉེད〉གི་ འདས་པ། ཐ་དད་པ།】【〈ཉེད〉གི་ སྐུལ་ཚིག ཐ་དད་པ།】【〈མཉེས〉གི་ འདས་པ། ཐ་དད་པ།】【〈མཉེས〉གི་ སྐུལ་ཚིག ཐ་དད་པ།】"
                        ],
                        {
                            "པེ་": [
                                "དང་ སྡིག་ འཇོམས་ དྲི་ མེད་",
                                "མཉེས་པ་",
                                "ཆུ་ #ཉི་ བཞིན །_། "
                            ],
                            "སྡེ་": [
                                "དང་ སྡིག་ འཇོམས་ དྲི་ མེད་",
                                "བརྙེས་པ་",
                                "ཆུ་ #ཉི་ བཞིན །_། "
                            ],
                            "སྣར་": [
                                "དང་ སྡིག་ འཇོམས་ དྲི་ མེད་",
                                "མཉེས་པ་",
                                "ཆུ་ #ཉི་ བཞིན །_། "
                            ]
                        }
                    ]
                }
            ]
        }
    },
    "dunno": {
        "long_diff": [],
        "no_diff": [
            {
                "5": [
                    {
                        "པེ་": [
                            "ལ་ སྤྲས་ ཤིང་ ནག་པོ འི་",
                            "མཆུ་",
                            "དང་ མཚུངས་པ འི་ སྐུ །_། "
                        ],
                        "སྡེ་": [
                            "ལ་ སྤྲས་ ཤིང་ ནག་པོ འི་",
                            "མཐུ་",
                            "དང་ མཚུངས་པ འི་ སྐུ །_། "
                        ],
                        "སྣར་": [
                            "ལ་ སྤྲས་ ཤིང་ ནག་པོ འི་",
                            "མཆུ་",
                            "དང་ མཚུངས་པ འི་ སྐུ །_། "
                        ]
                    }
                ]
            },
            {
                "8": [
                    {
                        "པེ་": [
                            "#རཾ་ #རཾ་ ཞེས་ སྤྱན་",
                            "དམར་",
                            "འཁྲུག་ ཅིང་ བསྒྱུར་ མཛད་"
                        ],
                        "སྡེ་": [
                            "#རཾ་ #རཾ་ ཞེས་ སྤྱན་",
                            "མ ར་",
                            "འཁྲུག་ ཅིང་ བསྒྱུར་ མཛད་"
                        ],
                        "སྣར་": [
                            "#རཾ་ #རཾ་ ཞེས་ སྤྱན་",
                            "དམར་",
                            "འཁྲུག་ ཅིང་ བསྒྱུར་ མཛད་"
                        ]
                    }
                ]
            },
            {
                "11": [
                    {
                        "པེ་": [
                            "ཕྱག་ གིས་ བསྣམས་ ཤིང་",
                            "གསོལ་ དེ་ འཐུང་བ་",
                            "ལ་ དགྱེས་ ཤིང་  །_།"
                        ],
                        "སྡེ་": [
                            "ཕྱག་ གིས་ བསྣམས་ ཤིང་",
                            "གསོལ་བ་ འཐུངས་པ་",
                            "ལ་ དགྱེས་ ཤིང་  །_།"
                        ],
                        "སྣར་": [
                            "ཕྱག་ གིས་ བསྣམས་ ཤིང་",
                            "གསོལ་ དེ་ འཐུང་བ་",
                            "ལ་ དགྱེས་ ཤིང་  །_།"
                        ]
                    }
                ]
            },
            {
                "15": [
                    {
                        "པེ་": [
                            " །_། #ཀྵཾ་ #ཀྵཾ་ #ཀྵཾ་ ཞེས་ བཟོད་པ འི་",
                            "གཟུགས་",
                            "ཅན་ ཅ་ཅོ་ སྒྲོགས་པ ར་"
                        ],
                        "སྡེ་": [
                            " །_། #ཀྵཾ་ #ཀྵཾ་ #ཀྵཾ་ ཞེས་ བཟོད་པ འི་",
                            "ཐུགས་",
                            "ཅན་ ཅ་ཅོ་ སྒྲོགས་པ ར་"
                        ],
                        "སྣར་": [
                            " །_། #ཀྵཾ་ #ཀྵཾ་ #ཀྵཾ་ ཞེས་ བཟོད་པ འི་",
                            "གཟུགས་",
                            "ཅན་ ཅ་ཅོ་ སྒྲོགས་པ ར་"
                        ]
                    }
                ]
            },
            {
                "19": [
                    {
                        "པེ་": [
                            "ཤ་ དང་ རྒྱུ་ མ ས་ #བྲེལ་བ འི་",
                            "ཕྲེང་བ ས་",
                            "ཀུན་ ནས་ བརྒྱན་ ཅིང་ ཞལ་"
                        ],
                        "སྡེ་": [
                            "ཤ་ དང་ རྒྱུ་ མ ས་ #བྲེལ་བ འི་",
                            "རྒྱན་ གྱིས་",
                            "ཀུན་ ནས་ བརྒྱན་ ཅིང་ ཞལ་"
                        ],
                        "སྣར་": [
                            "ཤ་ དང་ རྒྱུ་ མ ས་ #བྲེལ་བ འི་",
                            "ཕྲེང་བ ས་",
                            "ཀུན་ ནས་ བརྒྱན་ ཅིང་ ཞལ་"
                        ]
                    }
                ]
            },
            {
                "22": [
                    {
                        "པེ་": [
                            "བསད་པ་ རྣམས་ ཀྱི་",
                            "མགོ་བོ་",
                            "ཁྲག་ རྒྱུན་ འབབ་པ་ རབ་"
                        ],
                        "སྡེ་": [
                            "བསད་པ་ རྣམས་ ཀྱི་",
                            "མགོ་བོ འི་",
                            "ཁྲག་ རྒྱུན་ འབབ་པ་ རབ་"
                        ],
                        "སྣར་": [
                            "བསད་པ་ རྣམས་ ཀྱི་",
                            "མགོ་བོ་",
                            "ཁྲག་ རྒྱུན་ འབབ་པ་ རབ་"
                        ]
                    }
                ]
            },
            {
                "24": [
                    {
                        "པེ་": [
                            "ཞིང་ མི་ ཡིས་ གང་བ འི་",
                            "ས་",
                            "ལ་ ཞིང་ སྐྱོང་ ཁྱོད་ ཀྱིས་"
                        ],
                        "སྡེ་": [
                            "ཞིང་ མི་ ཡིས་ གང་བ འི་",
                            "མཚོ་",
                            "ལ་ ཞིང་ སྐྱོང་ ཁྱོད་ ཀྱིས་"
                        ],
                        "སྣར་": [
                            "ཞིང་ མི་ ཡིས་ གང་བ འི་",
                            "ས་",
                            "ལ་ ཞིང་ སྐྱོང་ ཁྱོད་ ཀྱིས་"
                        ]
                    }
                ]
            },
            {
                "25": [
                    {
                        "པེ་": [
                            "ལ་ ཞིང་ སྐྱོང་ ཁྱོད་ ཀྱིས་",
                            "བསྲུང་ བར་ མཛོད",
                            "།_། #ཕེཾ་ #ཕེཾ་ #ཕཊ་ ཅེས་"
                        ],
                        "སྡེ་": [
                            "ལ་ ཞིང་ སྐྱོང་ ཁྱོད་ ཀྱིས་",
                            "སྲུང་བ ར་ མཛད",
                            "།_། #ཕེཾ་ #ཕེཾ་ #ཕཊ་ ཅེས་"
                        ],
                        "སྣར་": [
                            "ལ་ ཞིང་ སྐྱོང་ ཁྱོད་ ཀྱིས་",
                            "བསྲུང་ བར་ མཛོད",
                            "།_། #ཕེཾ་ #ཕེཾ་ #ཕཊ་ ཅེས་"
                        ]
                    }
                ]
            },
            {
                "28": [
                    {
                        "པེ་": [
                            " །_། རིགས་ ཀྱི་ ལུས་ ཅན་",
                            "སྐྱོད་པ ར་",
                            "མཛོད་ ཅིག་ སྒྲུབ་པོ་ རྣམས་"
                        ],
                        "སྡེ་": [
                            " །_། རིགས་ ཀྱི་ ལུས་ ཅན་",
                            "སྲུང་བ ར་",
                            "མཛོད་ ཅིག་ སྒྲུབ་པོ་ རྣམས་"
                        ],
                        "སྣར་": [
                            " །_། རིགས་ ཀྱི་ ལུས་ ཅན་",
                            "སྐྱོད་པ ར་",
                            "མཛོད་ ཅིག་ སྒྲུབ་པོ་ རྣམས་"
                        ]
                    }
                ]
            },
            {
                "33": [
                    {
                        "པེ་": [
                            "ཞེས་ ཚོགས་པ འི་ བདག་ཉིད་",
                            "དམ་ ཚིག་ ཐོགས་",
                            "འཛིན་ ཞིང་ སྐྱོང་ གང་ ཡིན་"
                        ],
                        "སྡེ་": [
                            "ཞེས་ ཚོགས་པ འི་ བདག་ཉིད་",
                            "དག་ ཐོས་ ཅིང་",
                            "འཛིན་ ཞིང་ སྐྱོང་ གང་ ཡིན་"
                        ],
                        "སྣར་": [
                            "ཞེས་ ཚོགས་པ འི་ བདག་ཉིད་",
                            "དམ་ ཚིག་ ཐོགས་",
                            "འཛིན་ ཞིང་ སྐྱོང་ གང་ ཡིན་"
                        ]
                    }
                ]
            },
            {
                "38": [
                    {
                        "པེ་": [
                            "ཀྱི་ སྔགས་པ་ རྣམས་ ལ་",
                            "བློ་གྲོས་ འབྲས་བུ་",
                            "མཚུངས་ མེད་ སྟེར །_། ཞིང་"
                        ],
                        "སྡེ་": [
                            "ཀྱི་ སྔགས་པ་ རྣམས་ ལ་",
                            "འབྲས་བུ་ བློ་གྲོས་",
                            "མཚུངས་ མེད་ སྟེར །_། ཞིང་"
                        ],
                        "སྣར་": [
                            "ཀྱི་ སྔགས་པ་ རྣམས་ ལ་",
                            "བློ་གྲོས་ འབྲས་བུ་",
                            "མཚུངས་ མེད་ སྟེར །_། ཞིང་"
                        ]
                    }
                ]
            },
            {
                "41": [
                    {
                        "པེ་": [
                            "དམ་ ཚིག་ གང་ཞིག་ བློ་ ལྡན་",
                            "གྱུར་པ་ དག",
                            "།_། #ཐུན་ གཉིས་ སུ་ ནི་"
                        ],
                        "སྡེ་": [
                            "དམ་ ཚིག་ གང་ཞིག་ བློ་ ལྡན་",
                            "གུས་པ་ ཡི",
                            "།_། #ཐུན་ གཉིས་ སུ་ ནི་"
                        ],
                        "སྣར་": [
                            "དམ་ ཚིག་ གང་ཞིག་ བློ་ ལྡན་",
                            "གྱུར་པ་ དག",
                            "།_། #ཐུན་ གཉིས་ སུ་ ནི་"
                        ]
                    }
                ]
            },
            {
                "42": [
                    {
                        "པེ་": [
                            "ལྡན་ གུས་པ་ ཡི །_། #ཐུན་",
                            "གསུམ་ དུ་",
                            "ནི་ སྔགས་ རྣམས་ བརྒྱད་པོ་"
                        ],
                        "སྡེ་": [
                            "ལྡན་ གུས་པ་ ཡི །_། #ཐུན་",
                            "གཉིས་ སུ་",
                            "ནི་ སྔགས་ རྣམས་ བརྒྱད་པོ་"
                        ],
                        "སྣར་": [
                            "ལྡན་ གུས་པ་ ཡི །_། #ཐུན་",
                            "གསུམ་ དུ་",
                            "ནི་ སྔགས་ རྣམས་ བརྒྱད་པོ་"
                        ]
                    }
                ]
            },
            {
                "43": [
                    {
                        "པེ་": [
                            "ནི་ བསོད་ནམས་ ལྡན་པ ར་",
                            "འགྱུར་བ་",
                            "དང་  །_། ཚེ་ དང་ དཔལ་"
                        ],
                        "སྡེ་": [
                            "ནི་ བསོད་ནམས་ ལྡན་པ ར་",
                            "གྱུར་པ་",
                            "དང་  །_། ཚེ་ དང་ དཔལ་"
                        ],
                        "སྣར་": [
                            "ནི་ བསོད་ནམས་ ལྡན་པ ར་",
                            "འགྱུར་བ་",
                            "དང་  །_། ཚེ་ དང་ དཔལ་"
                        ]
                    }
                ]
            },
            {
                "44": [
                    {
                        "པེ་": [
                            "བརྗིད་ རྒྱས་པ་",
                            "མཚུངས་ མེད་ སྟེར",
                            "།_། ས་ སྟེང་ དང་ ནི་"
                        ],
                        "སྡེ་": [
                            "བརྗིད་ རྒྱས་པ་",
                            "མཚུངས་པ་ མེད",
                            "།_། ས་ སྟེང་ དང་ ནི་"
                        ],
                        "སྣར་": [
                            "བརྗིད་ རྒྱས་པ་",
                            "མཚུངས་ མེད་ སྟེར",
                            "།_། ས་ སྟེང་ དང་ ནི་"
                        ]
                    }
                ]
            }
        ],
        "short_diff": [
            {
                "3": [
                    {
                        "པེ་": [
                            "པ འི །_། #ཧ་ #ཧ་ #ཊ་ #ཊ་ ཞེས་ བཞད་",
                            "",
                            "གང་ཞིག་ དུས་ ཀུན་ དུ་"
                        ],
                        "སྡེ་": [
                            "པ འི །_། #ཧ་ #ཧ་ #ཊ་ #ཊ་ ཞེས་ བཞད་",
                            "སྒྲ་ ཡིས་",
                            "གང་ཞིག་ དུས་ ཀུན་ དུ་"
                        ],
                        "སྣར་": [
                            "པ འི །_། #ཧ་ #ཧ་ #ཊ་ #ཊ་ ཞེས་ བཞད་",
                            "",
                            "གང་ཞིག་ དུས་ ཀུན་ དུ་"
                        ]
                    }
                ]
            },
            {
                "40": [
                    {
                        "པེ་": [
                            "ཡི་ སློབ་དཔོན་ འགའ་ཞིག་",
                            "ཐོས་ འཛིན་",
                            "དམ་ ཚིག་ གང་ཞིག་ བློ་ ལྡན་ གུས་པ་ ཡི"
                        ],
                        "སྡེ་": [
                            "ཡི་ སློབ་དཔོན་ འགའ་ཞིག་",
                            "",
                            "དམ་ ཚིག་ གང་ཞིག་ བློ་ ལྡན་ གུས་པ་ ཡི"
                        ],
                        "སྣར་": [
                            "ཡི་ སློབ་དཔོན་ འགའ་ཞིག་",
                            "ཐོས་ འཛིན་",
                            "དམ་ ཚིག་ གང་ཞིག་ བློ་ ལྡན་ གུས་པ་ ཡི"
                        ]
                    }
                ]
            }
        ]
    },
    "empty_notes": [
        {
            "49": [
                {
                    "པེ་": [
                        "གཏན་ ལ་ ཕབ་པ འོ །།_།། ",
                        "",
                        "གཏན་ ལ་ ཕབ་པ འོ །།_།། "
                    ],
                    "སྡེ་": [
                        "གཏན་ ལ་ ཕབ་པ འོ །།_།། ",
                        "",
                        "གཏན་ ལ་ ཕབ་པ འོ །།_།། "
                    ],
                    "སྣར་": [
                        "གཏན་ ལ་ ཕབ་པ འོ །།_།། ",
                        "",
                        "གཏན་ ལ་ ཕབ་པ འོ །།_།། "
                    ]
                }
            ]
        }
    ],
    "manual_categorisation": {
        "long_difference": {
            "differing_formulation": [],
            "major_modification": []
        },
        "manual_evaluation": {
            "derge_correct": [],
            "meaning_difference": {
                "great_diff": [],
                "medium_diff": [],
                "small_diff": []
            }
        }
    },
    "ngram_freq": {
        "1": {
            "པེ་": [],
            "སྡེ་": [],
            "སྣར་": []
        },
        "10": {
            "པེ་": [
                [
                    "ཀི་ལི་ཀི",
                    "175"
                ],
                [
                    "ཀི་ལི་ཀི་ལི",
                    "82"
                ]
            ],
            "སྡེ་": [
                [
                    "ཀཱི་ལི་ཀཱི",
                    "88"
                ]
            ],
            "སྣར་": [
                [
                    "ཀི་ལི་ཀི",
                    "175"
                ],
                [
                    "ཀི་ལི་ཀི་ལི",
                    "82"
                ]
            ]
        },
        "11": {
            "པེ་": [],
            "སྡེ་": [],
            "སྣར་": []
        },
        "12": {
            "པེ་": [],
            "སྡེ་": [],
            "སྣར་": []
        },
        "13": {
            "པེ་": [
                [
                    "མཛད",
                    "2928"
                ],
                [
                    "འདུལ་མཛད",
                    "89"
                ]
            ],
            "སྡེ་": [
                [
                    "ཚད",
                    "657"
                ]
            ],
            "སྣར་": [
                [
                    "མཛད",
                    "2928"
                ],
                [
                    "འདུལ་མཛད",
                    "89"
                ]
            ]
        },
        "14": {
            "པེ་": [],
            "སྡེ་": [],
            "སྣར་": []
        },
        "15": {
            "པེ་": [
                [
                    "གཟུགས",
                    "768"
                ],
                [
                    "གཟུགས་ཅན",
                    "60"
                ]
            ],
            "སྡེ་": [
                [
                    "ཐུགས",
                    "273"
                ]
            ],
            "སྣར་": [
                [
                    "གཟུགས",
                    "768"
                ],
                [
                    "གཟུགས་ཅན",
                    "60"
                ]
            ]
        },
        "16": {
            "པེ་": [
                [
                    "གཟུང",
                    "5"
                ],
                [
                    "རྣམས་གཟུང",
                    "88"
                ]
            ],
            "སྡེ་": [
                [
                    "བཟུང",
                    "11"
                ],
                [
                    "བཟུང་སྟེ",
                    "612"
                ]
            ],
            "སྣར་": [
                [
                    "གཟུང",
                    "5"
                ],
                [
                    "རྣམས་གཟུང",
                    "88"
                ]
            ]
        },
        "17": {
            "པེ་": [],
            "སྡེ་": [],
            "སྣར་": []
        },
        "18": {
            "པེ་": [],
            "སྡེ་": [],
            "སྣར་": []
        },
        "19": {
            "པེ་": [
                [
                    "ཕྲེང་བས",
                    "658"
                ]
            ],
            "སྡེ་": [
                [
                    "རྒྱན་གྱིས",
                    "827"
                ]
            ],
            "སྣར་": [
                [
                    "ཕྲེང་བས",
                    "658"
                ]
            ]
        },
        "2": {
            "པེ་": [],
            "སྡེ་": [],
            "སྣར་": []
        },
        "20": {
            "པེ་": [
                [
                    "ཆགས",
                    "289"
                ],
                [
                    "ཆགས།_།",
                    "188"
                ]
            ],
            "སྡེ་": [
                [
                    "ཚོགས",
                    "778"
                ],
                [
                    "ཚོགས།_།",
                    "748"
                ]
            ],
            "སྣར་": [
                [
                    "ཆགས",
                    "289"
                ],
                [
                    "ཆགས།_།",
                    "188"
                ]
            ]
        },
        "21": {
            "པེ་": [
                [
                    "གཟུང",
                    "5"
                ]
            ],
            "སྡེ་": [
                [
                    "བཟུང",
                    "11"
                ],
                [
                    "བཟུང་ནས",
                    "1069"
                ]
            ],
            "སྣར་": [
                [
                    "གཟུང",
                    "5"
                ]
            ]
        },
        "22": {
            "པེ་": [
                [
                    "མགོ་བོ",
                    "717"
                ]
            ],
            "སྡེ་": [
                [
                    "མགོ་བོའི",
                    "177"
                ]
            ],
            "སྣར་": [
                [
                    "མགོ་བོ",
                    "717"
                ]
            ]
        },
        "23": {
            "པེ་": [],
            "སྡེ་": [],
            "སྣར་": []
        },
        "24": {
            "པེ་": [
                [
                    "ས",
                    "542"
                ],
                [
                    "ས་ལ",
                    "3916"
                ]
            ],
            "སྡེ་": [
                [
                    "མཚོ",
                    "51"
                ],
                [
                    "མཚོ་ལ",
                    "576"
                ]
            ],
            "སྣར་": [
                [
                    "ས",
                    "542"
                ],
                [
                    "ས་ལ",
                    "3916"
                ]
            ]
        },
        "25": {
            "པེ་": [],
            "སྡེ་": [],
            "སྣར་": []
        },
        "26": {
            "པེ་": [
                [
                    "སྒྲོགས་པས",
                    "43"
                ]
            ],
            "སྡེ་": [
                [
                    "སྒྲོགས་པ",
                    "133"
                ]
            ],
            "སྣར་": [
                [
                    "སྒྲོགས་པས",
                    "43"
                ]
            ]
        },
        "27": {
            "པེ་": [
                [
                    "གཞུགས",
                    "5"
                ]
            ],
            "སྡེ་": [
                [
                    "བཞུགས",
                    "1247"
                ],
                [
                    "སུ་བཞུགས",
                    "129"
                ],
                [
                    "བཞུགས་ནས",
                    "404"
                ]
            ],
            "སྣར་": [
                [
                    "བཞུགས",
                    "1247"
                ],
                [
                    "སུ་བཞུགས",
                    "129"
                ],
                [
                    "བཞུགས་ནས",
                    "404"
                ]
            ]
        },
        "28": {
            "པེ་": [
                [
                    "སྐྱོད་པར",
                    "63"
                ]
            ],
            "སྡེ་": [
                [
                    "སྲུང་བར",
                    "617"
                ]
            ],
            "སྣར་": [
                [
                    "སྐྱོད་པར",
                    "63"
                ]
            ]
        },
        "29": {
            "པེ་": [
                [
                    "ཀྱིས",
                    "6156"
                ],
                [
                    "རྣམས་ཀྱིས",
                    "952"
                ]
            ],
            "སྡེ་": [
                [
                    "ཀྱི",
                    "5256"
                ],
                [
                    "ཀྱི་ཞིང",
                    "8590"
                ],
                [
                    "རྣམས་ཀྱི",
                    "571"
                ]
            ],
            "སྣར་": [
                [
                    "ཀྱིས",
                    "6156"
                ],
                [
                    "རྣམས་ཀྱིས",
                    "952"
                ]
            ]
        },
        "3": {
            "པེ་": [
                [
                    "",
                    "1"
                ],
                [
                    "བཞད",
                    "48"
                ],
                [
                    "གང་ཞིག",
                    "5325"
                ]
            ],
            "སྡེ་": [
                [
                    "སྒྲ་ཡིས",
                    "142"
                ]
            ],
            "སྣར་": [
                [
                    "",
                    "1"
                ],
                [
                    "བཞད",
                    "48"
                ],
                [
                    "གང་ཞིག",
                    "5325"
                ]
            ]
        },
        "30": {
            "པེ་": [],
            "སྡེ་": [],
            "སྣར་": [
                [
                    "མཛོད",
                    "783"
                ]
            ]
        },
        "31": {
            "པེ་": [
                [
                    "མཉེས་པ",
                    "116"
                ]
            ],
            "སྡེ་": [
                [
                    "བརྙེས་པ",
                    "260"
                ]
            ],
            "སྣར་": [
                [
                    "མཉེས་པ",
                    "116"
                ]
            ]
        },
        "32": {
            "པེ་": [],
            "སྡེ་": [],
            "སྣར་": []
        },
        "33": {
            "པེ་": [],
            "སྡེ་": [],
            "སྣར་": []
        },
        "34": {
            "པེ་": [
                [
                    "ཁྲོ",
                    "54"
                ]
            ],
            "སྡེ་": [
                [
                    "འགྲོ",
                    "1558"
                ],
                [
                    "ལྟར་འགྲོ",
                    "192"
                ]
            ],
            "སྣར་": [
                [
                    "ཁྲོ",
                    "54"
                ]
            ]
        },
        "35": {
            "པེ་": [],
            "སྡེ་": [],
            "སྣར་": []
        },
        "36": {
            "པེ་": [],
            "སྡེ་": [
                [
                    "",
                    "1"
                ],
                [
                    "།__།",
                    "174"
                ]
            ],
            "སྣར་": []
        },
        "37": {
            "པེ་": [
                [
                    "ཀྱིས",
                    "6156"
                ],
                [
                    "ཐུགས་ཀྱིས",
                    "311"
                ]
            ],
            "སྡེ་": [
                [
                    "ཀྱི",
                    "5256"
                ],
                [
                    "ཐུགས་ཀྱི",
                    "1314"
                ]
            ],
            "སྣར་": [
                [
                    "ཀྱིས",
                    "6156"
                ],
                [
                    "ཐུགས་ཀྱིས",
                    "311"
                ]
            ]
        },
        "38": {
            "པེ་": [],
            "སྡེ་": [],
            "སྣར་": []
        },
        "39": {
            "པེ་": [
                [
                    "གང་ཞིག",
                    "5325"
                ]
            ],
            "སྡེ་": [
                [
                    "འགའ་ཞིག",
                    "1265"
                ]
            ],
            "སྣར་": [
                [
                    "གང་ཞིག",
                    "5325"
                ]
            ]
        },
        "4": {
            "པེ་": [
                [
                    "མཛད་པ",
                    "1162"
                ]
            ],
            "སྡེ་": [
                [
                    "མཛད་ཅིང",
                    "741"
                ]
            ],
            "སྣར་": [
                [
                    "མཛད་པ",
                    "1162"
                ]
            ]
        },
        "40": {
            "པེ་": [],
            "སྡེ་": [
                [
                    "",
                    "1"
                ],
                [
                    "དམ",
                    "5187"
                ],
                [
                    "འགའ་ཞིག",
                    "1265"
                ]
            ],
            "སྣར་": []
        },
        "41": {
            "པེ་": [
                [
                    "གྱུར་པ་དག",
                    "52"
                ]
            ],
            "སྡེ་": [],
            "སྣར་": [
                [
                    "གྱུར་པ་དག",
                    "52"
                ]
            ]
        },
        "42": {
            "པེ་": [
                [
                    "གསུམ་དུ",
                    "3038"
                ],
                [
                    "གསུམ་དུ་ནི",
                    "88"
                ],
                [
                    "ཐུན་གསུམ་དུ",
                    "75"
                ]
            ],
            "སྡེ་": [
                [
                    "གཉིས་སུ",
                    "49"
                ],
                [
                    "གཉིས་སུ་ནི",
                    "43"
                ]
            ],
            "སྣར་": [
                [
                    "གསུམ་དུ",
                    "3038"
                ],
                [
                    "གསུམ་དུ་ནི",
                    "88"
                ],
                [
                    "ཐུན་གསུམ་དུ",
                    "75"
                ]
            ]
        },
        "43": {
            "པེ་": [
                [
                    "འགྱུར་བ",
                    "1037"
                ],
                [
                    "འགྱུར་བ་དང",
                    "159"
                ],
                [
                    "ལྡན་པར་འགྱུར་བ་དང",
                    "136"
                ]
            ],
            "སྡེ་": [
                [
                    "གྱུར་པ",
                    "3361"
                ],
                [
                    "གྱུར་པ་དང",
                    "89"
                ]
            ],
            "སྣར་": [
                [
                    "འགྱུར་བ",
                    "1037"
                ],
                [
                    "འགྱུར་བ་དང",
                    "159"
                ],
                [
                    "ལྡན་པར་འགྱུར་བ་དང",
                    "136"
                ]
            ]
        },
        "44": {
            "པེ་": [],
            "སྡེ་": [
                [
                    "མཚུངས་པ་མེད",
                    "86"
                ]
            ],
            "སྣར་": []
        },
        "45": {
            "པེ་": [
                [
                    "སྔ",
                    "7"
                ],
                [
                    "ཞལ་སྔ",
                    "63"
                ],
                [
                    "སྔ་ནས",
                    "423"
                ],
                [
                    "ཞལ་སྔ་ནས",
                    "51"
                ]
            ],
            "སྡེ་": [
                [
                    "མངའ",
                    "467"
                ]
            ],
            "སྣར་": [
                [
                    "སྔ",
                    "7"
                ],
                [
                    "ཞལ་སྔ",
                    "63"
                ],
                [
                    "སྔ་ནས",
                    "423"
                ],
                [
                    "ཞལ་སྔ་ནས",
                    "51"
                ]
            ]
        },
        "46": {
            "པེ་": [],
            "སྡེ་": [
                [
                    "ཤྲཱི",
                    "10"
                ]
            ],
            "སྣར་": []
        },
        "47": {
            "པེ་": [],
            "སྡེ་": [
                [
                    "ལོ་ཙཱ་བ",
                    "58"
                ]
            ],
            "སྣར་": []
        },
        "48": {
            "པེ་": [
                [
                    "དིང",
                    "14"
                ]
            ],
            "སྡེ་": [
                [
                    "ལྡི",
                    "212"
                ]
            ],
            "སྣར་": [
                [
                    "དིང",
                    "14"
                ]
            ]
        },
        "49": {
            "པེ་": [
                [
                    "",
                    "1"
                ],
                [
                    "གཏན",
                    "12"
                ],
                [
                    "གཏན་ལ",
                    "1245"
                ]
            ],
            "སྡེ་": [
                [
                    "",
                    "1"
                ],
                [
                    "གཏན",
                    "12"
                ],
                [
                    "གཏན་ལ",
                    "1245"
                ]
            ],
            "སྣར་": [
                [
                    "",
                    "1"
                ],
                [
                    "གཏན",
                    "12"
                ],
                [
                    "གཏན་ལ",
                    "1245"
                ]
            ]
        },
        "5": {
            "པེ་": [
                [
                    "མཆུ",
                    "12"
                ],
                [
                    "མཆུ་དང",
                    "121"
                ]
            ],
            "སྡེ་": [
                [
                    "མཐུ",
                    "31"
                ],
                [
                    "མཐུ་དང",
                    "1111"
                ]
            ],
            "སྣར་": [
                [
                    "མཆུ",
                    "12"
                ],
                [
                    "མཆུ་དང",
                    "121"
                ]
            ]
        },
        "6": {
            "པེ་": [
                [
                    "",
                    "1"
                ],
                [
                    "གདངས",
                    "11"
                ],
                [
                    "འཇིགས་པ",
                    "133"
                ]
            ],
            "སྡེ་": [
                [
                    "ཁྭ",
                    "2"
                ]
            ],
            "སྣར་": [
                [
                    "",
                    "1"
                ],
                [
                    "གདངས",
                    "11"
                ],
                [
                    "འཇིགས་པ",
                    "133"
                ]
            ]
        },
        "7": {
            "པེ་": [],
            "སྡེ་": [],
            "སྣར་": []
        },
        "8": {
            "པེ་": [
                [
                    "དམར",
                    "171"
                ]
            ],
            "སྡེ་": [
                [
                    "མར",
                    "66"
                ]
            ],
            "སྣར་": [
                [
                    "དམར",
                    "171"
                ]
            ]
        },
        "9": {
            "པེ་": [
                [
                    "སྒྱུར",
                    "104"
                ]
            ],
            "སྡེ་": [
                [
                    "བསྒྱུར",
                    "187"
                ]
            ],
            "སྣར་": [
                [
                    "སྒྱུར",
                    "104"
                ]
            ]
        }
    },
    "non_standard_notes": [],
    "profile": {
        "1": [
            "པེ་=སྣར་ སྡེ་",
            "91.84%"
        ],
        "10": [
            "པེ་=སྣར་ སྡེ་",
            "91.84%"
        ],
        "11": [
            "པེ་=སྣར་ སྡེ་",
            "91.84%"
        ],
        "12": [
            "པེ་=སྣར་ སྡེ་",
            "91.84%"
        ],
        "13": [
            "པེ་=སྣར་ སྡེ་",
            "91.84%"
        ],
        "14": [
            "པེ་=སྣར་ སྡེ་",
            "91.84%"
        ],
        "15": [
            "པེ་=སྣར་ སྡེ་",
            "91.84%"
        ],
        "16": [
            "པེ་=སྣར་ སྡེ་",
            "91.84%"
        ],
        "17": [
            "པེ་=སྣར་ སྡེ་",
            "91.84%"
        ],
        "18": [
            "པེ་=སྣར་ སྡེ་",
            "91.84%"
        ],
        "19": [
            "པེ་=སྣར་ སྡེ་",
            "91.84%"
        ],
        "2": [
            "པེ་ སྡེ་ སྣར་",
            "4.08%"
        ],
        "20": [
            "པེ་=སྣར་ སྡེ་",
            "91.84%"
        ],
        "21": [
            "པེ་=སྣར་ སྡེ་",
            "91.84%"
        ],
        "22": [
            "པེ་=སྣར་ སྡེ་",
            "91.84%"
        ],
        "23": [
            "པེ་=སྣར་ སྡེ་",
            "91.84%"
        ],
        "24": [
            "པེ་=སྣར་ སྡེ་",
            "91.84%"
        ],
        "25": [
            "པེ་=སྣར་ སྡེ་",
            "91.84%"
        ],
        "26": [
            "པེ་=སྣར་ སྡེ་",
            "91.84%"
        ],
        "27": [
            "པེ་ སྡེ་=སྣར་",
            "2.04%"
        ],
        "28": [
            "པེ་=སྣར་ སྡེ་",
            "91.84%"
        ],
        "29": [
            "པེ་=སྣར་ སྡེ་",
            "91.84%"
        ],
        "3": [
            "པེ་=སྣར་ སྡེ་",
            "91.84%"
        ],
        "30": [
            "པེ་ སྡེ་ སྣར་",
            "4.08%"
        ],
        "31": [
            "པེ་=སྣར་ སྡེ་",
            "91.84%"
        ],
        "32": [
            "པེ་=སྣར་ སྡེ་",
            "91.84%"
        ],
        "33": [
            "པེ་=སྣར་ སྡེ་",
            "91.84%"
        ],
        "34": [
            "པེ་=སྣར་ སྡེ་",
            "91.84%"
        ],
        "35": [
            "པེ་=སྣར་ སྡེ་",
            "91.84%"
        ],
        "36": [
            "པེ་=སྣར་ སྡེ་",
            "91.84%"
        ],
        "37": [
            "པེ་=སྣར་ སྡེ་",
            "91.84%"
        ],
        "38": [
            "པེ་=སྣར་ སྡེ་",
            "91.84%"
        ],
        "39": [
            "པེ་=སྣར་ སྡེ་",
            "91.84%"
        ],
        "4": [
            "པེ་=སྣར་ སྡེ་",
            "91.84%"
        ],
        "40": [
            "པེ་=སྣར་ སྡེ་",
            "91.84%"
        ],
        "41": [
            "པེ་=སྣར་ སྡེ་",
            "91.84%"
        ],
        "42": [
            "པེ་=སྣར་ སྡེ་",
            "91.84%"
        ],
        "43": [
            "པེ་=སྣར་ སྡེ་",
            "91.84%"
        ],
        "44": [
            "པེ་=སྣར་ སྡེ་",
            "91.84%"
        ],
        "45": [
            "པེ་=སྣར་ སྡེ་",
            "91.84%"
        ],
        "46": [
            "པེ་=སྣར་ སྡེ་",
            "91.84%"
        ],
        "47": [
            "པེ་=སྣར་ སྡེ་",
            "91.84%"
        ],
        "48": [
            "པེ་=སྣར་ སྡེ་",
            "91.84%"
        ],
        "49": [
            "པེ་=སྡེ་=སྣར་",
            "2.04%"
        ],
        "5": [
            "པེ་=སྣར་ སྡེ་",
            "91.84%"
        ],
        "6": [
            "པེ་=སྣར་ སྡེ་",
            "91.84%"
        ],
        "7": [
            "པེ་=སྣར་ སྡེ་",
            "91.84%"
        ],
        "8": [
            "པེ་=སྣར་ སྡེ་",
            "91.84%"
        ],
        "9": [
            "པེ་=སྣར་ སྡེ་",
            "91.84%"
        ]
    }
}