﻿{
    "Stats": {
        "Categorised": "14 notes (73.68%)",
        "Notes’ total": 19,
        "Profiles": [
            "པེ་=སྣར་ སྡེ་: 84.21% (16 notes)",
            "པེ་=སྡེ་=སྣར་: 5.26% (1 notes)",
            "པེ་ སྡེ་ སྣར་: 5.26% (1 notes)",
            "པེ་ སྡེ་=སྣར་: 5.26% (1 notes)"
        ],
        "automatic_categorisation": {
            "min_mod": {
                "particle_groups": 1
            },
            "particle_issues": {},
            "spelling_mistake": {
                "nga_da": 1,
                "non_word": {
                    "well_formed": 3
                }
            },
            "sskrt": 5,
            "verb_difference": {
                "diff_tense": 3
            }
        },
        "dunno": {
            "no_diff": 5
        },
        "empty_notes": 1,
        "manual_categorisation": {
            "long_difference": {},
            "manual_evaluation": {
                "meaning_difference": {}
            }
        },
        "ngram_freq": {},
        "profile": {}
    },
    "automatic_categorisation": {
        "min_mod": {
            "min_mod_groups": [],
            "particle_groups": [
                {
                    "18": [
                        [
                            "dreldra",
                            "jedra"
                        ],
                        {
                            "པེ་": [
                                "ཐམས་ཅད་ ཤེས་ ཤིང་ དེ་",
                                "ཡི་",
                                "ཉིན་ མཚན་ རྟག་ ཏུ་"
                            ],
                            "སྡེ་": [
                                "ཐམས་ཅད་ ཤེས་ ཤིང་ དེ་",
                                "ཡིས་",
                                "ཉིན་ མཚན་ རྟག་ ཏུ་"
                            ],
                            "སྣར་": [
                                "ཐམས་ཅད་ ཤེས་ ཤིང་ དེ་",
                                "ཡི་",
                                "ཉིན་ མཚན་ རྟག་ ཏུ་"
                            ]
                        }
                    ]
                }
            ]
        },
        "particle_issues": {
            "added_particle": [],
            "agreement_issue": [],
            "different_particles": [],
            "other": [],
            "po-bo-pa-ba": []
        },
        "spelling_mistake": {
            "missing_vowel": [],
            "nga_da": [
                {
                    "2": [
                        {
                            "སྡེ་": "མདུད་",
                            "སྣར་": "མདུད་"
                        },
                        {
                            "པེ་": [
                                "ན་ ཁ་ #ཊྭཱཾ་ ག་ དང་",
                                "གདུང་",
                                "ཐུང་ མི་ ཡི་ ལག་པ འི་"
                            ],
                            "སྡེ་": [
                                "ན་ ཁ་ #ཊྭཱཾ་ ག་ དང་",
                                "#མདུང་",
                                "ཐུང་ མི་ ཡི་ ལག་པ འི་"
                            ],
                            "སྣར་": [
                                "ན་ ཁ་ #ཊྭཱཾ་ ག་ དང་",
                                "#མདུང་",
                                "ཐུང་ མི་ ཡི་ ལག་པ འི་"
                            ]
                        }
                    ]
                }
            ],
            "non_word": {
                "ill_formed": [],
                "well_formed": [
                    {
                        "7": [
                            {
                                "པེ་": [
                                    "ཤིང་  །_། #ཧཱ་ #ཧཱ་ #ཨཊྚ་",
                                    "#རྒོད་པ་ ཡི་",
                                    "ནི་ དུས་ རྣམས་ ཀུན་ དུ་"
                                ],
                                "སྡེ་": [
                                    "ཤིང་  །_། #ཧཱ་ #ཧཱ་ #ཨཊྚ་",
                                    "དགོད་པ་ ཡིས་",
                                    "ནི་ དུས་ རྣམས་ ཀུན་ དུ་"
                                ],
                                "སྣར་": [
                                    "ཤིང་  །_། #ཧཱ་ #ཧཱ་ #ཨཊྚ་",
                                    "#རྒོད་པ་ ཡི་",
                                    "ནི་ དུས་ རྣམས་ ཀུན་ དུ་"
                                ]
                            }
                        ]
                    },
                    {
                        "13": [
                            {
                                "པེ་": [
                                    "དང་ འདྲ་བ འི་ སྐུ་ ནི་",
                                    "#རྩོ་",
                                    "དང་ ཉེས་ འཕྲོག་ ཐོད་པ འི་"
                                ],
                                "སྡེ་": [
                                    "དང་ འདྲ་བ འི་ སྐུ་ ནི་",
                                    "རྩོད་",
                                    "དང་ ཉེས་ འཕྲོག་ ཐོད་པ འི་"
                                ],
                                "སྣར་": [
                                    "དང་ འདྲ་བ འི་ སྐུ་ ནི་",
                                    "#རྩོ་",
                                    "དང་ ཉེས་ འཕྲོག་ ཐོད་པ འི་"
                                ]
                            }
                        ]
                    },
                    {
                        "16": [
                            {
                                "པེ་": [
                                    "སྒྲུབ་པོ་ རྣམས་ ལ་ ཀུན་",
                                    "ཏུ་ གནོད་པ འི་ #བགེགས་",
                                    "རྣམས་ ཉེ་བར་ ཞི་ བར་"
                                ],
                                "སྡེ་": [
                                    "སྒྲུབ་པོ་ རྣམས་ ལ་ ཀུན་",
                                    "དུ་ གཅོད་པ འི་ གེགས་",
                                    "རྣམས་ ཉེ་བར་ ཞི་ བར་"
                                ],
                                "སྣར་": [
                                    "སྒྲུབ་པོ་ རྣམས་ ལ་ ཀུན་",
                                    "ཏུ་ གནོད་པ འི་ #བགེགས་",
                                    "རྣམས་ ཉེ་བར་ ཞི་ བར་"
                                ]
                            }
                        ]
                    }
                ]
            }
        },
        "sskrt": [
            {
                "4": [
                    {
                        "པེ་": [
                            "སྲུངས _།། ཞལ་ དང་ ཞལ་",
                            "#ཕཾ་ #ཕཾ་ #བེ་ #ཏ་",
                            "ཅེས་ སྒྲོགས་པ ས་ སོ་སོ ར་"
                        ],
                        "སྡེ་": [
                            "སྲུངས _།། ཞལ་ དང་ ཞལ་",
                            "ནས་ #ཕེཾ་ #ཕེཾ་ #ཕཊ་",
                            "ཅེས་ སྒྲོགས་པ ས་ སོ་སོ ར་"
                        ],
                        "སྣར་": [
                            "སྲུངས _།། ཞལ་ དང་ ཞལ་",
                            "#ཕཾ་ #ཕཾ་ #བེ་ #ཏ་",
                            "ཅེས་ སྒྲོགས་པ ས་ སོ་སོ ར་"
                        ]
                    }
                ]
            },
            {
                "10": [
                    {
                        "པེ་": [
                            "ལྟར་ དམར་བ་ #རཾ་ #རཾ་",
                            "#རཾ་",
                            "དང་ རུ་ རུ་ རུ"
                        ],
                        "སྡེ་": [
                            "ལྟར་ དམར་བ་ #རཾ་ #རཾ་",
                            "#ཏི་",
                            "དང་ རུ་ རུ་ རུ"
                        ],
                        "སྣར་": [
                            "ལྟར་ དམར་བ་ #རཾ་ #རཾ་",
                            "#རཾ་",
                            "དང་ རུ་ རུ་ རུ"
                        ]
                    }
                ]
            },
            {
                "11": [
                    {
                        "པེ་": [
                            "བ ས་ ཁྲོ་ གཉེར་ མཛོད་ ཅིག་",
                            "#ཀྲཱུཾ་ #ཀྲཱུཾ་ #ཀྲཱུཾ",
                            "།_། འཁོར་ བཅས་ སྐྱོང་བ འི་"
                        ],
                        "སྡེ་": [
                            "བ ས་ ཁྲོ་ གཉེར་ མཛོད་ ཅིག་",
                            "#ཀྲུཾ་ #ཀྲུཾ་ #ཀྲུཾ",
                            "།_། འཁོར་ བཅས་ སྐྱོང་བ འི་"
                        ],
                        "སྣར་": [
                            "བ ས་ ཁྲོ་ གཉེར་ མཛོད་ ཅིག་",
                            "#ཀྲཱུཾ་ #ཀྲཱུཾ་ #ཀྲཱུཾ",
                            "།_། འཁོར་ བཅས་ སྐྱོང་བ འི་"
                        ]
                    }
                ]
            },
            {
                "12": [
                    {
                        "པེ་": [
                            "ལངས་ འདུལ་ བར་ མཛད་པ་",
                            "#ཌཾ་ #ཌཾ་ #ཌཾ",
                            "།_། ངེས་པར་ གནོད་པ འི་"
                        ],
                        "སྡེ་": [
                            "ལངས་ འདུལ་ བར་ མཛད་པ་",
                            "#ཊཾ་ #ཊཾ་ #ཊཾ",
                            "།_། ངེས་པར་ གནོད་པ འི་"
                        ],
                        "སྣར་": [
                            "ལངས་ འདུལ་ བར་ མཛད་པ་",
                            "#ཌཾ་ #ཌཾ་ #ཌཾ",
                            "།_། ངེས་པར་ གནོད་པ འི་"
                        ]
                    }
                ]
            },
            {
                "15": [
                    {
                        "པེ་": [
                            "གནོན །_། #ཧྲཱིཾ་ #ཀླཱིཾ་",
                            "#ཤྲིཾ་",
                            "གིས་ སྔགས་ དང་པ་"
                        ],
                        "སྡེ་": [
                            "གནོན །_། #ཧྲཱིཾ་ #ཀླཱིཾ་",
                            "#ཤྲཱིཾ་",
                            "གིས་ སྔགས་ དང་པ་"
                        ],
                        "སྣར་": [
                            "གནོན །_། #ཧྲཱིཾ་ #ཀླཱིཾ་",
                            "#ཤྲིཾ་",
                            "གིས་ སྔགས་ དང་པ་"
                        ]
                    }
                ]
            }
        ],
        "verb_difference": {
            "diff_tense": [
                {
                    "3": [
                        [
                            "《བསྲུངས》ཞེས་པ།【〈སྲུང〉གི་ འདས་པ།】【〈སྲུང〉གི་ འདས་པ། ཐ་དད་པ།】",
                            "《སྲུངས》ཞེས་པ།【〈སྲུང〉གི་ སྐུལ་ཚིག】【〈སྲུང〉གི་ སྐུལ་ཚིག ཐ་དད་པ།】"
                        ],
                        {
                            "པེ་": [
                                "དགྱེས་ ཞིང་ སྐྱོང་ ཀུན་ ནས་",
                                "བསྲུངས",
                                "_།། ཞལ་ དང་ ཞལ་ ནས་ #ཕེཾ་ #ཕེཾ་"
                            ],
                            "སྡེ་": [
                                "དགྱེས་ ཞིང་ སྐྱོང་ ཀུན་ ནས་",
                                "སྲུངས",
                                "_།། ཞལ་ དང་ ཞལ་ ནས་ #ཕེཾ་ #ཕེཾ་"
                            ],
                            "སྣར་": [
                                "དགྱེས་ ཞིང་ སྐྱོང་ ཀུན་ ནས་",
                                "བསྲུངས",
                                "_།། ཞལ་ དང་ ཞལ་ ནས་ #ཕེཾ་ #ཕེཾ་"
                            ]
                        }
                    ]
                },
                {
                    "5": [
                        [
                            "《ཁེང》ཞེས་པ།【〈ཁེང〉གི་ ད་ལྟ་བ།】【〈ཁེང〉གི་ ད་ལྟ་བ། ཐ་མི་དད་པ།】【〈ཁེང〉གི་ མ་འོངས་པ།】【〈ཁེང〉གི་ མ་འོངས་པ། ཐ་མི་དད་པ།】",
                            "《ཁེངས》ཞེས་པ།【〈ཁེང〉གི་ འདས་པ།】【〈ཁེང〉གི་ འདས་པ། ཐ་མི་དད་པ།】"
                        ],
                        {
                            "པེ་": [
                                "ཀྱང་ སྲིད་པ་ གསུམ་པོ་",
                                "ཁེང་པ ར་",
                                "འགེངས་ ནུས་ འོ་ དོད་ ཀྱིས"
                            ],
                            "སྡེ་": [
                                "ཀྱང་ སྲིད་པ་ གསུམ་པོ་",
                                "ཁེངས་པ ར་",
                                "འགེངས་ ནུས་ འོ་ དོད་ ཀྱིས"
                            ],
                            "སྣར་": [
                                "ཀྱང་ སྲིད་པ་ གསུམ་པོ་",
                                "ཁེང་པ ར་",
                                "འགེངས་ ནུས་ འོ་ དོད་ ཀྱིས"
                            ]
                        }
                    ]
                },
                {
                    "8": [
                        [
                            "《སྐྱེས》ཞེས་པ།【〈སྐྱེ〉གི་ འདས་པ། ཐ་མི་དད་པ།】",
                            "《སྐྱེ》ཞེས་པ།【〈སྐྱེ〉གི་ ད་ལྟ་བ། ཐ་མི་དད་པ།】【〈སྐྱེ〉གི་ མ་འོངས་པ། ཐ་མི་དད་པ།】"
                        ],
                        {
                            "པེ་": [
                                "འཇིགས་པ ར་ བྱེད །_། མགོ་",
                                "སྐྱེ་",
                                "རལ་པ་ #སྨ་ ར་"
                            ],
                            "སྡེ་": [
                                "འཇིགས་པ ར་ བྱེད །_། མགོ་",
                                "སྐྱེས་",
                                "རལ་པ་ #སྨ་ ར་"
                            ],
                            "སྣར་": [
                                "འཇིགས་པ ར་ བྱེད །_། མགོ་",
                                "སྐྱེ་",
                                "རལ་པ་ #སྨ་ ར་"
                            ]
                        }
                    ]
                }
            ],
            "diff_verb": [],
            "not_sure": []
        }
    },
    "dunno": {
        "long_diff": [],
        "no_diff": [
            {
                "1": [
                    {
                        "པེ་": [
                            "#ཀི་ #ལི་ སྒྲོགས་པ འི་",
                            "དགྲ་",
                            "ཡིས་ འབྱུང་པོ འི་ ཚོགས་པ་"
                        ],
                        "སྡེ་": [
                            "#ཀི་ #ལི་ སྒྲོགས་པ འི་",
                            "སྒྲ་",
                            "ཡིས་ འབྱུང་པོ འི་ ཚོགས་པ་"
                        ],
                        "སྣར་": [
                            "#ཀི་ #ལི་ སྒྲོགས་པ འི་",
                            "དགྲ་",
                            "ཡིས་ འབྱུང་པོ འི་ ཚོགས་པ་"
                        ]
                    }
                ]
            },
            {
                "6": [
                    {
                        "པེ་": [
                            "པོ་ ཁེངས་པ ར་ འགེངས་ ནུས་",
                            "འོད་ འདོད་",
                            "ཀྱིས །_། #ཧཱུཾ་ #ཧཱུཾ་"
                        ],
                        "སྡེ་": [
                            "པོ་ ཁེངས་པ ར་ འགེངས་ ནུས་",
                            "འོ་ དོད་",
                            "ཀྱིས །_། #ཧཱུཾ་ #ཧཱུཾ་"
                        ],
                        "སྣར་": [
                            "པོ་ ཁེངས་པ ར་ འགེངས་ ནུས་",
                            "འོད་ འདོད་",
                            "ཀྱིས །_། #ཧཱུཾ་ #ཧཱུཾ་"
                        ]
                    }
                ]
            },
            {
                "9": [
                    {
                        "པེ་": [
                            "འཕྲོ་བ འི་ ཞིང་ སྐྱོང་",
                            "བསྲུང་ བར་",
                            "མཛོད །_། སྒེག་ ཅིང་ རོལ་"
                        ],
                        "སྡེ་": [
                            "འཕྲོ་བ འི་ ཞིང་ སྐྱོང་",
                            "སྲུང་བ ར་",
                            "མཛོད །_། སྒེག་ ཅིང་ རོལ་"
                        ],
                        "སྣར་": [
                            "འཕྲོ་བ འི་ ཞིང་ སྐྱོང་",
                            "བསྲུང་ བར་",
                            "མཛོད །_། སྒེག་ ཅིང་ རོལ་"
                        ]
                    }
                ]
            },
            {
                "14": [
                    {
                        "པེ་": [
                            "པ་ ཁྱོད་",
                            "ཀྱི་ ཚོགས་ ཀྱི་",
                            "མཆོག་ དང་ ཞིང་ རྣམས་ སྐྱོངས་"
                        ],
                        "སྡེ་": [
                            "པ་ ཁྱོད་",
                            "ཀྱིས་ ཚོགས་ ཀྱི་",
                            "མཆོག་ དང་ ཞིང་ རྣམས་ སྐྱོངས་"
                        ],
                        "སྣར་": [
                            "པ་ ཁྱོད་",
                            "ཀྱི་ ཚོགས་ ཀྱིས་",
                            "མཆོག་ དང་ ཞིང་ རྣམས་ སྐྱོངས་"
                        ]
                    }
                ]
            },
            {
                "17": [
                    {
                        "པེ་": [
                            "མོངས་ རྣམས །_། རྣམ་པར་",
                            "གསལ་",
                            "ནས་ ཕྱག་ གི་"
                        ],
                        "སྡེ་": [
                            "མོངས་ རྣམས །_། རྣམ་པར་",
                            "བསལ་",
                            "ནས་ ཕྱག་ གི་"
                        ],
                        "སྣར་": [
                            "མོངས་ རྣམས །_། རྣམ་པར་",
                            "གསལ་",
                            "ནས་ ཕྱག་ གི་"
                        ]
                    }
                ]
            }
        ],
        "short_diff": []
    },
    "empty_notes": [
        {
            "19": [
                {
                    "པེ་": [
                        "ནས་ མཛད་པ འོ །།_།། ",
                        "",
                        "#སྔ་ ནས་ མཛད་པ འོ །།_།། "
                    ],
                    "སྡེ་": [
                        "ནས་ མཛད་པ འོ །།_།། ",
                        "",
                        "#སྔ་ ནས་ མཛད་པ འོ །།_།། "
                    ],
                    "སྣར་": [
                        "ནས་ མཛད་པ འོ །།_།། ",
                        "",
                        "#སྔ་ ནས་ མཛད་པ འོ །།_།། "
                    ]
                }
            ]
        }
    ],
    "manual_categorisation": {
        "long_difference": {
            "differing_formulation": [],
            "major_modification": []
        },
        "manual_evaluation": {
            "derge_correct": [],
            "meaning_difference": {
                "great_diff": [],
                "medium_diff": [],
                "small_diff": []
            }
        }
    },
    "ngram_freq": {
        "1": {
            "པེ་": [
                [
                    "དགྲ",
                    "53"
                ],
                [
                    "དགྲ་ཡིས",
                    "41"
                ]
            ],
            "སྡེ་": [
                [
                    "སྒྲ",
                    "261"
                ],
                [
                    "སྒྲ་ཡིས",
                    "142"
                ]
            ],
            "སྣར་": [
                [
                    "དགྲ",
                    "53"
                ],
                [
                    "དགྲ་ཡིས",
                    "41"
                ]
            ]
        },
        "10": {
            "པེ་": [
                [
                    "རཾ",
                    "80"
                ]
            ],
            "སྡེ་": [
                [
                    "ཏི",
                    "1484"
                ],
                [
                    "ཏི་དང",
                    "119"
                ]
            ],
            "སྣར་": [
                [
                    "རཾ",
                    "80"
                ]
            ]
        },
        "11": {
            "པེ་": [],
            "སྡེ་": [],
            "སྣར་": []
        },
        "12": {
            "པེ་": [],
            "སྡེ་": [],
            "སྣར་": []
        },
        "13": {
            "པེ་": [
                [
                    "རྩོ",
                    "1"
                ]
            ],
            "སྡེ་": [
                [
                    "རྩོད",
                    "25"
                ],
                [
                    "ནི་རྩོད",
                    "105"
                ]
            ],
            "སྣར་": [
                [
                    "རྩོ",
                    "1"
                ]
            ]
        },
        "14": {
            "པེ་": [
                [
                    "ཀྱི་ཚོགས་ཀྱི",
                    "148"
                ]
            ],
            "སྡེ་": [],
            "སྣར་": [
                [
                    "ཀྱི་ཚོགས་ཀྱིས",
                    "113"
                ]
            ]
        },
        "15": {
            "པེ་": [
                [
                    "ཤྲིཾ",
                    "1"
                ]
            ],
            "སྡེ་": [
                [
                    "ཤྲཱིཾ",
                    "3"
                ]
            ],
            "སྣར་": [
                [
                    "ཤྲིཾ",
                    "1"
                ]
            ]
        },
        "16": {
            "པེ་": [],
            "སྡེ་": [],
            "སྣར་": []
        },
        "17": {
            "པེ་": [
                [
                    "གསལ",
                    "509"
                ],
                [
                    "རྣམ་པར་གསལ",
                    "88"
                ]
            ],
            "སྡེ་": [
                [
                    "བསལ",
                    "105"
                ],
                [
                    "བསལ་ནས",
                    "147"
                ],
                [
                    "རྣམ་པར་བསལ",
                    "97"
                ]
            ],
            "སྣར་": [
                [
                    "གསལ",
                    "509"
                ],
                [
                    "རྣམ་པར་གསལ",
                    "88"
                ]
            ]
        },
        "18": {
            "པེ་": [
                [
                    "ཡི",
                    "8322"
                ],
                [
                    "དེ་ཡི",
                    "6810"
                ]
            ],
            "སྡེ་": [
                [
                    "ཡིས",
                    "7433"
                ],
                [
                    "དེ་ཡིས",
                    "1499"
                ]
            ],
            "སྣར་": [
                [
                    "ཡི",
                    "8322"
                ],
                [
                    "དེ་ཡི",
                    "6810"
                ]
            ]
        },
        "19": {
            "པེ་": [
                [
                    "",
                    "1"
                ],
                [
                    "སྔ",
                    "7"
                ],
                [
                    "སྔ་ནས",
                    "423"
                ]
            ],
            "སྡེ་": [
                [
                    "",
                    "1"
                ],
                [
                    "སྔ",
                    "7"
                ],
                [
                    "སྔ་ནས",
                    "423"
                ]
            ],
            "སྣར་": [
                [
                    "",
                    "1"
                ],
                [
                    "སྔ",
                    "7"
                ],
                [
                    "སྔ་ནས",
                    "423"
                ]
            ]
        },
        "2": {
            "པེ་": [
                [
                    "གདུང",
                    "3765"
                ]
            ],
            "སྡེ་": [
                [
                    "མདུང",
                    "1"
                ],
                [
                    "དང་མདུང",
                    "50"
                ],
                [
                    "མདུང་ཐུང",
                    "218"
                ]
            ],
            "སྣར་": [
                [
                    "མདུང",
                    "1"
                ],
                [
                    "དང་མདུང",
                    "50"
                ],
                [
                    "མདུང་ཐུང",
                    "218"
                ]
            ]
        },
        "3": {
            "པེ་": [
                [
                    "བསྲུངས",
                    "86"
                ]
            ],
            "སྡེ་": [
                [
                    "སྲུངས",
                    "44"
                ]
            ],
            "སྣར་": [
                [
                    "བསྲུངས",
                    "86"
                ]
            ]
        },
        "4": {
            "པེ་": [],
            "སྡེ་": [],
            "སྣར་": []
        },
        "5": {
            "པེ་": [],
            "སྡེ་": [
                [
                    "ཁེངས་པར",
                    "57"
                ]
            ],
            "སྣར་": []
        },
        "6": {
            "པེ་": [],
            "སྡེ་": [
                [
                    "འོ་དོད",
                    "77"
                ]
            ],
            "སྣར་": []
        },
        "7": {
            "པེ་": [],
            "སྡེ་": [],
            "སྣར་": []
        },
        "8": {
            "པེ་": [
                [
                    "སྐྱེ",
                    "779"
                ]
            ],
            "སྡེ་": [
                [
                    "སྐྱེས",
                    "1030"
                ]
            ],
            "སྣར་": [
                [
                    "སྐྱེ",
                    "779"
                ]
            ]
        },
        "9": {
            "པེ་": [
                [
                    "བསྲུང་བར",
                    "977"
                ]
            ],
            "སྡེ་": [
                [
                    "སྲུང་བར",
                    "617"
                ]
            ],
            "སྣར་": [
                [
                    "བསྲུང་བར",
                    "977"
                ]
            ]
        }
    },
    "non_standard_notes": [],
    "profile": {
        "1": [
            "པེ་=སྣར་ སྡེ་",
            "84.21%"
        ],
        "10": [
            "པེ་=སྣར་ སྡེ་",
            "84.21%"
        ],
        "11": [
            "པེ་=སྣར་ སྡེ་",
            "84.21%"
        ],
        "12": [
            "པེ་=སྣར་ སྡེ་",
            "84.21%"
        ],
        "13": [
            "པེ་=སྣར་ སྡེ་",
            "84.21%"
        ],
        "14": [
            "པེ་ སྡེ་ སྣར་",
            "5.26%"
        ],
        "15": [
            "པེ་=སྣར་ སྡེ་",
            "84.21%"
        ],
        "16": [
            "པེ་=སྣར་ སྡེ་",
            "84.21%"
        ],
        "17": [
            "པེ་=སྣར་ སྡེ་",
            "84.21%"
        ],
        "18": [
            "པེ་=སྣར་ སྡེ་",
            "84.21%"
        ],
        "19": [
            "པེ་=སྡེ་=སྣར་",
            "5.26%"
        ],
        "2": [
            "པེ་ སྡེ་=སྣར་",
            "5.26%"
        ],
        "3": [
            "པེ་=སྣར་ སྡེ་",
            "84.21%"
        ],
        "4": [
            "པེ་=སྣར་ སྡེ་",
            "84.21%"
        ],
        "5": [
            "པེ་=སྣར་ སྡེ་",
            "84.21%"
        ],
        "6": [
            "པེ་=སྣར་ སྡེ་",
            "84.21%"
        ],
        "7": [
            "པེ་=སྣར་ སྡེ་",
            "84.21%"
        ],
        "8": [
            "པེ་=སྣར་ སྡེ་",
            "84.21%"
        ],
        "9": [
            "པེ་=སྣར་ སྡེ་",
            "84.21%"
        ]
    }
}