མཚན་བྱང་།,ཤོག་གྲངས།,1,མཆན་གྲངས།,པར་མ།,མཆན།
བླ་ན་མེད་པའི་བསྟོད་པ།,239,2,1,,མཚན་བྱང་འདི་《པེ་》《སྣར་》ལྟར་བཀོད།
,,3,2,《པེ་》,པ།
,,4,3,《པེ་》《སྣར་》,གི།
,,5,4,《པེ་》《སྣར་》,གསལ།
,,6,5,《པེ་》《སྣར་》,གི།
,240,7,1,《པེ་》《སྣར་》,གི།
