﻿{
    "Stats": {
        "Categorised": "5 notes (83.33%)",
        "Notes’ total": 6,
        "Profiles": [
            "པེ་=སྣར་ སྡེ་: 50.00% (3 notes)",
            "པེ་=སྡེ་=སྣར་: 16.67% (1 notes)",
            "པེ་=སྡེ་ སྣར་: 16.67% (1 notes)",
            "པེ་ སྡེ་=སྣར་: 16.67% (1 notes)"
        ],
        "automatic_categorisation": {
            "min_mod": {},
            "particle_issues": {},
            "spelling_mistake": {
                "non_word": {}
            },
            "sskrt": 2,
            "verb_difference": {
                "diff_verb": 2
            }
        },
        "dunno": {
            "short_diff": 1
        },
        "empty_notes": 1,
        "manual_categorisation": {
            "long_difference": {},
            "manual_evaluation": {
                "meaning_difference": {}
            }
        },
        "ngram_freq": {},
        "profile": {}
    },
    "automatic_categorisation": {
        "min_mod": {
            "min_mod_groups": [],
            "particle_groups": []
        },
        "particle_issues": {
            "added_particle": [],
            "agreement_issue": [],
            "different_particles": [],
            "other": [],
            "po-bo-pa-ba": []
        },
        "spelling_mistake": {
            "missing_vowel": [],
            "nga_da": [],
            "non_word": {
                "ill_formed": [],
                "well_formed": []
            }
        },
        "sskrt": [
            {
                "1": [
                    {
                        "པེ་": [
                            "ར་ ཀ་ #མཉྫུ་",
                            "#ཤྲཱི་པ་",
                            "ར་ མ་ #ཨརྠ་ #སྟུ་"
                        ],
                        "སྡེ་": [
                            "ར་ ཀ་ #མཉྫུ་",
                            "#ཤྲཱི་པ་",
                            "ར་ མ་ #ཨརྠ་ #སྟུ་"
                        ],
                        "སྣར་": [
                            "ར་ ཀ་ #མཉྫུ་",
                            "#ཤྲཱི་བ་",
                            "ར་ མ་ #ཨརྠ་ #སྟུ་"
                        ]
                    }
                ]
            },
            {
                "2": [
                    {
                        "པེ་": [
                            "#ཤྲཱི་པ་ ར་",
                            "#མཱརྠ་",
                            "#སྟུ་ #ཏི་ #ནཱ་ མ ། "
                        ],
                        "སྡེ་": [
                            "#ཤྲཱི་པ་ ར་",
                            "མ་ #ཨརྠ་",
                            "#སྟུ་ #ཏི་ #ནཱ་ མ ། "
                        ],
                        "སྣར་": [
                            "#ཤྲཱི་པ་ ར་",
                            "#མཱརྠ་",
                            "#སྟུ་ #ཏི་ #ནཱ་ མ ། "
                        ]
                    }
                ]
            }
        ],
        "verb_difference": {
            "diff_tense": [],
            "diff_verb": [
                {
                    "3": [
                        [
                            "《རྟེན》ཞེས་པ།【〈བརྟེན〉གི་ ད་ལྟ་བ། ཐ་དད་པ།】【〈བརྟེན〉གི་ སྐུལ་ཚིག ཐ་དད་པ།】【〈རྟེན〉གི་ ད་ལྟ་བ། ཐ་མི་དད་པ།】【〈རྟེན〉གི་ སྐུལ་ཚིག ཐ་མི་དད་པ།】",
                            "《བརྟེན》ཞེས་པ།【〈བརྟེན〉གི་ མ་འོངས་པ། ཐ་དད་པ།】【〈བརྟེན〉གི་ འདས་པ། ཐ་དད་པ།】【〈རྟེན〉གི་ མ་འོངས་པ། ཐ་མི་དད་པ།】【〈རྟེན〉གི་ འདས་པ། ཐ་མི་དད་པ།】"
                        ],
                        {
                            "པེ་": [
                                " །_། འོན་ཀྱང་ འཇིག་རྟེན་ བཏགས་",
                                "བརྟེན་",
                                "གྱིས །_། ཁྱོད་ ནི་"
                            ],
                            "སྡེ་": [
                                " །_། འོན་ཀྱང་ འཇིག་རྟེན་ བཏགས་",
                                "རྟེན་",
                                "གྱིས །_། ཁྱོད་ ནི་"
                            ],
                            "སྣར་": [
                                " །_། འོན་ཀྱང་ འཇིག་རྟེན་ བཏགས་",
                                "བརྟེན་",
                                "གྱིས །_། ཁྱོད་ ནི་"
                            ]
                        }
                    ]
                },
                {
                    "4": [
                        [
                            "《བསྟེན》ཞེས་པ།【〈བསྟེན〉གི་ མ་འོངས་པ། ཐ་དད་པ།】【〈བསྟེན〉གི་ འདས་པ། ཐ་དད་པ།】【〈སྟེན〉གི་ མ་འོངས་པ།】【〈སྟེན〉གི་ མ་འོངས་པ། ཐ་དད་པ།】【〈སྟེན〉གི་ འདས་པ།】【〈སྟེན〉གི་ འདས་པ། ཐ་དད་པ།】",
                            "《བརྟེན》ཞེས་པ།【〈བརྟེན〉གི་ མ་འོངས་པ། ཐ་དད་པ།】【〈བརྟེན〉གི་ འདས་པ། ཐ་དད་པ།】【〈རྟེན〉གི་ མ་འོངས་པ། ཐ་མི་དད་པ།】【〈རྟེན〉གི་ འདས་པ། ཐ་མི་དད་པ།】"
                        ],
                        {
                            "པེ་": [
                                "མཆོག་ ཏུ་ ཟབ་པ་ ཉིད་",
                                "བསྟེན་པ",
                                "།_། ཟབ་པ་ ཁྱོད་"
                            ],
                            "སྡེ་": [
                                "མཆོག་ ཏུ་ ཟབ་པ་ ཉིད་",
                                "བརྟེན་པ",
                                "།_། ཟབ་པ་ ཁྱོད་"
                            ],
                            "སྣར་": [
                                "མཆོག་ ཏུ་ ཟབ་པ་ ཉིད་",
                                "བསྟེན་པ",
                                "།_། ཟབ་པ་ ཁྱོད་"
                            ]
                        }
                    ]
                }
            ],
            "not_sure": []
        }
    },
    "dunno": {
        "long_diff": [],
        "no_diff": [],
        "short_diff": [
            {
                "5": [
                    {
                        "པེ་": [
                            "ཞེས་བྱ་བ་ སློབ་དཔོན་",
                            "",
                            "ཀླུ་ སྒྲུབ་ ཀྱི་ ཞལ་"
                        ],
                        "སྡེ་": [
                            "ཞེས་བྱ་བ་ སློབ་དཔོན་",
                            "ཆེན་པོ་",
                            "ཀླུ་ སྒྲུབ་ ཀྱི་ ཞལ་"
                        ],
                        "སྣར་": [
                            "ཞེས་བྱ་བ་ སློབ་དཔོན་",
                            "ཆེན་པོ་",
                            "ཀླུ་ སྒྲུབ་ ཀྱི་ ཞལ་"
                        ]
                    }
                ]
            }
        ]
    },
    "empty_notes": [
        {
            "6": [
                {
                    "པེ་": [
                        "མཛད་པ་ རྫོགས་ སོ །། ",
                        "",
                        "མཛད་པ་ རྫོགས་ སོ །། "
                    ],
                    "སྡེ་": [
                        "མཛད་པ་ རྫོགས་ སོ །། ",
                        "",
                        "མཛད་པ་ རྫོགས་ སོ །། "
                    ],
                    "སྣར་": [
                        "མཛད་པ་ རྫོགས་ སོ །། ",
                        "",
                        "མཛད་པ་ རྫོགས་ སོ །། "
                    ]
                }
            ]
        }
    ],
    "manual_categorisation": {
        "long_difference": {
            "differing_formulation": [],
            "major_modification": []
        },
        "manual_evaluation": {
            "derge_correct": [],
            "meaning_difference": {
                "great_diff": [],
                "medium_diff": [],
                "small_diff": []
            }
        }
    },
    "ngram_freq": {
        "1": {
            "པེ་": [],
            "སྡེ་": [],
            "སྣར་": []
        },
        "2": {
            "པེ་": [
                [
                    "མཱརྠ",
                    "8"
                ]
            ],
            "སྡེ་": [],
            "སྣར་": [
                [
                    "མཱརྠ",
                    "8"
                ]
            ]
        },
        "3": {
            "པེ་": [
                [
                    "བརྟེན",
                    "256"
                ]
            ],
            "སྡེ་": [
                [
                    "རྟེན",
                    "218"
                ],
                [
                    "རྟེན་གྱིས",
                    "298"
                ]
            ],
            "སྣར་": [
                [
                    "བརྟེན",
                    "256"
                ]
            ]
        },
        "4": {
            "པེ་": [
                [
                    "བསྟེན་པ",
                    "449"
                ]
            ],
            "སྡེ་": [
                [
                    "བརྟེན་པ",
                    "61"
                ]
            ],
            "སྣར་": [
                [
                    "བསྟེན་པ",
                    "449"
                ]
            ]
        },
        "5": {
            "པེ་": [
                [
                    "",
                    "1"
                ],
                [
                    "ཀླུ",
                    "42"
                ],
                [
                    "སློབ་དཔོན",
                    "2825"
                ]
            ],
            "སྡེ་": [
                [
                    "ཆེན་པོ",
                    "1828"
                ]
            ],
            "སྣར་": [
                [
                    "ཆེན་པོ",
                    "1828"
                ]
            ]
        },
        "6": {
            "པེ་": [
                [
                    "",
                    "1"
                ],
                [
                    "མཛད་པ",
                    "1162"
                ]
            ],
            "སྡེ་": [
                [
                    "",
                    "1"
                ],
                [
                    "མཛད་པ",
                    "1162"
                ]
            ],
            "སྣར་": [
                [
                    "",
                    "1"
                ],
                [
                    "མཛད་པ",
                    "1162"
                ]
            ]
        }
    },
    "non_standard_notes": [],
    "profile": {
        "1": [
            "པེ་=སྡེ་ སྣར་",
            "16.67%"
        ],
        "2": [
            "པེ་=སྣར་ སྡེ་",
            "50.00%"
        ],
        "3": [
            "པེ་=སྣར་ སྡེ་",
            "50.00%"
        ],
        "4": [
            "པེ་=སྣར་ སྡེ་",
            "50.00%"
        ],
        "5": [
            "པེ་ སྡེ་=སྣར་",
            "16.67%"
        ],
        "6": [
            "པེ་=སྡེ་=སྣར་",
            "16.67%"
        ]
    }
}