﻿{
    "Stats": {
        "Categorised": "7 notes (63.64%)",
        "Notes’ total": 11,
        "Profiles": [
            "པེ་=སྣར་ སྡེ་: 81.82% (9 notes)",
            "པེ་=སྡེ་=སྣར་: 9.09% (1 notes)",
            "པེ་=སྡེ་ སྣར་: 9.09% (1 notes)"
        ],
        "automatic_categorisation": {
            "min_mod": {
                "particle_groups": 2
            },
            "particle_issues": {},
            "spelling_mistake": {
                "non_word": {
                    "well_formed": 1
                }
            },
            "sskrt": 1,
            "verb_difference": {
                "diff_verb": 2
            }
        },
        "dunno": {
            "no_diff": 3,
            "short_diff": 1
        },
        "empty_notes": 1,
        "manual_categorisation": {
            "long_difference": {},
            "manual_evaluation": {
                "meaning_difference": {}
            }
        },
        "ngram_freq": {},
        "profile": {}
    },
    "automatic_categorisation": {
        "min_mod": {
            "min_mod_groups": [],
            "particle_groups": [
                {
                    "6": [
                        [
                            "jedra"
                        ],
                        {
                            "པེ་": [
                                "ཡི་ གསོན་པ་",
                                "འདི་འདྲ་བ ས",
                                "_།། མཁའ་ ལ་ ཀ་ ཤི འི་"
                            ],
                            "སྡེ་": [
                                "ཡི་ གསོན་པ་",
                                "འདི་འདྲ་བ",
                                "_།། མཁའ་ ལ་ ཀ་ ཤི འི་"
                            ],
                            "སྣར་": [
                                "ཡི་ གསོན་པ་",
                                "འདི་འདྲ་བ ས",
                                "_།། མཁའ་ ལ་ ཀ་ ཤི འི་"
                            ]
                        }
                    ]
                },
                {
                    "8": [
                        [
                            "dreldra",
                            "jedra"
                        ],
                        {
                            "པེ་": [
                                "པ །_། དེ་ ན་ བདག་",
                                "གི་",
                                "ལམ་ མ་ མཐོང་  །_། དེ་"
                            ],
                            "སྡེ་": [
                                "པ །_། དེ་ ན་ བདག་",
                                "གིས་",
                                "ལམ་ མ་ མཐོང་  །_། དེ་"
                            ],
                            "སྣར་": [
                                "པ །_། དེ་ ན་ བདག་",
                                "གི་",
                                "ལམ་ མ་ མཐོང་  །_། དེ་"
                            ]
                        }
                    ]
                }
            ]
        },
        "particle_issues": {
            "added_particle": [],
            "agreement_issue": [],
            "different_particles": [],
            "other": [],
            "po-bo-pa-ba": []
        },
        "spelling_mistake": {
            "missing_vowel": [],
            "nga_da": [],
            "non_word": {
                "ill_formed": [],
                "well_formed": [
                    {
                        "2": [
                            {
                                "པེ་": [
                                    "ཀྱེ་ བདག་ ལ་ སྐྱོབས །_།",
                                    "འཁོན་",
                                    "རྙིང་ མི་ #བཟད་ ཆེན་པོ་"
                                ],
                                "སྡེ་": [
                                    "ཀྱེ་ བདག་ ལ་ སྐྱོབས །_།",
                                    "#ཁྲོན་",
                                    "རྙིང་ མི་ #བཟད་ ཆེན་པོ་"
                                ],
                                "སྣར་": [
                                    "ཀྱེ་ བདག་ ལ་ སྐྱོབས །_།",
                                    "འཁོན་",
                                    "རྙིང་ མི་ #བཟད་ ཆེན་པོ་"
                                ]
                            }
                        ]
                    }
                ]
            }
        },
        "sskrt": [
            {
                "1": [
                    {
                        "པེ་": [
                            "དུ །_ ན་",
                            "ར་ #གོངྡྷི་ ར་",
                            "#ནཱ་ མ །_ བོད་ སྐད་"
                        ],
                        "སྡེ་": [
                            "དུ །_ ན་",
                            "རག་ #ཨུདྡྷ་ རི་",
                            "#ནཱ་ མ །_ བོད་ སྐད་"
                        ],
                        "སྣར་": [
                            "དུ །_ ན་",
                            "ར་ #གོངྡྷི་ ར་",
                            "#ནཱ་ མ །_ བོད་ སྐད་"
                        ]
                    }
                ]
            }
        ],
        "verb_difference": {
            "diff_tense": [],
            "diff_verb": [
                {
                    "4": [
                        [
                            "《བླངས》ཞེས་པ།【〈ལེན〉གི་ འདས་པ།】【〈ལེན〉གི་ འདས་པ། ཐ་དད་པ།】",
                            "《འཇོམས》ཞེས་པ།【〈འཇོམས〉གི་ ད་ལྟ་བ། ཐ་དད་པ།】"
                        ],
                        {
                            "པེ་": [
                                "འདུན་ #དཀོར་ ནི་ རྣམ་པར་",
                                "བླངས",
                                "_།། བདག་ གིས་ སེམས་ཅན་"
                            ],
                            "སྡེ་": [
                                "འདུན་ #དཀོར་ ནི་ རྣམ་པར་",
                                "འཇོམས",
                                "_།། བདག་ གིས་ སེམས་ཅན་"
                            ],
                            "སྣར་": [
                                "འདུན་ #དཀོར་ ནི་ རྣམ་པར་",
                                "བླངས",
                                "_།། བདག་ གིས་ སེམས་ཅན་"
                            ]
                        }
                    ]
                },
                {
                    "7": [
                        [
                            "《རྟེན》ཞེས་པ།【〈བརྟེན〉གི་ ད་ལྟ་བ། ཐ་དད་པ།】【〈བརྟེན〉གི་ སྐུལ་ཚིག ཐ་དད་པ།】【〈རྟེན〉གི་ ད་ལྟ་བ། ཐ་མི་དད་པ།】【〈རྟེན〉གི་ སྐུལ་ཚིག ཐ་མི་དད་པ།】",
                            "《བརྟེན》ཞེས་པ།【〈བརྟེན〉གི་ མ་འོངས་པ། ཐ་དད་པ།】【〈བརྟེན〉གི་ འདས་པ། ཐ་དད་པ།】【〈རྟེན〉གི་ མ་འོངས་པ། ཐ་མི་དད་པ།】【〈རྟེན〉གི་ འདས་པ། ཐ་མི་དད་པ།】"
                        ],
                        {
                            "པེ་": [
                                " །_། #ལྗོན་ ཤིང་ མང་པོ་",
                                "རྟེན་",
                                "མེད་པ །_། དེ་ ན་"
                            ],
                            "སྡེ་": [
                                " །_། #ལྗོན་ ཤིང་ མང་པོ་",
                                "རྟེན་",
                                "མེད་པ །_། དེ་ ན་"
                            ],
                            "སྣར་": [
                                " །_། #ལྗོན་ ཤིང་ མང་པོ་",
                                "བརྟེན་",
                                "མེད་པ །_། དེ་ ན་"
                            ]
                        }
                    ]
                }
            ],
            "not_sure": []
        }
    },
    "dunno": {
        "long_diff": [],
        "no_diff": [
            {
                "3": [
                    {
                        "པེ་": [
                            "བགྲོད་ དཀའ་ བགྲོད་ མིན་ མི་",
                            "རིགས་པ ས",
                            "།_། འདི་ ནི་ སེམས་"
                        ],
                        "སྡེ་": [
                            "བགྲོད་ དཀའ་ བགྲོད་ མིན་ མི་",
                            "རིག་པ ས",
                            "།_། འདི་ ནི་ སེམས་"
                        ],
                        "སྣར་": [
                            "བགྲོད་ དཀའ་ བགྲོད་ མིན་ མི་",
                            "རིགས་པ ས",
                            "།_། འདི་ ནི་ སེམས་"
                        ]
                    }
                ]
            },
            {
                "5": [
                    {
                        "པེ་": [
                            "འཇིག་རྟེན་ འདི་ ན་",
                            "བདེ་བ་",
                            "མཆིས །_། འཇིག་རྟེན་ ཕ་"
                        ],
                        "སྡེ་": [
                            "འཇིག་རྟེན་ འདི་ ན་",
                            "བདེ་ མ་",
                            "མཆིས །_། འཇིག་རྟེན་ ཕ་"
                        ],
                        "སྣར་": [
                            "འཇིག་རྟེན་ འདི་ ན་",
                            "བདེ་བ་",
                            "མཆིས །_། འཇིག་རྟེན་ ཕ་"
                        ]
                    }
                ]
            },
            {
                "9": [
                    {
                        "པེ་": [
                            "བྱེད་ འཇིག་རྟེན་ མགོན་པོ་",
                            "ལ",
                            "།_། དམྱལ་བ་ ནས་ འདོན་"
                        ],
                        "སྡེ་": [
                            "བྱེད་ འཇིག་རྟེན་ མགོན་པོ་",
                            "ལགས",
                            "།_། དམྱལ་བ་ ནས་ འདོན་"
                        ],
                        "སྣར་": [
                            "བྱེད་ འཇིག་རྟེན་ མགོན་པོ་",
                            "ལ",
                            "།_། དམྱལ་བ་ ནས་ འདོན་"
                        ]
                    }
                ]
            }
        ],
        "short_diff": [
            {
                "10": [
                    {
                        "པེ་": [
                            "སྒྲུབ་ ཀྱིས་",
                            "མཛད་པ འོ",
                            "།། "
                        ],
                        "སྡེ་": [
                            "སྒྲུབ་ ཀྱིས་",
                            "མཛད་པ་ རྫོགས་ སོ",
                            "།། "
                        ],
                        "སྣར་": [
                            "སྒྲུབ་ ཀྱིས་",
                            "མཛད་པ འོ",
                            "།། "
                        ]
                    }
                ]
            }
        ]
    },
    "empty_notes": [
        {
            "11": [
                {
                    "པེ་": [
                        "མཛད་པ་ རྫོགས་ སོ །། ",
                        "",
                        "མཛད་པ་ རྫོགས་ སོ །། "
                    ],
                    "སྡེ་": [
                        "མཛད་པ་ རྫོགས་ སོ །། ",
                        "",
                        "མཛད་པ་ རྫོགས་ སོ །། "
                    ],
                    "སྣར་": [
                        "མཛད་པ་ རྫོགས་ སོ །། ",
                        "",
                        "མཛད་པ་ རྫོགས་ སོ །། "
                    ]
                }
            ]
        }
    ],
    "manual_categorisation": {
        "long_difference": {
            "differing_formulation": [],
            "major_modification": []
        },
        "manual_evaluation": {
            "derge_correct": [],
            "meaning_difference": {
                "great_diff": [],
                "medium_diff": [],
                "small_diff": []
            }
        }
    },
    "ngram_freq": {
        "1": {
            "པེ་": [],
            "སྡེ་": [],
            "སྣར་": []
        },
        "10": {
            "པེ་": [
                [
                    "མཛད་པའོ",
                    "87"
                ]
            ],
            "སྡེ་": [],
            "སྣར་": [
                [
                    "མཛད་པའོ",
                    "87"
                ]
            ]
        },
        "11": {
            "པེ་": [
                [
                    "",
                    "1"
                ],
                [
                    "མཛད་པ",
                    "1162"
                ]
            ],
            "སྡེ་": [
                [
                    "",
                    "1"
                ],
                [
                    "མཛད་པ",
                    "1162"
                ]
            ],
            "སྣར་": [
                [
                    "",
                    "1"
                ],
                [
                    "མཛད་པ",
                    "1162"
                ]
            ]
        },
        "2": {
            "པེ་": [
                [
                    "འཁོན",
                    "3"
                ]
            ],
            "སྡེ་": [
                [
                    "ཁྲོན",
                    "345"
                ],
                [
                    "།_།ཁྲོན",
                    "45"
                ]
            ],
            "སྣར་": [
                [
                    "འཁོན",
                    "3"
                ]
            ]
        },
        "3": {
            "པེ་": [
                [
                    "རིགས་པས",
                    "112"
                ]
            ],
            "སྡེ་": [
                [
                    "རིག་པས",
                    "46"
                ],
                [
                    "རིག་པས།_།",
                    "42"
                ]
            ],
            "སྣར་": [
                [
                    "རིགས་པས",
                    "112"
                ]
            ]
        },
        "4": {
            "པེ་": [
                [
                    "བླངས",
                    "153"
                ]
            ],
            "སྡེ་": [
                [
                    "འཇོམས",
                    "344"
                ],
                [
                    "རྣམ་པར་འཇོམས",
                    "280"
                ]
            ],
            "སྣར་": [
                [
                    "བླངས",
                    "153"
                ]
            ]
        },
        "5": {
            "པེ་": [
                [
                    "བདེ་བ",
                    "150"
                ],
                [
                    "ན་བདེ་བ",
                    "212"
                ]
            ],
            "སྡེ་": [],
            "སྣར་": [
                [
                    "བདེ་བ",
                    "150"
                ],
                [
                    "ན་བདེ་བ",
                    "212"
                ]
            ]
        },
        "6": {
            "པེ་": [],
            "སྡེ་": [
                [
                    "འདི་འདྲ་བ",
                    "40"
                ]
            ],
            "སྣར་": []
        },
        "7": {
            "པེ་": [
                [
                    "རྟེན",
                    "218"
                ],
                [
                    "རྟེན་མེད་པ",
                    "52"
                ]
            ],
            "སྡེ་": [
                [
                    "རྟེན",
                    "218"
                ],
                [
                    "རྟེན་མེད་པ",
                    "52"
                ]
            ],
            "སྣར་": [
                [
                    "བརྟེན",
                    "256"
                ]
            ]
        },
        "8": {
            "པེ་": [
                [
                    "གི",
                    "1276"
                ],
                [
                    "གི་ལམ",
                    "518"
                ],
                [
                    "བདག་གི",
                    "11456"
                ]
            ],
            "སྡེ་": [
                [
                    "གིས",
                    "2588"
                ],
                [
                    "གིས་ལམ",
                    "126"
                ],
                [
                    "བདག་གིས",
                    "13868"
                ]
            ],
            "སྣར་": [
                [
                    "གི",
                    "1276"
                ],
                [
                    "གི་ལམ",
                    "518"
                ],
                [
                    "བདག་གི",
                    "11456"
                ]
            ]
        },
        "9": {
            "པེ་": [
                [
                    "ལ",
                    "33965"
                ],
                [
                    "ལ།_།",
                    "14361"
                ]
            ],
            "སྡེ་": [
                [
                    "ལགས",
                    "12513"
                ],
                [
                    "ལགས།_།",
                    "1704"
                ]
            ],
            "སྣར་": [
                [
                    "ལ",
                    "33965"
                ],
                [
                    "ལ།_།",
                    "14361"
                ]
            ]
        }
    },
    "non_standard_notes": [],
    "profile": {
        "1": [
            "པེ་=སྣར་ སྡེ་",
            "81.82%"
        ],
        "10": [
            "པེ་=སྣར་ སྡེ་",
            "81.82%"
        ],
        "11": [
            "པེ་=སྡེ་=སྣར་",
            "9.09%"
        ],
        "2": [
            "པེ་=སྣར་ སྡེ་",
            "81.82%"
        ],
        "3": [
            "པེ་=སྣར་ སྡེ་",
            "81.82%"
        ],
        "4": [
            "པེ་=སྣར་ སྡེ་",
            "81.82%"
        ],
        "5": [
            "པེ་=སྣར་ སྡེ་",
            "81.82%"
        ],
        "6": [
            "པེ་=སྣར་ སྡེ་",
            "81.82%"
        ],
        "7": [
            "པེ་=སྡེ་ སྣར་",
            "9.09%"
        ],
        "8": [
            "པེ་=སྣར་ སྡེ་",
            "81.82%"
        ],
        "9": [
            "པེ་=སྣར་ སྡེ་",
            "81.82%"
        ]
    }
}