﻿{
    "Stats": {
        "Categorised": "8 notes (100.00%)",
        "Notes’ total": 8,
        "Profiles": [
            "པེ་ སྡེ་: 87.50% (7 notes)",
            "པེ་=སྡེ་: 12.50% (1 notes)"
        ],
        "automatic_categorisation": {
            "min_mod": {},
            "particle_issues": {},
            "spelling_mistake": {
                "non_word": {
                    "well_formed": 1
                }
            },
            "sskrt": 4,
            "verb_difference": {
                "diff_tense": 1
            }
        },
        "dunno": {},
        "empty_notes": 2,
        "manual_categorisation": {
            "long_difference": {},
            "manual_evaluation": {
                "meaning_difference": {}
            }
        },
        "ngram_freq": {},
        "profile": {}
    },
    "automatic_categorisation": {
        "min_mod": {
            "min_mod_groups": [],
            "particle_groups": []
        },
        "particle_issues": {
            "added_particle": [],
            "agreement_issue": [],
            "different_particles": [],
            "other": [],
            "po-bo-pa-ba": []
        },
        "spelling_mistake": {
            "missing_vowel": [],
            "nga_da": [],
            "non_word": {
                "ill_formed": [],
                "well_formed": [
                    {
                        "5": [
                            {
                                "པེ་": [
                                    "#ཙ །_",
                                    "དེ་",
                                    "ན་ མེད་ #ཀེ་ ན་"
                                ],
                                "སྡེ་": [
                                    "#ཙ །_",
                                    "#ཛི་",
                                    "ན་ མེད་ #ཀེ་ ན་"
                                ]
                            }
                        ]
                    }
                ]
            }
        },
        "sskrt": [
            {
                "1": [
                    {
                        "པེ་": [
                            "#ཧ་ རི་",
                            "ནི",
                            "_། #ཨེ་ #ཥ་ ཨ་"
                        ],
                        "སྡེ་": [
                            "#ཧ་ རི་",
                            "#ཎི",
                            "_། #ཨེ་ #ཥ་ ཨ་"
                        ]
                    }
                ]
            },
            {
                "2": [
                    {
                        "པེ་": [
                            " །_ མ །_ ལོ་ ཨ་",
                            "#ཡཾ",
                            "_། #ཨི་ #དཾ་ #རཏྣ་"
                        ],
                        "སྡེ་": [
                            " །_ མ །_ ལོ་ ཨ་",
                            "ཡི",
                            "_། #ཨི་ #དཾ་ #རཏྣ་"
                        ]
                    }
                ]
            },
            {
                "3": [
                    {
                        "པེ་": [
                            " །_ #ཡ་ #ཏི་ #པྲ་ #ཏི་",
                            "#ཛྙ་",
                            "#སྨ་ ར་ #སི་ #ཏཱ་ #དཱ ། "
                        ],
                        "སྡེ་": [
                            " །_ #ཡ་ #ཏི་ #པྲ་ #ཏི་",
                            "#ཛྙར་",
                            "#སྨ་ ར་ #སི་ #ཏཱ་ #དཱ ། "
                        ]
                    }
                ]
            },
            {
                "4": [
                    {
                        "པེ་": [
                            " །_ #གྲིཧྣ་ #གྲིཧྣ །_",
                            "#བྷནྡྷ་ #བྷནྡྷ",
                            "_། #ཧ་ ན་ #ཧ་ ན"
                        ],
                        "སྡེ་": [
                            " །_ #གྲིཧྣ་ #གྲིཧྣ །_",
                            "#བནྡྷ་ #བནྡྷ",
                            "_། #ཧ་ ན་ #ཧ་ ན"
                        ]
                    }
                ]
            }
        ],
        "verb_difference": {
            "diff_tense": [
                {
                    "6": [
                        [
                            "《བཟུང》ཞེས་པ།【〈འཛིན〉གི་ འདས་པ།】【〈འཛིན〉གི་ འདས་པ། ཐ་དད་པ།】",
                            "《གཟུང》ཞེས་པ།【〈འཛིན〉གི་ མ་འོངས་པ།】【〈འཛིན〉གི་ མ་འོངས་པ། ཐ་དད་པ།】"
                        ],
                        {
                            "པེ་": [
                                "བོ་ ནས་ ཡོངས་སུ་",
                                "བཟུང་",
                                "ནས་ ཏིལ་ ཙམ་ དུ་ བྱེད་"
                            ],
                            "སྡེ་": [
                                "བོ་ ནས་ ཡོངས་སུ་",
                                "གཟུང་",
                                "ནས་ ཏིལ་ ཙམ་ དུ་ བྱེད་"
                            ]
                        }
                    ]
                }
            ],
            "diff_verb": [],
            "not_sure": []
        }
    },
    "dunno": {
        "long_diff": [],
        "no_diff": [],
        "short_diff": []
    },
    "empty_notes": [
        {
            "7": [
                {
                    "པེ་": [
                        "ག་ #རོད་ ཀྱིས་ བསྒྱུར་བ འོ",
                        "།།_།།",
                        "རྒྱལ་ #ཚ་ ལུང་ མང་པོ་"
                    ],
                    "སྡེ་": [
                        "ག་ #རོད་ ཀྱིས་ བསྒྱུར་བ འོ",
                        "།_།",
                        "རྒྱལ་ #ཚ་ ལུང་ མང་པོ་"
                    ]
                }
            ]
        },
        {
            "8": [
                {
                    "པེ་": [
                        "བཤུས་ སོ །།_།། དགེ འོ །_། ",
                        "",
                        "བཤུས་ སོ །།_།། དགེ འོ །_། "
                    ],
                    "སྡེ་": [
                        "བཤུས་ སོ །།_།། དགེ འོ །_། ",
                        "",
                        "བཤུས་ སོ །།_།། དགེ འོ །_། "
                    ]
                }
            ]
        }
    ],
    "manual_categorisation": {
        "long_difference": {
            "differing_formulation": [],
            "major_modification": []
        },
        "manual_evaluation": {
            "derge_correct": [],
            "meaning_difference": {
                "great_diff": [],
                "medium_diff": [],
                "small_diff": []
            }
        }
    },
    "ngram_freq": {
        "1": {
            "པེ་": [
                [
                    "ནི",
                    "44237"
                ],
                [
                    "རི་ནི",
                    "92"
                ]
            ],
            "སྡེ་": [
                [
                    "ཎི",
                    "763"
                ],
                [
                    "རི་ཎི",
                    "113"
                ]
            ]
        },
        "2": {
            "པེ་": [
                [
                    "ཡཾ",
                    "74"
                ]
            ],
            "སྡེ་": [
                [
                    "ཡི",
                    "8322"
                ],
                [
                    "ཨ་ཡི",
                    "74"
                ]
            ]
        },
        "3": {
            "པེ་": [
                [
                    "ཛྙ",
                    "3"
                ]
            ],
            "སྡེ་": []
        },
        "4": {
            "པེ་": [],
            "སྡེ་": [
                [
                    "བནྡྷ་བནྡྷ",
                    "87"
                ],
                [
                    "།_བནྡྷ་བནྡྷ",
                    "66"
                ]
            ]
        },
        "5": {
            "པེ་": [
                [
                    "དེ",
                    "1"
                ],
                [
                    "།_དེ",
                    "73761"
                ],
                [
                    "དེ་ན",
                    "5593"
                ],
                [
                    "།_དེ་ན",
                    "1754"
                ]
            ],
            "སྡེ་": [
                [
                    "ཛི",
                    "20"
                ],
                [
                    "།_ཛི",
                    "83"
                ],
                [
                    "ཛི་ན",
                    "244"
                ]
            ]
        },
        "6": {
            "པེ་": [
                [
                    "བཟུང",
                    "11"
                ],
                [
                    "བཟུང་ནས",
                    "1069"
                ],
                [
                    "ཡོངས་སུ་བཟུང",
                    "2001"
                ]
            ],
            "སྡེ་": [
                [
                    "གཟུང",
                    "5"
                ],
                [
                    "ཡོངས་སུ་གཟུང",
                    "1920"
                ]
            ]
        },
        "7": {
            "པེ་": [
                [
                    "།།_།།",
                    "7586"
                ]
            ],
            "སྡེ་": [
                [
                    "།_།",
                    "997103"
                ],
                [
                    "འོ།_།",
                    "419"
                ],
                [
                    "།_།རྒྱལ",
                    "9277"
                ]
            ]
        },
        "8": {
            "པེ་": [
                [
                    "",
                    "1"
                ],
                [
                    "བཤུས",
                    "77"
                ]
            ],
            "སྡེ་": [
                [
                    "",
                    "1"
                ],
                [
                    "བཤུས",
                    "77"
                ]
            ]
        }
    },
    "non_standard_notes": [],
    "profile": {
        "1": [
            "པེ་ སྡེ་",
            "87.50%"
        ],
        "2": [
            "པེ་ སྡེ་",
            "87.50%"
        ],
        "3": [
            "པེ་ སྡེ་",
            "87.50%"
        ],
        "4": [
            "པེ་ སྡེ་",
            "87.50%"
        ],
        "5": [
            "པེ་ སྡེ་",
            "87.50%"
        ],
        "6": [
            "པེ་ སྡེ་",
            "87.50%"
        ],
        "7": [
            "པེ་ སྡེ་",
            "87.50%"
        ],
        "8": [
            "པེ་=སྡེ་",
            "12.50%"
        ]
    }
}