﻿{
    "Stats": {
        "Categorised": "2 notes (66.67%)",
        "Notes’ total": 3,
        "Profiles": [
            "པེ་ སྡེ་: 66.67% (2 notes)",
            "པེ་=སྡེ་: 33.33% (1 notes)"
        ],
        "automatic_categorisation": {
            "min_mod": {},
            "particle_issues": {},
            "spelling_mistake": {
                "non_word": {}
            },
            "verb_difference": {
                "diff_verb": 1
            }
        },
        "dunno": {
            "no_diff": 1
        },
        "empty_notes": 1,
        "manual_categorisation": {
            "long_difference": {},
            "manual_evaluation": {
                "meaning_difference": {}
            }
        },
        "ngram_freq": {},
        "profile": {}
    },
    "automatic_categorisation": {
        "min_mod": {
            "min_mod_groups": [],
            "particle_groups": []
        },
        "particle_issues": {
            "added_particle": [],
            "agreement_issue": [],
            "different_particles": [],
            "other": [],
            "po-bo-pa-ba": []
        },
        "spelling_mistake": {
            "missing_vowel": [],
            "nga_da": [],
            "non_word": {
                "ill_formed": [],
                "well_formed": []
            }
        },
        "sskrt": [],
        "verb_difference": {
            "diff_tense": [],
            "diff_verb": [
                {
                    "2": [
                        [
                            "《བསྒྱུར》ཞེས་པ།【〈བསྒྱུར〉གི་ མ་འོངས་པ། ཐ་དད་པ།】【〈བསྒྱུར〉གི་ འདས་པ། ཐ་དད་པ།】【〈སྒྱུར〉གི་ མ་འོངས་པ།】【〈སྒྱུར〉གི་ མ་འོངས་པ། ཐ་དད་པ།】【〈སྒྱུར〉གི་ འདས་པ།】【〈སྒྱུར〉གི་ འདས་པ། ཐ་དད་པ།】",
                            "《སྒྱུར》ཞེས་པ།【〈བསྒྱུར〉གི་ ད་ལྟ་བ། ཐ་དད་པ།】【〈བསྒྱུར〉གི་ སྐུལ་ཚིག ཐ་དད་པ།】【〈སྒྱུར〉གི་ ད་ལྟ་བ།】【〈སྒྱུར〉གི་ ད་ལྟ་བ། ཐ་དད་པ།】【〈སྒྱུར〉གི་ སྐུལ་ཚིག】【〈སྒྱུར〉གི་ སྐུལ་ཚིག ཐ་དད་པ།】"
                        ],
                        {
                            "པེ་": [
                                "ཀུན་ ལ་ དབང་",
                                "སྒྱུར་",
                                "ཡེ་ཤེས་ འོད་ འབར་ ཀྱེ"
                            ],
                            "སྡེ་": [
                                "ཀུན་ ལ་ དབང་",
                                "བསྒྱུར་",
                                "ཡེ་ཤེས་ འོད་ འབར་ ཀྱེ"
                            ]
                        }
                    ]
                }
            ],
            "not_sure": []
        }
    },
    "dunno": {
        "long_diff": [],
        "no_diff": [
            {
                "1": [
                    {
                        "པེ་": [
                            "ཕྱག་ ཞབས་ རིན་ཆེན་ དུ་མ ས་",
                            "",
                            "བརྒྱན་ ཀྱེ །_། བསྡུ་བ་"
                        ],
                        "སྡེ་": [
                            "ཕྱག་ ཞབས་ རིན་ཆེན་ དུ་མ ས་",
                            "རྣམ་",
                            "བརྒྱན་ ཀྱེ །_། བསྡུ་བ་"
                        ]
                    }
                ]
            }
        ],
        "short_diff": []
    },
    "empty_notes": [
        {
            "3": [
                {
                    "པེ་": [
                        "གྲུབ་ ཀྱིས་ བསྟོད་པ འོ །།_།། ",
                        "",
                        "གྲུབ་ ཀྱིས་ བསྟོད་པ འོ །།_།། "
                    ],
                    "སྡེ་": [
                        "གྲུབ་ ཀྱིས་ བསྟོད་པ འོ །།_།། ",
                        "",
                        "གྲུབ་ ཀྱིས་ བསྟོད་པ འོ །།_།། "
                    ]
                }
            ]
        }
    ],
    "manual_categorisation": {
        "long_difference": {
            "differing_formulation": [],
            "major_modification": []
        },
        "manual_evaluation": {
            "derge_correct": [],
            "meaning_difference": {
                "great_diff": [],
                "medium_diff": [],
                "small_diff": []
            }
        }
    },
    "ngram_freq": {
        "1": {
            "པེ་": [
                [
                    "",
                    "1"
                ],
                [
                    "ས",
                    "542"
                ],
                [
                    "བརྒྱན",
                    "1645"
                ],
                [
                    "དུ་མས་བརྒྱན",
                    "43"
                ]
            ],
            "སྡེ་": [
                [
                    "རྣམ",
                    "1"
                ],
                [
                    "ས་རྣམ",
                    "101"
                ],
                [
                    "རྣམ་བརྒྱན",
                    "92"
                ]
            ]
        },
        "2": {
            "པེ་": [
                [
                    "སྒྱུར",
                    "104"
                ],
                [
                    "དབང་སྒྱུར",
                    "589"
                ]
            ],
            "སྡེ་": [
                [
                    "བསྒྱུར",
                    "187"
                ],
                [
                    "དབང་བསྒྱུར",
                    "222"
                ]
            ]
        },
        "3": {
            "པེ་": [
                [
                    "",
                    "1"
                ],
                [
                    "གྲུབ",
                    "316"
                ],
                [
                    "གྲུབ་ཀྱིས",
                    "53"
                ]
            ],
            "སྡེ་": [
                [
                    "",
                    "1"
                ],
                [
                    "གྲུབ",
                    "316"
                ],
                [
                    "གྲུབ་ཀྱིས",
                    "53"
                ]
            ]
        }
    },
    "non_standard_notes": [],
    "profile": {
        "1": [
            "པེ་ སྡེ་",
            "66.67%"
        ],
        "2": [
            "པེ་ སྡེ་",
            "66.67%"
        ],
        "3": [
            "པེ་=སྡེ་",
            "33.33%"
        ]
    }
}