﻿{
    "Stats": {
        "Categorised": "17 notes (62.96%)",
        "Notes’ total": 27,
        "Profiles": [
            "པེ་=སྣར་ སྡེ་: 88.89% (24 notes)",
            "པེ་=སྡེ་=སྣར་: 3.70% (1 notes)",
            "པེ་=སྡེ་ སྣར་: 3.70% (1 notes)",
            "པེ་ སྡེ་ སྣར་: 3.70% (1 notes)"
        ],
        "automatic_categorisation": {
            "min_mod": {
                "min_mod_groups": 1,
                "particle_groups": 4
            },
            "particle_issues": {},
            "spelling_mistake": {
                "non_word": {
                    "well_formed": 1
                }
            },
            "sskrt": 3,
            "verb_difference": {
                "diff_tense": 5,
                "diff_verb": 2
            }
        },
        "dunno": {
            "no_diff": 8,
            "short_diff": 2
        },
        "empty_notes": 1,
        "manual_categorisation": {
            "long_difference": {},
            "manual_evaluation": {
                "meaning_difference": {}
            }
        },
        "ngram_freq": {},
        "profile": {}
    },
    "automatic_categorisation": {
        "min_mod": {
            "min_mod_groups": [
                {
                    "13": [
                        [
                            [
                                "ནི",
                                "ན"
                            ]
                        ],
                        {
                            "པེ་": [
                                "ཉིད་ མཚོན་ བྱ་ གཞན་ ཉིད་",
                                "ནི",
                                "།_། མཚོན་ བྱ་ མཚན་ཉིད་"
                            ],
                            "སྡེ་": [
                                "ཉིད་ མཚོན་ བྱ་ གཞན་ ཉིད་",
                                "ན",
                                "།_། མཚོན་ བྱ་ མཚན་ཉིད་"
                            ],
                            "སྣར་": [
                                "ཉིད་ མཚོན་ བྱ་ གཞན་ ཉིད་",
                                "ནི",
                                "།_། མཚོན་ བྱ་ མཚན་ཉིད་"
                            ]
                        }
                    ]
                }
            ],
            "particle_groups": [
                {
                    "16": [
                        [
                            "dreldra",
                            "jedra"
                        ],
                        {
                            "པེ་": [
                                "རྣམ་ སྤངས་པ ར །_། ཁྱོད་",
                                "ཀྱིས་",
                                "ཡེ་ཤེས་ སྤྱན་ ཉིད་ ཀྱིས"
                            ],
                            "སྡེ་": [
                                "རྣམ་ སྤངས་པ ར །_། ཁྱོད་",
                                "ཀྱི་",
                                "ཡེ་ཤེས་ སྤྱན་ ཉིད་ ཀྱིས"
                            ],
                            "སྣར་": [
                                "རྣམ་ སྤངས་པ ར །_། ཁྱོད་",
                                "ཀྱིས་",
                                "ཡེ་ཤེས་ སྤྱན་ ཉིད་ ཀྱིས"
                            ]
                        }
                    ]
                },
                {
                    "20": [
                        [
                            "dreldra",
                            "jedra"
                        ],
                        {
                            "པེ་": [
                                "རྟོག་གེ་ འདོད །_། ཁྱོད་",
                                "ཀྱི་",
                                "རྟེན་ ནས་ འབྱུང་བ ར་ གསུངས"
                            ],
                            "སྡེ་": [
                                "རྟོག་གེ་ འདོད །_། ཁྱོད་",
                                "ཀྱིས་",
                                "རྟེན་ ནས་ འབྱུང་བ ར་ གསུངས"
                            ],
                            "སྣར་": [
                                "རྟོག་གེ་ འདོད །_། ཁྱོད་",
                                "ཀྱི་",
                                "རྟེན་ ནས་ འབྱུང་བ ར་ གསུངས"
                            ]
                        }
                    ]
                },
                {
                    "21": [
                        [
                            "jedra"
                        ],
                        {
                            "པེ་": [
                                "མེད་ ཁྱོད་ ཀྱི་ སེང་གེ འི་",
                                "སྒྲ",
                                "།_། ཀུན་ རྟོག་ ཐམས་ཅད་"
                            ],
                            "སྡེ་": [
                                "མེད་ ཁྱོད་ ཀྱི་ སེང་གེ འི་",
                                "སྒྲ ས",
                                "།_། ཀུན་ རྟོག་ ཐམས་ཅད་"
                            ],
                            "སྣར་": [
                                "མེད་ ཁྱོད་ ཀྱི་ སེང་གེ འི་",
                                "སྒྲ",
                                "།_། ཀུན་ རྟོག་ ཐམས་ཅད་"
                            ]
                        }
                    ]
                },
                {
                    "25": [
                        [
                            "dreldra",
                            "jedra"
                        ],
                        {
                            "པེ་": [
                                "བསྟོད་པ་ ལས །_། བདག་",
                                "གི་",
                                "བསོད་ནམས་ གང་ ཐོབ་པ"
                            ],
                            "སྡེ་": [
                                "བསྟོད་པ་ ལས །_། བདག་",
                                "གིས་",
                                "བསོད་ནམས་ གང་ ཐོབ་པ"
                            ],
                            "སྣར་": [
                                "བསྟོད་པ་ ལས །_། བདག་",
                                "གི་",
                                "བསོད་ནམས་ གང་ ཐོབ་པ"
                            ]
                        }
                    ]
                }
            ]
        },
        "particle_issues": {
            "added_particle": [],
            "agreement_issue": [],
            "different_particles": [],
            "other": [],
            "po-bo-pa-ba": []
        },
        "spelling_mistake": {
            "missing_vowel": [],
            "nga_da": [],
            "non_word": {
                "ill_formed": [],
                "well_formed": [
                    {
                        "8": [
                            {
                                "པེ་": [
                                    "ཀྱིས་ བསྟན །_། ཕན་ཚུན་",
                                    "#བལྟོས་པ་",
                                    "ཅན་ ཉིད་ དུ །_། "
                                ],
                                "སྡེ་": [
                                    "ཀྱིས་ བསྟན །_། ཕན་ཚུན་",
                                    "ལྟོས་པ་",
                                    "ཅན་ ཉིད་ དུ །_། "
                                ],
                                "སྣར་": [
                                    "ཀྱིས་ བསྟན །_། ཕན་ཚུན་",
                                    "#བལྟོས་པ་",
                                    "ཅན་ ཉིད་ དུ །_། "
                                ]
                            }
                        ]
                    }
                ]
            }
        },
        "sskrt": [
            {
                "1": [
                    {
                        "པེ་": [
                            "ལོ་ #ཀཱ་ #ཏཱི་ #ཏ་",
                            "#སྟ་བ",
                            "_། བོད་ སྐད་ དུ ། "
                        ],
                        "སྡེ་": [
                            "ལོ་ #ཀཱ་ #ཏཱི་ #ཏ་",
                            "#སྟ་ #བཾ",
                            "_། བོད་ སྐད་ དུ ། "
                        ],
                        "སྣར་": [
                            "ལོ་ #ཀཱ་ #ཏཱི་ #ཏ་",
                            "#སྟ་བ",
                            "_། བོད་ སྐད་ དུ ། "
                        ]
                    }
                ]
            },
            {
                "2": [
                    {
                        "པེ་": [
                            "པ་ ཆེན་པོ་ ཁྱོད་ ཉིད་",
                            "#ཞུགསབཞུགས",
                            "།_། བློ་ ལྡན་ ཁྱོད་ ཀྱི་"
                        ],
                        "སྡེ་": [
                            "པ་ ཆེན་པོ་ ཁྱོད་ ཉིད་",
                            "ཞུགས",
                            "།_། བློ་ ལྡན་ ཁྱོད་ ཀྱི་"
                        ],
                        "སྣར་": [
                            "པ་ ཆེན་པོ་ ཁྱོད་ ཉིད་",
                            "#ཞུགསབཞུགས",
                            "།_། བློ་ ལྡན་ ཁྱོད་ ཀྱི་"
                        ]
                    }
                ]
            },
            {
                "26": [
                    {
                        "པེ་": [
                            "རྒྱ་གར་ གྱི་ མཁན་པོ་",
                            "#ཀྲིཥྚ་",
                            "#པཎྜི་ #ཏ་ དང་  །_ ལོ་"
                        ],
                        "སྡེ་": [
                            "རྒྱ་གར་ གྱི་ མཁན་པོ་",
                            "#ཀྲྀཥྞ་",
                            "#པཎྜི་ #ཏ་ དང་  །_ ལོ་"
                        ],
                        "སྣར་": [
                            "རྒྱ་གར་ གྱི་ མཁན་པོ་",
                            "#ཀྲྀཥྚ་",
                            "#པཎྜི་ #ཏ་ དང་  །_ ལོ་"
                        ]
                    }
                ]
            }
        ],
        "verb_difference": {
            "diff_tense": [
                {
                    "5": [
                        [
                            "《འཚིག》ཞེས་པ།【〈འཚིག〉གི་ ད་ལྟ་བ།】【〈འཚིག〉གི་ ད་ལྟ་བ། ཐ་མི་དད་པ།】【〈འཚིག〉གི་ མ་འོངས་པ།】【〈འཚིག〉གི་ མ་འོངས་པ། ཐ་མི་དད་པ།】",
                            "《ཚིག》ཞེས་པ།【〈འཚིག〉གི་ འདས་པ།】【〈འཚིག〉གི་ འདས་པ། ཐ་མི་དད་པ།】"
                        ],
                        {
                            "པེ་": [
                                " །_། མེ་ ཡིས་ ཁ་ ཉིད་",
                                "འཚིག་པ ར་",
                                "འགྱུར །_། གཞན་ ན འང་"
                            ],
                            "སྡེ་": [
                                " །_། མེ་ ཡིས་ ཁ་ ཉིད་",
                                "ཚིག་པ ར་",
                                "འགྱུར །_། གཞན་ ན འང་"
                            ],
                            "སྣར་": [
                                " །_། མེ་ ཡིས་ ཁ་ ཉིད་",
                                "འཚིག་པ ར་",
                                "འགྱུར །_། གཞན་ ན འང་"
                            ]
                        }
                    ]
                },
                {
                    "6": [
                        [
                            "《རྟོགས》ཞེས་པ།【〈རྟོག〉གི་ སྐུལ་ཚིག ཐ་དད་པ།】",
                            "《རྟོག》ཞེས་པ།【〈རྟོག〉གི་ ད་ལྟ་བ། ཐ་དད་པ།】"
                        ],
                        {
                            "པེ་": [
                                "པ ར་ འགྱུར །_། གཞན་ ན འང་",
                                "རྟོགས་པ་",
                                "མེད་ འགྱུར་ ཞེས །_། "
                            ],
                            "སྡེ་": [
                                "པ ར་ འགྱུར །_། གཞན་ ན འང་",
                                "རྟོག་པ་",
                                "མེད་ འགྱུར་ ཞེས །_། "
                            ],
                            "སྣར་": [
                                "པ ར་ འགྱུར །_། གཞན་ ན འང་",
                                "རྟོགས་པ་",
                                "མེད་ འགྱུར་ ཞེས །_། "
                            ]
                        }
                    ]
                },
                {
                    "15": [
                        [
                            "《མཚོན》ཞེས་པ།【〈མཚན〉གི་ སྐུལ་ཚིག ཐ་དད་པ།】",
                            "《མཚན》ཞེས་པ།【〈མཚན〉གི་ ད་ལྟ་བ། ཐ་དད་པ།】【〈མཚན〉གི་ མ་འོངས་པ། ཐ་དད་པ།】【〈མཚན〉གི་ འདས་པ། ཐ་དད་པ།】"
                        ],
                        {
                            "པེ་": [
                                "དུ་ བསྟན །_། མཚན་ཉིད་",
                                "མཚོན་",
                                "བྱ་ རྣམ་ བྲལ་ ཞིང་  །_། "
                            ],
                            "སྡེ་": [
                                "དུ་ བསྟན །_། མཚན་ཉིད་",
                                "མཚན་",
                                "བྱ་ རྣམ་ བྲལ་ ཞིང་  །_། "
                            ],
                            "སྣར་": [
                                "དུ་ བསྟན །_། མཚན་ཉིད་",
                                "མཚོན་",
                                "བྱ་ རྣམ་ བྲལ་ ཞིང་  །_། "
                            ]
                        }
                    ]
                },
                {
                    "22": [
                        [
                            "《སྤང》ཞེས་པ།【〈སྤོང〉གི་ མ་འོངས་པ། ཐ་དད་པ།】",
                            "《སྤངས》ཞེས་པ།【〈སྤོང〉གི་ འདས་པ། ཐ་དད་པ།】"
                        ],
                        {
                            "པེ་": [
                                " །_། ཀུན་ རྟོག་ ཐམས་ཅད་",
                                "སྤངས་པ འི་",
                                "ཕྱིར །_། སྟོང་ ཉིད་"
                            ],
                            "སྡེ་": [
                                " །_། ཀུན་ རྟོག་ ཐམས་ཅད་",
                                "སྤང་པ འི་",
                                "ཕྱིར །_། སྟོང་ ཉིད་"
                            ],
                            "སྣར་": [
                                " །_། ཀུན་ རྟོག་ ཐམས་ཅད་",
                                "སྤངས་པ འི་",
                                "ཕྱིར །_། སྟོང་ ཉིད་"
                            ]
                        }
                    ]
                },
                {
                    "24": [
                        [
                            "《བསྒོམ》ཞེས་པ།【〈སྒོམ〉གི་ མ་འོངས་པ། ཐ་དད་པ།】",
                            "《བསྒོམས》ཞེས་པ།【〈སྒོམ〉གི་ འདས་པ། ཐ་དད་པ།】"
                        ],
                        {
                            "པེ་": [
                                "རྣམས་ ཀྱིས་ བསྟན་པ་ ཡི །_།",
                                "བསྒོམས་",
                                "མ་ ཞུགས་པ ར་ མཚན་ མེད་"
                            ],
                            "སྡེ་": [
                                "རྣམས་ ཀྱིས་ བསྟན་པ་ ཡི །_།",
                                "བསྒོམ་",
                                "མ་ ཞུགས་པ ར་ མཚན་ མེད་"
                            ],
                            "སྣར་": [
                                "རྣམས་ ཀྱིས་ བསྟན་པ་ ཡི །_།",
                                "བསྒོམས་",
                                "མ་ ཞུགས་པ ར་ མཚན་ མེད་"
                            ]
                        }
                    ]
                }
            ],
            "diff_verb": [
                {
                    "9": [
                        [
                            "《རྟེན》ཞེས་པ།【〈བརྟེན〉གི་ ད་ལྟ་བ། ཐ་དད་པ།】【〈བརྟེན〉གི་ སྐུལ་ཚིག ཐ་དད་པ།】【〈རྟེན〉གི་ ད་ལྟ་བ། ཐ་མི་དད་པ།】【〈རྟེན〉གི་ སྐུལ་ཚིག ཐ་མི་དད་པ།】",
                            "《བརྟེན》ཞེས་པ།【〈བརྟེན〉གི་ མ་འོངས་པ། ཐ་དད་པ།】【〈བརྟེན〉གི་ འདས་པ། ཐ་དད་པ།】【〈རྟེན〉གི་ མ་འོངས་པ། ཐ་མི་དད་པ།】【〈རྟེན〉གི་ འདས་པ། ཐ་མི་དད་པ།】"
                        ],
                        {
                            "པེ་": [
                                "མིན་ རྟེན་ འབྲེལ་ སྐྱེས །_།",
                                "བརྟེན་",
                                "ནས་ སྐྱེས་ ཀྱང་ མ་ སྐྱེས་"
                            ],
                            "སྡེ་": [
                                "མིན་ རྟེན་ འབྲེལ་ སྐྱེས །_།",
                                "རྟེན་",
                                "ནས་ སྐྱེས་ ཀྱང་ མ་ སྐྱེས་"
                            ],
                            "སྣར་": [
                                "མིན་ རྟེན་ འབྲེལ་ སྐྱེས །_།",
                                "བརྟེན་",
                                "ནས་ སྐྱེས་ ཀྱང་ མ་ སྐྱེས་"
                            ]
                        }
                    ]
                },
                {
                    "19": [
                        [
                            "《བསྲུངས》ཞེས་པ།【〈སྲུང〉གི་ འདས་པ།】【〈སྲུང〉གི་ འདས་པ། ཐ་དད་པ།】",
                            "《གསུངས》ཞེས་པ།【〈གསུངས〉གི་ འདས་པ། ཐ་དད་པ།】【〈གསུངས〉གི་ སྐུལ་ཚིག ཐ་དད་པ།】【〈གསུང〉གི་ འདས་པ། ཐ་དད་པ།】【〈གསུང〉གི་ སྐུལ་ཚིག ཐ་དད་པ།】"
                        ],
                        {
                            "པེ་": [
                                "ཀྱང་ དེ་ བཞིན་ ཁྱོད་ ཀྱིས་",
                                "བསྲུངས",
                                "།_། དེ་ ཕྱིར་ ཁྱོད་ ཀྱིས་"
                            ],
                            "སྡེ་": [
                                "ཀྱང་ དེ་ བཞིན་ ཁྱོད་ ཀྱིས་",
                                "གསུངས",
                                "།_། དེ་ ཕྱིར་ ཁྱོད་ ཀྱིས་"
                            ],
                            "སྣར་": [
                                "ཀྱང་ དེ་ བཞིན་ ཁྱོད་ ཀྱིས་",
                                "བསྲུངས",
                                "།_། དེ་ ཕྱིར་ ཁྱོད་ ཀྱིས་"
                            ]
                        }
                    ]
                }
            ],
            "not_sure": []
        }
    },
    "dunno": {
        "long_diff": [],
        "no_diff": [
            {
                "3": [
                    {
                        "པེ་": [
                            " །_། འབྱུང་བ་ མིག་",
                            "གི་ གཟུགས་",
                            "མིན་པ ས །_། དེ་ དངོས་ མིག་"
                        ],
                        "སྡེ་": [
                            " །_། འབྱུང་བ་ མིག་",
                            "གིས་ གཟུང་",
                            "མིན་པ ས །_། དེ་ དངོས་ མིག་"
                        ],
                        "སྣར་": [
                            " །_། འབྱུང་བ་ མིག་",
                            "གི་ གཟུགས་",
                            "མིན་པ ས །_། དེ་ དངོས་ མིག་"
                        ]
                    }
                ]
            },
            {
                "4": [
                    {
                        "པེ་": [
                            "བཞིན་ གྱིས །_། ཡོད་པ་",
                            "མེད་པ ར་",
                            "ཁྱོད་ ཉིད་ བཞེད །_། "
                        ],
                        "སྡེ་": [
                            "བཞིན་ གྱིས །_། ཡོད་པ་",
                            "མིན་པ ར་",
                            "ཁྱོད་ ཉིད་ བཞེད །_། "
                        ],
                        "སྣར་": [
                            "བཞིན་ གྱིས །_། ཡོད་པ་",
                            "མེད་པ ར་",
                            "ཁྱོད་ ཉིད་ བཞེད །_། "
                        ]
                    }
                ]
            },
            {
                "7": [
                    {
                        "པེ་": [
                            "པོ་ རང་ དབང་",
                            "ལས་ ཉིད་",
                            "ཀྱང་  །_། ཐ་ སྙད་ དུ་"
                        ],
                        "སྡེ་": [
                            "པོ་ རང་ དབང་",
                            "ཉིད་ ལས་",
                            "ཀྱང་  །_། ཐ་ སྙད་ དུ་"
                        ],
                        "སྣར་": [
                            "པོ་ རང་ དབང་",
                            "ལས་ ཉིད་",
                            "ཀྱང་  །_། ཐ་ སྙད་ དུ་"
                        ]
                    }
                ]
            },
            {
                "11": [
                    {
                        "པེ་": [
                            "ཤེས་པ་ མེད་པ ར་",
                            "ཤེས་པ་",
                            "མིན །_། དེ་ མེད་ རྣམ་"
                        ],
                        "སྡེ་": [
                            "ཤེས་པ་ མེད་པ ར་",
                            "ཤེས་བྱ་",
                            "མིན །_། དེ་ མེད་ རྣམ་"
                        ],
                        "སྣར་": [
                            "ཤེས་པ་ མེད་པ ར་",
                            "ཤེས་པ་",
                            "མིན །_། དེ་ མེད་ རྣམ་"
                        ]
                    }
                ]
            },
            {
                "14": [
                    {
                        "པེ་": [
                            "དད་ མིན་ ན འང་",
                            "དེ་ མེད་པ ར",
                            "།_། ཁྱོད་ ཀྱིས་ གསལ་"
                        ],
                        "སྡེ་": [
                            "དད་ མིན་ ན འང་",
                            "མེད་ དེ་པ ར",
                            "།_། ཁྱོད་ ཀྱིས་ གསལ་"
                        ],
                        "སྣར་": [
                            "དད་ མིན་ ན འང་",
                            "དེ་ མེད་པ ར",
                            "།_། ཁྱོད་ ཀྱིས་ གསལ་"
                        ]
                    }
                ]
            },
            {
                "17": [
                    {
                        "པེ་": [
                            "ལས་ མིན །_། གཉིས་ མིན་",
                            "སྐྱེ་བ་",
                            "ཇི་ལྟ་བུ །_། ཡོད་"
                        ],
                        "སྡེ་": [
                            "ལས་ མིན །_། གཉིས་ མིན་",
                            "སྐྱེ་བ་",
                            "ཇི་ལྟ་བུ །_། ཡོད་"
                        ],
                        "སྣར་": [
                            "ལས་ མིན །_། གཉིས་ མིན་",
                            "སྐྱེས་པ་",
                            "ཇི་ལྟ་བུ །_། ཡོད་"
                        ]
                    }
                ]
            },
            {
                "18": [
                    {
                        "པེ་": [
                            "མེད་པ་ མི་ གནས་པ ར་",
                            "རིག་པ ས",
                            "།_། འཇིག་པ ར་ འགྱུར་"
                        ],
                        "སྡེ་": [
                            "མེད་པ་ མི་ གནས་པ ར་",
                            "རིགས་པ ས",
                            "།_། འཇིག་པ ར་ འགྱུར་"
                        ],
                        "སྣར་": [
                            "མེད་པ་ མི་ གནས་པ ར་",
                            "རིག་པ ས",
                            "།_། འཇིག་པ ར་ འགྱུར་"
                        ]
                    }
                ]
            },
            {
                "23": [
                    {
                        "པེ་": [
                            "ཆུད །_། འཕགས་པ་ རྣམས་",
                            "ཀྱི་ བརྟེན་པ་",
                            "ཡི །_། བསྒོམ་ མ་"
                        ],
                        "སྡེ་": [
                            "ཆུད །_། འཕགས་པ་ རྣམས་",
                            "ཀྱིས་ བསྟན་པ་",
                            "ཡི །_། བསྒོམ་ མ་"
                        ],
                        "སྣར་": [
                            "ཆུད །_། འཕགས་པ་ རྣམས་",
                            "ཀྱི་ བརྟེན་པ་",
                            "ཡི །_། བསྒོམ་ མ་"
                        ]
                    }
                ]
            }
        ],
        "short_diff": [
            {
                "10": [
                    {
                        "པེ་": [
                            "གི་ བདག་པོ་ ཁྱོད་ ཀྱིས་",
                            "གསུངས",
                            "།_། ཤེས་པ་ མེད་པ ར་"
                        ],
                        "སྡེ་": [
                            "གི་ བདག་པོ་ ཁྱོད་ ཀྱིས་",
                            "གསུང་ ",
                            "།_། ཤེས་པ་ མེད་པ ར་"
                        ],
                        "སྣར་": [
                            "གི་ བདག་པོ་ ཁྱོད་ ཀྱིས་",
                            "གསུངས",
                            "།_། ཤེས་པ་ མེད་པ ར་"
                        ]
                    }
                ]
            },
            {
                "12": [
                    {
                        "པེ་": [
                            "དངོས་ མེད་ ཅེས་ ཁྱོད་ ཀྱིས་",
                            "གསུངས",
                            "།_། མཚན་ཉིད་ མཚོན་ བྱ་"
                        ],
                        "སྡེ་": [
                            "དངོས་ མེད་ ཅེས་ ཁྱོད་ ཀྱིས་",
                            "གསུང་ ",
                            "།_། མཚན་ཉིད་ མཚོན་ བྱ་"
                        ],
                        "སྣར་": [
                            "དངོས་ མེད་ ཅེས་ ཁྱོད་ ཀྱིས་",
                            "གསུངས",
                            "།_། མཚན་ཉིད་ མཚོན་ བྱ་"
                        ]
                    }
                ]
            }
        ]
    },
    "empty_notes": [
        {
            "27": [
                {
                    "པེ་": [
                        "གཏན་ ལ་ ཕབ་པ འོ །།_།། ",
                        "",
                        "གཏན་ ལ་ ཕབ་པ འོ །།_།། "
                    ],
                    "སྡེ་": [
                        "གཏན་ ལ་ ཕབ་པ འོ །།_།། ",
                        "",
                        "གཏན་ ལ་ ཕབ་པ འོ །།_།། "
                    ],
                    "སྣར་": [
                        "གཏན་ ལ་ ཕབ་པ འོ །།_།། ",
                        "",
                        "གཏན་ ལ་ ཕབ་པ འོ །།_།། "
                    ]
                }
            ]
        }
    ],
    "manual_categorisation": {
        "long_difference": {
            "differing_formulation": [],
            "major_modification": []
        },
        "manual_evaluation": {
            "derge_correct": [],
            "meaning_difference": {
                "great_diff": [],
                "medium_diff": [],
                "small_diff": []
            }
        }
    },
    "ngram_freq": {
        "1": {
            "པེ་": [],
            "སྡེ་": [],
            "སྣར་": []
        },
        "10": {
            "པེ་": [
                [
                    "གསུངས",
                    "2338"
                ],
                [
                    "གསུངས།_།",
                    "2092"
                ],
                [
                    "ཀྱིས་གསུངས",
                    "91"
                ],
                [
                    "ཀྱིས་གསུངས།_།",
                    "89"
                ]
            ],
            "སྡེ་": [
                [
                    "གསུང",
                    "16"
                ],
                [
                    "གསུང་།_།",
                    "277"
                ],
                [
                    "ཀྱིས་གསུང",
                    "53"
                ]
            ],
            "སྣར་": [
                [
                    "གསུངས",
                    "2338"
                ],
                [
                    "གསུངས།_།",
                    "2092"
                ],
                [
                    "ཀྱིས་གསུངས",
                    "91"
                ],
                [
                    "ཀྱིས་གསུངས།_།",
                    "89"
                ]
            ]
        },
        "11": {
            "པེ་": [
                [
                    "ཤེས་པ",
                    "920"
                ]
            ],
            "སྡེ་": [
                [
                    "ཤེས་བྱ",
                    "1166"
                ]
            ],
            "སྣར་": [
                [
                    "ཤེས་པ",
                    "920"
                ]
            ]
        },
        "12": {
            "པེ་": [
                [
                    "གསུངས",
                    "2338"
                ],
                [
                    "གསུངས།_།",
                    "2092"
                ],
                [
                    "ཀྱིས་གསུངས",
                    "91"
                ],
                [
                    "ཀྱིས་གསུངས།_།",
                    "89"
                ]
            ],
            "སྡེ་": [
                [
                    "གསུང",
                    "16"
                ],
                [
                    "གསུང་།_།",
                    "277"
                ],
                [
                    "ཀྱིས་གསུང",
                    "53"
                ]
            ],
            "སྣར་": [
                [
                    "གསུངས",
                    "2338"
                ],
                [
                    "གསུངས།_།",
                    "2092"
                ],
                [
                    "ཀྱིས་གསུངས",
                    "91"
                ],
                [
                    "ཀྱིས་གསུངས།_།",
                    "89"
                ]
            ]
        },
        "13": {
            "པེ་": [
                [
                    "ནི",
                    "44237"
                ],
                [
                    "ནི།_།",
                    "28227"
                ],
                [
                    "ཉིད་ནི",
                    "4431"
                ],
                [
                    "ཉིད་ནི།_།",
                    "520"
                ]
            ],
            "སྡེ་": [
                [
                    "ན",
                    "73509"
                ],
                [
                    "ན།_།",
                    "11932"
                ],
                [
                    "ཉིད་ན",
                    "514"
                ]
            ],
            "སྣར་": [
                [
                    "ནི",
                    "44237"
                ],
                [
                    "ནི།_།",
                    "28227"
                ],
                [
                    "ཉིད་ནི",
                    "4431"
                ],
                [
                    "ཉིད་ནི།_།",
                    "520"
                ]
            ]
        },
        "14": {
            "པེ་": [
                [
                    "དེ་མེད་པར",
                    "88"
                ]
            ],
            "སྡེ་": [],
            "སྣར་": [
                [
                    "དེ་མེད་པར",
                    "88"
                ]
            ]
        },
        "15": {
            "པེ་": [
                [
                    "མཚོན",
                    "74"
                ]
            ],
            "སྡེ་": [
                [
                    "མཚན",
                    "372"
                ]
            ],
            "སྣར་": [
                [
                    "མཚོན",
                    "74"
                ]
            ]
        },
        "16": {
            "པེ་": [
                [
                    "ཀྱིས",
                    "6156"
                ],
                [
                    "ཁྱོད་ཀྱིས",
                    "55"
                ],
                [
                    "ཀྱིས་ཡེ་ཤེས",
                    "73"
                ]
            ],
            "སྡེ་": [
                [
                    "ཀྱི",
                    "5256"
                ],
                [
                    "ཁྱོད་ཀྱི",
                    "3668"
                ],
                [
                    "ཀྱི་ཡེ་ཤེས",
                    "1579"
                ]
            ],
            "སྣར་": [
                [
                    "ཀྱིས",
                    "6156"
                ],
                [
                    "ཁྱོད་ཀྱིས",
                    "55"
                ],
                [
                    "ཀྱིས་ཡེ་ཤེས",
                    "73"
                ]
            ]
        },
        "17": {
            "པེ་": [
                [
                    "སྐྱེ་བ",
                    "127"
                ]
            ],
            "སྡེ་": [
                [
                    "སྐྱེ་བ",
                    "127"
                ]
            ],
            "སྣར་": [
                [
                    "སྐྱེས་པ",
                    "644"
                ]
            ]
        },
        "18": {
            "པེ་": [
                [
                    "རིག་པས",
                    "46"
                ],
                [
                    "རིག་པས།_།",
                    "42"
                ]
            ],
            "སྡེ་": [
                [
                    "རིགས་པས",
                    "112"
                ]
            ],
            "སྣར་": [
                [
                    "རིག་པས",
                    "46"
                ],
                [
                    "རིག་པས།_།",
                    "42"
                ]
            ]
        },
        "19": {
            "པེ་": [
                [
                    "བསྲུངས",
                    "86"
                ],
                [
                    "བསྲུངས།_།",
                    "43"
                ]
            ],
            "སྡེ་": [
                [
                    "གསུངས",
                    "2338"
                ],
                [
                    "གསུངས།_།",
                    "2092"
                ],
                [
                    "ཀྱིས་གསུངས",
                    "91"
                ],
                [
                    "ཀྱིས་གསུངས།_།",
                    "89"
                ]
            ],
            "སྣར་": [
                [
                    "བསྲུངས",
                    "86"
                ],
                [
                    "བསྲུངས།_།",
                    "43"
                ]
            ]
        },
        "2": {
            "པེ་": [],
            "སྡེ་": [
                [
                    "ཞུགས",
                    "471"
                ],
                [
                    "ཞུགས།_།",
                    "386"
                ]
            ],
            "སྣར་": []
        },
        "20": {
            "པེ་": [
                [
                    "ཀྱི",
                    "5256"
                ],
                [
                    "ཁྱོད་ཀྱི",
                    "3668"
                ],
                [
                    "ཀྱི་རྟེན",
                    "284"
                ]
            ],
            "སྡེ་": [
                [
                    "ཀྱིས",
                    "6156"
                ],
                [
                    "ཁྱོད་ཀྱིས",
                    "55"
                ]
            ],
            "སྣར་": [
                [
                    "ཀྱི",
                    "5256"
                ],
                [
                    "ཁྱོད་ཀྱི",
                    "3668"
                ],
                [
                    "ཀྱི་རྟེན",
                    "284"
                ]
            ]
        },
        "21": {
            "པེ་": [
                [
                    "སྒྲ",
                    "261"
                ],
                [
                    "སྒྲ།_།",
                    "230"
                ]
            ],
            "སྡེ་": [
                [
                    "སྒྲས",
                    "38"
                ]
            ],
            "སྣར་": [
                [
                    "སྒྲ",
                    "261"
                ],
                [
                    "སྒྲ།_།",
                    "230"
                ]
            ]
        },
        "22": {
            "པེ་": [
                [
                    "སྤངས་པའི",
                    "630"
                ],
                [
                    "སྤངས་པའི་ཕྱིར",
                    "40"
                ]
            ],
            "སྡེ་": [],
            "སྣར་": [
                [
                    "སྤངས་པའི",
                    "630"
                ],
                [
                    "སྤངས་པའི་ཕྱིར",
                    "40"
                ]
            ]
        },
        "23": {
            "པེ་": [],
            "སྡེ་": [
                [
                    "ཀྱིས་བསྟན་པ",
                    "172"
                ]
            ],
            "སྣར་": []
        },
        "24": {
            "པེ་": [
                [
                    "བསྒོམས",
                    "121"
                ],
                [
                    "།_།བསྒོམས",
                    "186"
                ]
            ],
            "སྡེ་": [
                [
                    "བསྒོམ",
                    "1273"
                ],
                [
                    "།_།བསྒོམ",
                    "268"
                ]
            ],
            "སྣར་": [
                [
                    "བསྒོམས",
                    "121"
                ],
                [
                    "།_།བསྒོམས",
                    "186"
                ]
            ]
        },
        "25": {
            "པེ་": [
                [
                    "གི",
                    "1276"
                ],
                [
                    "བདག་གི",
                    "11456"
                ],
                [
                    "གི་བསོད་ནམས",
                    "245"
                ],
                [
                    "བདག་གི་བསོད་ནམས",
                    "64"
                ]
            ],
            "སྡེ་": [
                [
                    "གིས",
                    "2588"
                ],
                [
                    "བདག་གིས",
                    "13868"
                ],
                [
                    "གིས་བསོད་ནམས",
                    "97"
                ],
                [
                    "བདག་གིས་བསོད་ནམས",
                    "45"
                ]
            ],
            "སྣར་": [
                [
                    "གི",
                    "1276"
                ],
                [
                    "བདག་གི",
                    "11456"
                ],
                [
                    "གི་བསོད་ནམས",
                    "245"
                ],
                [
                    "བདག་གི་བསོད་ནམས",
                    "64"
                ]
            ]
        },
        "26": {
            "པེ་": [
                [
                    "ཀྲིཥྚ",
                    "1"
                ]
            ],
            "སྡེ་": [
                [
                    "ཀྲྀཥྞ",
                    "79"
                ]
            ],
            "སྣར་": []
        },
        "27": {
            "པེ་": [
                [
                    "",
                    "1"
                ],
                [
                    "གཏན",
                    "12"
                ],
                [
                    "གཏན་ལ",
                    "1245"
                ]
            ],
            "སྡེ་": [
                [
                    "",
                    "1"
                ],
                [
                    "གཏན",
                    "12"
                ],
                [
                    "གཏན་ལ",
                    "1245"
                ]
            ],
            "སྣར་": [
                [
                    "",
                    "1"
                ],
                [
                    "གཏན",
                    "12"
                ],
                [
                    "གཏན་ལ",
                    "1245"
                ]
            ]
        },
        "3": {
            "པེ་": [
                [
                    "གི་གཟུགས",
                    "722"
                ]
            ],
            "སྡེ་": [
                [
                    "གིས་གཟུང",
                    "61"
                ]
            ],
            "སྣར་": [
                [
                    "གི་གཟུགས",
                    "722"
                ]
            ]
        },
        "4": {
            "པེ་": [
                [
                    "མེད་པར",
                    "15663"
                ]
            ],
            "སྡེ་": [
                [
                    "མིན་པར",
                    "83"
                ]
            ],
            "སྣར་": [
                [
                    "མེད་པར",
                    "15663"
                ]
            ]
        },
        "5": {
            "པེ་": [],
            "སྡེ་": [
                [
                    "ཚིག་པར",
                    "197"
                ]
            ],
            "སྣར་": []
        },
        "6": {
            "པེ་": [
                [
                    "རྟོགས་པ",
                    "218"
                ],
                [
                    "རྟོགས་པ་མེད",
                    "74"
                ]
            ],
            "སྡེ་": [
                [
                    "རྟོག་པ",
                    "179"
                ],
                [
                    "རྟོག་པ་མེད",
                    "75"
                ]
            ],
            "སྣར་": [
                [
                    "རྟོགས་པ",
                    "218"
                ],
                [
                    "རྟོགས་པ་མེད",
                    "74"
                ]
            ]
        },
        "7": {
            "པེ་": [
                [
                    "ལས་ཉིད",
                    "42"
                ]
            ],
            "སྡེ་": [
                [
                    "ཉིད་ལས",
                    "2755"
                ],
                [
                    "ཉིད་ལས་ཀྱང",
                    "88"
                ]
            ],
            "སྣར་": [
                [
                    "ལས་ཉིད",
                    "42"
                ]
            ]
        },
        "8": {
            "པེ་": [],
            "སྡེ་": [
                [
                    "ལྟོས་པ",
                    "162"
                ]
            ],
            "སྣར་": []
        },
        "9": {
            "པེ་": [
                [
                    "བརྟེན",
                    "256"
                ],
                [
                    "།_།བརྟེན",
                    "75"
                ],
                [
                    "བརྟེན་ནས",
                    "1090"
                ]
            ],
            "སྡེ་": [
                [
                    "རྟེན",
                    "218"
                ],
                [
                    "།_།རྟེན",
                    "393"
                ],
                [
                    "རྟེན་ནས",
                    "113"
                ]
            ],
            "སྣར་": [
                [
                    "བརྟེན",
                    "256"
                ],
                [
                    "།_།བརྟེན",
                    "75"
                ],
                [
                    "བརྟེན་ནས",
                    "1090"
                ]
            ]
        }
    },
    "non_standard_notes": [],
    "profile": {
        "1": [
            "པེ་=སྣར་ སྡེ་",
            "88.89%"
        ],
        "10": [
            "པེ་=སྣར་ སྡེ་",
            "88.89%"
        ],
        "11": [
            "པེ་=སྣར་ སྡེ་",
            "88.89%"
        ],
        "12": [
            "པེ་=སྣར་ སྡེ་",
            "88.89%"
        ],
        "13": [
            "པེ་=སྣར་ སྡེ་",
            "88.89%"
        ],
        "14": [
            "པེ་=སྣར་ སྡེ་",
            "88.89%"
        ],
        "15": [
            "པེ་=སྣར་ སྡེ་",
            "88.89%"
        ],
        "16": [
            "པེ་=སྣར་ སྡེ་",
            "88.89%"
        ],
        "17": [
            "པེ་=སྡེ་ སྣར་",
            "3.70%"
        ],
        "18": [
            "པེ་=སྣར་ སྡེ་",
            "88.89%"
        ],
        "19": [
            "པེ་=སྣར་ སྡེ་",
            "88.89%"
        ],
        "2": [
            "པེ་=སྣར་ སྡེ་",
            "88.89%"
        ],
        "20": [
            "པེ་=སྣར་ སྡེ་",
            "88.89%"
        ],
        "21": [
            "པེ་=སྣར་ སྡེ་",
            "88.89%"
        ],
        "22": [
            "པེ་=སྣར་ སྡེ་",
            "88.89%"
        ],
        "23": [
            "པེ་=སྣར་ སྡེ་",
            "88.89%"
        ],
        "24": [
            "པེ་=སྣར་ སྡེ་",
            "88.89%"
        ],
        "25": [
            "པེ་=སྣར་ སྡེ་",
            "88.89%"
        ],
        "26": [
            "པེ་ སྡེ་ སྣར་",
            "3.70%"
        ],
        "27": [
            "པེ་=སྡེ་=སྣར་",
            "3.70%"
        ],
        "3": [
            "པེ་=སྣར་ སྡེ་",
            "88.89%"
        ],
        "4": [
            "པེ་=སྣར་ སྡེ་",
            "88.89%"
        ],
        "5": [
            "པེ་=སྣར་ སྡེ་",
            "88.89%"
        ],
        "6": [
            "པེ་=སྣར་ སྡེ་",
            "88.89%"
        ],
        "7": [
            "པེ་=སྣར་ སྡེ་",
            "88.89%"
        ],
        "8": [
            "པེ་=སྣར་ སྡེ་",
            "88.89%"
        ],
        "9": [
            "པེ་=སྣར་ སྡེ་",
            "88.89%"
        ]
    }
}