﻿{
    "Stats": {
        "Categorised": "4 notes (44.44%)",
        "Notes’ total": 9,
        "Profiles": [
            "པེ་=སྣར་ སྡེ་: 77.78% (7 notes)",
            "པེ་=སྡེ་=སྣར་: 11.11% (1 notes)",
            "པེ་ སྡེ་=སྣར་: 11.11% (1 notes)"
        ],
        "automatic_categorisation": {
            "min_mod": {
                "particle_groups": 1
            },
            "particle_issues": {},
            "spelling_mistake": {
                "non_word": {
                    "well_formed": 1
                }
            },
            "verb_difference": {
                "diff_verb": 1
            }
        },
        "dunno": {
            "long_diff": 1,
            "no_diff": 2,
            "short_diff": 2
        },
        "empty_notes": 1,
        "manual_categorisation": {
            "long_difference": {},
            "manual_evaluation": {
                "meaning_difference": {}
            }
        },
        "ngram_freq": {},
        "profile": {}
    },
    "automatic_categorisation": {
        "min_mod": {
            "min_mod_groups": [],
            "particle_groups": [
                {
                    "7": [
                        [
                            "dreldra",
                            "jedra"
                        ],
                        {
                            "པེ་": [
                                "འདས་པ་ ལ །_། བདག་",
                                "གི་",
                                "དད་པ ས་ ཕྱག་ བྱས་ དགེ་"
                            ],
                            "སྡེ་": [
                                "འདས་པ་ ལ །_། བདག་",
                                "གིས་",
                                "དད་པ ས་ ཕྱག་ བྱས་ དགེ་"
                            ],
                            "སྣར་": [
                                "འདས་པ་ ལ །_། བདག་",
                                "གི་",
                                "དད་པ ས་ ཕྱག་ བྱས་ དགེ་"
                            ]
                        }
                    ]
                }
            ]
        },
        "particle_issues": {
            "added_particle": [],
            "agreement_issue": [],
            "different_particles": [],
            "other": [],
            "po-bo-pa-ba": []
        },
        "spelling_mistake": {
            "missing_vowel": [],
            "nga_da": [],
            "non_word": {
                "ill_formed": [],
                "well_formed": [
                    {
                        "1": [
                            {
                                "པེ་": [
                                    "སྐད་ དུ །_ #ཀཱ་ #ཡ་",
                                    "#ཏྲི་",
                                    "#ཡ་ #སྟོ་ #ཏྲ་ #ནཱ་ མ"
                                ],
                                "སྡེ་": [
                                    "སྐད་ དུ །_ #ཀཱ་ #ཡ་",
                                    "#ཏྲ་",
                                    "#ཡ་ #སྟོ་ #ཏྲ་ #ནཱ་ མ"
                                ],
                                "སྣར་": [
                                    "སྐད་ དུ །_ #ཀཱ་ #ཡ་",
                                    "#ཏྲི་",
                                    "#ཡ་ #སྟོ་ #ཏྲ་ #ནཱ་ མ"
                                ]
                            }
                        ]
                    }
                ]
            }
        },
        "sskrt": [],
        "verb_difference": {
            "diff_tense": [],
            "diff_verb": [
                {
                    "8": [
                        [
                            "《འཛུད》ཞེས་པ།【〈འཛུད〉གི་ ད་ལྟ་བ། ཐ་དད་པ།】",
                            "《འཇུག》ཞེས་པ།【〈འཇུག〉གི་ ད་ལྟ་བ། ཐ་དད་པ།】【〈འཇུག〉གི་ ད་ལྟ་བ། ཐ་མི་དད་པ།】【〈འཇུག〉གི་ མ་འོངས་པ། ཐ་མི་དད་པ།】"
                        ],
                        {
                            "པེ་": [
                                "ཆུབ་ ལམ་ ལ་ ངེས་པར་",
                                "འཇུག་པ ར་",
                                "ཤོག _། སྐུ་ གསུམ་"
                            ],
                            "སྡེ་": [
                                "ཆུབ་ ལམ་ ལ་ ངེས་པར་",
                                "འཛུད་པ ར་",
                                "ཤོག _། སྐུ་ གསུམ་"
                            ],
                            "སྣར་": [
                                "ཆུབ་ ལམ་ ལ་ ངེས་པར་",
                                "འཇུག་པ ར་",
                                "ཤོག _། སྐུ་ གསུམ་"
                            ]
                        }
                    ]
                }
            ],
            "not_sure": []
        }
    },
    "dunno": {
        "long_diff": [
            {
                "2": [
                    {
                        "པེ་": [
                            "སྐུ་ གསུམ་ ལ་",
                            "བསྟོད་པ",
                            "_།། འཕགས་པ་ འཇམ་དཔལ་"
                        ],
                        "སྡེ་": [
                            "སྐུ་ གསུམ་ ལ་",
                            "བསྟོད་པ་ ཞེས་བྱ་བ",
                            "_།། འཕགས་པ་ འཇམ་དཔལ་"
                        ],
                        "སྣར་": [
                            "སྐུ་ གསུམ་ ལ་",
                            "བསྟོད་པ",
                            "_།། འཕགས་པ་ འཇམ་དཔལ་"
                        ]
                    }
                ]
            }
        ],
        "no_diff": [
            {
                "4": [
                    {
                        "པེ་": [
                            "ཅིང་  །_། རྟག་ ཏུ་",
                            "དམ་པ་",
                            "ཆོས་ ཀྱི་ སྒྲ་ སྐད་ རྒྱ་"
                        ],
                        "སྡེ་": [
                            "ཅིང་  །_། རྟག་ ཏུ་",
                            "དམ་པ འི་",
                            "ཆོས་ ཀྱི་ སྒྲ་ སྐད་ རྒྱ་"
                        ],
                        "སྣར་": [
                            "ཅིང་  །_། རྟག་ ཏུ་",
                            "དམ་པ་",
                            "ཆོས་ ཀྱི་ སྒྲ་ སྐད་ རྒྱ་"
                        ]
                    }
                ]
            },
            {
                "5": [
                    {
                        "པེ་": [
                            "གང་ སྣང་ ཞིང་  །_།",
                            "ལ་ལ་ རུ་",
                            "ནི་ རྫོགས་པ ར་ བྱང་ཆུབ་"
                        ],
                        "སྡེ་": [
                            "གང་ སྣང་ ཞིང་  །_།",
                            "ལ་ལ ར་ ཡང་",
                            "ནི་ རྫོགས་པ ར་ བྱང་ཆུབ་"
                        ],
                        "སྣར་": [
                            "གང་ སྣང་ ཞིང་  །_།",
                            "ལ་ལ་ རུ་",
                            "ནི་ རྫོགས་པ ར་ བྱང་ཆུབ་"
                        ]
                    }
                ]
            }
        ],
        "short_diff": [
            {
                "3": [
                    {
                        "པེ་": [
                            "པ་ འཇམ་དཔལ་",
                            "གཞོན་ནུ ར་པ་",
                            "ལ་ ཕྱག་ འཚལ་ ལོ"
                        ],
                        "སྡེ་": [
                            "པ་ འཇམ་དཔལ་",
                            "གཞོན་ནུ ར་ གྱུར་པ་",
                            "ལ་ ཕྱག་ འཚལ་ ལོ"
                        ],
                        "སྣར་": [
                            "པ་ འཇམ་དཔལ་",
                            "གཞོན་ནུ ར་ གྱུར་པ་",
                            "ལ་ ཕྱག་ འཚལ་ ལོ"
                        ]
                    }
                ]
            },
            {
                "6": [
                    {
                        "པེ་": [
                            " །_། སྣ་ཚོགས་ ཐབས་ ཚུལ་",
                            "རྣམས་ ཀྱི་",
                            "རྣམ་པ་ དུ་མ ར་ འཇུག་"
                        ],
                        "སྡེ་": [
                            " །_། སྣ་ཚོགས་ ཐབས་ ཚུལ་",
                            "",
                            "རྣམ་པ་ དུ་མ ར་ འཇུག་"
                        ],
                        "སྣར་": [
                            " །_། སྣ་ཚོགས་ ཐབས་ ཚུལ་",
                            "རྣམས་ ཀྱི་",
                            "རྣམ་པ་ དུ་མ ར་ འཇུག་"
                        ]
                    }
                ]
            }
        ]
    },
    "empty_notes": [
        {
            "9": [
                {
                    "པེ་": [
                        "གཏན་ ལ་ ཕབ་པ འོ །།_།། ",
                        "",
                        "གཏན་ ལ་ ཕབ་པ འོ །།_།། "
                    ],
                    "སྡེ་": [
                        "གཏན་ ལ་ ཕབ་པ འོ །།_།། ",
                        "",
                        "གཏན་ ལ་ ཕབ་པ འོ །།_།། "
                    ],
                    "སྣར་": [
                        "གཏན་ ལ་ ཕབ་པ འོ །།_།། ",
                        "",
                        "གཏན་ ལ་ ཕབ་པ འོ །།_།། "
                    ]
                }
            ]
        }
    ],
    "manual_categorisation": {
        "long_difference": {
            "differing_formulation": [],
            "major_modification": []
        },
        "manual_evaluation": {
            "derge_correct": [],
            "meaning_difference": {
                "great_diff": [],
                "medium_diff": [],
                "small_diff": []
            }
        }
    },
    "ngram_freq": {
        "1": {
            "པེ་": [
                [
                    "ཏྲི",
                    "37"
                ]
            ],
            "སྡེ་": [
                [
                    "ཏྲ",
                    "429"
                ],
                [
                    "ཏྲ་ཡ",
                    "142"
                ]
            ],
            "སྣར་": [
                [
                    "ཏྲི",
                    "37"
                ]
            ]
        },
        "2": {
            "པེ་": [
                [
                    "བསྟོད་པ",
                    "266"
                ],
                [
                    "ལ་བསྟོད་པ",
                    "64"
                ]
            ],
            "སྡེ་": [],
            "སྣར་": [
                [
                    "བསྟོད་པ",
                    "266"
                ],
                [
                    "ལ་བསྟོད་པ",
                    "64"
                ]
            ]
        },
        "3": {
            "པེ་": [],
            "སྡེ་": [
                [
                    "གཞོན་ནུར་གྱུར་པ",
                    "1395"
                ],
                [
                    "གཞོན་ནུར་གྱུར་པ་ལ",
                    "655"
                ],
                [
                    "འཇམ་དཔལ་གཞོན་ནུར་གྱུར་པ",
                    "1191"
                ],
                [
                    "འཇམ་དཔལ་གཞོན་ནུར་གྱུར་པ་ལ",
                    "576"
                ]
            ],
            "སྣར་": [
                [
                    "གཞོན་ནུར་གྱུར་པ",
                    "1395"
                ],
                [
                    "གཞོན་ནུར་གྱུར་པ་ལ",
                    "655"
                ],
                [
                    "འཇམ་དཔལ་གཞོན་ནུར་གྱུར་པ",
                    "1191"
                ],
                [
                    "འཇམ་དཔལ་གཞོན་ནུར་གྱུར་པ་ལ",
                    "576"
                ]
            ]
        },
        "4": {
            "པེ་": [
                [
                    "དམ་པ",
                    "177"
                ]
            ],
            "སྡེ་": [
                [
                    "དམ་པའི",
                    "5818"
                ],
                [
                    "དམ་པའི་ཆོས",
                    "4015"
                ]
            ],
            "སྣར་": [
                [
                    "དམ་པ",
                    "177"
                ]
            ]
        },
        "5": {
            "པེ་": [],
            "སྡེ་": [],
            "སྣར་": []
        },
        "6": {
            "པེ་": [
                [
                    "རྣམས་ཀྱི",
                    "571"
                ],
                [
                    "རྣམས་ཀྱི་རྣམ་པ",
                    "70"
                ]
            ],
            "སྡེ་": [
                [
                    "",
                    "1"
                ],
                [
                    "ཚུལ",
                    "395"
                ],
                [
                    "རྣམ་པ",
                    "33423"
                ]
            ],
            "སྣར་": [
                [
                    "རྣམས་ཀྱི",
                    "571"
                ],
                [
                    "རྣམས་ཀྱི་རྣམ་པ",
                    "70"
                ]
            ]
        },
        "7": {
            "པེ་": [
                [
                    "གི",
                    "1276"
                ],
                [
                    "བདག་གི",
                    "11456"
                ]
            ],
            "སྡེ་": [
                [
                    "གིས",
                    "2588"
                ],
                [
                    "བདག་གིས",
                    "13868"
                ]
            ],
            "སྣར་": [
                [
                    "གི",
                    "1276"
                ],
                [
                    "བདག་གི",
                    "11456"
                ]
            ]
        },
        "8": {
            "པེ་": [
                [
                    "འཇུག་པར",
                    "3380"
                ]
            ],
            "སྡེ་": [
                [
                    "འཛུད་པར",
                    "94"
                ]
            ],
            "སྣར་": [
                [
                    "འཇུག་པར",
                    "3380"
                ]
            ]
        },
        "9": {
            "པེ་": [
                [
                    "",
                    "1"
                ],
                [
                    "གཏན",
                    "12"
                ],
                [
                    "གཏན་ལ",
                    "1245"
                ]
            ],
            "སྡེ་": [
                [
                    "",
                    "1"
                ],
                [
                    "གཏན",
                    "12"
                ],
                [
                    "གཏན་ལ",
                    "1245"
                ]
            ],
            "སྣར་": [
                [
                    "",
                    "1"
                ],
                [
                    "གཏན",
                    "12"
                ],
                [
                    "གཏན་ལ",
                    "1245"
                ]
            ]
        }
    },
    "non_standard_notes": [],
    "profile": {
        "1": [
            "པེ་=སྣར་ སྡེ་",
            "77.78%"
        ],
        "2": [
            "པེ་=སྣར་ སྡེ་",
            "77.78%"
        ],
        "3": [
            "པེ་ སྡེ་=སྣར་",
            "11.11%"
        ],
        "4": [
            "པེ་=སྣར་ སྡེ་",
            "77.78%"
        ],
        "5": [
            "པེ་=སྣར་ སྡེ་",
            "77.78%"
        ],
        "6": [
            "པེ་=སྣར་ སྡེ་",
            "77.78%"
        ],
        "7": [
            "པེ་=སྣར་ སྡེ་",
            "77.78%"
        ],
        "8": [
            "པེ་=སྣར་ སྡེ་",
            "77.78%"
        ],
        "9": [
            "པེ་=སྡེ་=སྣར་",
            "11.11%"
        ]
    }
}