﻿{
    "Stats": {
        "Categorised": "10 notes (66.67%)",
        "Notes’ total": 15,
        "Profiles": [
            "པེ་=སྣར་ སྡེ་: 80.00% (12 notes)",
            "པེ་=སྡེ་=སྣར་: 6.67% (1 notes)",
            "པེ་=སྡེ་ སྣར་: 13.33% (2 notes)"
        ],
        "automatic_categorisation": {
            "min_mod": {
                "particle_groups": 1
            },
            "particle_issues": {},
            "spelling_mistake": {
                "non_word": {}
            },
            "sskrt": 3,
            "verb_difference": {
                "diff_tense": 2,
                "diff_verb": 3
            }
        },
        "dunno": {
            "no_diff": 5
        },
        "empty_notes": 1,
        "manual_categorisation": {
            "long_difference": {},
            "manual_evaluation": {
                "meaning_difference": {}
            }
        },
        "ngram_freq": {},
        "profile": {}
    },
    "automatic_categorisation": {
        "min_mod": {
            "min_mod_groups": [],
            "particle_groups": [
                {
                    "11": [
                        [
                            "jedra"
                        ],
                        {
                            "པེ་": [
                                "ཏུ་ རེ་ #སྭཱ་ #ཧཱ །_",
                                "འདི་",
                                "བསམས་པ་ ཙམ་ གྱིས་ བདུད་"
                            ],
                            "སྡེ་": [
                                "ཏུ་ རེ་ #སྭཱ་ #ཧཱ །_",
                                "འདི ས་",
                                "བསམས་པ་ ཙམ་ གྱིས་ བདུད་"
                            ],
                            "སྣར་": [
                                "ཏུ་ རེ་ #སྭཱ་ #ཧཱ །_",
                                "འདི་",
                                "བསམས་པ་ ཙམ་ གྱིས་ བདུད་"
                            ]
                        }
                    ]
                }
            ]
        },
        "particle_issues": {
            "added_particle": [],
            "agreement_issue": [],
            "different_particles": [],
            "other": [],
            "po-bo-pa-ba": []
        },
        "spelling_mistake": {
            "missing_vowel": [],
            "nga_da": [],
            "non_word": {
                "ill_formed": [],
                "well_formed": []
            }
        },
        "sskrt": [
            {
                "1": [
                    {
                        "པེ་": [
                            "སྐད་ དུ །_ #བཛྲ་ #ཏཱ་",
                            "ར་",
                            "#སཱ་ #དྷ་ #ནཾ །_ བོད་"
                        ],
                        "སྡེ་": [
                            "སྐད་ དུ །_ #བཛྲ་ #ཏཱ་",
                            "#རཱ་",
                            "#སཱ་ #དྷ་ #ནཾ །_ བོད་"
                        ],
                        "སྣར་": [
                            "སྐད་ དུ །_ #བཛྲ་ #ཏཱ་",
                            "ར་",
                            "#སཱ་ #དྷ་ #ནཾ །_ བོད་"
                        ]
                    }
                ]
            },
            {
                "4": [
                    {
                        "པེ་": [
                            "#སྭ་ #བྷཱ་ #ཝ་ #ཨཱཏྨ་",
                            "#ཀོཧཾ་",
                            "ཞེས་པ ས་ སྟོང་པ་"
                        ],
                        "སྡེ་": [
                            "#སྭ་ #བྷཱ་ #ཝ་ #ཨཱཏྨ་",
                            "#ཀོ྅ཧཾ་",
                            "ཞེས་པ ས་ སྟོང་པ་"
                        ],
                        "སྣར་": [
                            "#སྭ་ #བྷཱ་ #ཝ་ #ཨཱཏྨ་",
                            "#ཀོཧཾ་",
                            "ཞེས་པ ས་ སྟོང་པ་"
                        ]
                    }
                ]
            },
            {
                "10": [
                    {
                        "པེ་": [
                            "ནས །_། དབུས་ སུ་ #སྭཱ་",
                            "#ཧཱ་",
                            "ཡི་གེ་ བྱིན་ ནས་ བཟླས་"
                        ],
                        "སྡེ་": [
                            "ནས །_། དབུས་ སུ་ #སྭཱ་",
                            "#ཧཱའི་",
                            "ཡི་གེ་ བྱིན་ ནས་ བཟླས་"
                        ],
                        "སྣར་": [
                            "ནས །_། དབུས་ སུ་ #སྭཱ་",
                            "#ཧཱ་",
                            "ཡི་གེ་ བྱིན་ ནས་ བཟླས་"
                        ]
                    }
                ]
            }
        ],
        "verb_difference": {
            "diff_tense": [
                {
                    "2": [
                        [
                            "《བསྒོམ》ཞེས་པ།【〈སྒོམ〉གི་ མ་འོངས་པ། ཐ་དད་པ།】",
                            "《སྒོམ》ཞེས་པ།【〈སྒོམ〉གི་ ད་ལྟ་བ། ཐ་དད་པ།】"
                        ],
                        {
                            "པེ་": [
                                "བྱ །_། འདི ར་ ལྷག་པར་",
                                "སྒོམ་པ འི་",
                                "རྣལ་འབྱོར་པ ས ། "
                            ],
                            "སྡེ་": [
                                "བྱ །_། འདི ར་ ལྷག་པར་",
                                "བསྒོམ་པ འི་",
                                "རྣལ་འབྱོར་པ ས ། "
                            ],
                            "སྣར་": [
                                "བྱ །_། འདི ར་ ལྷག་པར་",
                                "སྒོམ་པ འི་",
                                "རྣལ་འབྱོར་པ ས ། "
                            ]
                        }
                    ]
                },
                {
                    "5": [
                        [
                            "《བསྒོམ》ཞེས་པ།【〈སྒོམ〉གི་ མ་འོངས་པ། ཐ་དད་པ།】",
                            "《སྒོམ》ཞེས་པ།【〈སྒོམ〉གི་ ད་ལྟ་བ། ཐ་དད་པ།】"
                        ],
                        {
                            "པེ་": [
                                "ནས་ གཟུགས་ རྫོགས་པ ར་",
                                "སྒོམ་པ ར་",
                                "བྱ་བ་ ཡང་ བསྒོམ་པ ར་"
                            ],
                            "སྡེ་": [
                                "ནས་ གཟུགས་ རྫོགས་པ ར་",
                                "བསྒོམ་པ ར་",
                                "བྱ་བ་ ཡང་ བསྒོམ་པ ར་"
                            ],
                            "སྣར་": [
                                "ནས་ གཟུགས་ རྫོགས་པ ར་",
                                "སྒོམ་པ ར་",
                                "བྱ་བ་ ཡང་ བསྒོམ་པ ར་"
                            ]
                        }
                    ]
                }
            ],
            "diff_verb": [
                {
                    "3": [
                        [
                            "《བསྟེན》ཞེས་པ།【〈བསྟེན〉གི་ མ་འོངས་པ། ཐ་དད་པ།】【〈བསྟེན〉གི་ འདས་པ། ཐ་དད་པ།】【〈སྟེན〉གི་ མ་འོངས་པ།】【〈སྟེན〉གི་ མ་འོངས་པ། ཐ་དད་པ།】【〈སྟེན〉གི་ འདས་པ།】【〈སྟེན〉གི་ འདས་པ། ཐ་དད་པ།】",
                            "《བརྟེན》ཞེས་པ།【〈བརྟེན〉གི་ མ་འོངས་པ། ཐ་དད་པ།】【〈བརྟེན〉གི་ འདས་པ། ཐ་དད་པ།】【〈རྟེན〉གི་ མ་འོངས་པ། ཐ་མི་དད་པ།】【〈རྟེན〉གི་ འདས་པ། ཐ་མི་དད་པ།】"
                        ],
                        {
                            "པེ་": [
                                "པ་ དང་  །_ ལམ་ ལ་",
                                "བསྟེན་པ་",
                                "དང་  །_ ཚད་ མེད་"
                            ],
                            "སྡེ་": [
                                "པ་ དང་  །_ ལམ་ ལ་",
                                "བརྟེན་པ་",
                                "དང་  །_ ཚད་ མེད་"
                            ],
                            "སྣར་": [
                                "པ་ དང་  །_ ལམ་ ལ་",
                                "བསྟེན་པ་",
                                "དང་  །_ ཚད་ མེད་"
                            ]
                        }
                    ]
                },
                {
                    "6": [
                        [
                            "《བརྒྱན》ཞེས་པ།【〈བརྒྱན〉གི་ མ་འོངས་པ། ཐ་དད་པ།】【〈བརྒྱན〉གི་ འདས་པ། ཐ་དད་པ།】【〈རྒྱན〉གི་ མ་འོངས་པ། ཐ་དད་པ།】【〈རྒྱན〉གི་ འདས་པ། ཐ་དད་པ།】",
                            "《རྒྱན》ཞེས་པ།【〈བརྒྱན〉གི་ ད་ལྟ་བ། ཐ་དད་པ།】【〈རྒྱན〉གི་ ད་ལྟ་བ། ཐ་དད་པ།】【〈རྒྱན〉གི་ སྐུལ་ཚིག ཐ་དད་པ།】"
                        ],
                        {
                            "པེ་": [
                                "ཚོད་ མ་ སྣ་ཚོགས་པ འི་",
                                "རྒྱན་",
                                "གྱིས་ བརྒྱན་པ །_ ཕྱག་"
                            ],
                            "སྡེ་": [
                                "ཚོད་ མ་ སྣ་ཚོགས་པ འི་",
                                "རྒྱན་",
                                "གྱིས་ བརྒྱན་པ །_ ཕྱག་"
                            ],
                            "སྣར་": [
                                "ཚོད་ མ་ སྣ་ཚོགས་པ འི་",
                                "བརྒྱན་",
                                "གྱིས་ བརྒྱན་པ །_ ཕྱག་"
                            ]
                        }
                    ]
                },
                {
                    "14": [
                        [
                            "《གྲུབ》ཞེས་པ།【〈འགྲུབ〉གི་ འདས་པ། ཐ་མི་དད་པ།】",
                            "《སྒྲུབ》ཞེས་པ།【〈སྒྲུབ〉གི་ ད་ལྟ་བ།】【〈སྒྲུབ〉གི་ ད་ལྟ་བ། ཐ་དད་པ།】"
                        ],
                        {
                            "པེ་": [
                                "ཐབས་ སློབ་དཔོན་ འཕགས་པ་ ཀླུ་",
                                "སྒྲུབ་",
                                "ཞབས་ ཀྱིས་ མཛད་པ་"
                            ],
                            "སྡེ་": [
                                "ཐབས་ སློབ་དཔོན་ འཕགས་པ་ ཀླུ་",
                                "སྒྲུབ་",
                                "ཞབས་ ཀྱིས་ མཛད་པ་"
                            ],
                            "སྣར་": [
                                "ཐབས་ སློབ་དཔོན་ འཕགས་པ་ ཀླུ་",
                                "གྲུབ་",
                                "ཞབས་ ཀྱིས་ མཛད་པ་"
                            ]
                        }
                    ]
                }
            ],
            "not_sure": []
        }
    },
    "dunno": {
        "long_diff": [],
        "no_diff": [
            {
                "7": [
                    {
                        "པེ་": [
                            "ཀྱི་ སྐུ འི་བ་ སྤུ འི་ #ཁུང་",
                            "",
                            "ནས་ སངས་རྒྱས་ དང་ བྱང་"
                        ],
                        "སྡེ་": [
                            "ཀྱི་ སྐུ འི་བ་ སྤུ འི་ #ཁུང་",
                            "བུ་",
                            "ནས་ སངས་རྒྱས་ དང་ བྱང་"
                        ],
                        "སྣར་": [
                            "ཀྱི་ སྐུ འི་བ་ སྤུ འི་ #ཁུང་",
                            "",
                            "ནས་ སངས་རྒྱས་ དང་ བྱང་"
                        ]
                    }
                ]
            },
            {
                "8": [
                    {
                        "པེ་": [
                            "འདི་ལྟ་བུ འི་ བསྒོམ་པ་",
                            "",
                            "བརྟན་པ ར་ མཛད་ ནས་ སྔགས་"
                        ],
                        "སྡེ་": [
                            "འདི་ལྟ་བུ འི་ བསྒོམ་པ་",
                            "ལ་",
                            "བརྟན་པ ར་ མཛད་ ནས་ སྔགས་"
                        ],
                        "སྣར་": [
                            "འདི་ལྟ་བུ འི་ བསྒོམ་པ་",
                            "",
                            "བརྟན་པ ར་ མཛད་ ནས་ སྔགས་"
                        ]
                    }
                ]
            },
            {
                "9": [
                    {
                        "པེ་": [
                            "བརྒྱད་ རྣམ་པར་ བསམས་",
                            "ལ",
                            "།_། དབུས་ སུ་ #སྭཱ་"
                        ],
                        "སྡེ་": [
                            "བརྒྱད་ རྣམ་པར་ བསམས་",
                            "ནས",
                            "།_། དབུས་ སུ་ #སྭཱ་"
                        ],
                        "སྣར་": [
                            "བརྒྱད་ རྣམ་པར་ བསམས་",
                            "ལ",
                            "།_། དབུས་ སུ་ #སྭཱ་"
                        ]
                    }
                ]
            },
            {
                "12": [
                    {
                        "པེ་": [
                            "ཉིད་ དུ །_། རྒྱལ་བ འི་",
                            "ཐུགས་ ནི་",
                            "རྟག་ ཏུ་ གསུངས །_།"
                        ],
                        "སྡེ་": [
                            "ཉིད་ དུ །_། རྒྱལ་བ འི་",
                            "ཚོགས་ ཀྱིས་",
                            "རྟག་ ཏུ་ གསུངས །_།"
                        ],
                        "སྣར་": [
                            "ཉིད་ དུ །_། རྒྱལ་བ འི་",
                            "ཐུགས་ ནི་",
                            "རྟག་ ཏུ་ གསུངས །_།"
                        ]
                    }
                ]
            },
            {
                "13": [
                    {
                        "པེ་": [
                            "རྒྱལ་བ་ ཉིད་ ཀྱིས་",
                            "མངོན་སུམ་",
                            "མཛད །_། རྡོ་རྗེ་ སྒྲོལ་"
                        ],
                        "སྡེ་": [
                            "རྒྱལ་བ་ ཉིད་ ཀྱིས་",
                            "མངོན་དུ་",
                            "མཛད །_། རྡོ་རྗེ་ སྒྲོལ་"
                        ],
                        "སྣར་": [
                            "རྒྱལ་བ་ ཉིད་ ཀྱིས་",
                            "མངོན་སུམ་",
                            "མཛད །_། རྡོ་རྗེ་ སྒྲོལ་"
                        ]
                    }
                ]
            }
        ],
        "short_diff": []
    },
    "empty_notes": [
        {
            "15": [
                {
                    "པེ་": [
                        "མཛད་པ་ རྫོགས་ སོ །།_།། ",
                        "",
                        "མཛད་པ་ རྫོགས་ སོ །།_།། "
                    ],
                    "སྡེ་": [
                        "མཛད་པ་ རྫོགས་ སོ །།_།། ",
                        "",
                        "མཛད་པ་ རྫོགས་ སོ །།_།། "
                    ],
                    "སྣར་": [
                        "མཛད་པ་ རྫོགས་ སོ །།_།། ",
                        "",
                        "མཛད་པ་ རྫོགས་ སོ །།_།། "
                    ]
                }
            ]
        }
    ],
    "manual_categorisation": {
        "long_difference": {
            "differing_formulation": [],
            "major_modification": []
        },
        "manual_evaluation": {
            "derge_correct": [],
            "meaning_difference": {
                "great_diff": [],
                "medium_diff": [],
                "small_diff": []
            }
        }
    },
    "ngram_freq": {
        "1": {
            "པེ་": [
                [
                    "ར",
                    "2609"
                ],
                [
                    "ཏཱ་ར",
                    "80"
                ]
            ],
            "སྡེ་": [
                [
                    "རཱ",
                    "178"
                ],
                [
                    "ཏཱ་རཱ",
                    "55"
                ]
            ],
            "སྣར་": [
                [
                    "ར",
                    "2609"
                ],
                [
                    "ཏཱ་ར",
                    "80"
                ]
            ]
        },
        "10": {
            "པེ་": [
                [
                    "ཧཱ",
                    "6451"
                ],
                [
                    "སྭཱ་ཧཱ",
                    "268"
                ]
            ],
            "སྡེ་": [
                [
                    "ཧཱའི",
                    "58"
                ],
                [
                    "སྭཱ་ཧཱའི",
                    "49"
                ]
            ],
            "སྣར་": [
                [
                    "ཧཱ",
                    "6451"
                ],
                [
                    "སྭཱ་ཧཱ",
                    "268"
                ]
            ]
        },
        "11": {
            "པེ་": [
                [
                    "འདི",
                    "1651"
                ],
                [
                    "།_འདི",
                    "17533"
                ]
            ],
            "སྡེ་": [
                [
                    "འདིས",
                    "285"
                ],
                [
                    "།_འདིས",
                    "371"
                ]
            ],
            "སྣར་": [
                [
                    "འདི",
                    "1651"
                ],
                [
                    "།_འདི",
                    "17533"
                ]
            ]
        },
        "12": {
            "པེ་": [
                [
                    "ཐུགས་ནི",
                    "200"
                ]
            ],
            "སྡེ་": [
                [
                    "ཚོགས་ཀྱིས",
                    "179"
                ]
            ],
            "སྣར་": [
                [
                    "ཐུགས་ནི",
                    "200"
                ]
            ]
        },
        "13": {
            "པེ་": [
                [
                    "མངོན་སུམ",
                    "4038"
                ],
                [
                    "ཀྱིས་མངོན་སུམ",
                    "89"
                ]
            ],
            "སྡེ་": [
                [
                    "མངོན་དུ",
                    "3053"
                ]
            ],
            "སྣར་": [
                [
                    "མངོན་སུམ",
                    "4038"
                ],
                [
                    "ཀྱིས་མངོན་སུམ",
                    "89"
                ]
            ]
        },
        "14": {
            "པེ་": [
                [
                    "སྒྲུབ",
                    "176"
                ]
            ],
            "སྡེ་": [
                [
                    "སྒྲུབ",
                    "176"
                ]
            ],
            "སྣར་": [
                [
                    "གྲུབ",
                    "316"
                ]
            ]
        },
        "15": {
            "པེ་": [
                [
                    "",
                    "1"
                ],
                [
                    "མཛད་པ",
                    "1162"
                ]
            ],
            "སྡེ་": [
                [
                    "",
                    "1"
                ],
                [
                    "མཛད་པ",
                    "1162"
                ]
            ],
            "སྣར་": [
                [
                    "",
                    "1"
                ],
                [
                    "མཛད་པ",
                    "1162"
                ]
            ]
        },
        "2": {
            "པེ་": [
                [
                    "སྒོམ་པའི",
                    "430"
                ]
            ],
            "སྡེ་": [
                [
                    "བསྒོམ་པའི",
                    "540"
                ]
            ],
            "སྣར་": [
                [
                    "སྒོམ་པའི",
                    "430"
                ]
            ]
        },
        "3": {
            "པེ་": [
                [
                    "བསྟེན་པ",
                    "449"
                ],
                [
                    "ལ་བསྟེན་པ",
                    "95"
                ],
                [
                    "བསྟེན་པ་དང",
                    "111"
                ]
            ],
            "སྡེ་": [
                [
                    "བརྟེན་པ",
                    "61"
                ],
                [
                    "ལ་བརྟེན་པ",
                    "145"
                ],
                [
                    "བརྟེན་པ་དང",
                    "44"
                ]
            ],
            "སྣར་": [
                [
                    "བསྟེན་པ",
                    "449"
                ],
                [
                    "ལ་བསྟེན་པ",
                    "95"
                ],
                [
                    "བསྟེན་པ་དང",
                    "111"
                ]
            ]
        },
        "4": {
            "པེ་": [],
            "སྡེ་": [
                [
                    "ཀོ྅ཧཾ",
                    "5"
                ]
            ],
            "སྣར་": []
        },
        "5": {
            "པེ་": [
                [
                    "སྒོམ་པར",
                    "558"
                ]
            ],
            "སྡེ་": [
                [
                    "བསྒོམ་པར",
                    "2510"
                ],
                [
                    "བསྒོམ་པར་བྱ་བ",
                    "114"
                ]
            ],
            "སྣར་": [
                [
                    "སྒོམ་པར",
                    "558"
                ]
            ]
        },
        "6": {
            "པེ་": [
                [
                    "རྒྱན",
                    "93"
                ],
                [
                    "རྒྱན་གྱིས",
                    "827"
                ]
            ],
            "སྡེ་": [
                [
                    "རྒྱན",
                    "93"
                ],
                [
                    "རྒྱན་གྱིས",
                    "827"
                ]
            ],
            "སྣར་": [
                [
                    "བརྒྱན",
                    "1645"
                ]
            ]
        },
        "7": {
            "པེ་": [
                [
                    "",
                    "1"
                ],
                [
                    "ནས",
                    "35333"
                ],
                [
                    "ཁུང",
                    "1531"
                ],
                [
                    "ཁུང་ནས",
                    "92"
                ]
            ],
            "སྡེ་": [
                [
                    "བུ",
                    "3638"
                ],
                [
                    "བུ་ནས",
                    "63"
                ],
                [
                    "ཁུང་བུ",
                    "335"
                ]
            ],
            "སྣར་": [
                [
                    "",
                    "1"
                ],
                [
                    "ནས",
                    "35333"
                ],
                [
                    "ཁུང",
                    "1531"
                ],
                [
                    "ཁུང་ནས",
                    "92"
                ]
            ]
        },
        "8": {
            "པེ་": [
                [
                    "",
                    "1"
                ],
                [
                    "བརྟན་པ",
                    "206"
                ],
                [
                    "བསྒོམ་པ",
                    "245"
                ]
            ],
            "སྡེ་": [
                [
                    "ལ",
                    "33965"
                ],
                [
                    "ལ་བརྟན་པ",
                    "58"
                ],
                [
                    "བསྒོམ་པ་ལ",
                    "115"
                ]
            ],
            "སྣར་": [
                [
                    "",
                    "1"
                ],
                [
                    "བརྟན་པ",
                    "206"
                ],
                [
                    "བསྒོམ་པ",
                    "245"
                ]
            ]
        },
        "9": {
            "པེ་": [
                [
                    "ལ",
                    "33965"
                ],
                [
                    "ལ།_།",
                    "14361"
                ],
                [
                    "བསམས་ལ",
                    "73"
                ]
            ],
            "སྡེ་": [
                [
                    "ནས",
                    "35333"
                ],
                [
                    "ནས།_།",
                    "9174"
                ],
                [
                    "བསམས་ནས",
                    "742"
                ],
                [
                    "བསམས་ནས།_།",
                    "68"
                ]
            ],
            "སྣར་": [
                [
                    "ལ",
                    "33965"
                ],
                [
                    "ལ།_།",
                    "14361"
                ],
                [
                    "བསམས་ལ",
                    "73"
                ]
            ]
        }
    },
    "non_standard_notes": [],
    "profile": {
        "1": [
            "པེ་=སྣར་ སྡེ་",
            "80.00%"
        ],
        "10": [
            "པེ་=སྣར་ སྡེ་",
            "80.00%"
        ],
        "11": [
            "པེ་=སྣར་ སྡེ་",
            "80.00%"
        ],
        "12": [
            "པེ་=སྣར་ སྡེ་",
            "80.00%"
        ],
        "13": [
            "པེ་=སྣར་ སྡེ་",
            "80.00%"
        ],
        "14": [
            "པེ་=སྡེ་ སྣར་",
            "13.33%"
        ],
        "15": [
            "པེ་=སྡེ་=སྣར་",
            "6.67%"
        ],
        "2": [
            "པེ་=སྣར་ སྡེ་",
            "80.00%"
        ],
        "3": [
            "པེ་=སྣར་ སྡེ་",
            "80.00%"
        ],
        "4": [
            "པེ་=སྣར་ སྡེ་",
            "80.00%"
        ],
        "5": [
            "པེ་=སྣར་ སྡེ་",
            "80.00%"
        ],
        "6": [
            "པེ་=སྡེ་ སྣར་",
            "13.33%"
        ],
        "7": [
            "པེ་=སྣར་ སྡེ་",
            "80.00%"
        ],
        "8": [
            "པེ་=སྣར་ སྡེ་",
            "80.00%"
        ],
        "9": [
            "པེ་=སྣར་ སྡེ་",
            "80.00%"
        ]
    }
}