﻿{
    "Stats": {
        "Categorised": "14 notes (46.67%)",
        "Notes’ total": 30,
        "Profiles": [
            "པེ་=སྣར་ སྡེ་: 96.15% (25 notes)",
            "པེ་=སྡེ་=སྣར་: 3.85% (1 notes)"
        ],
        "automatic_categorisation": {
            "min_mod": {
                "particle_groups": 1
            },
            "particle_issues": {
                "po-bo-pa-ba": 4
            },
            "spelling_mistake": {
                "non_word": {
                    "well_formed": 1
                }
            },
            "sskrt": 3,
            "verb_difference": {
                "diff_tense": 1,
                "diff_verb": 2
            }
        },
        "dunno": {
            "long_diff": 2,
            "no_diff": 8,
            "short_diff": 6
        },
        "empty_notes": 2,
        "manual_categorisation": {
            "long_difference": {},
            "manual_evaluation": {
                "meaning_difference": {}
            }
        },
        "ngram_freq": {},
        "profile": {}
    },
    "automatic_categorisation": {
        "min_mod": {
            "min_mod_groups": [],
            "particle_groups": [
                {
                    "21": [
                        [
                            "dreldra"
                        ],
                        {
                            "པེ་": [
                                "བྱང་ཆུབ་ ནི་ ནམ་མཁ འི་ མཚན་ཉིད་",
                                "ཀྱི་",
                                "མཚན་ཉིད་ དེ །_ རྟོགས་"
                            ],
                            "སྡེ་": [
                                "བྱང་ཆུབ་ ནི་ ནམ་མཁ འི་ མཚན་ཉིད་",
                                "",
                                "མཚན་ཉིད་ དེ །_ རྟོགས་"
                            ],
                            "སྣར་": [
                                "བྱང་ཆུབ་ ནི་ ནམ་མཁ འི་ མཚན་ཉིད་",
                                "ཀྱི་",
                                "མཚན་ཉིད་ དེ །_ རྟོགས་"
                            ]
                        }
                    ]
                }
            ]
        },
        "particle_issues": {
            "added_particle": [],
            "agreement_issue": [],
            "different_particles": [],
            "other": [],
            "po-bo-pa-ba": [
                {
                    "3": [
                        "dagdra_pa",
                        {
                            "པེ་": [
                                "དངོས་པོ་ ཐམས་ཅད་ དང་",
                                "བྲལ",
                                "_།། ཞེས་ ཏེ་ དངོས་པོ འི་"
                            ],
                            "སྡེ་": [
                                "དངོས་པོ་ ཐམས་ཅད་ དང་",
                                "བྲལ་བ",
                                "_།། ཞེས་ ཏེ་ དངོས་པོ འི་"
                            ],
                            "སྣར་": [
                                "དངོས་པོ་ ཐམས་ཅད་ དང་",
                                "བྲལ",
                                "_།། ཞེས་ ཏེ་ དངོས་པོ འི་"
                            ]
                        }
                    ]
                },
                {
                    "4": [
                        "dagdra_pa",
                        {
                            "པེ་": [
                                "བུ་ དང་  །_",
                                "བྱེད་པོ་",
                                "ལ་སོགས་པ འི་ རང་"
                            ],
                            "སྡེ་": [
                                "བུ་ དང་  །_",
                                "བྱེད་པ་པོ་",
                                "ལ་སོགས་པ འི་ རང་"
                            ],
                            "སྣར་": [
                                "བུ་ དང་  །_",
                                "བྱེད་པོ་",
                                "ལ་སོགས་པ འི་ རང་"
                            ]
                        }
                    ]
                },
                {
                    "7": [
                        "dagdra_pa",
                        {
                            "པེ་": [
                                "ན །_ ཚོར་བ་",
                                "རྣམ་",
                                "གསུམ་ མོ །_། བདེ་བ་"
                            ],
                            "སྡེ་": [
                                "ན །_ ཚོར་བ་",
                                "རྣམ་པ་",
                                "གསུམ་ མོ །_། བདེ་བ་"
                            ],
                            "སྣར་": [
                                "ན །_ ཚོར་བ་",
                                "རྣམ་",
                                "གསུམ་ མོ །_། བདེ་བ་"
                            ]
                        }
                    ]
                },
                {
                    "15": [
                        "dagdra_pa",
                        {
                            "པེ་": [
                                "ཆོས་ བདག་ མེད་པ ར་",
                                "མཉམ་པ་ཉིད་པ ས",
                                "།_། ཞེས་ བྱ་"
                            ],
                            "སྡེ་": [
                                "ཆོས་ བདག་ མེད་པ ར་",
                                "མཉམ་ཉིད་པ ས",
                                "།_། ཞེས་ བྱ་"
                            ],
                            "སྣར་": [
                                "ཆོས་ བདག་ མེད་པ ར་",
                                "མཉམ་པ་ཉིད་པ ས",
                                "།_། ཞེས་ བྱ་"
                            ]
                        }
                    ]
                }
            ]
        },
        "spelling_mistake": {
            "missing_vowel": [],
            "nga_da": [],
            "non_word": {
                "ill_formed": [],
                "well_formed": [
                    {
                        "8": [
                            {
                                "པེ་": [
                                    "ཏེ །_ སྡུག་བསྔལ་ ལ་",
                                    "#བལྟོས་",
                                    "ནས་ བདེ་བ་ དང་  ། "
                                ],
                                "སྡེ་": [
                                    "ཏེ །_ སྡུག་བསྔལ་ ལ་",
                                    "ལྟོས་",
                                    "ནས་ བདེ་བ་ དང་  ། "
                                ],
                                "སྣར་": [
                                    "ཏེ །_ སྡུག་བསྔལ་ ལ་",
                                    "#བལྟོས་",
                                    "ནས་ བདེ་བ་ དང་  ། "
                                ]
                            }
                        ]
                    }
                ]
            }
        },
        "sskrt": [
            {
                "1": [
                    {
                        "པེ་": [
                            "དུ །_ བོ་ #དྷི་",
                            "#ཙི་ #ཏཱ་",
                            "#བི་བ་ ར་ #ཎ ། "
                        ],
                        "སྡེ་": [
                            "དུ །_ བོ་ #དྷི་",
                            "#ཙིཏྟ་",
                            "#བི་བ་ ར་ #ཎ ། "
                        ],
                        "སྣར་": [
                            "དུ །_ བོ་ #དྷི་",
                            "#ཙི་ #ཏཱ་",
                            "#བི་བ་ ར་ #ཎ ། "
                        ]
                    }
                ]
            },
            {
                "12": [
                    {
                        "པེ་": [
                            "རྣ་བ་ དང་  །_ སྣ་ དང་  །_",
                            "ཤེས་པ ར་ བྱ འོ །__། #ལྕེ་ དང་ ལུས་ ཀྱི་ རྣམ་པར་ ཤེས་པ་ ཡང་  །_ ཡིད་",
                            "ཀྱི་ རྣམ་པར་ ཤེས་པ་ ཡང་ ཡིད་ འདས་པ་ དང་ མ་"
                        ],
                        "སྡེ་": [
                            "རྣ་བ་ དང་  །_ སྣ་ དང་  །_",
                            "#ལྕེ་ དང་ ལུས་",
                            "ཀྱི་ རྣམ་པར་ ཤེས་པ་ ཡང་ ཡིད་ འདས་པ་ དང་ མ་"
                        ],
                        "སྣར་": [
                            "རྣ་བ་ དང་  །_ སྣ་ དང་  །_",
                            "ཤེས་པ ར་ བྱ འོ །__། #ལྕེ་ དང་ ལུས་ ཀྱི་ རྣམ་པར་ ཤེས་པ་ ཡང་  །_ ཡིད་",
                            "ཀྱི་ རྣམ་པར་ ཤེས་པ་ ཡང་ ཡིད་ འདས་པ་ དང་ མ་"
                        ]
                    }
                ]
            },
            {
                "25": [
                    {
                        "པེ་": [
                            " །།_།། ཁ་ ཆེ འི་ #པཎྜི་ #ཏ་",
                            "#ཛཱ་",
                            "#ཡ་ ཨ་ #ནནྟ་ དང་  ། "
                        ],
                        "སྡེ་": [
                            " །།_།། ཁ་ ཆེ འི་ #པཎྜི་ #ཏ་",
                            "#ཛ་",
                            "#ཡ་ ཨ་ #ནནྟ་ དང་  ། "
                        ],
                        "སྣར་": [
                            " །།_།། ཁ་ ཆེ འི་ #པཎྜི་ #ཏ་",
                            "#ཛཱ་",
                            "#ཡ་ ཨ་ #ནནྟ་ དང་  ། "
                        ]
                    }
                ]
            }
        ],
        "verb_difference": {
            "diff_tense": [
                {
                    "19": [
                        [
                            "《འགག》ཞེས་པ།【〈འགག〉གི་ ད་ལྟ་བ།】【〈འགག〉གི་ ད་ལྟ་བ། ཐ་མི་དད་པ།】【〈འགག〉གི་ མ་འོངས་པ།】【〈འགག〉གི་ མ་འོངས་པ། ཐ་མི་དད་པ།】",
                            "《འགགས》ཞེས་པ།【〈འགག〉གི་ འདས་པ།】【〈འགག〉གི་ འདས་པ། ཐ་མི་དད་པ།】"
                        ],
                        {
                            "པེ་": [
                                "ཡང་ སེམས་ མ་ སྐྱེས་ མ་",
                                "འགག་པ ར་",
                                "ཁོང་ དུ་ ཆུད་པ་"
                            ],
                            "སྡེ་": [
                                "ཡང་ སེམས་ མ་ སྐྱེས་ མ་",
                                "འགགས་པ ར་",
                                "ཁོང་ དུ་ ཆུད་པ་"
                            ],
                            "སྣར་": [
                                "ཡང་ སེམས་ མ་ སྐྱེས་ མ་",
                                "འགག་པ ར་",
                                "ཁོང་ དུ་ ཆུད་པ་"
                            ]
                        }
                    ]
                }
            ],
            "diff_verb": [
                {
                    "13": [
                        [
                            "《དགག》ཞེས་པ།【〈འགོག〉གི་ མ་འོངས་པ།】【〈འགོག〉གི་ མ་འོངས་པ། ཐ་དད་པ།】",
                            "《དག》ཞེས་པ།【〈འདག〉གི་ འདས་པ། ཐ་མི་དད་པ།】"
                        ],
                        {
                            "པེ་": [
                                "བསྟན་པ འི་ ཕྱིར་ #ལོགས་ སུ་",
                                "དག་པ ར་",
                                "མི་ བྱ་ སྟེ ། "
                            ],
                            "སྡེ་": [
                                "བསྟན་པ འི་ ཕྱིར་ #ལོགས་ སུ་",
                                "དགག་པ ར་",
                                "མི་ བྱ་ སྟེ ། "
                            ],
                            "སྣར་": [
                                "བསྟན་པ འི་ ཕྱིར་ #ལོགས་ སུ་",
                                "དག་པ ར་",
                                "མི་ བྱ་ སྟེ ། "
                            ]
                        }
                    ]
                },
                {
                    "24": [
                        [
                            "《རྟོགས》ཞེས་པ།【〈རྟོག〉གི་ སྐུལ་ཚིག ཐ་དད་པ།】",
                            "《གཏོགས》ཞེས་པ།【〈གཏག〉གི་ སྐུལ་ཚིག】【〈གཏག〉གི་ སྐུལ་ཚིག ཐ་དད་པ།】【〈གཏོགས〉གི་ འདས་པ། ཐ་དད་པ།】【〈གཏོགས〉གི་ སྐུལ་ཚིག ཐ་དད་པ།】【〈གཏོག〉གི་ འདས་པ།】【〈གཏོག〉གི་ འདས་པ། ཐ་དད་པ།】【〈གཏོག〉གི་ སྐུལ་ཚིག】【〈གཏོག〉གི་ སྐུལ་ཚིག ཐ་དད་པ།】"
                        ],
                        {
                            "པེ་": [
                                "ཉིད་ ཀྱི་ རང་བཞིན་ མ་",
                                "རྟོགས་པ་",
                                "ཡང་དག་པ་ མ་"
                            ],
                            "སྡེ་": [
                                "ཉིད་ ཀྱི་ རང་བཞིན་ མ་",
                                "གཏོགས་པ་",
                                "ཡང་དག་པ་ མ་"
                            ],
                            "སྣར་": [
                                "ཉིད་ ཀྱི་ རང་བཞིན་ མ་",
                                "རྟོགས་པ་",
                                "ཡང་དག་པ་ མ་"
                            ]
                        }
                    ]
                }
            ],
            "not_sure": []
        }
    },
    "dunno": {
        "long_diff": [
            {
                "10": [
                    {
                        "པེ་": [
                            "ཚོར་བ འི་ ཕུང་པོ་",
                            "",
                            "ཞེས་ གསུངས་པ་ ལས་ ན"
                        ],
                        "སྡེ་": [
                            "ཚོར་བ འི་ ཕུང་པོ་",
                            "ནི་ ཚོར་བ འི་ ཕུང་པོ ས་ སྟོང་ ངོ་",
                            "ཞེས་ གསུངས་པ་ ལས་ ན"
                        ],
                        "སྣར་": [
                            "ཚོར་བ འི་ ཕུང་པོ་",
                            "",
                            "ཞེས་ གསུངས་པ་ ལས་ ན"
                        ]
                    }
                ]
            },
            {
                "16": [
                    {
                        "པེ་": [
                            "དེ འི་ རང་བཞིན་ ནོ །_།",
                            "",
                            "ཞེས་ གསུངས་ སོ །_། དེ་"
                        ],
                        "སྡེ་": [
                            "དེ འི་ རང་བཞིན་ ནོ །_།",
                            "སེམས་ ཀྱང་ དེ འི་ རང་བཞིན་ ནོ་",
                            "ཞེས་ གསུངས་ སོ །_། དེ་"
                        ],
                        "སྣར་": [
                            "དེ འི་ རང་བཞིན་ ནོ །_།",
                            "",
                            "ཞེས་ གསུངས་ སོ །_། དེ་"
                        ]
                    }
                ]
            }
        ],
        "no_diff": [
            {
                "5": [
                    {
                        "པེ་": [
                            "དང་ བྲལ་ ཞིང་ བདག་",
                            "དང་",
                            "འཛིན་པ་ ཙམ་ གྱིས་ ཡང་"
                        ],
                        "སྡེ་": [
                            "དང་ བྲལ་ ཞིང་ བདག་",
                            "ཏུ་",
                            "འཛིན་པ་ ཙམ་ གྱིས་ ཡང་"
                        ],
                        "སྣར་": [
                            "དང་ བྲལ་ ཞིང་ བདག་",
                            "དང་",
                            "འཛིན་པ་ ཙམ་ གྱིས་ ཡང་"
                        ]
                    }
                ]
            },
            {
                "9": [
                    {
                        "པེ་": [
                            "དེ འི་ ཕྱིར་ ཚོར་བ འི་",
                            "ཕུང་པོ འོ་",
                            "ནི་ ཚོར་བ འི་ ཕུང་པོ ས་ སྟོང་ ངོ་ ཞེས་ གསུངས་པ་"
                        ],
                        "སྡེ་": [
                            "དེ འི་ ཕྱིར་ ཚོར་བ འི་",
                            "ཕུང་པོ་",
                            "ནི་ ཚོར་བ འི་ ཕུང་པོ ས་ སྟོང་ ངོ་ ཞེས་ གསུངས་པ་"
                        ],
                        "སྣར་": [
                            "དེ འི་ ཕྱིར་ ཚོར་བ འི་",
                            "ཕུང་པོ འོ་",
                            "ནི་ ཚོར་བ འི་ ཕུང་པོ ས་ སྟོང་ ངོ་ ཞེས་ གསུངས་པ་"
                        ]
                    }
                ]
            },
            {
                "11": [
                    {
                        "པེ་": [
                            "ཚོར་བ་ དང་  །_",
                            "སེམས་དཔའ་",
                            "དང་ འདུ་ཤེས་ དང་ འདུན་"
                        ],
                        "སྡེ་": [
                            "ཚོར་བ་ དང་  །_",
                            "སེམས་པ་",
                            "དང་ འདུ་ཤེས་ དང་ འདུན་"
                        ],
                        "སྣར་": [
                            "ཚོར་བ་ དང་  །_",
                            "སེམས་དཔའ་",
                            "དང་ འདུ་ཤེས་ དང་ འདུན་"
                        ]
                    }
                ]
            },
            {
                "14": [
                    {
                        "པེ་": [
                            "ཡིན །_ གཉིས་ཀ འི་ བར་",
                            "ན་",
                            "ཡང་ མ་ ཡིན་ ནོ །_། "
                        ],
                        "སྡེ་": [
                            "ཡིན །_ གཉིས་ཀ འི་ བར་",
                            "དུ་",
                            "ཡང་ མ་ ཡིན་ ནོ །_། "
                        ],
                        "སྣར་": [
                            "ཡིན །_ གཉིས་ཀ འི་ བར་",
                            "ན་",
                            "ཡང་ མ་ ཡིན་ ནོ །_། "
                        ]
                    }
                ]
            },
            {
                "17": [
                    {
                        "པེ་": [
                            "ནམ་མཁའ་ རང་བཞིན་",
                            "མེད་པ འི་",
                            "མིང་ ཙམ་ མོ །_། དེ་"
                        ],
                        "སྡེ་": [
                            "ནམ་མཁའ་ རང་བཞིན་",
                            "མེད་པ་",
                            "མིང་ ཙམ་ མོ །_། དེ་"
                        ],
                        "སྣར་": [
                            "ནམ་མཁའ་ རང་བཞིན་",
                            "མེད་པ འི་",
                            "མིང་ ཙམ་ མོ །_། དེ་"
                        ]
                    }
                ]
            },
            {
                "18": [
                    {
                        "པེ་": [
                            "སེམས་ ཀྱང་ རང་བཞིན་",
                            "མེད་པ འི་",
                            "མིང་ ཙམ་ ཡིན །_ གང་"
                        ],
                        "སྡེ་": [
                            "སེམས་ ཀྱང་ རང་བཞིན་",
                            "མེད་པ་",
                            "མིང་ ཙམ་ ཡིན །_ གང་"
                        ],
                        "སྣར་": [
                            "སེམས་ ཀྱང་ རང་བཞིན་",
                            "མེད་པ འི་",
                            "མིང་ ཙམ་ ཡིན །_ གང་"
                        ]
                    }
                ]
            },
            {
                "20": [
                    {
                        "པེ་": [
                            " །_། གསང་བ འི་ བདག་པོ་",
                            "",
                            "ཕྲ་བ་ ཡང་ ཡོད་པ་"
                        ],
                        "སྡེ་": [
                            " །_། གསང་བ འི་ བདག་པོ་",
                            "ཆོས་",
                            "ཕྲ་བ་ ཡང་ ཡོད་པ་"
                        ],
                        "སྣར་": [
                            " །_། གསང་བ འི་ བདག་པོ་",
                            "",
                            "ཕྲ་བ་ ཡང་ ཡོད་པ་"
                        ]
                    }
                ]
            },
            {
                "23": [
                    {
                        "པེ་": [
                            "སེམས་ཅན་ འདི་དག་",
                            "",
                            "སྡུག་བསྔལ་བ །_ འདི་"
                        ],
                        "སྡེ་": [
                            "སེམས་ཅན་ འདི་དག་",
                            "ནི་",
                            "སྡུག་བསྔལ་བ །_ འདི་"
                        ],
                        "སྣར་": [
                            "སེམས་ཅན་ འདི་དག་",
                            "",
                            "སྡུག་བསྔལ་བ །_ འདི་"
                        ]
                    }
                ]
            }
        ],
        "short_diff": [
            {
                "2": [
                    {
                        "པེ་": [
                            "བརྗོད་པ །_ དངོས་པོ་",
                            "",
                            "དང་ བྲལ་བ _།། ཞེས་"
                        ],
                        "སྡེ་": [
                            "བརྗོད་པ །_ དངོས་པོ་",
                            "ཐམས་ཅད་",
                            "དང་ བྲལ་བ _།། ཞེས་"
                        ],
                        "སྣར་": [
                            "བརྗོད་པ །_ དངོས་པོ་",
                            "",
                            "དང་ བྲལ་བ _།། ཞེས་"
                        ]
                    }
                ]
            },
            {
                "3": [
                    {
                        "པེ་": [
                            "དངོས་པོ་ ཐམས་ཅད་ དང་",
                            "བྲལ",
                            "_།། ཞེས་ ཏེ་ དངོས་པོ འི་"
                        ],
                        "སྡེ་": [
                            "དངོས་པོ་ ཐམས་ཅད་ དང་",
                            "བྲལ་བ",
                            "_།། ཞེས་ ཏེ་ དངོས་པོ འི་"
                        ],
                        "སྣར་": [
                            "དངོས་པོ་ ཐམས་ཅད་ དང་",
                            "བྲལ",
                            "_།། ཞེས་ ཏེ་ དངོས་པོ འི་"
                        ]
                    }
                ]
            },
            {
                "4": [
                    {
                        "པེ་": [
                            "བུ་ དང་  །_",
                            "བྱེད་པོ་",
                            "ལ་སོགས་པ འི་ རང་"
                        ],
                        "སྡེ་": [
                            "བུ་ དང་  །_",
                            "བྱེད་པ་པོ་",
                            "ལ་སོགས་པ འི་ རང་"
                        ],
                        "སྣར་": [
                            "བུ་ དང་  །_",
                            "བྱེད་པོ་",
                            "ལ་སོགས་པ འི་ རང་"
                        ]
                    }
                ]
            },
            {
                "7": [
                    {
                        "པེ་": [
                            "ན །_ ཚོར་བ་",
                            "རྣམ་",
                            "གསུམ་ མོ །_། བདེ་བ་"
                        ],
                        "སྡེ་": [
                            "ན །_ ཚོར་བ་",
                            "རྣམ་པ་",
                            "གསུམ་ མོ །_། བདེ་བ་"
                        ],
                        "སྣར་": [
                            "ན །_ ཚོར་བ་",
                            "རྣམ་",
                            "གསུམ་ མོ །_། བདེ་བ་"
                        ]
                    }
                ]
            },
            {
                "15": [
                    {
                        "པེ་": [
                            "ཆོས་ བདག་ མེད་པ ར་",
                            "མཉམ་པ་ཉིད་པ ས",
                            "།_། ཞེས་ བྱ་"
                        ],
                        "སྡེ་": [
                            "ཆོས་ བདག་ མེད་པ ར་",
                            "མཉམ་ཉིད་པ ས",
                            "།_། ཞེས་ བྱ་"
                        ],
                        "སྣར་": [
                            "ཆོས་ བདག་ མེད་པ ར་",
                            "མཉམ་པ་ཉིད་པ ས",
                            "།_། ཞེས་ བྱ་"
                        ]
                    }
                ]
            },
            {
                "22": [
                    {
                        "པེ་": [
                            "པ་ ཇི་ལྟ་བ་ བཞིན་",
                            "མ་རིག་པ་",
                            "དེ་ ལ་ བརྩེ་"
                        ],
                        "སྡེ་": [
                            "པ་ ཇི་ལྟ་བ་ བཞིན་",
                            "རིག་པ་",
                            "དེ་ ལ་ བརྩེ་"
                        ],
                        "སྣར་": [
                            "པ་ ཇི་ལྟ་བ་ བཞིན་",
                            "མ་རིག་པ་",
                            "དེ་ ལ་ བརྩེ་"
                        ]
                    }
                ]
            }
        ]
    },
    "empty_notes": [
        {
            "6": [
                {
                    "པེ་": [
                        "སོགས་པ འི་ ཕུང་པོ་ རྣམས་ དངོས་པོ་",
                        "",
                        "རྣམས་ དངོས་པོ་ མེད་པ་ ཉིད་"
                    ],
                    "སྡེ་": [
                        "སོགས་པ འི་ ཕུང་པོ་ རྣམས་ དངོས་པོ་",
                        "",
                        "རྣམས་ དངོས་པོ་ མེད་པ་ ཉིད་"
                    ],
                    "སྣར་": [
                        "སོགས་པ འི་ ཕུང་པོ་ རྣམས་ དངོས་པོ་",
                        "",
                        "རྣམས་ དངོས་པོ་ མེད་པ་ ཉིད་"
                    ]
                }
            ]
        },
        {
            "26": [
                {
                    "པེ་": [
                        "འབར་ གྱིས་ བསྒྱུར་བ འོ །། ",
                        "",
                        "འབར་ གྱིས་ བསྒྱུར་བ འོ །། "
                    ],
                    "སྡེ་": [
                        "འབར་ གྱིས་ བསྒྱུར་བ འོ །། ",
                        "",
                        "འབར་ གྱིས་ བསྒྱུར་བ འོ །། "
                    ],
                    "སྣར་": [
                        "འབར་ གྱིས་ བསྒྱུར་བ འོ །། ",
                        "",
                        "འབར་ གྱིས་ བསྒྱུར་བ འོ །། "
                    ]
                }
            ]
        }
    ],
    "manual_categorisation": {
        "long_difference": {
            "differing_formulation": [],
            "major_modification": []
        },
        "manual_evaluation": {
            "derge_correct": [],
            "meaning_difference": {
                "great_diff": [],
                "medium_diff": [],
                "small_diff": []
            }
        }
    },
    "ngram_freq": {
        "1": {
            "པེ་": [],
            "སྡེ་": [
                [
                    "ཙིཏྟ",
                    "14"
                ]
            ],
            "སྣར་": []
        },
        "10": {
            "པེ་": [
                [
                    "",
                    "1"
                ],
                [
                    "ཞེས",
                    "1047"
                ],
                [
                    "ཕུང་པོ",
                    "7427"
                ],
                [
                    "ཕུང་པོ་ཞེས",
                    "137"
                ]
            ],
            "སྡེ་": [],
            "སྣར་": [
                [
                    "",
                    "1"
                ],
                [
                    "ཞེས",
                    "1047"
                ],
                [
                    "ཕུང་པོ",
                    "7427"
                ],
                [
                    "ཕུང་པོ་ཞེས",
                    "137"
                ]
            ]
        },
        "11": {
            "པེ་": [
                [
                    "སེམས་དཔའ",
                    "99553"
                ],
                [
                    "།_སེམས་དཔའ",
                    "87"
                ],
                [
                    "སེམས་དཔའ་དང",
                    "644"
                ]
            ],
            "སྡེ་": [
                [
                    "སེམས་པ",
                    "131"
                ],
                [
                    "།_སེམས་པ",
                    "147"
                ],
                [
                    "སེམས་པ་དང",
                    "354"
                ],
                [
                    "།_སེམས་པ་དང",
                    "55"
                ]
            ],
            "སྣར་": [
                [
                    "སེམས་དཔའ",
                    "99553"
                ],
                [
                    "།_སེམས་དཔའ",
                    "87"
                ],
                [
                    "སེམས་དཔའ་དང",
                    "644"
                ]
            ]
        },
        "12": {
            "པེ་": [],
            "སྡེ་": [
                [
                    "ལྕེ་དང་ལུས",
                    "104"
                ]
            ],
            "སྣར་": []
        },
        "13": {
            "པེ་": [
                [
                    "དག་པར",
                    "55743"
                ],
                [
                    "དག་པར་མི",
                    "188"
                ],
                [
                    "སུ་དག་པར",
                    "1394"
                ]
            ],
            "སྡེ་": [
                [
                    "དགག་པར",
                    "86"
                ]
            ],
            "སྣར་": [
                [
                    "དག་པར",
                    "55743"
                ],
                [
                    "དག་པར་མི",
                    "188"
                ],
                [
                    "སུ་དག་པར",
                    "1394"
                ]
            ]
        },
        "14": {
            "པེ་": [
                [
                    "ན",
                    "73509"
                ],
                [
                    "བར་ན",
                    "196"
                ],
                [
                    "ན་ཡང",
                    "7917"
                ],
                [
                    "བར་ན་ཡང",
                    "60"
                ]
            ],
            "སྡེ་": [
                [
                    "དུ",
                    "11516"
                ],
                [
                    "དུ་ཡང",
                    "7124"
                ],
                [
                    "བར་དུ",
                    "12882"
                ],
                [
                    "བར་དུ་ཡང",
                    "946"
                ]
            ],
            "སྣར་": [
                [
                    "ན",
                    "73509"
                ],
                [
                    "བར་ན",
                    "196"
                ],
                [
                    "ན་ཡང",
                    "7917"
                ],
                [
                    "བར་ན་ཡང",
                    "60"
                ]
            ]
        },
        "15": {
            "པེ་": [],
            "སྡེ་": [],
            "སྣར་": []
        },
        "16": {
            "པེ་": [
                [
                    "",
                    "1"
                ],
                [
                    "ཞེས",
                    "1047"
                ],
                [
                    "།_།",
                    "997103"
                ],
                [
                    "།_།ཞེས",
                    "4887"
                ],
                [
                    "ནོ།_།ཞེས",
                    "271"
                ],
                [
                    "།_།ཞེས་གསུངས",
                    "1437"
                ]
            ],
            "སྡེ་": [],
            "སྣར་": [
                [
                    "",
                    "1"
                ],
                [
                    "ཞེས",
                    "1047"
                ],
                [
                    "།_།",
                    "997103"
                ],
                [
                    "།_།ཞེས",
                    "4887"
                ],
                [
                    "ནོ།_།ཞེས",
                    "271"
                ],
                [
                    "།_།ཞེས་གསུངས",
                    "1437"
                ]
            ]
        },
        "17": {
            "པེ་": [
                [
                    "མེད་པའི",
                    "267"
                ],
                [
                    "རང་བཞིན་མེད་པའི",
                    "133"
                ]
            ],
            "སྡེ་": [
                [
                    "མེད་པ",
                    "5438"
                ],
                [
                    "རང་བཞིན་མེད་པ",
                    "220"
                ]
            ],
            "སྣར་": [
                [
                    "མེད་པའི",
                    "267"
                ],
                [
                    "རང་བཞིན་མེད་པའི",
                    "133"
                ]
            ]
        },
        "18": {
            "པེ་": [
                [
                    "མེད་པའི",
                    "267"
                ],
                [
                    "རང་བཞིན་མེད་པའི",
                    "133"
                ]
            ],
            "སྡེ་": [
                [
                    "མེད་པ",
                    "5438"
                ],
                [
                    "རང་བཞིན་མེད་པ",
                    "220"
                ]
            ],
            "སྣར་": [
                [
                    "མེད་པའི",
                    "267"
                ],
                [
                    "རང་བཞིན་མེད་པའི",
                    "133"
                ]
            ]
        },
        "19": {
            "པེ་": [
                [
                    "འགག་པར",
                    "784"
                ]
            ],
            "སྡེ་": [
                [
                    "འགགས་པར",
                    "98"
                ]
            ],
            "སྣར་": [
                [
                    "འགག་པར",
                    "784"
                ]
            ]
        },
        "2": {
            "པེ་": [
                [
                    "",
                    "1"
                ],
                [
                    "དང",
                    "18517"
                ],
                [
                    "དངོས་པོ",
                    "16196"
                ],
                [
                    "དངོས་པོ་དང",
                    "484"
                ],
                [
                    "།_དངོས་པོ་དང",
                    "53"
                ]
            ],
            "སྡེ་": [
                [
                    "ཐམས་ཅད",
                    "165"
                ],
                [
                    "ཐམས་ཅད་དང",
                    "77"
                ],
                [
                    "དངོས་པོ་ཐམས་ཅད",
                    "539"
                ]
            ],
            "སྣར་": [
                [
                    "",
                    "1"
                ],
                [
                    "དང",
                    "18517"
                ],
                [
                    "དངོས་པོ",
                    "16196"
                ],
                [
                    "དངོས་པོ་དང",
                    "484"
                ],
                [
                    "།_དངོས་པོ་དང",
                    "53"
                ]
            ]
        },
        "20": {
            "པེ་": [
                [
                    "",
                    "1"
                ],
                [
                    "ཕྲ་བ",
                    "42"
                ],
                [
                    "བདག་པོ",
                    "79"
                ]
            ],
            "སྡེ་": [
                [
                    "ཆོས",
                    "602"
                ],
                [
                    "བདག་པོ་ཆོས",
                    "115"
                ]
            ],
            "སྣར་": [
                [
                    "",
                    "1"
                ],
                [
                    "ཕྲ་བ",
                    "42"
                ],
                [
                    "བདག་པོ",
                    "79"
                ]
            ]
        },
        "21": {
            "པེ་": [
                [
                    "ཀྱི",
                    "5256"
                ],
                [
                    "ཀྱི་མཚན་ཉིད",
                    "1424"
                ],
                [
                    "མཚན་ཉིད་ཀྱི",
                    "435"
                ]
            ],
            "སྡེ་": [
                [
                    "",
                    "1"
                ],
                [
                    "མཚན་ཉིད",
                    "161"
                ]
            ],
            "སྣར་": [
                [
                    "ཀྱི",
                    "5256"
                ],
                [
                    "ཀྱི་མཚན་ཉིད",
                    "1424"
                ],
                [
                    "མཚན་ཉིད་ཀྱི",
                    "435"
                ]
            ]
        },
        "22": {
            "པེ་": [
                [
                    "མ་རིག་པ",
                    "1793"
                ]
            ],
            "སྡེ་": [
                [
                    "རིག་པ",
                    "134"
                ],
                [
                    "རིག་པ་དེ",
                    "88"
                ]
            ],
            "སྣར་": [
                [
                    "མ་རིག་པ",
                    "1793"
                ]
            ]
        },
        "23": {
            "པེ་": [
                [
                    "",
                    "1"
                ],
                [
                    "འདི་དག",
                    "113"
                ],
                [
                    "སྡུག་བསྔལ་བ",
                    "110"
                ]
            ],
            "སྡེ་": [
                [
                    "ནི",
                    "44237"
                ],
                [
                    "འདི་དག་ནི",
                    "204"
                ],
                [
                    "ནི་སྡུག་བསྔལ་བ",
                    "147"
                ]
            ],
            "སྣར་": [
                [
                    "",
                    "1"
                ],
                [
                    "འདི་དག",
                    "113"
                ],
                [
                    "སྡུག་བསྔལ་བ",
                    "110"
                ]
            ]
        },
        "24": {
            "པེ་": [
                [
                    "རྟོགས་པ",
                    "218"
                ],
                [
                    "མ་རྟོགས་པ",
                    "85"
                ]
            ],
            "སྡེ་": [
                [
                    "གཏོགས་པ",
                    "79"
                ],
                [
                    "མ་གཏོགས་པ",
                    "49"
                ]
            ],
            "སྣར་": [
                [
                    "རྟོགས་པ",
                    "218"
                ],
                [
                    "མ་རྟོགས་པ",
                    "85"
                ]
            ]
        },
        "25": {
            "པེ་": [
                [
                    "ཛཱ",
                    "35"
                ],
                [
                    "ཛཱ་ཡ",
                    "195"
                ]
            ],
            "སྡེ་": [
                [
                    "ཛ",
                    "231"
                ],
                [
                    "ཛ་ཡ",
                    "120"
                ]
            ],
            "སྣར་": [
                [
                    "ཛཱ",
                    "35"
                ],
                [
                    "ཛཱ་ཡ",
                    "195"
                ]
            ]
        },
        "26": {
            "པེ་": [
                [
                    "",
                    "1"
                ],
                [
                    "འབར",
                    "676"
                ]
            ],
            "སྡེ་": [
                [
                    "",
                    "1"
                ],
                [
                    "འབར",
                    "676"
                ]
            ],
            "སྣར་": [
                [
                    "",
                    "1"
                ],
                [
                    "འབར",
                    "676"
                ]
            ]
        },
        "3": {
            "པེ་": [
                [
                    "བྲལ",
                    "689"
                ],
                [
                    "དང་བྲལ",
                    "307"
                ]
            ],
            "སྡེ་": [
                [
                    "བྲལ་བ",
                    "848"
                ],
                [
                    "དང་བྲལ་བ",
                    "718"
                ]
            ],
            "སྣར་": [
                [
                    "བྲལ",
                    "689"
                ],
                [
                    "དང་བྲལ",
                    "307"
                ]
            ]
        },
        "4": {
            "པེ་": [
                [
                    "བྱེད་པོ",
                    "90"
                ]
            ],
            "སྡེ་": [
                [
                    "བྱེད་པ་པོ",
                    "65"
                ],
                [
                    "།_བྱེད་པ་པོ",
                    "375"
                ]
            ],
            "སྣར་": [
                [
                    "བྱེད་པོ",
                    "90"
                ]
            ]
        },
        "5": {
            "པེ་": [
                [
                    "དང",
                    "18517"
                ],
                [
                    "བདག་དང",
                    "2373"
                ],
                [
                    "དང་འཛིན་པ",
                    "133"
                ]
            ],
            "སྡེ་": [
                [
                    "ཏུ",
                    "1863"
                ],
                [
                    "བདག་ཏུ",
                    "1237"
                ],
                [
                    "ཏུ་འཛིན་པ",
                    "314"
                ],
                [
                    "བདག་ཏུ་འཛིན་པ",
                    "93"
                ]
            ],
            "སྣར་": [
                [
                    "དང",
                    "18517"
                ],
                [
                    "བདག་དང",
                    "2373"
                ],
                [
                    "དང་འཛིན་པ",
                    "133"
                ]
            ]
        },
        "6": {
            "པེ་": [
                [
                    "",
                    "1"
                ],
                [
                    "རྣམས",
                    "5469"
                ],
                [
                    "དངོས་པོ",
                    "16196"
                ],
                [
                    "དངོས་པོ་རྣམས",
                    "180"
                ]
            ],
            "སྡེ་": [
                [
                    "",
                    "1"
                ],
                [
                    "རྣམས",
                    "5469"
                ],
                [
                    "དངོས་པོ",
                    "16196"
                ],
                [
                    "དངོས་པོ་རྣམས",
                    "180"
                ]
            ],
            "སྣར་": [
                [
                    "",
                    "1"
                ],
                [
                    "རྣམས",
                    "5469"
                ],
                [
                    "དངོས་པོ",
                    "16196"
                ],
                [
                    "དངོས་པོ་རྣམས",
                    "180"
                ]
            ]
        },
        "7": {
            "པེ་": [
                [
                    "རྣམ",
                    "1"
                ],
                [
                    "རྣམ་གསུམ",
                    "487"
                ],
                [
                    "ཚོར་བ་རྣམ",
                    "1805"
                ]
            ],
            "སྡེ་": [
                [
                    "རྣམ་པ",
                    "33423"
                ],
                [
                    "རྣམ་པ་གསུམ",
                    "63"
                ]
            ],
            "སྣར་": [
                [
                    "རྣམ",
                    "1"
                ],
                [
                    "རྣམ་གསུམ",
                    "487"
                ],
                [
                    "ཚོར་བ་རྣམ",
                    "1805"
                ]
            ]
        },
        "8": {
            "པེ་": [
                [
                    "བལྟོས",
                    "7"
                ]
            ],
            "སྡེ་": [
                [
                    "ལྟོས",
                    "546"
                ],
                [
                    "ལ་ལྟོས",
                    "367"
                ]
            ],
            "སྣར་": [
                [
                    "བལྟོས",
                    "7"
                ]
            ]
        },
        "9": {
            "པེ་": [
                [
                    "ཕུང་པོའོ",
                    "68"
                ]
            ],
            "སྡེ་": [
                [
                    "ཕུང་པོ",
                    "7427"
                ],
                [
                    "ཕུང་པོ་ནི",
                    "176"
                ]
            ],
            "སྣར་": [
                [
                    "ཕུང་པོའོ",
                    "68"
                ]
            ]
        }
    },
    "non_standard_notes": [],
    "profile": {
        "1": [
            "པེ་=སྣར་ སྡེ་",
            "96.15%"
        ],
        "10": [
            "པེ་=སྣར་ སྡེ་",
            "96.15%"
        ],
        "11": [
            "པེ་=སྣར་ སྡེ་",
            "96.15%"
        ],
        "12": [
            "པེ་=སྣར་ སྡེ་",
            "96.15%"
        ],
        "13": [
            "པེ་=སྣར་ སྡེ་",
            "96.15%"
        ],
        "14": [
            "པེ་=སྣར་ སྡེ་",
            "96.15%"
        ],
        "15": [
            "པེ་=སྣར་ སྡེ་",
            "96.15%"
        ],
        "16": [
            "པེ་=སྣར་ སྡེ་",
            "96.15%"
        ],
        "17": [
            "པེ་=སྣར་ སྡེ་",
            "96.15%"
        ],
        "18": [
            "པེ་=སྣར་ སྡེ་",
            "96.15%"
        ],
        "19": [
            "པེ་=སྣར་ སྡེ་",
            "96.15%"
        ],
        "2": [
            "པེ་=སྣར་ སྡེ་",
            "96.15%"
        ],
        "20": [
            "པེ་=སྣར་ སྡེ་",
            "96.15%"
        ],
        "21": [
            "པེ་=སྣར་ སྡེ་",
            "96.15%"
        ],
        "22": [
            "པེ་=སྣར་ སྡེ་",
            "96.15%"
        ],
        "23": [
            "པེ་=སྣར་ སྡེ་",
            "96.15%"
        ],
        "24": [
            "པེ་=སྣར་ སྡེ་",
            "96.15%"
        ],
        "25": [
            "པེ་=སྣར་ སྡེ་",
            "96.15%"
        ],
        "26": [
            "པེ་=སྡེ་=སྣར་",
            "3.85%"
        ],
        "3": [
            "པེ་=སྣར་ སྡེ་",
            "96.15%"
        ],
        "4": [
            "པེ་=སྣར་ སྡེ་",
            "96.15%"
        ],
        "5": [
            "པེ་=སྣར་ སྡེ་",
            "96.15%"
        ],
        "6": [
            "པེ་=སྣར་ སྡེ་",
            "96.15%"
        ],
        "7": [
            "པེ་=སྣར་ སྡེ་",
            "96.15%"
        ],
        "8": [
            "པེ་=སྣར་ སྡེ་",
            "96.15%"
        ],
        "9": [
            "པེ་=སྣར་ སྡེ་",
            "96.15%"
        ]
    }
}