﻿{
    "Stats": {
        "Categorised": "22 notes (68.75%)",
        "Notes’ total": 32,
        "Profiles": [
            "པེ་=སྣར་ སྡེ་: 90.62% (29 notes)",
            "པེ་=སྡེ་=སྣར་: 3.12% (1 notes)",
            "པེ་ སྡེ་ སྣར་: 3.12% (1 notes)",
            "པེ་ སྡེ་=སྣར་: 3.12% (1 notes)"
        ],
        "automatic_categorisation": {
            "min_mod": {
                "min_mod_groups": 3,
                "particle_groups": 4
            },
            "particle_issues": {
                "agreement_issue": 1
            },
            "spelling_mistake": {
                "non_word": {
                    "ill_formed": 1,
                    "well_formed": 4
                }
            },
            "sskrt": 1,
            "verb_difference": {
                "diff_tense": 3,
                "diff_verb": 3,
                "not_sure": 1
            }
        },
        "dunno": {
            "no_diff": 9,
            "short_diff": 1
        },
        "empty_notes": 1,
        "manual_categorisation": {
            "long_difference": {},
            "manual_evaluation": {
                "meaning_difference": {}
            }
        },
        "ngram_freq": {},
        "profile": {}
    },
    "automatic_categorisation": {
        "min_mod": {
            "min_mod_groups": [
                {
                    "5": [
                        [
                            [
                                "ལས",
                                "ལ"
                            ]
                        ],
                        {
                            "པེ་": [
                                "#ཧཱུཾ་ གི་ རྣམ་པ་",
                                "ལ",
                                "_།། #བྷཱུཾ་ འཕྲོས་ གཞལ་ ཡས་"
                            ],
                            "སྡེ་": [
                                "#ཧཱུཾ་ གི་ རྣམ་པ་",
                                "ལས",
                                "_།། #བྷཱུཾ་ འཕྲོས་ གཞལ་ ཡས་"
                            ],
                            "སྣར་": [
                                "#ཧཱུཾ་ གི་ རྣམ་པ་",
                                "ལ",
                                "_།། #བྷཱུཾ་ འཕྲོས་ གཞལ་ ཡས་"
                            ]
                        }
                    ]
                },
                {
                    "11": [
                        [
                            [
                                "ལས",
                                "ལ"
                            ]
                        ],
                        {
                            "པེ་": [
                                "ན་ དམིགས་པ་ མེད་པ་",
                                "ལ",
                                "།_། འཕྲོ་ དང་ འདུ་བ ས་"
                            ],
                            "སྡེ་": [
                                "ན་ དམིགས་པ་ མེད་པ་",
                                "ལས",
                                "།_། འཕྲོ་ དང་ འདུ་བ ས་"
                            ],
                            "སྣར་": [
                                "ན་ དམིགས་པ་ མེད་པ་",
                                "ལ",
                                "།_། འཕྲོ་ དང་ འདུ་བ ས་"
                            ]
                        }
                    ]
                },
                {
                    "22": [
                        [
                            [
                                "ལས",
                                "ལ"
                            ]
                        ],
                        {
                            "པེ་": [
                                "དབང་ བསྐུར་ ཁྲག་ སོགས་ ལུས་",
                                "ལ་",
                                "འཐོན །_། མེ་ཏོག་ སྔོན་"
                            ],
                            "སྡེ་": [
                                "དབང་ བསྐུར་ ཁྲག་ སོགས་ ལུས་",
                                "ལས་",
                                "འཐོན །_། མེ་ཏོག་ སྔོན་"
                            ],
                            "སྣར་": [
                                "དབང་ བསྐུར་ ཁྲག་ སོགས་ ལུས་",
                                "ལ་",
                                "འཐོན །_། མེ་ཏོག་ སྔོན་"
                            ]
                        }
                    ]
                }
            ],
            "particle_groups": [
                {
                    "6": [
                        [
                            "jedra"
                        ],
                        {
                            "པེ་": [
                                "རྩེ་ ལྔ་པ །_།",
                                "གཡོན་པ་",
                                "བྱ་ #ཁྱུང་ ངེས་པར་ བསྣམས"
                            ],
                            "སྡེ་": [
                                "རྩེ་ ལྔ་པ །_།",
                                "གཡོན་པ ས་",
                                "བྱ་ #ཁྱུང་ ངེས་པར་ བསྣམས"
                            ],
                            "སྣར་": [
                                "རྩེ་ ལྔ་པ །_།",
                                "གཡོན་པ་",
                                "བྱ་ #ཁྱུང་ ངེས་པར་ བསྣམས"
                            ]
                        }
                    ]
                },
                {
                    "8": [
                        [
                            "dreldra",
                            "jedra"
                        ],
                        {
                            "པེ་": [
                                "པ་ དང་ ནི་ ཕྲ་བ་",
                                "ཡིས",
                                "།_། ཤིན་ཏུ་ ཕྲ་བ འི་"
                            ],
                            "སྡེ་": [
                                "པ་ དང་ ནི་ ཕྲ་བ་",
                                "ཡི",
                                "།_། ཤིན་ཏུ་ ཕྲ་བ འི་"
                            ],
                            "སྣར་": [
                                "པ་ དང་ ནི་ ཕྲ་བ་",
                                "ཡིས",
                                "།_། ཤིན་ཏུ་ ཕྲ་བ འི་"
                            ]
                        }
                    ]
                },
                {
                    "10": [
                        [
                            "dreldra",
                            "jedra"
                        ],
                        {
                            "པེ་": [
                                "ཉིད་ ཐིག་ལེ འི་ ངོ་བོ་",
                                "ཡིས",
                                "།_། འོད་ ཟེར་ ལ་ ནི་"
                            ],
                            "སྡེ་": [
                                "ཉིད་ ཐིག་ལེ འི་ ངོ་བོ་",
                                "ཡི",
                                "།_། འོད་ ཟེར་ ལ་ ནི་"
                            ],
                            "སྣར་": [
                                "ཉིད་ ཐིག་ལེ འི་ ངོ་བོ་",
                                "ཡིས",
                                "།_། འོད་ ཟེར་ ལ་ ནི་"
                            ]
                        }
                    ]
                },
                {
                    "19": [
                        [
                            "jedra"
                        ],
                        {
                            "པེ་": [
                                "སྒྲུབ་ ཆེན་པོ་",
                                "ལ་སོགས་པ",
                                "།_། ཡོངས་སུ་ བསྒྲུབ་པ ས་"
                            ],
                            "སྡེ་": [
                                "སྒྲུབ་ ཆེན་པོ་",
                                "ལ་སོགས་པ ས",
                                "།_། ཡོངས་སུ་ བསྒྲུབ་པ ས་"
                            ],
                            "སྣར་": [
                                "སྒྲུབ་ ཆེན་པོ་",
                                "ལ་སོགས་པ",
                                "།_། ཡོངས་སུ་ བསྒྲུབ་པ ས་"
                            ]
                        }
                    ]
                }
            ]
        },
        "particle_issues": {
            "added_particle": [],
            "agreement_issue": [
                {
                    "4": [
                        "jungkhung",
                        {
                            "པེ་": [
                                "སྟོང་པ ར་ བསྒོམ །_།",
                                "དེ་ ལས་",
                                "རང་ གི་ སེམས་ ཉིད་ ནི"
                            ],
                            "སྡེ་": [
                                "སྟོང་པ ར་ བསྒོམ །_།",
                                "དེ་ནས་",
                                "རང་ གི་ སེམས་ ཉིད་ ནི"
                            ],
                            "སྣར་": [
                                "སྟོང་པ ར་ བསྒོམ །_།",
                                "དེ་ ལས་",
                                "རང་ གི་ སེམས་ ཉིད་ ནི"
                            ]
                        }
                    ]
                }
            ],
            "different_particles": [],
            "other": [],
            "po-bo-pa-ba": []
        },
        "spelling_mistake": {
            "missing_vowel": [],
            "nga_da": [],
            "non_word": {
                "ill_formed": [
                    {
                        "27": [
                            {
                                "པེ་": [
                                    "ཞིག་ ཕྲིན་ལས་ རྣམ་ བཞི་",
                                    "ལ །_། དང་པོ་ བཞི་པ ར་ འདོད་པ་ ཡིས",
                                    "།_། ཁ་དོག་ དཀར་པོ་"
                                ],
                                "སྡེ་": [
                                    "ཞིག་ ཕྲིན་ལས་ རྣམ་ བཞི་",
                                    "ལས །_། དང་པོ་ ཞི་བ་ གསུངས་པ་ ནི",
                                    "།_། ཁ་དོག་ དཀར་པོ་"
                                ],
                                "སྣར་": [
                                    "ཞིག་ ཕྲིན་ལས་ རྣམ་ བཞི་",
                                    "ལ །_། དང་པོ་ བཞི་པ ར་ འདོད་པ་ ཡིས",
                                    "།_། ཁ་དོག་ དཀར་པོ་"
                                ]
                            }
                        ]
                    }
                ],
                "well_formed": [
                    {
                        "2": [
                            {
                                "པེ་": [
                                    " །_། ཉོན་མོངས་ གདུང་བ་",
                                    "རྩ་",
                                    "ནས་ ཞི་ མཛད་ ཅིང་  །_། "
                                ],
                                "སྡེ་": [
                                    " །_། ཉོན་མོངས་ གདུང་བ་",
                                    "#རྩད་",
                                    "ནས་ ཞི་ མཛད་ ཅིང་  །_། "
                                ],
                                "སྣར་": [
                                    " །_། ཉོན་མོངས་ གདུང་བ་",
                                    "རྩ་",
                                    "ནས་ ཞི་ མཛད་ ཅིང་  །_། "
                                ]
                            }
                        ]
                    },
                    {
                        "15": [
                            {
                                "པེ་": [
                                    "དང་ དེ་ བཞིན་ དུ །_།",
                                    "ཡི་གེ་ གཟུགས་ དང་",
                                    "འོད་ ཀྱི་ གཟུགས །_། དེ་"
                                ],
                                "སྡེ་": [
                                    "དང་ དེ་ བཞིན་ དུ །_།",
                                    "#ཡིག་ གཟུགས་ དང་ ནི་",
                                    "འོད་ ཀྱི་ གཟུགས །_། དེ་"
                                ],
                                "སྣར་": [
                                    "དང་ དེ་ བཞིན་ དུ །_།",
                                    "ཡི་གེ་ གཟུགས་ དང་",
                                    "འོད་ ཀྱི་ གཟུགས །_། དེ་"
                                ]
                            }
                        ]
                    },
                    {
                        "26": [
                            {
                                "པེ་": [
                                    "ཤེས་བྱ འོ །_། གང་ཞིག་",
                                    "#འཕྲིན་ ལས་",
                                    "རྣམ་ བཞི་ ལས །_། དང་པོ་ ཞི་བ་ གསུངས་པ་ ནི །_། "
                                ],
                                "སྡེ་": [
                                    "ཤེས་བྱ འོ །_། གང་ཞིག་",
                                    "ཕྲིན་ལས་",
                                    "རྣམ་ བཞི་ ལས །_། དང་པོ་ ཞི་བ་ གསུངས་པ་ ནི །_། "
                                ],
                                "སྣར་": [
                                    "ཤེས་བྱ འོ །_། གང་ཞིག་",
                                    "#འཕྲིན་ ལས་",
                                    "རྣམ་ བཞི་ ལས །_། དང་པོ་ ཞི་བ་ གསུངས་པ་ ནི །_། "
                                ]
                            }
                        ]
                    },
                    {
                        "31": [
                            {
                                "པེ་": [
                                    "མི་ ལྟོས་པ ར །_། #གཟུ་",
                                    "ཟླུམས་",
                                    "ལ་ གཞལ་ གང་ཟག་ གིས"
                                ],
                                "སྡེ་": [
                                    "མི་ ལྟོས་པ ར །_། #གཟུ་",
                                    "#ལུམས་",
                                    "ལ་ གཞལ་ གང་ཟག་ གིས"
                                ],
                                "སྣར་": [
                                    "མི་ ལྟོས་པ ར །_། #གཟུ་",
                                    "ཟླུམས་",
                                    "ལ་ གཞལ་ གང་ཟག་ གིས"
                                ]
                            }
                        ]
                    }
                ]
            }
        },
        "sskrt": [
            {
                "1": [
                    {
                        "པེ་": [
                            "#ཀཱ་ ར་ #སཱ་ #དྷ་",
                            "ན",
                            "_། བོད་ སྐད་ དུ ། "
                        ],
                        "སྡེ་": [
                            "#ཀཱ་ ར་ #སཱ་ #དྷ་",
                            "#ནཾ",
                            "_། བོད་ སྐད་ དུ ། "
                        ],
                        "སྣར་": [
                            "#ཀཱ་ ར་ #སཱ་ #དྷ་",
                            "ན",
                            "_། བོད་ སྐད་ དུ ། "
                        ]
                    }
                ]
            }
        ],
        "verb_difference": {
            "diff_tense": [
                {
                    "14": [
                        [
                            "《བསྲེག》ཞེས་པ།【〈སྲེག〉གི་ མ་འོངས་པ།】【〈སྲེག〉གི་ མ་འོངས་པ། ཐ་དད་པ།】",
                            "《སྲེག》ཞེས་པ།【〈སྲེག〉གི་ ད་ལྟ་བ།】【〈སྲེག〉གི་ ད་ལྟ་བ། ཐ་དད་པ།】"
                        ],
                        {
                            "པེ་": [
                                " །_། སྡིག་པ་ དབྱུང་ དང་",
                                "བསྲེག་པ་",
                                "དང་  །_། བཀྲུ་བ འི་"
                            ],
                            "སྡེ་": [
                                " །_། སྡིག་པ་ དབྱུང་ དང་",
                                "སྲེག་པ་",
                                "དང་  །_། བཀྲུ་བ འི་"
                            ],
                            "སྣར་": [
                                " །_། སྡིག་པ་ དབྱུང་ དང་",
                                "བསྲེག་པ་",
                                "དང་  །_། བཀྲུ་བ འི་"
                            ]
                        }
                    ]
                },
                {
                    "23": [
                        [
                            "《འདུ》ཞེས་པ།【〈འདུ〉གི་ ད་ལྟ་བ།】【〈འདུ〉གི་ ད་ལྟ་བ། ཐ་མི་དད་པ།】【〈འདུ〉གི་ མ་འོངས་པ།】【〈འདུ〉གི་ མ་འོངས་པ། ཐ་མི་དད་པ།】",
                            "《འདུས》ཞེས་པ།【〈འདུ〉གི་ འདས་པ།】【〈འདུ〉གི་ འདས་པ། ཐ་མི་དད་པ།】"
                        ],
                        {
                            "པེ་": [
                                "ལ །_། ཡེ་ཤེས་ འཕྲོ་",
                                "འདུ་",
                                "བྱིན་ རླབས་ སྡུད །_། བསྙེན་"
                            ],
                            "སྡེ་": [
                                "ལ །_། ཡེ་ཤེས་ འཕྲོ་",
                                "འདུས་",
                                "བྱིན་ རླབས་ སྡུད །_། བསྙེན་"
                            ],
                            "སྣར་": [
                                "ལ །_། ཡེ་ཤེས་ འཕྲོ་",
                                "འདུ་",
                                "བྱིན་ རླབས་ སྡུད །_། བསྙེན་"
                            ]
                        }
                    ]
                },
                {
                    "30": [
                        [
                            "《གཅད》ཞེས་པ།【〈གཅོད〉གི་ མ་འོངས་པ།】【〈གཅོད〉གི་ མ་འོངས་པ། ཐ་དད་པ།】【〈གཅོད〉གི་ མ་འོངས་པ། ཐ་མི་དད་པ།】",
                            "《བཅད》ཞེས་པ།【〈གཅོད〉གི་ འདས་པ།】【〈གཅོད〉གི་ འདས་པ། ཐ་དད་པ།】【〈གཅོད〉གི་ འདས་པ། ཐ་མི་དད་པ།】"
                        ],
                        {
                            "པེ་": [
                                "དབང་ དུ་ སྡུད །_། ཚར་",
                                "བཅད་",
                                "དུས་ ཀྱི་ སྦྱོར་བ་ ནི"
                            ],
                            "སྡེ་": [
                                "དབང་ དུ་ སྡུད །_། ཚར་",
                                "གཅད་",
                                "དུས་ ཀྱི་ སྦྱོར་བ་ ནི"
                            ],
                            "སྣར་": [
                                "དབང་ དུ་ སྡུད །_། ཚར་",
                                "བཅད་",
                                "དུས་ ཀྱི་ སྦྱོར་བ་ ནི"
                            ]
                        }
                    ]
                }
            ],
            "diff_verb": [
                {
                    "16": [
                        [
                            "《དབྱུང》ཞེས་པ།【〈འབྱིན〉གི་ མ་འོངས་པ།】【〈འབྱིན〉གི་ མ་འོངས་པ། ཐ་དད་པ།】",
                            "《དབྱུག》ཞེས་པ།【〈དབྱུགས〉གི་ ད་ལྟ་བ། ཐ་དད་པ།】【〈དབྱུགས〉གི་ མ་འོངས་པ། ཐ་དད་པ།】【〈དབྱུག〉གི་ ད་ལྟ་བ། ཐ་དད་པ།】【〈དབྱུག〉གི་ མ་འོངས་པ། ཐ་དད་པ།】"
                        ],
                        {
                            "པེ་": [
                                "ཀྱི་ གཟུགས །_། དེ་དག་",
                                "དབྱུག་",
                                "གཏོར་ བསྲེག་ ཅིང་ བཀྲུ །_། "
                            ],
                            "སྡེ་": [
                                "ཀྱི་ གཟུགས །_། དེ་དག་",
                                "དབྱུང་",
                                "གཏོར་ བསྲེག་ ཅིང་ བཀྲུ །_། "
                            ],
                            "སྣར་": [
                                "ཀྱི་ གཟུགས །_། དེ་དག་",
                                "དབྱུག་",
                                "གཏོར་ བསྲེག་ ཅིང་ བཀྲུ །_། "
                            ]
                        }
                    ]
                },
                {
                    "18": [
                        [
                            "《སྐྱོབ》ཞེས་པ།【〈བསྐྱབས〉གི་ ད་ལྟ་བ། ཐ་དད་པ།】【〈སྐྱོབ〉གི་ ད་ལྟ་བ། ཐ་དད་པ།】",
                            "《སྐྱོང》ཞེས་པ།【〈བསྐྱངས〉གི་ ད་ལྟ་བ། ཐ་དད་པ།】【〈བསྐྱང〉གི་ ད་ལྟ་བ། ཐ་དད་པ།】【〈སྐྱོང〉གི་ ད་ལྟ་བ།】【〈སྐྱོང〉གི་ ད་ལྟ་བ། ཐ་དད་པ།】"
                        ],
                        {
                            "པེ་": [
                                " །_། ཀློག་ འདོན་ དགེ་བ་",
                                "སྐྱོབ་",
                                "ལ་སོགས །_། འདི་ ཡང་"
                            ],
                            "སྡེ་": [
                                " །_། ཀློག་ འདོན་ དགེ་བ་",
                                "སྐྱོང་",
                                "ལ་སོགས །_། འདི་ ཡང་"
                            ],
                            "སྣར་": [
                                " །_། ཀློག་ འདོན་ དགེ་བ་",
                                "སྐྱོབ་",
                                "ལ་སོགས །_། འདི་ ཡང་"
                            ]
                        }
                    ]
                },
                {
                    "28": [
                        [
                            "《གདུག》ཞེས་པ།【〈གདུག〉གི་ ད་ལྟ་བ། ཐ་དད་པ།】",
                            "《སྡིག》ཞེས་པ།【〈སྡིག〉གི་ ད་ལྟ་བ།】【〈སྡིག〉གི་ ད་ལྟ་བ། ཐ་དད་པ།】"
                        ],
                        {
                            "པེ་": [
                                "ཆགས་ དང་  །_། གཞན་ གྱི་",
                                "སྡིག་",
                                "#རྩུབ་ ཞི་བ ར་ བྱེད །_། "
                            ],
                            "སྡེ་": [
                                "ཆགས་ དང་  །_། གཞན་ གྱི་",
                                "གདུག་",
                                "#རྩུབ་ ཞི་བ ར་ བྱེད །_། "
                            ],
                            "སྣར་": [
                                "ཆགས་ དང་  །_། གཞན་ གྱི་",
                                "སྡིག་",
                                "#རྩུབ་ ཞི་བ ར་ བྱེད །_། "
                            ]
                        }
                    ]
                }
            ],
            "not_sure": [
                {
                    "9": [
                        [
                            "《རེག》ཞེས་པ།【】",
                            "《རེ》ཞེས་པ།【】"
                        ],
                        {
                            "པེ་": [
                                "དང་ རོ །_། དེ་ བཞིན་",
                                "རེ་",
                                "བྱ་ ལ་སོགས་ དང་  །_། "
                            ],
                            "སྡེ་": [
                                "དང་ རོ །_། དེ་ བཞིན་",
                                "རེག་",
                                "བྱ་ ལ་སོགས་ དང་  །_། "
                            ],
                            "སྣར་": [
                                "དང་ རོ །_། དེ་ བཞིན་",
                                "རེག་",
                                "བྱ་ ལ་སོགས་ དང་  །_། "
                            ]
                        }
                    ]
                }
            ]
        }
    },
    "dunno": {
        "long_diff": [],
        "no_diff": [
            {
                "3": [
                    {
                        "པེ་": [
                            "མཐུན་ ཀུན་ སྤངས་ ནས །_།",
                            "དབེན་པ འི་",
                            "གནས་ སུ་ ལེགས་ འདུག་"
                        ],
                        "སྡེ་": [
                            "མཐུན་ ཀུན་ སྤངས་ ནས །_།",
                            "སྙན་པ འི་",
                            "གནས་ སུ་ ལེགས་ འདུག་"
                        ],
                        "སྣར་": [
                            "མཐུན་ ཀུན་ སྤངས་ ནས །_།",
                            "དབེན་པ འི་",
                            "གནས་ སུ་ ལེགས་ འདུག་"
                        ]
                    }
                ]
            },
            {
                "7": [
                    {
                        "པེ་": [
                            "སྐུ་ མདོག་ སྔོན་པོ་",
                            "དཔའ་བོ་",
                            "ཆས །_། གཡོན་ བརྐྱང་ གཡས་"
                        ],
                        "སྡེ་": [
                            "སྐུ་ མདོག་ སྔོན་པོ་",
                            "དཔའ་བོ འི་",
                            "ཆས །_། གཡོན་ བརྐྱང་ གཡས་"
                        ],
                        "སྣར་": [
                            "སྐུ་ མདོག་ སྔོན་པོ་",
                            "དཔའ་བོ་",
                            "ཆས །_། གཡོན་ བརྐྱང་ གཡས་"
                        ]
                    }
                ]
            },
            {
                "12": [
                    {
                        "པེ་": [
                            "ལས །_། འཕྲོ་ དང་",
                            "འདུ་ བར་",
                            "བྱེད་པ་ ཡིན །_། འོད་"
                        ],
                        "སྡེ་": [
                            "ལས །_། འཕྲོ་ དང་",
                            "འདུ་བ ས་",
                            "བྱེད་པ་ ཡིན །_། འོད་"
                        ],
                        "སྣར་": [
                            "ལས །_། འཕྲོ་ དང་",
                            "འདུ་ བར་",
                            "བྱེད་པ་ ཡིན །_། འོད་"
                        ]
                    }
                ]
            },
            {
                "17": [
                    {
                        "པེ་": [
                            " །_། #མགལ་ མེ་ ཕྲེང་བ་",
                            "ཉེ་བ འོ",
                            "།_། སྔགས་ ཀྱི་ དངོས་ གྲུབ་"
                        ],
                        "སྡེ་": [
                            " །_། #མགལ་ མེ་ ཕྲེང་བ་",
                            "ཉི་མ འོ",
                            "།_། སྔགས་ ཀྱི་ དངོས་ གྲུབ་"
                        ],
                        "སྣར་": [
                            " །_། #མགལ་ མེ་ ཕྲེང་བ་",
                            "ཉེ་བ འོ",
                            "།_། སྔགས་ ཀྱི་ དངོས་ གྲུབ་"
                        ]
                    }
                ]
            },
            {
                "20": [
                    {
                        "པེ་": [
                            "འབྱུང་  །_། སྐུ་ གསུམ་",
                            "ངོ་བོ་",
                            "ཚུལ་ ལ་ ནི །_། འོད་"
                        ],
                        "སྡེ་": [
                            "འབྱུང་  །_། སྐུ་ གསུམ་",
                            "ངོ་བོ འི་",
                            "ཚུལ་ ལ་ ནི །_། འོད་"
                        ],
                        "སྣར་": [
                            "འབྱུང་  །_། སྐུ་ གསུམ་",
                            "ངོ་བོ་",
                            "ཚུལ་ ལ་ ནི །_། འོད་"
                        ]
                    }
                ]
            },
            {
                "21": [
                    {
                        "པེ་": [
                            "དབང་ འགྱུར །_། འདི་ ཡང་",
                            "དངོས་ ཀྱི་",
                            "རྟགས་ སུ་ གསུངས །_། གོས་"
                        ],
                        "སྡེ་": [
                            "དབང་ འགྱུར །_། འདི་ ཡང་",
                            "སྒྲུབ་པ འི་",
                            "རྟགས་ སུ་ གསུངས །_། གོས་"
                        ],
                        "སྣར་": [
                            "དབང་ འགྱུར །_། འདི་ ཡང་",
                            "དངོས་ ཀྱི་",
                            "རྟགས་ སུ་ གསུངས །_། གོས་"
                        ]
                    }
                ]
            },
            {
                "24": [
                    {
                        "པེ་": [
                            "བ ས་ དེ་ བཞིན་ བྱ །_།",
                            "སྣ་ དང་ རྣ་བ་",
                            "དབང་པོ་ གཞན །_། གོང་"
                        ],
                        "སྡེ་": [
                            "བ ས་ དེ་ བཞིན་ བྱ །_།",
                            "རྣ་བ་ དང་ ནི་",
                            "དབང་པོ་ གཞན །_། གོང་"
                        ],
                        "སྣར་": [
                            "བ ས་ དེ་ བཞིན་ བྱ །_།",
                            "སྣ་ དང་ རྣ་བ་",
                            "དབང་པོ་ གཞན །_། གོང་"
                        ]
                    }
                ]
            },
            {
                "25": [
                    {
                        "པེ་": [
                            "དབང་པོ་ གཞན །_།",
                            "གོང་ ལ་",
                            "དེ་ བཞིན་ སྦྱོར་ ཤེས་བྱ འོ"
                        ],
                        "སྡེ་": [
                            "དབང་པོ་ གཞན །_།",
                            "གོང་མ་",
                            "དེ་ བཞིན་ སྦྱོར་ ཤེས་བྱ འོ"
                        ],
                        "སྣར་": [
                            "དབང་པོ་ གཞན །_།",
                            "གོང་ ལ་",
                            "དེ་ བཞིན་ སྦྱོར་ ཤེས་བྱ འོ"
                        ]
                    }
                ]
            },
            {
                "29": [
                    {
                        "པེ་": [
                            "པ ས །_། རིན་ཆེན་ #བཅུད་",
                            "ནི་",
                            "ཚུལ་ དུ་ བསྒྲུབ །_། ཁ་"
                        ],
                        "སྡེ་": [
                            "པ ས །_། རིན་ཆེན་ #བཅུད་",
                            "ཀྱི་",
                            "ཚུལ་ དུ་ བསྒྲུབ །_། ཁ་"
                        ],
                        "སྣར་": [
                            "པ ས །_། རིན་ཆེན་ #བཅུད་",
                            "ནི་",
                            "ཚུལ་ དུ་ བསྒྲུབ །_། ཁ་"
                        ]
                    }
                ]
            }
        ],
        "short_diff": [
            {
                "13": [
                    {
                        "པེ་": [
                            "སྨིན་ ལ་སོགས་ བསྲེག་ ཅིང་",
                            "སྦྱོར",
                            "།_། འཁོར་ དང་ ཉེ་ འཁོར་"
                        ],
                        "སྡེ་": [
                            "སྨིན་ ལ་སོགས་ བསྲེག་ ཅིང་",
                            "སྦྱོང་ ",
                            "།_། འཁོར་ དང་ ཉེ་ འཁོར་"
                        ],
                        "སྣར་": [
                            "སྨིན་ ལ་སོགས་ བསྲེག་ ཅིང་",
                            "སྦྱོར",
                            "།_། འཁོར་ དང་ ཉེ་ འཁོར་"
                        ]
                    }
                ]
            }
        ]
    },
    "empty_notes": [
        {
            "32": [
                {
                    "པེ་": [
                        "མཛད་པ་ རྫོགས་ སོ །། ",
                        "",
                        "མཛད་པ་ རྫོགས་ སོ །། "
                    ],
                    "སྡེ་": [
                        "མཛད་པ་ རྫོགས་ སོ །། ",
                        "",
                        "མཛད་པ་ རྫོགས་ སོ །། "
                    ],
                    "སྣར་": [
                        "མཛད་པ་ རྫོགས་ སོ །། ",
                        "",
                        "མཛད་པ་ རྫོགས་ སོ །། "
                    ]
                }
            ]
        }
    ],
    "manual_categorisation": {
        "long_difference": {
            "differing_formulation": [],
            "major_modification": []
        },
        "manual_evaluation": {
            "derge_correct": [],
            "meaning_difference": {
                "great_diff": [],
                "medium_diff": [],
                "small_diff": []
            }
        }
    },
    "ngram_freq": {
        "1": {
            "པེ་": [
                [
                    "ན",
                    "73509"
                ]
            ],
            "སྡེ་": [
                [
                    "ནཾ",
                    "88"
                ]
            ],
            "སྣར་": [
                [
                    "ན",
                    "73509"
                ]
            ]
        },
        "10": {
            "པེ་": [
                [
                    "ཡིས",
                    "7433"
                ],
                [
                    "ཡིས།_།",
                    "7321"
                ]
            ],
            "སྡེ་": [
                [
                    "ཡི",
                    "8322"
                ],
                [
                    "ཡི།_།",
                    "8252"
                ]
            ],
            "སྣར་": [
                [
                    "ཡིས",
                    "7433"
                ],
                [
                    "ཡིས།_།",
                    "7321"
                ]
            ]
        },
        "11": {
            "པེ་": [
                [
                    "ལ",
                    "33965"
                ],
                [
                    "ལ།_།",
                    "14361"
                ],
                [
                    "མེད་པ་ལ",
                    "141"
                ],
                [
                    "མེད་པ་ལ།_།",
                    "100"
                ]
            ],
            "སྡེ་": [
                [
                    "ལས",
                    "5885"
                ],
                [
                    "ལས།_།",
                    "3638"
                ],
                [
                    "མེད་པ་ལས",
                    "45"
                ]
            ],
            "སྣར་": [
                [
                    "ལ",
                    "33965"
                ],
                [
                    "ལ།_།",
                    "14361"
                ],
                [
                    "མེད་པ་ལ",
                    "141"
                ],
                [
                    "མེད་པ་ལ།_།",
                    "100"
                ]
            ]
        },
        "12": {
            "པེ་": [
                [
                    "འདུ་བར",
                    "744"
                ]
            ],
            "སྡེ་": [],
            "སྣར་": [
                [
                    "འདུ་བར",
                    "744"
                ]
            ]
        },
        "13": {
            "པེ་": [
                [
                    "སྦྱོར",
                    "529"
                ],
                [
                    "སྦྱོར།_།",
                    "404"
                ]
            ],
            "སྡེ་": [
                [
                    "སྦྱོང",
                    "2"
                ],
                [
                    "སྦྱོང་།_།",
                    "91"
                ]
            ],
            "སྣར་": [
                [
                    "སྦྱོར",
                    "529"
                ],
                [
                    "སྦྱོར།_།",
                    "404"
                ]
            ]
        },
        "14": {
            "པེ་": [
                [
                    "བསྲེག་པ",
                    "82"
                ]
            ],
            "སྡེ་": [
                [
                    "སྲེག་པ",
                    "226"
                ],
                [
                    "སྲེག་པ་དང",
                    "43"
                ]
            ],
            "སྣར་": [
                [
                    "བསྲེག་པ",
                    "82"
                ]
            ]
        },
        "15": {
            "པེ་": [],
            "སྡེ་": [],
            "སྣར་": []
        },
        "16": {
            "པེ་": [
                [
                    "དབྱུག",
                    "13"
                ]
            ],
            "སྡེ་": [
                [
                    "དབྱུང",
                    "2"
                ]
            ],
            "སྣར་": [
                [
                    "དབྱུག",
                    "13"
                ]
            ]
        },
        "17": {
            "པེ་": [],
            "སྡེ་": [],
            "སྣར་": []
        },
        "18": {
            "པེ་": [
                [
                    "སྐྱོབ",
                    "50"
                ]
            ],
            "སྡེ་": [
                [
                    "སྐྱོང",
                    "5"
                ],
                [
                    "སྐྱོང་ལ་སོགས",
                    "42"
                ]
            ],
            "སྣར་": [
                [
                    "སྐྱོབ",
                    "50"
                ]
            ]
        },
        "19": {
            "པེ་": [
                [
                    "ལ་སོགས་པ",
                    "403"
                ],
                [
                    "ལ་སོགས་པ།_།",
                    "314"
                ],
                [
                    "ཆེན་པོ་ལ་སོགས་པ",
                    "177"
                ]
            ],
            "སྡེ་": [
                [
                    "ལ་སོགས་པས",
                    "101"
                ],
                [
                    "ལ་སོགས་པས།_།",
                    "90"
                ]
            ],
            "སྣར་": [
                [
                    "ལ་སོགས་པ",
                    "403"
                ],
                [
                    "ལ་སོགས་པ།_།",
                    "314"
                ],
                [
                    "ཆེན་པོ་ལ་སོགས་པ",
                    "177"
                ]
            ]
        },
        "2": {
            "པེ་": [
                [
                    "རྩ",
                    "197"
                ],
                [
                    "རྩ་ནས",
                    "55"
                ]
            ],
            "སྡེ་": [
                [
                    "རྩད",
                    "96"
                ]
            ],
            "སྣར་": [
                [
                    "རྩ",
                    "197"
                ],
                [
                    "རྩ་ནས",
                    "55"
                ]
            ]
        },
        "20": {
            "པེ་": [
                [
                    "ངོ་བོ",
                    "11495"
                ]
            ],
            "སྡེ་": [
                [
                    "ངོ་བོའི",
                    "87"
                ]
            ],
            "སྣར་": [
                [
                    "ངོ་བོ",
                    "11495"
                ]
            ]
        },
        "21": {
            "པེ་": [],
            "སྡེ་": [
                [
                    "སྒྲུབ་པའི",
                    "1063"
                ]
            ],
            "སྣར་": []
        },
        "22": {
            "པེ་": [
                [
                    "ལ",
                    "33965"
                ],
                [
                    "ལུས་ལ",
                    "49"
                ]
            ],
            "སྡེ་": [
                [
                    "ལས",
                    "5885"
                ],
                [
                    "ལུས་ལས",
                    "614"
                ]
            ],
            "སྣར་": [
                [
                    "ལ",
                    "33965"
                ],
                [
                    "ལུས་ལ",
                    "49"
                ]
            ]
        },
        "23": {
            "པེ་": [
                [
                    "འདུ",
                    "39"
                ],
                [
                    "འཕྲོ་འདུ",
                    "140"
                ]
            ],
            "སྡེ་": [
                [
                    "འདུས",
                    "157"
                ]
            ],
            "སྣར་": [
                [
                    "འདུ",
                    "39"
                ],
                [
                    "འཕྲོ་འདུ",
                    "140"
                ]
            ]
        },
        "24": {
            "པེ་": [],
            "སྡེ་": [],
            "སྣར་": []
        },
        "25": {
            "པེ་": [],
            "སྡེ་": [
                [
                    "གོང་མ",
                    "1109"
                ],
                [
                    "།_།གོང་མ",
                    "49"
                ]
            ],
            "སྣར་": []
        },
        "26": {
            "པེ་": [
                [
                    "འཕྲིན་ལས",
                    "142"
                ]
            ],
            "སྡེ་": [
                [
                    "ཕྲིན་ལས",
                    "1040"
                ]
            ],
            "སྣར་": [
                [
                    "འཕྲིན་ལས",
                    "142"
                ]
            ]
        },
        "27": {
            "པེ་": [],
            "སྡེ་": [],
            "སྣར་": []
        },
        "28": {
            "པེ་": [
                [
                    "སྡིག",
                    "16"
                ],
                [
                    "གྱི་སྡིག",
                    "55"
                ]
            ],
            "སྡེ་": [
                [
                    "གདུག",
                    "14"
                ]
            ],
            "སྣར་": [
                [
                    "སྡིག",
                    "16"
                ],
                [
                    "གྱི་སྡིག",
                    "55"
                ]
            ]
        },
        "29": {
            "པེ་": [
                [
                    "ནི",
                    "44237"
                ],
                [
                    "ནི་ཚུལ",
                    "1382"
                ]
            ],
            "སྡེ་": [
                [
                    "ཀྱི",
                    "5256"
                ],
                [
                    "ཀྱི་ཚུལ",
                    "2276"
                ],
                [
                    "བཅུད་ཀྱི",
                    "84"
                ]
            ],
            "སྣར་": [
                [
                    "ནི",
                    "44237"
                ],
                [
                    "ནི་ཚུལ",
                    "1382"
                ]
            ]
        },
        "3": {
            "པེ་": [
                [
                    "དབེན་པའི",
                    "1572"
                ],
                [
                    "།_།དབེན་པའི",
                    "120"
                ],
                [
                    "དབེན་པའི་གནས",
                    "69"
                ]
            ],
            "སྡེ་": [
                [
                    "སྙན་པའི",
                    "295"
                ],
                [
                    "།_།སྙན་པའི",
                    "51"
                ]
            ],
            "སྣར་": [
                [
                    "དབེན་པའི",
                    "1572"
                ],
                [
                    "།_།དབེན་པའི",
                    "120"
                ],
                [
                    "དབེན་པའི་གནས",
                    "69"
                ]
            ]
        },
        "30": {
            "པེ་": [
                [
                    "བཅད",
                    "167"
                ],
                [
                    "ཚར་བཅད",
                    "190"
                ]
            ],
            "སྡེ་": [
                [
                    "གཅད",
                    "86"
                ],
                [
                    "ཚར་གཅད",
                    "287"
                ]
            ],
            "སྣར་": [
                [
                    "བཅད",
                    "167"
                ],
                [
                    "ཚར་བཅད",
                    "190"
                ]
            ]
        },
        "31": {
            "པེ་": [
                [
                    "ཟླུམས",
                    "2"
                ]
            ],
            "སྡེ་": [
                [
                    "ལུམས",
                    "77"
                ],
                [
                    "གཟུ་ལུམས",
                    "76"
                ]
            ],
            "སྣར་": [
                [
                    "ཟླུམས",
                    "2"
                ]
            ]
        },
        "32": {
            "པེ་": [
                [
                    "",
                    "1"
                ],
                [
                    "མཛད་པ",
                    "1162"
                ]
            ],
            "སྡེ་": [
                [
                    "",
                    "1"
                ],
                [
                    "མཛད་པ",
                    "1162"
                ]
            ],
            "སྣར་": [
                [
                    "",
                    "1"
                ],
                [
                    "མཛད་པ",
                    "1162"
                ]
            ]
        },
        "4": {
            "པེ་": [
                [
                    "དེ་ལས",
                    "5447"
                ],
                [
                    "།_།དེ་ལས",
                    "1218"
                ]
            ],
            "སྡེ་": [
                [
                    "དེ་ནས",
                    "48227"
                ],
                [
                    "།_།དེ་ནས",
                    "35076"
                ],
                [
                    "དེ་ནས་རང",
                    "128"
                ],
                [
                    "།_།དེ་ནས་རང",
                    "100"
                ]
            ],
            "སྣར་": [
                [
                    "དེ་ལས",
                    "5447"
                ],
                [
                    "།_།དེ་ལས",
                    "1218"
                ]
            ]
        },
        "5": {
            "པེ་": [
                [
                    "ལ",
                    "33965"
                ],
                [
                    "རྣམ་པ་ལ",
                    "117"
                ]
            ],
            "སྡེ་": [
                [
                    "ལས",
                    "5885"
                ],
                [
                    "རྣམ་པ་ལས",
                    "64"
                ]
            ],
            "སྣར་": [
                [
                    "ལ",
                    "33965"
                ],
                [
                    "རྣམ་པ་ལ",
                    "117"
                ]
            ]
        },
        "6": {
            "པེ་": [
                [
                    "གཡོན་པ",
                    "1041"
                ],
                [
                    "།_།གཡོན་པ",
                    "345"
                ]
            ],
            "སྡེ་": [
                [
                    "གཡོན་པས",
                    "419"
                ],
                [
                    "།_།གཡོན་པས",
                    "67"
                ]
            ],
            "སྣར་": [
                [
                    "གཡོན་པ",
                    "1041"
                ],
                [
                    "།_།གཡོན་པ",
                    "345"
                ]
            ]
        },
        "7": {
            "པེ་": [
                [
                    "དཔའ་བོ",
                    "2008"
                ]
            ],
            "སྡེ་": [
                [
                    "དཔའ་བོའི",
                    "284"
                ]
            ],
            "སྣར་": [
                [
                    "དཔའ་བོ",
                    "2008"
                ]
            ]
        },
        "8": {
            "པེ་": [
                [
                    "ཡིས",
                    "7433"
                ],
                [
                    "ཡིས།_།",
                    "7321"
                ]
            ],
            "སྡེ་": [
                [
                    "ཡི",
                    "8322"
                ],
                [
                    "ཡི།_།",
                    "8252"
                ]
            ],
            "སྣར་": [
                [
                    "ཡིས",
                    "7433"
                ],
                [
                    "ཡིས།_།",
                    "7321"
                ]
            ]
        },
        "9": {
            "པེ་": [
                [
                    "རེ",
                    "1607"
                ]
            ],
            "སྡེ་": [
                [
                    "རེག",
                    "122"
                ],
                [
                    "རེག་བྱ",
                    "843"
                ]
            ],
            "སྣར་": [
                [
                    "རེག",
                    "122"
                ],
                [
                    "རེག་བྱ",
                    "843"
                ]
            ]
        }
    },
    "non_standard_notes": [],
    "profile": {
        "1": [
            "པེ་=སྣར་ སྡེ་",
            "90.62%"
        ],
        "10": [
            "པེ་=སྣར་ སྡེ་",
            "90.62%"
        ],
        "11": [
            "པེ་=སྣར་ སྡེ་",
            "90.62%"
        ],
        "12": [
            "པེ་=སྣར་ སྡེ་",
            "90.62%"
        ],
        "13": [
            "པེ་ སྡེ་ སྣར་",
            "3.12%"
        ],
        "14": [
            "པེ་=སྣར་ སྡེ་",
            "90.62%"
        ],
        "15": [
            "པེ་=སྣར་ སྡེ་",
            "90.62%"
        ],
        "16": [
            "པེ་=སྣར་ སྡེ་",
            "90.62%"
        ],
        "17": [
            "པེ་=སྣར་ སྡེ་",
            "90.62%"
        ],
        "18": [
            "པེ་=སྣར་ སྡེ་",
            "90.62%"
        ],
        "19": [
            "པེ་=སྣར་ སྡེ་",
            "90.62%"
        ],
        "2": [
            "པེ་=སྣར་ སྡེ་",
            "90.62%"
        ],
        "20": [
            "པེ་=སྣར་ སྡེ་",
            "90.62%"
        ],
        "21": [
            "པེ་=སྣར་ སྡེ་",
            "90.62%"
        ],
        "22": [
            "པེ་=སྣར་ སྡེ་",
            "90.62%"
        ],
        "23": [
            "པེ་=སྣར་ སྡེ་",
            "90.62%"
        ],
        "24": [
            "པེ་=སྣར་ སྡེ་",
            "90.62%"
        ],
        "25": [
            "པེ་=སྣར་ སྡེ་",
            "90.62%"
        ],
        "26": [
            "པེ་=སྣར་ སྡེ་",
            "90.62%"
        ],
        "27": [
            "པེ་=སྣར་ སྡེ་",
            "90.62%"
        ],
        "28": [
            "པེ་=སྣར་ སྡེ་",
            "90.62%"
        ],
        "29": [
            "པེ་=སྣར་ སྡེ་",
            "90.62%"
        ],
        "3": [
            "པེ་=སྣར་ སྡེ་",
            "90.62%"
        ],
        "30": [
            "པེ་=སྣར་ སྡེ་",
            "90.62%"
        ],
        "31": [
            "པེ་=སྣར་ སྡེ་",
            "90.62%"
        ],
        "32": [
            "པེ་=སྡེ་=སྣར་",
            "3.12%"
        ],
        "4": [
            "པེ་=སྣར་ སྡེ་",
            "90.62%"
        ],
        "5": [
            "པེ་=སྣར་ སྡེ་",
            "90.62%"
        ],
        "6": [
            "པེ་=སྣར་ སྡེ་",
            "90.62%"
        ],
        "7": [
            "པེ་=སྣར་ སྡེ་",
            "90.62%"
        ],
        "8": [
            "པེ་=སྣར་ སྡེ་",
            "90.62%"
        ],
        "9": [
            "པེ་ སྡེ་=སྣར་",
            "3.12%"
        ]
    }
}